2026-08-21 18:02:39 Arduino IDE 2.3.10
2026-08-21 18:02:39 Checking for frontend application configuration customizations. Module path: /tmp/.mount_arduinEaFGal/resources/app/lib/backend/electron-main.js, destination 'package.json': /tmp/.mount_arduinEaFGal/resources/app/package.json
2026-08-21 18:02:40 Setting 'theia.frontend.config.appVersion' application configuration value to: "2.3.10" (type of string)
2026-08-21 18:02:40 Setting 'theia.frontend.config.cliVersion' application configuration value to: "1.5.1" (type of string)
2026-08-21 18:02:40 Setting 'theia.frontend.config.buildDate' application configuration value to: "2026-06-09T16:44:01.600Z" (type of string)
2026-08-21 18:02:40 Frontend application configuration after modifications: {"applicationName":"Arduino IDE","defaultTheme":{"light":"arduino-theme","dark":"arduino-theme-dark"},"defaultIconTheme":"none","electron":{"windowOptions":{},"showWindowEarly":true,"splashScreenOptions":{},"uriScheme":"arduino-ide"},"defaultLocale":"","validatePreferencesSchema":false,"reloadOnReconnect":true,"uriScheme":"theia","preferences":{"window.title":"${rootName}${activeEditorShort}${appName}","files.autoSave":"afterDelay","editor.minimap.enabled":false,"editor.tabSize":2,"editor.scrollBeyondLastLine":false,"editor.quickSuggestions":{"other":false,"comments":false,"strings":false},"editor.maxTokenizationLineLength":500,"editor.bracketPairColorization.enabled":false,"breadcrumbs.enabled":false,"workbench.tree.renderIndentGuides":"none","explorer.compactFolders":false},"appVersion":"2.3.10","cliVersion":"1.5.1","buildDate":"2026-06-09T16:44:01.600Z"}
2026-08-21 18:02:40 Starting backend process. PID: 92451
2026-08-21 18:02:40 Showing main window early
2026-08-21 18:02:41 Using browser-only version of superagent in non-browser environment
2026-08-21 18:02:41 Configuration directory URI: 'file:///home/raj/.arduinoIDE'
2026-08-21 18:02:41 Configuring to accept webviews on '^.+\.webview\..+$' hostname.
2026-08-21 18:02:41 2026-08-21T12:32:41.455Z root WARN Backend u.initialize took longer than the expected maximum 50 milliseconds: 73.9 ms [Finished 1.110 s after backend start]
2026-08-21 18:02:41 2026-08-21T12:32:41.460Z root WARN Backend Object.initialize took longer than the expected maximum 50 milliseconds: 71.7 ms [Finished 1.110 s after backend start]
2026-08-21 18:02:41 2026-08-21T12:32:41.461Z root INFO Backend a.initialize: 1.6 ms [Finished 1.110 s after backend start]
2026-08-21 18:02:41 2026-08-21T12:32:41.461Z root INFO Backend a.initialize: 1.2 ms [Finished 1.110 s after backend start]
2026-08-21 18:02:41 2026-08-21T12:32:41.462Z root INFO Backend u.initialize: 1.6 ms [Finished 1.111 s after backend start]
2026-08-21 18:02:41 2026-08-21T12:32:41.464Z root WARN Backend l.initialize took longer than the expected maximum 50 milliseconds: 74.7 ms [Finished 1.113 s after backend start]
2026-08-21 18:02:41 2026-08-21T12:32:41.474Z root INFO configured all backend app contributions
2026-08-21 18:02:41 2026-08-21T12:32:41.474Z root INFO Backend l.onStart: 1.7 ms [Finished 1.133 s after backend start]
2026-08-21 18:02:41 2026-08-21T12:32:41.475Z root INFO Backend d.onStart: 0.1 ms [Finished 1.133 s after backend start]
2026-08-21 18:02:41 2026-08-21T12:32:41.475Z root INFO Backend a.onStart: 0.4 ms [Finished 1.133 s after backend start]
2026-08-21 18:02:41 2026-08-21T12:32:41.476Z config INFO >>> Initializing CLI configuration...
2026-08-21 18:02:41 2026-08-21T12:32:41.476Z root INFO Backend x.onStart: 0.3 ms [Finished 1.134 s after backend start]
2026-08-21 18:02:41 2026-08-21T12:32:41.476Z config INFO Loading CLI configuration from /home/raj/.arduinoIDE/arduino-cli.yaml...
2026-08-21 18:02:41 2026-08-21T12:32:41.476Z daemon INFO Starting daemon from /tmp/.mount_arduinEaFGal/resources/app/lib/backend/resources/arduino-cli...
2026-08-21 18:02:41 2026-08-21T12:32:41.476Z root INFO Backend w.onStart: 0.4 ms [Finished 1.134 s after backend start]
2026-08-21 18:02:41 2026-08-21T12:32:41.476Z discovery-log INFO start
2026-08-21 18:02:41 2026-08-21T12:32:41.476Z discovery-log INFO start new deferred
2026-08-21 18:02:41 2026-08-21T12:32:41.476Z root INFO Backend v.onStart: 0.2 ms [Finished 1.135 s after backend start]
2026-08-21 18:02:41 2026-08-21T12:32:41.476Z root INFO Backend a.onStart: 0.1 ms [Finished 1.135 s after backend start]
2026-08-21 18:02:41 2026-08-21T12:32:41.480Z root INFO Theia app listening on http://127.0.0.1:38469.
2026-08-21 18:02:41 2026-08-21T12:32:41.480Z root INFO Finished starting backend application: 4.7 ms [Finished 1.140 s after backend start]
2026-08-21 18:02:41 Restoring workspace roots: /home/raj/Arduino/sketch_aug14b
2026-08-21 18:02:41 2026-08-21T12:32:41.483Z root WARN The local plugin referenced by local-dir:/home/raj/.arduinoIDE/plugins does not exist.
2026-08-21 18:02:41 2026-08-21T12:32:41.483Z root WARN The local plugin referenced by local-dir:/home/raj/.arduinoIDE/deployedPlugins does not exist.
2026-08-21 18:02:41 isTempSketch: false. Input was /home/raj/Arduino/sketch_aug14b/sketch_aug14b.ino
2026-08-21 18:02:41 2026-08-21T12:32:41.512Z config INFO Loaded CLI configuration: {"board_manager":{"additional_urls":[]}}
2026-08-21 18:02:41 2026-08-21T12:32:41.512Z config INFO Loading fallback CLI configuration to get 'directories.data' and 'directories.user'
2026-08-21 18:02:41 2026-08-21T12:32:41.694Z root INFO Resolve plugins list: 216.4 ms [Finished 1.353 s after backend start]
2026-08-21 18:02:42 2026-08-21T12:32:42.108Z daemon INFO time="2026-08-21T18:02:42+05:30" level=info msg="arduino-cli version 1.5.1"
2026-08-21 18:02:42 2026-08-21T12:32:42.109Z daemon INFO time="2026-08-21T18:02:42+05:30" level=info msg="Using config file: /home/raj/.arduinoIDE/arduino-cli.yaml"
time="2026-08-21T18:02:42+05:30" level=info msg="Executing `arduino-cli daemon`"
2026-08-21 18:02:42 2026-08-21T12:32:42.144Z daemon INFO Daemon is now listening on 127.0.0.1:34779
{"IP":"127.0.0.1","Port":"34779"}
2026-08-21 18:02:42 2026-08-21T12:32:42.144Z daemon INFO Daemon is running.
2026-08-21 18:02:42 2026-08-21T12:32:42.181Z config INFO Loaded fallback CLI configuration: {"directories":{"user":"/home/raj/Arduino","data":"/home/raj/.arduino15"}}
2026-08-21 18:02:42 2026-08-21T12:32:42.181Z config INFO Merged CLI configuration with the fallback: {"directories":{"user":"/home/raj/Arduino","data":"/home/raj/.arduino15"},"board_manager":{"additional_urls":[]}}
2026-08-21 18:02:42 2026-08-21T12:32:42.181Z config INFO Loaded the CLI configuration.
2026-08-21 18:02:42 2026-08-21T12:32:42.225Z config INFO Mapped the CLI configuration: {"dataDirUri":"file:///home/raj/.arduino15","sketchDirUri":"file:///home/raj/Arduino","additionalUrls":[],"network":"none","locale":"en"}
2026-08-21 18:02:42 2026-08-21T12:32:42.225Z config INFO Validating the CLI configuration...
2026-08-21 18:02:42 2026-08-21T12:32:42.225Z config INFO The CLI config is valid.
2026-08-21 18:02:42 2026-08-21T12:32:42.225Z config INFO <<< Initialized the CLI configuration.
2026-08-21 18:02:42 2026-08-21T12:32:42.271Z daemon INFO time="2026-08-21T18:02:42+05:30" level=info msg="Checking signature" index=/home/raj/.arduino15/package_index.json signatureFile=/home/raj/.arduino15/package_index.json.sig trusted=true
2026-08-21 18:02:42 2026-08-21T12:32:42.275Z daemon INFO time="2026-08-21T18:02:42+05:30" level=info msg="Loading hardware from: /home/raj/.arduino15/packages"
2026-08-21 18:02:42 2026-08-21T12:32:42.275Z daemon INFO time="2026-08-21T18:02:42+05:30" level=info msg="Loading package arduino from: /home/raj/.arduino15/packages/arduino/hardware"
2026-08-21 18:02:42 2026-08-21T12:32:42.278Z daemon INFO time="2026-08-21T18:02:42+05:30" level=info msg="Missing signature file" index=/home/raj/.arduino15/packages/arduino/hardware/avr/1.8.8/installed.json
2026-08-21 18:02:42 2026-08-21T12:32:42.280Z daemon INFO time="2026-08-21T18:02:42+05:30" level=info msg="Adding monitor tool" protocol=serial tool="builtin:serial-monitor"
time="2026-08-21T18:02:42+05:30" level=info msg="Loaded platform" platform="arduino:avr@1.8.8"
2026-08-21 18:02:42 2026-08-21T12:32:42.281Z daemon INFO time="2026-08-21T18:02:42+05:30" level=info msg="Checking existence of 'tools' path: /home/raj/.arduino15/packages/arduino/tools"
time="2026-08-21T18:02:42+05:30" level=info msg="Loading tools from dir: /home/raj/.arduino15/packages/arduino/tools"
time="2026-08-21T18:02:42+05:30" level=info msg="Loaded tool" tool="arduino:arduinoOTA@1.3.0"
time="2026-08-21T18:02:42+05:30" level=info msg="Loaded tool" tool="arduino:avr-gcc@7.3.0-atmel3.6.1-arduino7"
time="2026-08-21T18:02:42+05:30" level=info msg="Loaded tool" tool="arduino:avrdude@8.0.0-arduino1"
time="2026-08-21T18:02:42+05:30" level=info msg="Loading package builtin from: /home/raj/.arduino15/packages/builtin"
2026-08-21 18:02:42 2026-08-21T12:32:42.281Z daemon INFO time="2026-08-21T18:02:42+05:30" level=info msg="Checking existence of 'tools' path: /home/raj/.arduino15/packages/builtin/tools"
time="2026-08-21T18:02:42+05:30" level=info msg="Loading tools from dir: /home/raj/.arduino15/packages/builtin/tools"
2026-08-21 18:02:42 2026-08-21T12:32:42.281Z daemon INFO time="2026-08-21T18:02:42+05:30" level=info msg="Loaded tool" tool="builtin:ctags@5.8-arduino11"
time="2026-08-21T18:02:42+05:30" level=info msg="Loaded tool" tool="builtin:dfu-discovery@0.1.2"
2026-08-21 18:02:42 2026-08-21T12:32:42.281Z daemon INFO time="2026-08-21T18:02:42+05:30" level=info msg="Loaded tool" tool="builtin:mdns-discovery@1.0.12"
time="2026-08-21T18:02:42+05:30" level=info msg="Loaded tool" tool="builtin:mdns-discovery@1.1.0"
2026-08-21 18:02:42 2026-08-21T12:32:42.281Z daemon INFO time="2026-08-21T18:02:42+05:30" level=info msg="Loaded tool" tool="builtin:serial-discovery@1.4.3"
time="2026-08-21T18:02:42+05:30" level=info msg="Loaded tool" tool="builtin:serial-discovery@1.5.2"
time="2026-08-21T18:02:42+05:30" level=info msg="Loaded tool" tool="builtin:serial-monitor@0.15.0"
2026-08-21 18:02:42 2026-08-21T12:32:42.291Z daemon INFO time="2026-08-21T18:02:42+05:30" level=info msg="Adding libraries dir" dir=/home/raj/.arduino15/packages/arduino/hardware/avr/1.8.8/libraries isSingleLibrary=false location=platform
time="2026-08-21T18:02:42+05:30" level=info msg="Loading libraries index file" index=/home/raj/.arduino15/library_index.json
2026-08-21 18:02:42 2026-08-21T12:32:42.784Z daemon INFO time="2026-08-21T18:02:42+05:30" level=info msg="Adding libraries dir" dir=/home/raj/.arduino15/libraries isSingleLibrary=false location=ide
time="2026-08-21T18:02:42+05:30" level=info msg="Adding libraries dir" dir=/home/raj/Arduino/libraries isSingleLibrary=false location=user
2026-08-21 18:02:42 2026-08-21T12:32:42.803Z discovery-log INFO start resolved watching
2026-08-21 18:02:42 2026-08-21T12:32:42.834Z discovery-log INFO {"eventType":"add","port":{"matchingBoardsList":[],"port":{"address":"/dev/ttyS4","label":"/dev/ttyS4","protocol":"serial","protocolLabel":"Serial Port","propertiesMap":[],"hardwareId":""}},"error":""}
2026-08-21 18:02:42 2026-08-21T12:32:42.835Z discovery-log INFO {"eventType":"add","port":{"matchingBoardsList":[],"port":{"address":"/dev/ttyS5","label":"/dev/ttyS5","protocol":"serial","protocolLabel":"Serial Port","propertiesMap":[],"hardwareId":""}},"error":""}
2026-08-21 18:02:43 2026-08-21T12:32:43.192Z root INFO Deploy plugins list: 1714.6 ms [Finished 2.851 s after backend start]
2026-08-21 18:02:43 2026-08-21T12:32:43.639Z root INFO creating connection for 1
2026-08-21 18:02:44 2026-08-21T12:32:44.852Z root WARN Frontend a.configure took longer than the expected maximum 100 milliseconds: 117.2 ms [Finished 3.350 s after frontend start]
2026-08-21 18:02:44 2026-08-21T12:32:44.895Z root WARN A command editor.action.toggleStickyScroll is already registered.
2026-08-21 18:02:44 2026-08-21T12:32:44.940Z sketches-service WARN Warning! The request sketch path was different than the response sketch path from the CLI. This could be a potential bug. Request: </home/raj/Arduino/sketch_aug14b/sketch_aug14b.ino>, response: </home/raj/Arduino/sketch_aug14b>.
2026-08-21 18:02:44 Opening channel for service path '/services/electron-window'.
2026-08-21 18:02:44 Opening channel for service path '/services/ide-updater'.
2026-08-21 18:02:45 2026-08-21T12:32:45.068Z root INFO Start frontend contributions: 441.4 ms [Finished 3.543 s after frontend start]
2026-08-21 18:02:45 2026-08-21T12:32:45.068Z root INFO Changed application state from 'init' to 'started_contributions'.
2026-08-21 18:02:45 2026-08-21T12:32:45.081Z root INFO Changed application state from 'started_contributions' to 'attached_shell'.
2026-08-21 18:02:45 2026-08-21T12:32:45.082Z root INFO >>> Restoring the layout state...
2026-08-21 18:02:45 2026-08-21T12:32:45.142Z root INFO [34369c51-24e2-4678-9f99-167f9fdb1ac6] Waiting for backend deployment: 106.7 ms [Finished 3.638 s after frontend start]
2026-08-21 18:02:45 2026-08-21T12:32:45.907Z root INFO [hosted-plugin: 92586] PLUGIN_HOST(92586) starting instance
[Object: null prototype] {}
2026-08-21 18:02:46 2026-08-21T12:32:46.759Z root INFO [34369c51-24e2-4678-9f99-167f9fdb1ac6] Sync of 23 plugins: 1619.9 ms [Finished 5.258 s after frontend start]
2026-08-21 18:02:46 2026-08-21T12:32:46.791Z root INFO ------- SERIALIZED LAYOUT DATA -------
2026-08-21 18:02:46 2026-08-21T12:32:46.791Z root INFO {"version":5,"mainPanel":{"main":{"type":"tab-area","widgets":[{"constructionOptions":{"factoryId":"code-editor-opener","options":{"counter":0,"kind":"navigatable","uri":"file:///home/raj/Arduino/sketch_aug14b/sketch_aug14b.ino"}},"innerWidgetState":"{\"cursorState\":[{\"inSelectionMode\":false,\"selectionStart\":{\"lineNumber\":96,\"column\":5},\"position\":{\"lineNumber\":96,\"column\":5}}],\"viewState\":{\"scrollLeft\":0,\"firstPosition\":{\"lineNumber\":79,\"column\":1},\"firstPositionDeltaTop\":-8},\"contributionsState\":{\"editor.contrib.folding\":{\"lineCount\":98,\"provider\":\"indent\",\"foldedImports\":false},\"editor.contrib.wordHighlighter\":false}}"}],"currentIndex":0}},"mainPanelPinned":[false],"bottomPanel":{"config":{"main":{"type":"tab-area","widgets":[{"constructionOptions":{"factoryId":"outputView"},"innerWidgetState":"{\"locked\":false}"},{"constructionOptions":{"factoryId":"serial-monitor"}}],"currentIndex":1}},"pinned":[false,false],"size":183,"expanded":true},"leftPanel":{"type":"sidepanel","items":[{"widget":{"constructionOptions":{"factoryId":"arduino-sketchbook-widget"}},"rank":1,"expanded":false,"pinned":false},{"widget":{"constructionOptions":{"factoryId":"boards-list-widget"}},"rank":2,"expanded":false,"pinned":false},{"widget":{"constructionOptions":{"factoryId":"library-list-widget"}},"rank":3,"expanded":true,"pinned":false},{"widget":{"constructionOptions":{"factoryId":"debug"},"innerWidgetState":"{\"parts\":[{\"partId\":\"debug:threads:-1\",\"collapsed\":false,\"hidden\":false,\"originalContainerId\":\"debug:view-container:-1\",\"originalContainerTitle\":{\"label\":\"debug\",\"iconClass\":\"codicon codicon-debug-alt\",\"closeable\":true},\"widget\":{\"constructionOptions\":{\"factoryId\":\"debug:threads\"},\"innerWidgetState\":\"{}\"}},{\"partId\":\"debug:frames:-1\",\"collapsed\":false,\"hidden\":false,\"originalContainerId\":\"debug:view-container:-1\",\"originalContainerTitle\":{\"label\":\"debug\",\"iconClass\":\"codicon codicon-debug-alt\",\"closeable\":true},\"widget\":{\"constructionOptions\":{\"factoryId\":\"debug:frames\"},\"innerWidgetState\":\"{}\"}},{\"partId\":\"debug:variables:-1\",\"collapsed\":false,\"hidden\":false,\"originalContainerId\":\"debug:view-container:-1\",\"originalContainerTitle\":{\"label\":\"debug\",\"iconClass\":\"codicon codicon-debug-alt\",\"closeable\":true},\"widget\":{\"constructionOptions\":{\"factoryId\":\"debug:variables\"},\"innerWidgetState\":\"{}\"}},{\"partId\":\"debug:watch:-1\",\"collapsed\":false,\"hidden\":false,\"originalContainerId\":\"debug:view-container:-1\",\"originalContainerTitle\":{\"label\":\"debug\",\"iconClass\":\"codicon codicon-debug-alt\",\"closeable\":true},\"widget\":{\"constructionOptions\":{\"factoryId\":\"debug:watch\"},\"innerWidgetState\":\"{}\"}},{\"partId\":\"debug:breakpoints:-1\",\"collapsed\":false,\"hidden\":false,\"originalContainerId\":\"debug:view-container:-1\",\"originalContainerTitle\":{\"label\":\"debug\",\"iconClass\":\"codicon codicon-debug-alt\",\"closeable\":true},\"widget\":{\"constructionOptions\":{\"factoryId\":\"debug:breakpoints\"},\"innerWidgetState\":\"{}\"}},{\"partId\":\"plugin-view:cortex-debug.peripherals\",\"collapsed\":true,\"hidden\":true,\"originalContainerId\":\"debug:view-container:-1\",\"originalContainerTitle\":{\"label\":\"debug\",\"iconClass\":\"codicon codicon-debug-alt\",\"closeable\":true},\"widget\":{\"constructionOptions\":{\"factoryId\":\"plugin-view\",\"options\":{\"id\":\"plugin-view:cortex-debug.peripherals\",\"viewId\":\"cortex-debug.peripherals\"}},\"innerWidgetState\":\"{\\\"label\\\":\\\"Cortex Peripherals\\\",\\\"widgets\\\":[],\\\"suppressUpdateViewVisibility\\\":false,\\\"currentViewContainerId\\\":\\\"debug\\\"}\"}},{\"partId\":\"plugin-view:cortex-debug.registers\",\"collapsed\":true,\"hidden\":true,\"originalContainerId\":\"debug:view-container:-1\",\"originalContainerTitle\":{\"label\":\"debug\",\"iconClass\":\"codicon codicon-debug-alt\",\"closeable\":true},\"widget\":{\"constructionOptions\":{\"factoryId\":\"plugin-view\",\"options\":{\"id\":\"plugin-view:cortex-debug.registers\",\"viewId\":\"cortex-debug.registers\"}},\"innerWidgetState\":\"{\\\"label\\\":\\\"Cortex Registers\\\",\\\"widgets\\\":[],\\\"suppressUpdateViewVisibility\\\":false,\\\"currentViewContainerId\\\":\\\"debug\\\"}\"}}],\"title\":{\"label\":\"debug\",\"iconClass\":\"codicon codicon-debug-alt\",\"closeable\":true}}"},"rank":4,"expanded":false,"pinned":false},{"widget":{"constructionOptions":{"factoryId":"search-view-container"},"innerWidgetState":"{\"parts\":[{\"partId\":\"search-in-workspace\",\"collapsed\":false,\"hidden\":false,\"originalContainerId\":\"search-view-container\",\"originalContainerTitle\":{\"label\":\"Search\",\"iconClass\":\"codicon codicon-search\",\"closeable\":true},\"widget\":{\"constructionOptions\":{\"factoryId\":\"search-in-workspace\"},\"innerWidgetState\":\"{\\\"matchCaseState\\\":{\\\"className\\\":\\\"codicon codicon-case-sensitive\\\",\\\"enabled\\\":false,\\\"title\\\":\\\"Match Case\\\"},\\\"wholeWordState\\\":{\\\"className\\\":\\\"codicon codicon-whole-word\\\",\\\"enabled\\\":false,\\\"title\\\":\\\"Match Whole Word\\\"},\\\"regExpState\\\":{\\\"className\\\":\\\"codicon codicon-regex\\\",\\\"enabled\\\":false,\\\"title\\\":\\\"Use Regular Expression\\\"},\\\"includeIgnoredState\\\":{\\\"className\\\":\\\"codicon codicon-eye\\\",\\\"enabled\\\":false,\\\"title\\\":\\\"Include Ignored Files\\\"},\\\"showSearchDetails\\\":false,\\\"searchInWorkspaceOptions\\\":{\\\"matchCase\\\":false,\\\"matchWholeWord\\\":false,\\\"useRegExp\\\":false,\\\"multiline\\\":false,\\\"includeIgnored\\\":false,\\\"include\\\":[],\\\"exclude\\\":[],\\\"maxResults\\\":2000},\\\"searchTerm\\\":\\\"\\\",\\\"replaceTerm\\\":\\\"\\\",\\\"showReplaceField\\\":false,\\\"searchHistoryState\\\":{\\\"history\\\":[],\\\"index\\\":0},\\\"replaceHistoryState\\\":{\\\"history\\\":[],\\\"index\\\":0},\\\"includeHistoryState\\\":{\\\"history\\\":[],\\\"index\\\":0},\\\"excludeHistoryState\\\":{\\\"history\\\":[],\\\"index\\\":0}}\"}}],\"title\":{\"label\":\"Search\",\"iconClass\":\"fa fa-arduino-search\",\"closeable\":true}}"},"rank":5,"expanded":false,"pinned":false}],"size":268},"rightPanel":{"type":"sidepanel","items":[]},"activeWidgetId":"library-list-widget"}
2026-08-21 18:02:46 2026-08-21T12:32:46.792Z root INFO ------- END SERIALIZED LAYOUT DATA -------
2026-08-21 18:02:47 2026-08-21T12:32:47.359Z root INFO <<< The layout has been successfully restored.
2026-08-21 18:02:47 2026-08-21T12:32:47.470Z root INFO Initialize the workbench layout: 2278.2 ms [Finished 5.859 s after frontend start]
2026-08-21 18:02:47 2026-08-21T12:32:47.472Z root INFO Changed application state from 'attached_shell' to 'initialized_layout'.
2026-08-21 18:02:47 2026-08-21T12:32:47.473Z root INFO [34369c51-24e2-4678-9f99-167f9fdb1ac6] Loading plugin contributions
2026-08-21 18:02:47 2026-08-21T12:32:47.473Z root INFO [34369c51-24e2-4678-9f99-167f9fdb1ac6] Load contributions of 23 plugins: 106.0 ms [Finished 5.967 s after frontend start]
2026-08-21 18:02:47 2026-08-21T12:32:47.579Z root WARN 'cpp' language is remapped from 'source.cpp.embedded.macro' to 'source.cpp' scope
2026-08-21 18:02:47 2026-08-21T12:32:47.579Z root WARN a registered grammar configuration for 'cpp' language is overridden
2026-08-21 18:02:47 2026-08-21T12:32:47.854Z root ERROR [hosted-plugin: 92586] Conflict in settings file Default: Ignoring cortex-debug.armToolchainPath.linux as cortex-debug.armToolchainPath is null
2026-08-21 18:02:47 2026-08-21T12:32:47.855Z root ERROR [hosted-plugin: 92586] Conflict in settings file Default: Ignoring cortex-debug.armToolchainPath.osx as cortex-debug.armToolchainPath is null
Conflict in settings file Default: Ignoring cortex-debug.armToolchainPath.windows as cortex-debug.armToolchainPath is null
Conflict in settings file Default: Ignoring cortex-debug.JLinkGDBServerPath.linux as cortex-debug.JLinkGDBServerPath is null
Conflict in settings file Default: Ignoring cortex-debug.JLinkGDBServerPath.osx as cortex-debug.JLinkGDBServerPath is null
Conflict in settings file Default: Ignoring cortex-debug.JLinkGDBServerPath.windows as cortex-debug.JLinkGDBServerPath is null
Conflict in settings file Default: Ignoring cortex-debug.openocdPath.linux as cortex-debug.openocdPath is null
Conflict in settings file Default: Ignoring cortex-debug.openocdPath.osx as cortex-debug.openocdPath is null
Conflict in settings file Default: Ignoring cortex-debug.openocdPath.windows as cortex-debug.openocdPath is null
Conflict in settings file Default: Ignoring cortex-debug.pyocdPath.linux as cortex-debug.pyocdPath is null
2026-08-21 18:02:47 2026-08-21T12:32:47.855Z root ERROR [hosted-plugin: 92586] Conflict in settings file Default: Ignoring cortex-debug.pyocdPath.osx as cortex-debug.pyocdPath is null
Conflict in settings file Default: Ignoring cortex-debug.pyocdPath.windows as cortex-debug.pyocdPath is null
Conflict in settings file Default: Ignoring cortex-debug.PEGDBServerPath.linux as cortex-debug.PEGDBServerPath is null
Conflict in settings file Default: Ignoring cortex-debug.PEGDBServerPath.osx as cortex-debug.PEGDBServerPath is null
Conflict in settings file Default: Ignoring cortex-debug.PEGDBServerPath.windows as cortex-debug.PEGDBServerPath is null
Conflict in settings file Default: Ignoring cortex-debug.stutilPath.linux as cortex-debug.stutilPath is null
2026-08-21 18:02:47 2026-08-21T12:32:47.855Z root ERROR [hosted-plugin: 92586] Conflict in settings file Default: Ignoring cortex-debug.stutilPath.osx as cortex-debug.stutilPath is null
Conflict in settings file Default: Ignoring cortex-debug.stutilPath.windows as cortex-debug.stutilPath is null
Conflict in settings file Default: Ignoring cortex-debug.stlinkPath.linux as cortex-debug.stlinkPath is null
Conflict in settings file Default: Ignoring cortex-debug.stlinkPath.osx as cortex-debug.stlinkPath is null
2026-08-21 18:02:47 2026-08-21T12:32:47.855Z root ERROR [hosted-plugin: 92586] Conflict in settings file Default: Ignoring cortex-debug.stlinkPath.windows as cortex-debug.stlinkPath is null
Conflict in settings file Default: Ignoring cortex-debug.stm32cubeprogrammer.linux as cortex-debug.stm32cubeprogrammer is null
Conflict in settings file Default: Ignoring cortex-debug.stm32cubeprogrammer.osx as cortex-debug.stm32cubeprogrammer is null
2026-08-21 18:02:47 2026-08-21T12:32:47.855Z root ERROR [hosted-plugin: 92586] Conflict in settings file Default: Ignoring cortex-debug.stm32cubeprogrammer.windows as cortex-debug.stm32cubeprogrammer is null
2026-08-21 18:02:47 2026-08-21T12:32:47.906Z root INFO [hosted-plugin: 92586] PLUGIN_HOST(92586): PluginManagerExtImpl/init()
2026-08-21 18:02:47 2026-08-21T12:32:47.909Z root INFO [hosted-plugin: 92586] PLUGIN_HOST(92586): initializing(vscode-arduino-api@0.1.2 with /tmp/.mount_arduinEaFGal/resources/app/lib/backend/plugin-vscode-init)
2026-08-21 18:02:48 2026-08-21T12:32:48.005Z root INFO [hosted-plugin: 92586] PLUGIN_HOST(92586): initializing(json-language-features@1.88.1 with /tmp/.mount_arduinEaFGal/resources/app/lib/backend/plugin-vscode-init)
2026-08-21 18:02:48 2026-08-21T12:32:48.012Z root INFO [hosted-plugin: 92586] PLUGIN_HOST(92586): initializing(cortex-debug@1.5.1 with /tmp/.mount_arduinEaFGal/resources/app/lib/backend/plugin-vscode-init)
2026-08-21 18:02:48 2026-08-21T12:32:48.013Z root INFO [hosted-plugin: 92586] Debugger contribution has been registered: cortex-debug
2026-08-21 18:02:48 2026-08-21T12:32:48.017Z root INFO [hosted-plugin: 92586] PLUGIN_HOST(92586): initializing(vscode-arduino-tools@0.1.3 with /tmp/.mount_arduinEaFGal/resources/app/lib/backend/plugin-vscode-init)
2026-08-21 18:02:48 2026-08-21T12:32:48.029Z root INFO [hosted-plugin: 92586] PLUGIN_HOST(92586): initializing(cpp@1.88.1 with /tmp/.mount_arduinEaFGal/resources/app/lib/backend/plugin-vscode-init)
2026-08-21 18:02:48 2026-08-21T12:32:48.031Z root INFO [hosted-plugin: 92586] PLUGIN_HOST(92586): initializing(json@1.88.1 with /tmp/.mount_arduinEaFGal/resources/app/lib/backend/plugin-vscode-init)
2026-08-21 18:02:48 2026-08-21T12:32:48.032Z root INFO [hosted-plugin: 92586] PLUGIN_HOST(92586): initializing(vscode-language-pack-bg@1.48.3 with /tmp/.mount_arduinEaFGal/resources/app/lib/backend/plugin-vscode-init)
2026-08-21 18:02:48 2026-08-21T12:32:48.033Z root INFO [hosted-plugin: 92586] PLUGIN_HOST(92586): initializing(vscode-language-pack-cs@1.96.0 with /tmp/.mount_arduinEaFGal/resources/app/lib/backend/plugin-vscode-init)
2026-08-21 18:02:48 2026-08-21T12:32:48.045Z root INFO [hosted-plugin: 92586] PLUGIN_HOST(92586): initializing(vscode-language-pack-de@1.96.0 with /tmp/.mount_arduinEaFGal/resources/app/lib/backend/plugin-vscode-init)
2026-08-21 18:02:48 2026-08-21T12:32:48.051Z root INFO [hosted-plugin: 92586] PLUGIN_HOST(92586): initializing(vscode-language-pack-es@1.96.0 with /tmp/.mount_arduinEaFGal/resources/app/lib/backend/plugin-vscode-init)
2026-08-21 18:02:48 2026-08-21T12:32:48.053Z root INFO [hosted-plugin: 92586] PLUGIN_HOST(92586): initializing(vscode-language-pack-fr@1.96.0 with /tmp/.mount_arduinEaFGal/resources/app/lib/backend/plugin-vscode-init)
2026-08-21 18:02:48 2026-08-21T12:32:48.055Z root INFO [hosted-plugin: 92586] PLUGIN_HOST(92586): initializing(vscode-language-pack-hu@1.48.3 with /tmp/.mount_arduinEaFGal/resources/app/lib/backend/plugin-vscode-init)
2026-08-21 18:02:48 2026-08-21T12:32:48.056Z root INFO [hosted-plugin: 92586] PLUGIN_HOST(92586): initializing(vscode-language-pack-it@1.96.0 with /tmp/.mount_arduinEaFGal/resources/app/lib/backend/plugin-vscode-init)
2026-08-21 18:02:48 2026-08-21T12:32:48.057Z root INFO [hosted-plugin: 92586] PLUGIN_HOST(92586): initializing(vscode-language-pack-ja@1.96.0 with /tmp/.mount_arduinEaFGal/resources/app/lib/backend/plugin-vscode-init)
2026-08-21 18:02:48 2026-08-21T12:32:48.058Z root INFO [hosted-plugin: 92586] PLUGIN_HOST(92586): initializing(vscode-language-pack-ko@1.96.0 with /tmp/.mount_arduinEaFGal/resources/app/lib/backend/plugin-vscode-init)
2026-08-21 18:02:48 2026-08-21T12:32:48.058Z root INFO [hosted-plugin: 92586] PLUGIN_HOST(92586): initializing(vscode-language-pack-nl@1.48.3 with /tmp/.mount_arduinEaFGal/resources/app/lib/backend/plugin-vscode-init)
2026-08-21 18:02:48 2026-08-21T12:32:48.059Z root INFO [hosted-plugin: 92586] PLUGIN_HOST(92586): initializing(vscode-language-pack-pl@1.96.0 with /tmp/.mount_arduinEaFGal/resources/app/lib/backend/plugin-vscode-init)
2026-08-21 18:02:48 2026-08-21T12:32:48.060Z root INFO [hosted-plugin: 92586] PLUGIN_HOST(92586): initializing(vscode-language-pack-pt-BR@1.96.0 with /tmp/.mount_arduinEaFGal/resources/app/lib/backend/plugin-vscode-init)
2026-08-21 18:02:48 2026-08-21T12:32:48.060Z root INFO [hosted-plugin: 92586] PLUGIN_HOST(92586): initializing(vscode-language-pack-ru@1.96.0 with /tmp/.mount_arduinEaFGal/resources/app/lib/backend/plugin-vscode-init)
2026-08-21 18:02:48 2026-08-21T12:32:48.061Z root INFO [hosted-plugin: 92586] PLUGIN_HOST(92586): initializing(vscode-language-pack-tr@1.96.0 with /tmp/.mount_arduinEaFGal/resources/app/lib/backend/plugin-vscode-init)
2026-08-21 18:02:48 2026-08-21T12:32:48.062Z root INFO [hosted-plugin: 92586] PLUGIN_HOST(92586): initializing(vscode-language-pack-uk@1.48.3 with /tmp/.mount_arduinEaFGal/resources/app/lib/backend/plugin-vscode-init)
2026-08-21 18:02:48 2026-08-21T12:32:48.063Z root INFO [hosted-plugin: 92586] PLUGIN_HOST(92586): initializing(vscode-language-pack-zh-hans@1.96.0 with /tmp/.mount_arduinEaFGal/resources/app/lib/backend/plugin-vscode-init)
2026-08-21 18:02:48 2026-08-21T12:32:48.063Z root INFO [hosted-plugin: 92586] PLUGIN_HOST(92586): initializing(vscode-language-pack-zh-hant@1.96.0 with /tmp/.mount_arduinEaFGal/resources/app/lib/backend/plugin-vscode-init)
2026-08-21 18:02:48 2026-08-21T12:32:48.115Z root INFO [hosted-plugin: 92586] PLUGIN_HOST(92586): PluginManagerExtImpl/loadPlugin(/tmp/.mount_arduinEaFGal/resources/app/plugins/vscode-builtin-json-language-features/extension/client/dist/node/jsonClientMain)
2026-08-21 18:02:48 2026-08-21T12:32:48.550Z root ERROR ---- !!!SLOW!!! DURATION: search took 648.186 ms. Args: [{"query":"","type":"All","topic":"All"}] ----
2026-08-21 18:02:48 2026-08-21T12:32:48.554Z root INFO [hosted-plugin: 92586] PLUGIN_HOST(92586): PluginManagerExtImpl/loadPlugin(/tmp/.mount_arduinEaFGal/resources/app/plugins/vscode-arduino-tools/extension/dist/extension.js)
PLUGIN_HOST(92586): PluginManagerExtImpl/loadPlugin(/tmp/.mount_arduinEaFGal/resources/app/plugins/vscode-arduino-api/extension/dist/extension.js)
calling activation function on VS Code Arduino Tools
calling activation function on Arduino IDE API for VS Code extensions
calling activation function on JSON Language Features (built-in)
2026-08-21 18:02:48 2026-08-21T12:32:48.603Z root INFO Frontend application start: 3753.3 ms [Finished 8.245 s after backend start]
2026-08-21 18:02:48 Checking for update
2026-08-21 18:02:48 2026-08-21T12:32:48.626Z root INFO Replace loading indicator with ready workbench UI (animation): 862.6 ms [Finished 6.835 s after frontend start]
2026-08-21 18:02:48 2026-08-21T12:32:48.626Z root INFO Changed application state from 'initialized_layout' to 'ready'.
2026-08-21 18:02:48 2026-08-21T12:32:48.626Z root WARN Linked preference "workbench.colorCustomizations" not found.
2026-08-21 18:02:48 Error: Error: net::ERR_INTERNET_DISCONNECTED
    at SimpleURLLoaderWrapper.<anonymous> (node:electron/js2c/browser_init:2:114352)
    at SimpleURLLoaderWrapper.emit (node:events:519:28)
2026-08-21 18:02:48 2026-08-21T12:32:48.774Z fwuploader ERROR Error: Process exited with exit code: 1
    at ChildProcess.<anonymous> (/tmp/.mount_arduinEaFGal/resources/app/lib/backend/main.js:2:667669)
    at ChildProcess.emit (node:events:519:28)
    at ChildProcess._handle.onexit (node:internal/child_process:294:12)
2026-08-21 18:02:48 2026-08-21T12:32:48.774Z fwuploader ERROR Error: Process exited with exit code: 1
    at ChildProcess.<anonymous> (/tmp/.mount_arduinEaFGal/resources/app/lib/backend/main.js:2:667669)
    at ChildProcess.emit (node:events:519:28)
    at ChildProcess._handle.onexit (node:internal/child_process:294:12)
2026-08-21 18:02:48 2026-08-21T12:32:48.823Z root INFO [34369c51-24e2-4678-9f99-167f9fdb1ac6] Starting plugins.
2026-08-21 18:02:49 2026-08-21T12:32:49.083Z root ERROR ---- !!!SLOW!!! DURATION: search took 457.048 ms. Args: [{"type":"Updatable"}] ----
2026-08-21 18:02:49 2026-08-21T12:32:49.104Z daemon INFO time="2026-08-21T18:02:49+05:30" level=info msg="Updating index" url="https://downloads.arduino.cc/packages/package_index.tar.bz2"
time="2026-08-21T18:02:49+05:30" level=info msg="Starting download" url="https://downloads.arduino.cc/libraries/library_index.tar.bz2"
time="2026-08-21T18:02:49+05:30" level=info msg="Starting download" url="https://downloads.arduino.cc/packages/package_index.tar.bz2"
2026-08-21 18:02:49 2026-08-21T12:32:49.108Z root INFO core-client-provider [platform-index] Downloading index: package_index.tar.bz2

2026-08-21 18:02:49 2026-08-21T12:32:49.109Z root INFO core-client-provider [library-index] Downloading index: library_index.tar.bz2

2026-08-21 18:02:49 2026-08-21T12:32:49.113Z root ERROR Failed to update platform, library indexes. Error: 13 INTERNAL: Error downloading index 'https://downloads.arduino.cc/libraries/library_index.tar.bz2': Download failed: performing HEAD request: Head "https://downloads.arduino.cc/libraries/library_index.tar.bz2": dial tcp: lookup downloads.arduino.cc on [::1]:53: read udp [::1]:47149->[::1]:53: read: connection refused
    at t.callErrorFromStatus (/tmp/.mount_arduinEaFGal/resources/app/lib/backend/main.js:2:999749)
    at Object.onReceiveStatus (/tmp/.mount_arduinEaFGal/resources/app/lib/backend/main.js:2:3800318)
    at Object.onReceiveStatus (/tmp/.mount_arduinEaFGal/resources/app/lib/backend/main.js:2:2231193)
    at /tmp/.mount_arduinEaFGal/resources/app/lib/backend/main.js:2:4368024
    at process.processTicksAndRejections (node:internal/process/task_queues:77:11)
for call at
    at s.makeServerStreamRequest (/tmp/.mount_arduinEaFGal/resources/app/lib/backend/main.js:2:3800085)
    at s.updateLibrariesIndex (/tmp/.mount_arduinEaFGal/resources/app/lib/backend/main.js:2:3326156)
    at /tmp/.mount_arduinEaFGal/resources/app/lib/backend/main.js:2:103711
    at /tmp/.mount_arduinEaFGal/resources/app/lib/backend/main.js:2:103904
    at new Promise (<anonymous>)
    at y.doUpdateIndex (/tmp/.mount_arduinEaFGal/resources/app/lib/backend/main.js:2:103883)
    at y.updateLibraryIndex (/tmp/.mount_arduinEaFGal/resources/app/lib/backend/main.js:2:103683)
    at y.updateIndex (/tmp/.mount_arduinEaFGal/resources/app/lib/backend/main.js:2:102957)
    at R.updateIndex (/tmp/.mount_arduinEaFGal/resources/app/lib/backend/main.js:2:105608)
    at process.processTicksAndRejections (node:internal/process/task_queues:95:5)
2026-08-21 18:02:49 2026-08-21T12:32:49.126Z root INFO [hosted-plugin: 92586] PLUGIN_HOST(92586): PluginManagerExtImpl/loadPlugin(/tmp/.mount_arduinEaFGal/resources/app/plugins/cortex-debug/extension/dist/extension.js)
2026-08-21 18:02:49 2026-08-21T12:32:49.149Z root INFO [hosted-plugin: 92586] Debug configuration provider has been registered: cortex-debug, trigger: 1
2026-08-21 18:02:49 2026-08-21T12:32:49.149Z root INFO [hosted-plugin: 92586] calling activation function on Cortex-Debug
2026-08-21 18:02:49 2026-08-21T12:32:49.151Z root INFO [hosted-plugin: 92586] GDB server console created
2026-08-21 18:02:49 2026-08-21T12:32:49.167Z daemon INFO time="2026-08-21T18:02:49+05:30" level=info msg="Tool required for debug" tool="arduino:arduinoOTA@1.3.0"
time="2026-08-21T18:02:49+05:30" level=info msg="Tool required for debug" tool="arduino:avr-gcc@7.3.0-atmel3.6.1-arduino7"
time="2026-08-21T18:02:49+05:30" level=info msg="Tool required for debug" tool="arduino:avrdude@8.0.0-arduino1"
time="2026-08-21T18:02:49+05:30" level=info msg="Tool required for debug" tool="builtin:ctags@5.8-arduino11"
time="2026-08-21T18:02:49+05:30" level=info msg="Tool required for debug" tool="builtin:dfu-discovery@0.1.2"
2026-08-21 18:02:49 2026-08-21T12:32:49.168Z daemon INFO time="2026-08-21T18:02:49+05:30" level=info msg="Tool required for debug" tool="builtin:mdns-discovery@1.1.0"
time="2026-08-21T18:02:49+05:30" level=info msg="Tool required for debug" tool="builtin:serial-discovery@1.5.2"
time="2026-08-21T18:02:49+05:30" level=info msg="Tool required for debug" tool="builtin:serial-monitor@0.15.0"
2026-08-21 18:02:49 2026-08-21T12:32:49.169Z root ERROR Failed to get debug config: arduino:avr:uno, undefined Error: Debugging is not supported.
    at Object.callback (/tmp/.mount_arduinEaFGal/resources/app/lib/backend/main.js:2:4762207)
    at Object.onReceiveStatus (/tmp/.mount_arduinEaFGal/resources/app/lib/backend/main.js:2:3797922)
    at Object.onReceiveStatus (/tmp/.mount_arduinEaFGal/resources/app/lib/backend/main.js:2:2231748)
    at Object.onReceiveStatus (/tmp/.mount_arduinEaFGal/resources/app/lib/backend/main.js:2:2231193)
    at /tmp/.mount_arduinEaFGal/resources/app/lib/backend/main.js:2:4368024
    at process.processTicksAndRejections (node:internal/process/task_queues:77:11)
2026-08-21 18:02:49 2026-08-21T12:32:49.179Z root INFO [34369c51-24e2-4678-9f99-167f9fdb1ac6] Start of 23 plugins: 1703.0 ms [Finished 7.678 s after frontend start]
2026-08-21 18:02:49 2026-08-21T12:32:49.203Z root INFO Starting language server: arduino:avr:uno
2026-08-21 18:02:49 2026-08-21T12:32:49.458Z daemon INFO time="2026-08-21T18:02:49+05:30" level=info msg="Adding libraries dir" dir=/home/raj/.arduino15/libraries isSingleLibrary=false location=ide
2026-08-21 18:02:49 2026-08-21T12:32:49.458Z daemon INFO time="2026-08-21T18:02:49+05:30" level=info msg="Adding libraries dir" dir=/home/raj/.arduino15/packages/arduino/hardware/avr/1.8.8/libraries isSingleLibrary=false location=platform
time="2026-08-21T18:02:49+05:30" level=info msg="Adding libraries dir" dir=/home/raj/Arduino/libraries isSingleLibrary=false location=user
2026-08-21 18:02:49 2026-08-21T12:32:49.696Z daemon INFO time="2026-08-21T18:02:49+05:30" level=info msg="Adding libraries dir" dir=/home/raj/.arduino15/libraries isSingleLibrary=false location=ide
time="2026-08-21T18:02:49+05:30" level=info msg="Adding libraries dir" dir=/home/raj/.arduino15/packages/arduino/hardware/avr/1.8.8/libraries isSingleLibrary=false location=platform
time="2026-08-21T18:02:49+05:30" level=info msg="Adding libraries dir" dir=/home/raj/Arduino/libraries isSingleLibrary=false location=user
2026-08-21 18:04:20 2026-08-21T12:34:20.877Z discovery-log INFO {"eventType":"add","port":{"matchingBoardsList":[],"port":{"address":"/dev/ttyUSB0","label":"/dev/ttyUSB0","protocol":"serial","protocolLabel":"Serial Port (USB)","propertiesMap":[["pid","0xEA60"],["serialNumber","0001"],["vid","0x10C4"]],"hardwareId":"0001"}},"error":""}
2026-08-21 18:04:21 2026-08-21T12:34:21.039Z daemon INFO time="2026-08-21T18:04:21+05:30" level=info msg="Starting monitor process" monitor=serial-monitor
2026-08-21 18:04:21 2026-08-21T12:34:21.041Z daemon INFO time="2026-08-21T18:04:21+05:30" level=info msg="Monitor process started successfully!" monitor=serial-monitor
time="2026-08-21T18:04:21+05:30" level=info msg="sending command" command="HELLO 1 \"arduino-cli 1.5.1\"" monitor=serial-monitor
2026-08-21 18:04:21 2026-08-21T12:34:21.054Z monitor-service INFO starting monitor
2026-08-21 18:04:21 2026-08-21T12:34:21.055Z daemon INFO time="2026-08-21T18:04:21+05:30" level=info msg="received message" error=false event_type=hello message=OK monitor=serial-monitor
time="2026-08-21T18:04:21+05:30" level=info msg="sending command" command=DESCRIBE monitor=serial-monitor
time="2026-08-21T18:04:21+05:30" level=info msg="received message" error=false event_type=describe message=OK monitor=serial-monitor
time="2026-08-21T18:04:21+05:30" level=info msg="sending command" command=QUIT monitor=serial-monitor
time="2026-08-21T18:04:21+05:30" level=info msg="received message" error=false event_type=quit message=OK monitor=serial-monitor
time="2026-08-21T18:04:21+05:30" level=info msg="Killing monitor process" monitor=serial-monitor
2026-08-21 18:04:21 2026-08-21T12:34:21.055Z daemon INFO time="2026-08-21T18:04:21+05:30" level=error msg="stopped decode loop: read |0: file already closed" monitor=serial-monitor
time="2026-08-21T18:04:21+05:30" level=info msg="Monitor process killed" monitor=serial-monitor
2026-08-21 18:04:21 2026-08-21T12:34:21.061Z daemon INFO time="2026-08-21T18:04:21+05:30" level=info msg="Starting monitor process" monitor=serial-monitor
time="2026-08-21T18:04:21+05:30" level=info msg="Monitor process started successfully!" monitor=serial-monitor
time="2026-08-21T18:04:21+05:30" level=info msg="sending command" command="HELLO 1 \"arduino-cli 1.5.1\"" monitor=serial-monitor
2026-08-21 18:04:21 2026-08-21T12:34:21.063Z daemon INFO time="2026-08-21T18:04:21+05:30" level=info msg="received message" error=false event_type=hello message=OK monitor=serial-monitor
2026-08-21 18:04:21 2026-08-21T12:34:21.063Z daemon INFO time="2026-08-21T18:04:21+05:30" level=info msg="sending command" command=DESCRIBE monitor=serial-monitor
time="2026-08-21T18:04:21+05:30" level=info msg="received message" error=false event_type=describe message=OK monitor=serial-monitor
time="2026-08-21T18:04:21+05:30" level=info msg="sending command" command=QUIT monitor=serial-monitor
2026-08-21 18:04:21 2026-08-21T12:34:21.063Z daemon INFO time="2026-08-21T18:04:21+05:30" level=info msg="received message" error=false event_type=quit message=OK monitor=serial-monitor
time="2026-08-21T18:04:21+05:30" level=info msg="Killing monitor process" monitor=serial-monitor
2026-08-21 18:04:21 2026-08-21T12:34:21.064Z daemon INFO time="2026-08-21T18:04:21+05:30" level=error msg="stopped decode loop: EOF" monitor=serial-monitor
2026-08-21 18:04:21 2026-08-21T12:34:21.064Z daemon INFO time="2026-08-21T18:04:21+05:30" level=info msg="Monitor process killed" monitor=serial-monitor
2026-08-21 18:04:21 2026-08-21T12:34:21.073Z daemon INFO time="2026-08-21T18:04:21+05:30" level=info msg="Starting monitor process" monitor=serial-monitor
2026-08-21 18:04:21 2026-08-21T12:34:21.075Z daemon INFO time="2026-08-21T18:04:21+05:30" level=info msg="Monitor process started successfully!" monitor=serial-monitor
time="2026-08-21T18:04:21+05:30" level=info msg="sending command" command="HELLO 1 \"arduino-cli 1.5.1\"" monitor=serial-monitor
2026-08-21 18:04:21 2026-08-21T12:34:21.078Z daemon INFO time="2026-08-21T18:04:21+05:30" level=info msg="received message" error=false event_type=hello message=OK monitor=serial-monitor
time="2026-08-21T18:04:21+05:30" level=info msg="sending command" command=DESCRIBE monitor=serial-monitor
2026-08-21 18:04:21 2026-08-21T12:34:21.079Z daemon INFO time="2026-08-21T18:04:21+05:30" level=info msg="received message" error=false event_type=describe message=OK monitor=serial-monitor
time="2026-08-21T18:04:21+05:30" level=info msg="sending command" command="CONFIGURE bits 8" monitor=serial-monitor
time="2026-08-21T18:04:21+05:30" level=info msg="received message" error=false event_type=configure message=OK monitor=serial-monitor
time="2026-08-21T18:04:21+05:30" level=info msg="sending command" command="CONFIGURE dtr on" monitor=serial-monitor
time="2026-08-21T18:04:21+05:30" level=info msg="received message" error=false event_type=configure message=OK monitor=serial-monitor
time="2026-08-21T18:04:21+05:30" level=info msg="sending command" command="CONFIGURE parity none" monitor=serial-monitor
2026-08-21 18:04:21 2026-08-21T12:34:21.079Z daemon INFO time="2026-08-21T18:04:21+05:30" level=info msg="received message" error=false event_type=configure message=OK monitor=serial-monitor
time="2026-08-21T18:04:21+05:30" level=info msg="sending command" command="CONFIGURE rts on" monitor=serial-monitor
2026-08-21 18:04:21 2026-08-21T12:34:21.079Z daemon INFO time="2026-08-21T18:04:21+05:30" level=info msg="received message" error=false event_type=configure message=OK monitor=serial-monitor
2026-08-21 18:04:21 2026-08-21T12:34:21.079Z daemon INFO time="2026-08-21T18:04:21+05:30" level=info msg="sending command" command="CONFIGURE stop_bits 1" monitor=serial-monitor
2026-08-21 18:04:21 2026-08-21T12:34:21.079Z daemon INFO time="2026-08-21T18:04:21+05:30" level=info msg="received message" error=false event_type=configure message=OK monitor=serial-monitor
2026-08-21 18:04:21 2026-08-21T12:34:21.079Z daemon INFO time="2026-08-21T18:04:21+05:30" level=info msg="sending command" command="CONFIGURE baudrate 9600" monitor=serial-monitor
2026-08-21 18:04:21 2026-08-21T12:34:21.079Z daemon INFO time="2026-08-21T18:04:21+05:30" level=info msg="received message" error=false event_type=configure message=OK monitor=serial-monitor
2026-08-21 18:04:21 2026-08-21T12:34:21.079Z daemon INFO time="2026-08-21T18:04:21+05:30" level=info msg="sending command" command="OPEN 127.0.0.1:36501 /dev/ttyUSB0" monitor=serial-monitor
2026-08-21 18:04:21 2026-08-21T12:34:21.112Z daemon INFO time="2026-08-21T18:04:21+05:30" level=info msg="received message" error=false event_type=open message=OK monitor=serial-monitor
2026-08-21 18:04:21 2026-08-21T12:34:21.113Z daemon INFO time="2026-08-21T18:04:21+05:30" level=info msg="Port /dev/ttyUSB0 successfully opened"
2026-08-21 18:04:21 2026-08-21T12:34:21.115Z monitor-service INFO Using port configuration for serial:/dev/ttyUSB0: {"settingsList":[{"settingId":"bits","value":"8"},{"settingId":"dtr","value":"on"},{"settingId":"parity","value":"none"},{"settingId":"rts","value":"on"},{"settingId":"stop_bits","value":"1"},{"settingId":"baudrate","value":"9600"}]}
2026-08-21 18:04:21 2026-08-21T12:34:21.115Z monitor-service INFO started monitor to /dev/ttyUSB0 using serial
2026-08-21 18:04:21 2026-08-21T12:34:21.130Z monitor-service INFO No port configuration changes have been detected. No need to send configure commands to the running monitor serial:/dev/ttyUSB0.
2026-08-21 18:15:36 2026-08-21T12:45:36.560Z root INFO creating connection for 2
2026-08-21 18:15:37 2026-08-21T12:45:37.747Z root WARN A command editor.action.toggleStickyScroll is already registered.
2026-08-21 18:15:37 Opening channel for service path '/services/electron-window'.
2026-08-21 18:15:37 Opening channel for service path '/services/ide-updater'.
2026-08-21 18:15:37 2026-08-21T12:45:37.917Z root INFO Start frontend contributions: 387.4 ms [Finished 2.278 s after frontend start]
2026-08-21 18:15:37 2026-08-21T12:45:37.917Z root INFO Changed application state from 'init' to 'started_contributions'.
2026-08-21 18:15:37 2026-08-21T12:45:37.929Z root INFO Changed application state from 'started_contributions' to 'attached_shell'.
2026-08-21 18:15:37 2026-08-21T12:45:37.929Z root INFO >>> Restoring the layout state...
2026-08-21 18:15:37 2026-08-21T12:45:37.996Z root INFO [f94e5993-1a87-4e3f-b0b8-686d205b9e49] Waiting for backend deployment: 108.1 ms [Finished 2.374 s after frontend start]
2026-08-21 18:15:38 2026-08-21T12:45:38.164Z root INFO <<< Nothing to restore.
2026-08-21 18:15:38 2026-08-21T12:45:38.164Z root INFO Initialize the workbench layout: 169.2 ms [Finished 2.478 s after frontend start]
2026-08-21 18:15:38 2026-08-21T12:45:38.164Z root INFO Changed application state from 'attached_shell' to 'initialized_layout'.
2026-08-21 18:15:38 2026-08-21T12:45:38.787Z root INFO [hosted-plugin: 94955] PLUGIN_HOST(94955) starting instance
[Object: null prototype] {}
2026-08-21 18:15:39 2026-08-21T12:45:39.684Z root INFO [f94e5993-1a87-4e3f-b0b8-686d205b9e49] Sync of 23 plugins: 1639.2 ms [Finished 4.013 s after frontend start]
2026-08-21 18:15:39 2026-08-21T12:45:39.685Z root INFO [f94e5993-1a87-4e3f-b0b8-686d205b9e49] Loading plugin contributions
2026-08-21 18:15:39 2026-08-21T12:45:39.686Z root INFO [f94e5993-1a87-4e3f-b0b8-686d205b9e49] Load contributions of 23 plugins: 49.0 ms [Finished 4.062 s after frontend start]
2026-08-21 18:15:39 2026-08-21T12:45:39.730Z root WARN 'cpp' language is remapped from 'source.cpp.embedded.macro' to 'source.cpp' scope
2026-08-21 18:15:39 2026-08-21T12:45:39.730Z root WARN a registered grammar configuration for 'cpp' language is overridden
2026-08-21 18:15:40 2026-08-21T12:45:40.025Z root INFO Frontend application start: 2342.0 ms [Finished 779.683 s after backend start]
2026-08-21 18:15:40 2026-08-21T12:45:40.057Z root INFO Replace loading indicator with ready workbench UI (animation): 1649.9 ms [Finished 4.145 s after frontend start]
2026-08-21 18:15:40 2026-08-21T12:45:40.057Z root INFO Changed application state from 'initialized_layout' to 'ready'.
2026-08-21 18:15:40 2026-08-21T12:45:40.057Z root WARN Linked preference "workbench.colorCustomizations" not found.
2026-08-21 18:15:40 2026-08-21T12:45:40.081Z fwuploader ERROR Error: Process exited with exit code: 1
    at ChildProcess.<anonymous> (/tmp/.mount_arduinEaFGal/resources/app/lib/backend/main.js:2:667669)
    at ChildProcess.emit (node:events:519:28)
    at ChildProcess._handle.onexit (node:internal/child_process:294:12)
2026-08-21 18:15:40 2026-08-21T12:45:40.082Z fwuploader ERROR Error: Process exited with exit code: 1
    at ChildProcess.<anonymous> (/tmp/.mount_arduinEaFGal/resources/app/lib/backend/main.js:2:667669)
    at ChildProcess.emit (node:events:519:28)
    at ChildProcess._handle.onexit (node:internal/child_process:294:12)
2026-08-21 18:15:40 2026-08-21T12:45:40.209Z root INFO Executing startup tasks:
2026-08-21 18:15:40 2026-08-21T12:45:40.209Z root INFO  - 'arduino-use-inherited-boards-data' , args: [{"fqbn":"arduino:avr:uno","data":{"configOptions":[],"programmers":[{"id":"arduinoisp","name":"ArduinoISP","platform":"arduino:avr@1.8.8"},{"id":"jtag3","name":"Atmel JTAGICE3 (JTAG mode)","platform":"arduino:avr@1.8.8"},{"id":"arduinoasisp","name":"Arduino as ISP","platform":"arduino:avr@1.8.8"},{"id":"usbGemma","name":"Arduino Gemma","platform":"arduino:avr@1.8.8"},{"id":"arduinoasispatmega32u4","name":"Arduino as ISP (ATmega32U4)","platform":"arduino:avr@1.8.8"},{"id":"atmel_ice","name":"Atmel-ICE (AVR)","platform":"arduino:avr@1.8.8"},{"id":"parallel","name":"Parallel Programmer","platform":"arduino:avr@1.8.8"},{"id":"stk500","name":"Atmel STK500 development board","platform":"arduino:avr@1.8.8"},{"id":"avrisp","name":"AVR ISP","platform":"arduino:avr@1.8.8"},{"id":"jtag3isp","name":"Atmel JTAGICE3 (ISP mode)","platform":"arduino:avr@1.8.8"},{"id":"usbasp","name":"USBasp","platform":"arduino:avr@1.8.8"},{"id":"avrispmkii","name":"AVRISP mkII","platform":"arduino:avr@1.8.8"},{"id":"arduinoisporg","name":"ArduinoISP.org","platform":"arduino:avr@1.8.8"},{"id":"usbtinyisp","name":"USBtinyISP","platform":"arduino:avr@1.8.8"},{"id":"buspirate","name":"BusPirate as ISP","platform":"arduino:avr@1.8.8"}]}}]
2026-08-21 18:15:40 2026-08-21T12:45:40.210Z root INFO  - 'arduino-use-inherited-boards-config' , args: [{"selectedBoard":{"name":"Arduino UNO","fqbn":"arduino:avr:uno","packageId":{"vendorId":"arduino","arch":"avr"},"packageName":"Arduino AVR Boards","manuallyInstalled":false,"selected":false,"missing":false},"selectedPort":{"protocol":"serial","address":"/dev/ttyUSB0"}},{"arduino+serial:///dev/ttyUSB0":{"name":"Arduino UNO","fqbn":"arduino:avr:uno","packageId":{"vendorId":"arduino","arch":"avr"},"packageName":"Arduino AVR Boards","manuallyInstalled":false,"selected":false,"missing":false}}]
2026-08-21 18:15:40 2026-08-21T12:45:40.603Z daemon INFO time="2026-08-21T18:15:40+05:30" level=info msg="Tool required for debug" tool="arduino:arduinoOTA@1.3.0"
time="2026-08-21T18:15:40+05:30" level=info msg="Tool required for debug" tool="arduino:avr-gcc@7.3.0-atmel3.6.1-arduino7"
time="2026-08-21T18:15:40+05:30" level=info msg="Tool required for debug" tool="arduino:avrdude@8.0.0-arduino1"
time="2026-08-21T18:15:40+05:30" level=info msg="Tool required for debug" tool="builtin:dfu-discovery@0.1.2"
time="2026-08-21T18:15:40+05:30" level=info msg="Tool required for debug" tool="builtin:mdns-discovery@1.1.0"
time="2026-08-21T18:15:40+05:30" level=info msg="Tool required for debug" tool="builtin:serial-discovery@1.5.2"
time="2026-08-21T18:15:40+05:30" level=info msg="Tool required for debug" tool="builtin:serial-monitor@0.15.0"
time="2026-08-21T18:15:40+05:30" level=info msg="Tool required for debug" tool="builtin:ctags@5.8-arduino11"
2026-08-21 18:15:40 2026-08-21T12:45:40.605Z root ERROR Failed to get debug config: arduino:avr:uno, undefined Error: Debugging is not supported.
    at Object.callback (/tmp/.mount_arduinEaFGal/resources/app/lib/backend/main.js:2:4762207)
    at Object.onReceiveStatus (/tmp/.mount_arduinEaFGal/resources/app/lib/backend/main.js:2:3797922)
    at Object.onReceiveStatus (/tmp/.mount_arduinEaFGal/resources/app/lib/backend/main.js:2:2231748)
    at Object.onReceiveStatus (/tmp/.mount_arduinEaFGal/resources/app/lib/backend/main.js:2:2231193)
    at /tmp/.mount_arduinEaFGal/resources/app/lib/backend/main.js:2:4368024
    at process.processTicksAndRejections (node:internal/process/task_queues:77:11)
2026-08-21 18:15:40 2026-08-21T12:45:40.605Z daemon INFO time="2026-08-21T18:15:40+05:30" level=info msg="Tool required for debug" tool="arduino:arduinoOTA@1.3.0"
time="2026-08-21T18:15:40+05:30" level=info msg="Tool required for debug" tool="arduino:avr-gcc@7.3.0-atmel3.6.1-arduino7"
time="2026-08-21T18:15:40+05:30" level=info msg="Tool required for debug" tool="arduino:avrdude@8.0.0-arduino1"
time="2026-08-21T18:15:40+05:30" level=info msg="Tool required for debug" tool="builtin:ctags@5.8-arduino11"
time="2026-08-21T18:15:40+05:30" level=info msg="Tool required for debug" tool="builtin:dfu-discovery@0.1.2"
time="2026-08-21T18:15:40+05:30" level=info msg="Tool required for debug" tool="builtin:mdns-discovery@1.1.0"
time="2026-08-21T18:15:40+05:30" level=info msg="Tool required for debug" tool="builtin:serial-discovery@1.5.2"
time="2026-08-21T18:15:40+05:30" level=info msg="Tool required for debug" tool="builtin:serial-monitor@0.15.0"
2026-08-21 18:15:40 2026-08-21T12:45:40.608Z root ERROR Failed to get debug config: arduino:avr:uno, undefined Error: Debugging is not supported.
    at Object.callback (/tmp/.mount_arduinEaFGal/resources/app/lib/backend/main.js:2:4762207)
    at Object.onReceiveStatus (/tmp/.mount_arduinEaFGal/resources/app/lib/backend/main.js:2:3797922)
    at Object.onReceiveStatus (/tmp/.mount_arduinEaFGal/resources/app/lib/backend/main.js:2:2231748)
    at Object.onReceiveStatus (/tmp/.mount_arduinEaFGal/resources/app/lib/backend/main.js:2:2231193)
    at /tmp/.mount_arduinEaFGal/resources/app/lib/backend/main.js:2:4368024
    at process.processTicksAndRejections (node:internal/process/task_queues:77:11)
2026-08-21 18:15:40 2026-08-21T12:45:40.661Z daemon INFO time="2026-08-21T18:15:40+05:30" level=info msg="Tool required for debug" tool="arduino:arduinoOTA@1.3.0"
time="2026-08-21T18:15:40+05:30" level=info msg="Tool required for debug" tool="arduino:avr-gcc@7.3.0-atmel3.6.1-arduino7"
time="2026-08-21T18:15:40+05:30" level=info msg="Tool required for debug" tool="arduino:avrdude@8.0.0-arduino1"
time="2026-08-21T18:15:40+05:30" level=info msg="Tool required for debug" tool="builtin:ctags@5.8-arduino11"
time="2026-08-21T18:15:40+05:30" level=info msg="Tool required for debug" tool="builtin:dfu-discovery@0.1.2"
time="2026-08-21T18:15:40+05:30" level=info msg="Tool required for debug" tool="builtin:serial-monitor@0.15.0"
time="2026-08-21T18:15:40+05:30" level=info msg="Tool required for debug" tool="builtin:mdns-discovery@1.1.0"
time="2026-08-21T18:15:40+05:30" level=info msg="Tool required for debug" tool="builtin:serial-discovery@1.5.2"
2026-08-21 18:15:40 2026-08-21T12:45:40.662Z root ERROR Failed to get debug config: arduino:avr:uno, undefined Error: Debugging is not supported.
    at Object.callback (/tmp/.mount_arduinEaFGal/resources/app/lib/backend/main.js:2:4762207)
    at Object.onReceiveStatus (/tmp/.mount_arduinEaFGal/resources/app/lib/backend/main.js:2:3797922)
    at Object.onReceiveStatus (/tmp/.mount_arduinEaFGal/resources/app/lib/backend/main.js:2:2231748)
    at Object.onReceiveStatus (/tmp/.mount_arduinEaFGal/resources/app/lib/backend/main.js:2:2231193)
    at /tmp/.mount_arduinEaFGal/resources/app/lib/backend/main.js:2:4368024
    at process.processTicksAndRejections (node:internal/process/task_queues:77:11)
2026-08-21 18:15:40 2026-08-21T12:45:40.890Z root ERROR [hosted-plugin: 94955] Conflict in settings file Default: Ignoring cortex-debug.armToolchainPath.linux as cortex-debug.armToolchainPath is null
Conflict in settings file Default: Ignoring cortex-debug.armToolchainPath.osx as cortex-debug.armToolchainPath is null
Conflict in settings file Default: Ignoring cortex-debug.armToolchainPath.windows as cortex-debug.armToolchainPath is null
Conflict in settings file Default: Ignoring cortex-debug.JLinkGDBServerPath.linux as cortex-debug.JLinkGDBServerPath is null
Conflict in settings file Default: Ignoring cortex-debug.JLinkGDBServerPath.osx as cortex-debug.JLinkGDBServerPath is null
Conflict in settings file Default: Ignoring cortex-debug.JLinkGDBServerPath.windows as cortex-debug.JLinkGDBServerPath is null
Conflict in settings file Default: Ignoring cortex-debug.openocdPath.linux as cortex-debug.openocdPath is null
Conflict in settings file Default: Ignoring cortex-debug.openocdPath.osx as cortex-debug.openocdPath is null
Conflict in settings file Default: Ignoring cortex-debug.openocdPath.windows as cortex-debug.openocdPath is null
Conflict in settings file Default: Ignoring cortex-debug.pyocdPath.linux as cortex-debug.pyocdPath is null
Conflict in settings file Default: Ignoring cortex-debug.pyocdPath.osx as cortex-debug.pyocdPath is null
Conflict in settings file Default: Ignoring cortex-debug.pyocdPath.windows as cortex-debug.pyocdPath is null
Conflict in settings file Default: Ignoring cortex-debug.PEGDBServerPath.linux as cortex-debug.PEGDBServerPath is null
Conflict in settings file Default: Ignoring cortex-debug.PEGDBServerPath.osx as cortex-debug.PEGDBServerPath is null
Conflict in settings file Default: Ignoring cortex-debug.PEGDBServerPath.windows as cortex-debug.PEGDBServerPath is null
Conflict in settings file Default: Ignoring cortex-debug.stutilPath.linux as cortex-debug.stutilPath is null
Conflict in settings file Default: Ignoring cortex-debug.stutilPath.osx as cortex-debug.stutilPath is null
Conflict in settings file Default: Ignoring cortex-debug.stutilPath.windows as cortex-debug.stutilPath is null
Conflict in settings file Default: Ignoring cortex-debug.stlinkPath.linux as cortex-debug.stlinkPath is null
Conflict in settings file Default: Ignoring cortex-debug.stlinkPath.osx as cortex-debug.stlinkPath is null
Conflict in settings file Default: Ignoring cortex-debug.stlinkPath.windows as cortex-debug.stlinkPath is null
Conflict in settings file Default: Ignoring cortex-debug.stm32cubeprogrammer.linux as cortex-debug.stm32cubeprogrammer is null
Conflict in settings file Default: Ignoring cortex-debug.stm32cubeprogrammer.osx as cortex-debug.stm32cubeprogrammer is null
Conflict in settings file Default: Ignoring cortex-debug.stm32cubeprogrammer.windows as cortex-debug.stm32cubeprogrammer is null
2026-08-21 18:15:40 2026-08-21T12:45:40.927Z root INFO [hosted-plugin: 94955] PLUGIN_HOST(94955): PluginManagerExtImpl/init()
2026-08-21 18:15:40 2026-08-21T12:45:40.930Z root INFO [hosted-plugin: 94955] PLUGIN_HOST(94955): initializing(vscode-arduino-api@0.1.2 with /tmp/.mount_arduinEaFGal/resources/app/lib/backend/plugin-vscode-init)
2026-08-21 18:15:41 2026-08-21T12:45:41.026Z root INFO [hosted-plugin: 94955] PLUGIN_HOST(94955): initializing(json-language-features@1.88.1 with /tmp/.mount_arduinEaFGal/resources/app/lib/backend/plugin-vscode-init)
2026-08-21 18:15:41 2026-08-21T12:45:41.032Z root INFO [hosted-plugin: 94955] PLUGIN_HOST(94955): initializing(cortex-debug@1.5.1 with /tmp/.mount_arduinEaFGal/resources/app/lib/backend/plugin-vscode-init)
2026-08-21 18:15:41 2026-08-21T12:45:41.032Z root INFO [hosted-plugin: 94955] Debugger contribution has been registered: cortex-debug
2026-08-21 18:15:41 2026-08-21T12:45:41.039Z root INFO [hosted-plugin: 94955] PLUGIN_HOST(94955): initializing(vscode-arduino-tools@0.1.3 with /tmp/.mount_arduinEaFGal/resources/app/lib/backend/plugin-vscode-init)
2026-08-21 18:15:41 2026-08-21T12:45:41.047Z root INFO [hosted-plugin: 94955] PLUGIN_HOST(94955): initializing(cpp@1.88.1 with /tmp/.mount_arduinEaFGal/resources/app/lib/backend/plugin-vscode-init)
2026-08-21 18:15:41 2026-08-21T12:45:41.047Z root INFO [hosted-plugin: 94955] PLUGIN_HOST(94955): initializing(json@1.88.1 with /tmp/.mount_arduinEaFGal/resources/app/lib/backend/plugin-vscode-init)
2026-08-21 18:15:41 2026-08-21T12:45:41.048Z root INFO [hosted-plugin: 94955] PLUGIN_HOST(94955): initializing(vscode-language-pack-bg@1.48.3 with /tmp/.mount_arduinEaFGal/resources/app/lib/backend/plugin-vscode-init)
2026-08-21 18:15:41 2026-08-21T12:45:41.049Z root INFO [hosted-plugin: 94955] PLUGIN_HOST(94955): initializing(vscode-language-pack-cs@1.96.0 with /tmp/.mount_arduinEaFGal/resources/app/lib/backend/plugin-vscode-init)
2026-08-21 18:15:41 2026-08-21T12:45:41.050Z root INFO [hosted-plugin: 94955] PLUGIN_HOST(94955): initializing(vscode-language-pack-de@1.96.0 with /tmp/.mount_arduinEaFGal/resources/app/lib/backend/plugin-vscode-init)
2026-08-21 18:15:41 2026-08-21T12:45:41.052Z root INFO [hosted-plugin: 94955] PLUGIN_HOST(94955): initializing(vscode-language-pack-es@1.96.0 with /tmp/.mount_arduinEaFGal/resources/app/lib/backend/plugin-vscode-init)
2026-08-21 18:15:41 2026-08-21T12:45:41.056Z root INFO [hosted-plugin: 94955] PLUGIN_HOST(94955): initializing(vscode-language-pack-fr@1.96.0 with /tmp/.mount_arduinEaFGal/resources/app/lib/backend/plugin-vscode-init)
2026-08-21 18:15:41 2026-08-21T12:45:41.059Z root INFO [hosted-plugin: 94955] PLUGIN_HOST(94955): initializing(vscode-language-pack-hu@1.48.3 with /tmp/.mount_arduinEaFGal/resources/app/lib/backend/plugin-vscode-init)
2026-08-21 18:15:41 2026-08-21T12:45:41.063Z root INFO [hosted-plugin: 94955] PLUGIN_HOST(94955): initializing(vscode-language-pack-it@1.96.0 with /tmp/.mount_arduinEaFGal/resources/app/lib/backend/plugin-vscode-init)
2026-08-21 18:15:41 2026-08-21T12:45:41.065Z root INFO [hosted-plugin: 94955] PLUGIN_HOST(94955): initializing(vscode-language-pack-ja@1.96.0 with /tmp/.mount_arduinEaFGal/resources/app/lib/backend/plugin-vscode-init)
2026-08-21 18:15:41 2026-08-21T12:45:41.066Z root INFO [hosted-plugin: 94955] PLUGIN_HOST(94955): initializing(vscode-language-pack-ko@1.96.0 with /tmp/.mount_arduinEaFGal/resources/app/lib/backend/plugin-vscode-init)
2026-08-21 18:15:41 2026-08-21T12:45:41.067Z root INFO [hosted-plugin: 94955] PLUGIN_HOST(94955): initializing(vscode-language-pack-nl@1.48.3 with /tmp/.mount_arduinEaFGal/resources/app/lib/backend/plugin-vscode-init)
2026-08-21 18:15:41 2026-08-21T12:45:41.071Z root INFO [hosted-plugin: 94955] PLUGIN_HOST(94955): initializing(vscode-language-pack-pl@1.96.0 with /tmp/.mount_arduinEaFGal/resources/app/lib/backend/plugin-vscode-init)
2026-08-21 18:15:41 2026-08-21T12:45:41.073Z root INFO [hosted-plugin: 94955] PLUGIN_HOST(94955): initializing(vscode-language-pack-pt-BR@1.96.0 with /tmp/.mount_arduinEaFGal/resources/app/lib/backend/plugin-vscode-init)
2026-08-21 18:15:41 2026-08-21T12:45:41.075Z root INFO [hosted-plugin: 94955] PLUGIN_HOST(94955): initializing(vscode-language-pack-ru@1.96.0 with /tmp/.mount_arduinEaFGal/resources/app/lib/backend/plugin-vscode-init)
2026-08-21 18:15:41 2026-08-21T12:45:41.077Z root INFO [hosted-plugin: 94955] PLUGIN_HOST(94955): initializing(vscode-language-pack-tr@1.96.0 with /tmp/.mount_arduinEaFGal/resources/app/lib/backend/plugin-vscode-init)
2026-08-21 18:15:41 2026-08-21T12:45:41.079Z root INFO [hosted-plugin: 94955] PLUGIN_HOST(94955): initializing(vscode-language-pack-uk@1.48.3 with /tmp/.mount_arduinEaFGal/resources/app/lib/backend/plugin-vscode-init)
2026-08-21 18:15:41 2026-08-21T12:45:41.080Z root INFO [hosted-plugin: 94955] PLUGIN_HOST(94955): initializing(vscode-language-pack-zh-hans@1.96.0 with /tmp/.mount_arduinEaFGal/resources/app/lib/backend/plugin-vscode-init)
2026-08-21 18:15:41 2026-08-21T12:45:41.083Z root INFO [hosted-plugin: 94955] PLUGIN_HOST(94955): initializing(vscode-language-pack-zh-hant@1.96.0 with /tmp/.mount_arduinEaFGal/resources/app/lib/backend/plugin-vscode-init)
2026-08-21 18:15:41 2026-08-21T12:45:41.185Z root INFO [hosted-plugin: 94955] PLUGIN_HOST(94955): PluginManagerExtImpl/loadPlugin(/tmp/.mount_arduinEaFGal/resources/app/plugins/vscode-builtin-json-language-features/extension/client/dist/node/jsonClientMain)
2026-08-21 18:15:41 2026-08-21T12:45:41.256Z root INFO [hosted-plugin: 94955] PLUGIN_HOST(94955): PluginManagerExtImpl/loadPlugin(/tmp/.mount_arduinEaFGal/resources/app/plugins/vscode-arduino-api/extension/dist/extension.js)
2026-08-21 18:15:41 2026-08-21T12:45:41.262Z root INFO [hosted-plugin: 94955] calling activation function on Arduino IDE API for VS Code extensions
2026-08-21 18:15:41 2026-08-21T12:45:41.266Z root INFO [f94e5993-1a87-4e3f-b0b8-686d205b9e49] Starting plugins.
2026-08-21 18:15:41 2026-08-21T12:45:41.315Z root INFO [hosted-plugin: 94955] PLUGIN_HOST(94955): PluginManagerExtImpl/loadPlugin(/tmp/.mount_arduinEaFGal/resources/app/plugins/cortex-debug/extension/dist/extension.js)
2026-08-21 18:15:41 2026-08-21T12:45:41.356Z root INFO [hosted-plugin: 94955] Debug configuration provider has been registered: cortex-debug, trigger: 1
2026-08-21 18:15:41 2026-08-21T12:45:41.356Z root INFO [hosted-plugin: 94955] calling activation function on Cortex-Debug
2026-08-21 18:15:41 2026-08-21T12:45:41.361Z root INFO [hosted-plugin: 94955] GDB server console created
2026-08-21 18:15:41 2026-08-21T12:45:41.372Z root INFO [f94e5993-1a87-4e3f-b0b8-686d205b9e49] Start of 23 plugins: 1670.9 ms [Finished 5.749 s after frontend start]
2026-08-21 18:15:41 2026-08-21T12:45:41.394Z root INFO Starting language server: arduino:avr:uno
2026-08-21 18:15:41 2026-08-21T12:45:41.407Z root INFO [hosted-plugin: 94955] PLUGIN_HOST(94955): PluginManagerExtImpl/loadPlugin(/tmp/.mount_arduinEaFGal/resources/app/plugins/vscode-arduino-tools/extension/dist/extension.js)
2026-08-21 18:15:41 2026-08-21T12:45:41.441Z root INFO [hosted-plugin: 94955] calling activation function on VS Code Arduino Tools
2026-08-21 18:15:41 2026-08-21T12:45:41.475Z daemon INFO time="2026-08-21T18:15:41+05:30" level=info msg="Adding libraries dir" dir=/home/raj/.arduino15/libraries isSingleLibrary=false location=ide
time="2026-08-21T18:15:41+05:30" level=info msg="Adding libraries dir" dir=/home/raj/.arduino15/packages/arduino/hardware/avr/1.8.8/libraries isSingleLibrary=false location=platform
time="2026-08-21T18:15:41+05:30" level=info msg="Adding libraries dir" dir=/home/raj/Arduino/libraries isSingleLibrary=false location=user
2026-08-21 18:15:41 2026-08-21T12:45:41.566Z root INFO [hosted-plugin: 94955] calling activation function on JSON Language Features (built-in)
2026-08-21 18:15:41 2026-08-21T12:45:41.683Z daemon INFO time="2026-08-21T18:15:41+05:30" level=info msg="Adding libraries dir" dir=/home/raj/.arduino15/libraries isSingleLibrary=false location=ide
time="2026-08-21T18:15:41+05:30" level=info msg="Adding libraries dir" dir=/home/raj/.arduino15/packages/arduino/hardware/avr/1.8.8/libraries isSingleLibrary=false location=platform
time="2026-08-21T18:15:41+05:30" level=info msg="Adding libraries dir" dir=/home/raj/Arduino/libraries isSingleLibrary=false location=user
2026-08-21 18:15:55 2026-08-21T12:45:55.066Z daemon INFO time="2026-08-21T18:15:55+05:30" level=info msg="Adding libraries dir" dir=/home/raj/.arduino15/libraries isSingleLibrary=false location=ide
time="2026-08-21T18:15:55+05:30" level=info msg="Adding libraries dir" dir=/home/raj/.arduino15/packages/arduino/hardware/avr/1.8.8/libraries isSingleLibrary=false location=platform
time="2026-08-21T18:15:55+05:30" level=info msg="Adding libraries dir" dir=/home/raj/Arduino/libraries isSingleLibrary=false location=user
2026-08-21 18:15:57 2026-08-21T12:45:57.153Z daemon INFO time="2026-08-21T18:15:57+05:30" level=info msg="Adding libraries dir" dir=/home/raj/.arduino15/libraries isSingleLibrary=false location=ide
time="2026-08-21T18:15:57+05:30" level=info msg="Adding libraries dir" dir=/home/raj/.arduino15/packages/arduino/hardware/avr/1.8.8/libraries isSingleLibrary=false location=platform
time="2026-08-21T18:15:57+05:30" level=info msg="Adding libraries dir" dir=/home/raj/Arduino/libraries isSingleLibrary=false location=user
2026-08-21 18:16:28 2026-08-21T12:46:28.414Z daemon INFO time="2026-08-21T18:16:28+05:30" level=info msg="Adding libraries dir" dir=/home/raj/.arduino15/libraries isSingleLibrary=false location=ide
time="2026-08-21T18:16:28+05:30" level=info msg="Adding libraries dir" dir=/home/raj/.arduino15/packages/arduino/hardware/avr/1.8.8/libraries isSingleLibrary=false location=platform
time="2026-08-21T18:16:28+05:30" level=info msg="Adding libraries dir" dir=/home/raj/Arduino/libraries isSingleLibrary=false location=user
2026-08-21 18:16:31 2026-08-21T12:46:31.174Z daemon INFO time="2026-08-21T18:16:31+05:30" level=info msg="Adding libraries dir" dir=/home/raj/.arduino15/libraries isSingleLibrary=false location=ide
time="2026-08-21T18:16:31+05:30" level=info msg="Adding libraries dir" dir=/home/raj/.arduino15/packages/arduino/hardware/avr/1.8.8/libraries isSingleLibrary=false location=platform
time="2026-08-21T18:16:31+05:30" level=info msg="Adding libraries dir" dir=/home/raj/Arduino/libraries isSingleLibrary=false location=user
2026-08-21 18:16:35 2026-08-21T12:46:35.444Z daemon INFO time="2026-08-21T18:16:35+05:30" level=info msg="Adding libraries dir" dir=/home/raj/.arduino15/libraries isSingleLibrary=false location=ide
time="2026-08-21T18:16:35+05:30" level=info msg="Adding libraries dir" dir=/home/raj/.arduino15/packages/arduino/hardware/avr/1.8.8/libraries isSingleLibrary=false location=platform
time="2026-08-21T18:16:35+05:30" level=info msg="Adding libraries dir" dir=/home/raj/Arduino/libraries isSingleLibrary=false location=user
2026-08-21 18:16:36 2026-08-21T12:46:36.672Z daemon INFO time="2026-08-21T18:16:36+05:30" level=info msg="Adding libraries dir" dir=/home/raj/.arduino15/libraries isSingleLibrary=false location=ide
time="2026-08-21T18:16:36+05:30" level=info msg="Adding libraries dir" dir=/home/raj/.arduino15/packages/arduino/hardware/avr/1.8.8/libraries isSingleLibrary=false location=platform
time="2026-08-21T18:16:36+05:30" level=info msg="Adding libraries dir" dir=/home/raj/Arduino/libraries isSingleLibrary=false location=user
2026-08-21 18:16:39 2026-08-21T12:46:39.727Z daemon INFO time="2026-08-21T18:16:39+05:30" level=info msg="Adding libraries dir" dir=/home/raj/.arduino15/libraries isSingleLibrary=false location=ide
time="2026-08-21T18:16:39+05:30" level=info msg="Adding libraries dir" dir=/home/raj/.arduino15/packages/arduino/hardware/avr/1.8.8/libraries isSingleLibrary=false location=platform
time="2026-08-21T18:16:39+05:30" level=info msg="Adding libraries dir" dir=/home/raj/Arduino/libraries isSingleLibrary=false location=user
2026-08-21 18:16:41 2026-08-21T12:46:41.831Z daemon INFO time="2026-08-21T18:16:41+05:30" level=info msg="Adding libraries dir" dir=/home/raj/.arduino15/libraries isSingleLibrary=false location=ide
time="2026-08-21T18:16:41+05:30" level=info msg="Adding libraries dir" dir=/home/raj/.arduino15/packages/arduino/hardware/avr/1.8.8/libraries isSingleLibrary=false location=platform
2026-08-21 18:16:41 2026-08-21T12:46:41.831Z daemon INFO time="2026-08-21T18:16:41+05:30" level=info msg="Adding libraries dir" dir=/home/raj/Arduino/libraries isSingleLibrary=false location=user
2026-08-21 18:16:46 2026-08-21T12:46:46.131Z daemon INFO time="2026-08-21T18:16:46+05:30" level=info msg="Adding libraries dir" dir=/home/raj/.arduino15/libraries isSingleLibrary=false location=ide
time="2026-08-21T18:16:46+05:30" level=info msg="Adding libraries dir" dir=/home/raj/.arduino15/packages/arduino/hardware/avr/1.8.8/libraries isSingleLibrary=false location=platform
time="2026-08-21T18:16:46+05:30" level=info msg="Adding libraries dir" dir=/home/raj/Arduino/libraries isSingleLibrary=false location=user
2026-08-21 18:16:47 2026-08-21T12:46:47.351Z daemon INFO time="2026-08-21T18:16:47+05:30" level=info msg="Adding libraries dir" dir=/home/raj/.arduino15/libraries isSingleLibrary=false location=ide
time="2026-08-21T18:16:47+05:30" level=info msg="Adding libraries dir" dir=/home/raj/.arduino15/packages/arduino/hardware/avr/1.8.8/libraries isSingleLibrary=false location=platform
time="2026-08-21T18:16:47+05:30" level=info msg="Adding libraries dir" dir=/home/raj/Arduino/libraries isSingleLibrary=false location=user
2026-08-21 18:17:53 2026-08-21T12:47:53.315Z daemon INFO time="2026-08-21T18:17:53+05:30" level=info msg="Adding libraries dir" dir=/home/raj/.arduino15/libraries isSingleLibrary=false location=ide
time="2026-08-21T18:17:53+05:30" level=info msg="Adding libraries dir" dir=/home/raj/.arduino15/packages/arduino/hardware/avr/1.8.8/libraries isSingleLibrary=false location=platform
time="2026-08-21T18:17:53+05:30" level=info msg="Adding libraries dir" dir=/home/raj/Arduino/libraries isSingleLibrary=false location=user
2026-08-21 18:17:57 2026-08-21T12:47:57.994Z daemon INFO time="2026-08-21T18:17:57+05:30" level=info msg="Adding libraries dir" dir=/home/raj/.arduino15/libraries isSingleLibrary=false location=ide
time="2026-08-21T18:17:57+05:30" level=info msg="Adding libraries dir" dir=/home/raj/.arduino15/packages/arduino/hardware/avr/1.8.8/libraries isSingleLibrary=false location=platform
time="2026-08-21T18:17:57+05:30" level=info msg="Adding libraries dir" dir=/home/raj/Arduino/libraries isSingleLibrary=false location=user
2026-08-21 18:17:59 2026-08-21T12:47:59.227Z daemon INFO time="2026-08-21T18:17:59+05:30" level=info msg="Adding libraries dir" dir=/home/raj/.arduino15/libraries isSingleLibrary=false location=ide
time="2026-08-21T18:17:59+05:30" level=info msg="Adding libraries dir" dir=/home/raj/.arduino15/packages/arduino/hardware/avr/1.8.8/libraries isSingleLibrary=false location=platform
time="2026-08-21T18:17:59+05:30" level=info msg="Adding libraries dir" dir=/home/raj/Arduino/libraries isSingleLibrary=false location=user
2026-08-21 18:18:02 2026-08-21T12:48:02.414Z daemon INFO time="2026-08-21T18:18:02+05:30" level=info msg="Adding libraries dir" dir=/home/raj/.arduino15/libraries isSingleLibrary=false location=ide
time="2026-08-21T18:18:02+05:30" level=info msg="Adding libraries dir" dir=/home/raj/.arduino15/packages/arduino/hardware/avr/1.8.8/libraries isSingleLibrary=false location=platform
2026-08-21 18:18:02 2026-08-21T12:48:02.414Z daemon INFO time="2026-08-21T18:18:02+05:30" level=info msg="Adding libraries dir" dir=/home/raj/Arduino/libraries isSingleLibrary=false location=user
2026-08-21 18:18:04 2026-08-21T12:48:04.725Z daemon INFO time="2026-08-21T18:18:04+05:30" level=info msg="Adding libraries dir" dir=/home/raj/.arduino15/libraries isSingleLibrary=false location=ide
time="2026-08-21T18:18:04+05:30" level=info msg="Adding libraries dir" dir=/home/raj/.arduino15/packages/arduino/hardware/avr/1.8.8/libraries isSingleLibrary=false location=platform
time="2026-08-21T18:18:04+05:30" level=info msg="Adding libraries dir" dir=/home/raj/Arduino/libraries isSingleLibrary=false location=user
2026-08-21 18:18:05 2026-08-21T12:48:05.954Z daemon INFO time="2026-08-21T18:18:05+05:30" level=info msg="Adding libraries dir" dir=/home/raj/.arduino15/libraries isSingleLibrary=false location=ide
time="2026-08-21T18:18:05+05:30" level=info msg="Adding libraries dir" dir=/home/raj/.arduino15/packages/arduino/hardware/avr/1.8.8/libraries isSingleLibrary=false location=platform
time="2026-08-21T18:18:05+05:30" level=info msg="Adding libraries dir" dir=/home/raj/Arduino/libraries isSingleLibrary=false location=user
2026-08-21 18:18:10 2026-08-21T12:48:10.147Z daemon INFO time="2026-08-21T18:18:10+05:30" level=info msg="Adding libraries dir" dir=/home/raj/.arduino15/libraries isSingleLibrary=false location=ide
time="2026-08-21T18:18:10+05:30" level=info msg="Adding libraries dir" dir=/home/raj/.arduino15/packages/arduino/hardware/avr/1.8.8/libraries isSingleLibrary=false location=platform
time="2026-08-21T18:18:10+05:30" level=info msg="Adding libraries dir" dir=/home/raj/Arduino/libraries isSingleLibrary=false location=user
2026-08-21 18:18:11 2026-08-21T12:48:11.359Z daemon INFO time="2026-08-21T18:18:11+05:30" level=info msg="Adding libraries dir" dir=/home/raj/.arduino15/libraries isSingleLibrary=false location=ide
time="2026-08-21T18:18:11+05:30" level=info msg="Adding libraries dir" dir=/home/raj/.arduino15/packages/arduino/hardware/avr/1.8.8/libraries isSingleLibrary=false location=platform
2026-08-21 18:18:11 2026-08-21T12:48:11.360Z daemon INFO time="2026-08-21T18:18:11+05:30" level=info msg="Adding libraries dir" dir=/home/raj/Arduino/libraries isSingleLibrary=false location=user
2026-08-21 18:18:16 2026-08-21T12:48:16.720Z daemon INFO time="2026-08-21T18:18:16+05:30" level=info msg="Adding libraries dir" dir=/home/raj/.arduino15/libraries isSingleLibrary=false location=ide
time="2026-08-21T18:18:16+05:30" level=info msg="Adding libraries dir" dir=/home/raj/.arduino15/packages/arduino/hardware/avr/1.8.8/libraries isSingleLibrary=false location=platform
2026-08-21 18:18:16 2026-08-21T12:48:16.720Z daemon INFO time="2026-08-21T18:18:16+05:30" level=info msg="Adding libraries dir" dir=/home/raj/Arduino/libraries isSingleLibrary=false location=user
2026-08-21 18:18:21 2026-08-21T12:48:21.077Z daemon INFO time="2026-08-21T18:18:21+05:30" level=info msg="Adding libraries dir" dir=/home/raj/.arduino15/libraries isSingleLibrary=false location=ide
time="2026-08-21T18:18:21+05:30" level=info msg="Adding libraries dir" dir=/home/raj/.arduino15/packages/arduino/hardware/avr/1.8.8/libraries isSingleLibrary=false location=platform
2026-08-21 18:18:21 2026-08-21T12:48:21.077Z daemon INFO time="2026-08-21T18:18:21+05:30" level=info msg="Adding libraries dir" dir=/home/raj/Arduino/libraries isSingleLibrary=false location=user
2026-08-21 18:18:22 2026-08-21T12:48:22.305Z daemon INFO time="2026-08-21T18:18:22+05:30" level=info msg="Adding libraries dir" dir=/home/raj/.arduino15/libraries isSingleLibrary=false location=ide
time="2026-08-21T18:18:22+05:30" level=info msg="Adding libraries dir" dir=/home/raj/.arduino15/packages/arduino/hardware/avr/1.8.8/libraries isSingleLibrary=false location=platform
time="2026-08-21T18:18:22+05:30" level=info msg="Adding libraries dir" dir=/home/raj/Arduino/libraries isSingleLibrary=false location=user
2026-08-21 18:18:26 2026-08-21T12:48:26.627Z daemon INFO time="2026-08-21T18:18:26+05:30" level=info msg="Adding libraries dir" dir=/home/raj/.arduino15/libraries isSingleLibrary=false location=ide
time="2026-08-21T18:18:26+05:30" level=info msg="Adding libraries dir" dir=/home/raj/.arduino15/packages/arduino/hardware/avr/1.8.8/libraries isSingleLibrary=false location=platform
time="2026-08-21T18:18:26+05:30" level=info msg="Adding libraries dir" dir=/home/raj/Arduino/libraries isSingleLibrary=false location=user
2026-08-21 18:18:31 2026-08-21T12:48:31.446Z daemon INFO time="2026-08-21T18:18:31+05:30" level=info msg="Adding libraries dir" dir=/home/raj/.arduino15/libraries isSingleLibrary=false location=ide
time="2026-08-21T18:18:31+05:30" level=info msg="Adding libraries dir" dir=/home/raj/.arduino15/packages/arduino/hardware/avr/1.8.8/libraries isSingleLibrary=false location=platform
time="2026-08-21T18:18:31+05:30" level=info msg="Adding libraries dir" dir=/home/raj/Arduino/libraries isSingleLibrary=false location=user
2026-08-21 18:18:32 2026-08-21T12:48:32.673Z daemon INFO time="2026-08-21T18:18:32+05:30" level=info msg="Adding libraries dir" dir=/home/raj/.arduino15/libraries isSingleLibrary=false location=ide
time="2026-08-21T18:18:32+05:30" level=info msg="Adding libraries dir" dir=/home/raj/.arduino15/packages/arduino/hardware/avr/1.8.8/libraries isSingleLibrary=false location=platform
2026-08-21 18:18:32 2026-08-21T12:48:32.673Z daemon INFO time="2026-08-21T18:18:32+05:30" level=info msg="Adding libraries dir" dir=/home/raj/Arduino/libraries isSingleLibrary=false location=user
2026-08-21 18:19:08 2026-08-21T12:49:08.428Z daemon INFO time="2026-08-21T18:19:08+05:30" level=info msg="Adding libraries dir" dir=/home/raj/.arduino15/libraries isSingleLibrary=false location=ide
time="2026-08-21T18:19:08+05:30" level=info msg="Adding libraries dir" dir=/home/raj/.arduino15/packages/arduino/hardware/avr/1.8.8/libraries isSingleLibrary=false location=platform
time="2026-08-21T18:19:08+05:30" level=info msg="Adding libraries dir" dir=/home/raj/Arduino/libraries isSingleLibrary=false location=user
2026-08-21 18:19:12 2026-08-21T12:49:12.994Z daemon INFO time="2026-08-21T18:19:12+05:30" level=info msg="Adding libraries dir" dir=/home/raj/.arduino15/libraries isSingleLibrary=false location=ide
time="2026-08-21T18:19:12+05:30" level=info msg="Adding libraries dir" dir=/home/raj/.arduino15/packages/arduino/hardware/avr/1.8.8/libraries isSingleLibrary=false location=platform
time="2026-08-21T18:19:12+05:30" level=info msg="Adding libraries dir" dir=/home/raj/Arduino/libraries isSingleLibrary=false location=user
2026-08-21 18:19:17 2026-08-21T12:49:17.521Z daemon INFO time="2026-08-21T18:19:17+05:30" level=info msg="Adding libraries dir" dir=/home/raj/.arduino15/libraries isSingleLibrary=false location=ide
time="2026-08-21T18:19:17+05:30" level=info msg="Adding libraries dir" dir=/home/raj/.arduino15/packages/arduino/hardware/avr/1.8.8/libraries isSingleLibrary=false location=platform
2026-08-21 18:19:17 2026-08-21T12:49:17.521Z daemon INFO time="2026-08-21T18:19:17+05:30" level=info msg="Adding libraries dir" dir=/home/raj/Arduino/libraries isSingleLibrary=false location=user
2026-08-21 18:19:18 2026-08-21T12:49:18.757Z daemon INFO time="2026-08-21T18:19:18+05:30" level=info msg="Adding libraries dir" dir=/home/raj/.arduino15/libraries isSingleLibrary=false location=ide
time="2026-08-21T18:19:18+05:30" level=info msg="Adding libraries dir" dir=/home/raj/.arduino15/packages/arduino/hardware/avr/1.8.8/libraries isSingleLibrary=false location=platform
time="2026-08-21T18:19:18+05:30" level=info msg="Adding libraries dir" dir=/home/raj/Arduino/libraries isSingleLibrary=false location=user
2026-08-21 18:19:29 2026-08-21T12:49:29.419Z daemon INFO time="2026-08-21T18:19:29+05:30" level=info msg="Adding libraries dir" dir=/home/raj/.arduino15/libraries isSingleLibrary=false location=ide
time="2026-08-21T18:19:29+05:30" level=info msg="Adding libraries dir" dir=/home/raj/.arduino15/packages/arduino/hardware/avr/1.8.8/libraries isSingleLibrary=false location=platform
2026-08-21 18:19:29 2026-08-21T12:49:29.419Z daemon INFO time="2026-08-21T18:19:29+05:30" level=info msg="Adding libraries dir" dir=/home/raj/Arduino/libraries isSingleLibrary=false location=user
2026-08-21 18:19:30 2026-08-21T12:49:30.947Z daemon INFO time="2026-08-21T18:19:30+05:30" level=info msg="Adding libraries dir" dir=/home/raj/.arduino15/libraries isSingleLibrary=false location=ide
time="2026-08-21T18:19:30+05:30" level=info msg="Adding libraries dir" dir=/home/raj/.arduino15/packages/arduino/hardware/avr/1.8.8/libraries isSingleLibrary=false location=platform
2026-08-21 18:19:30 2026-08-21T12:49:30.947Z daemon INFO time="2026-08-21T18:19:30+05:30" level=info msg="Adding libraries dir" dir=/home/raj/Arduino/libraries isSingleLibrary=false location=user
2026-08-21 18:19:35 2026-08-21T12:49:35.221Z daemon INFO time="2026-08-21T18:19:35+05:30" level=info msg="Adding libraries dir" dir=/home/raj/.arduino15/libraries isSingleLibrary=false location=ide
time="2026-08-21T18:19:35+05:30" level=info msg="Adding libraries dir" dir=/home/raj/.arduino15/packages/arduino/hardware/avr/1.8.8/libraries isSingleLibrary=false location=platform
time="2026-08-21T18:19:35+05:30" level=info msg="Adding libraries dir" dir=/home/raj/Arduino/libraries isSingleLibrary=false location=user
2026-08-21 18:19:39 2026-08-21T12:49:39.875Z daemon INFO time="2026-08-21T18:19:39+05:30" level=info msg="Adding libraries dir" dir=/home/raj/.arduino15/libraries isSingleLibrary=false location=ide
time="2026-08-21T18:19:39+05:30" level=info msg="Adding libraries dir" dir=/home/raj/.arduino15/packages/arduino/hardware/avr/1.8.8/libraries isSingleLibrary=false location=platform
time="2026-08-21T18:19:39+05:30" level=info msg="Adding libraries dir" dir=/home/raj/Arduino/libraries isSingleLibrary=false location=user
2026-08-21 18:19:41 2026-08-21T12:49:41.099Z daemon INFO time="2026-08-21T18:19:41+05:30" level=info msg="Adding libraries dir" dir=/home/raj/.arduino15/libraries isSingleLibrary=false location=ide
2026-08-21 18:19:41 2026-08-21T12:49:41.099Z daemon INFO time="2026-08-21T18:19:41+05:30" level=info msg="Adding libraries dir" dir=/home/raj/.arduino15/packages/arduino/hardware/avr/1.8.8/libraries isSingleLibrary=false location=platform
time="2026-08-21T18:19:41+05:30" level=info msg="Adding libraries dir" dir=/home/raj/Arduino/libraries isSingleLibrary=false location=user
2026-08-21 18:19:51 2026-08-21T12:49:51.704Z daemon INFO time="2026-08-21T18:19:51+05:30" level=info msg="sending command" command=CLOSE monitor=serial-monitor
2026-08-21 18:19:51 2026-08-21T12:49:51.704Z daemon INFO time="2026-08-21T18:19:51+05:30" level=info msg="received message" error=true event_type=port_closed message="readfrom tcp 127.0.0.1:39724->127.0.0.1:36501: Port has been closed" monitor=serial-monitor
time="2026-08-21T18:19:51+05:30" level=info msg="monitor port has been closed externally" monitor=serial-monitor
time="2026-08-21T18:19:51+05:30" level=info msg="received message" error=true event_type=close message="port already closed" monitor=serial-monitor
time="2026-08-21T18:19:51+05:30" level=info msg="sending command" command=QUIT monitor=serial-monitor
2026-08-21 18:19:51 2026-08-21T12:49:51.705Z discovery-log INFO {"eventType":"remove","port":{"matchingBoardsList":[],"port":{"address":"/dev/ttyUSB0","label":"","protocol":"serial","protocolLabel":"","propertiesMap":[],"hardwareId":""}},"error":""}
2026-08-21 18:19:51 2026-08-21T12:49:51.706Z daemon INFO time="2026-08-21T18:19:51+05:30" level=info msg="received message" error=false event_type=quit message=OK monitor=serial-monitor
time="2026-08-21T18:19:51+05:30" level=info msg="Killing monitor process" monitor=serial-monitor
2026-08-21 18:19:51 2026-08-21T12:49:51.706Z daemon INFO time="2026-08-21T18:19:51+05:30" level=error msg="stopped decode loop: EOF" monitor=serial-monitor
2026-08-21 18:19:51 2026-08-21T12:49:51.706Z daemon INFO time="2026-08-21T18:19:51+05:30" level=info msg="Monitor process killed" monitor=serial-monitor
2026-08-21 18:19:51 2026-08-21T12:49:51.707Z monitor-service INFO monitor to /dev/ttyUSB0 using serial closed by server
2026-08-21 18:19:52 2026-08-21T12:49:52.153Z discovery-log INFO {"eventType":"add","port":{"matchingBoardsList":[],"port":{"address":"/dev/ttyUSB0","label":"/dev/ttyUSB0","protocol":"serial","protocolLabel":"Serial Port (USB)","propertiesMap":[["pid","0xEA60"],["serialNumber","0001"],["vid","0x10C4"]],"hardwareId":"0001"}},"error":""}
2026-08-21 18:19:52 2026-08-21T12:49:52.347Z monitor-service INFO starting monitor
2026-08-21 18:19:52 2026-08-21T12:49:52.354Z daemon INFO time="2026-08-21T18:19:52+05:30" level=info msg="Starting monitor process" monitor=serial-monitor
2026-08-21 18:19:52 2026-08-21T12:49:52.355Z daemon INFO time="2026-08-21T18:19:52+05:30" level=info msg="Monitor process started successfully!" monitor=serial-monitor
time="2026-08-21T18:19:52+05:30" level=info msg="sending command" command="HELLO 1 \"arduino-cli 1.5.1\"" monitor=serial-monitor
2026-08-21 18:19:52 2026-08-21T12:49:52.360Z daemon INFO time="2026-08-21T18:19:52+05:30" level=info msg="received message" error=false event_type=hello message=OK monitor=serial-monitor
time="2026-08-21T18:19:52+05:30" level=info msg="sending command" command=DESCRIBE monitor=serial-monitor
time="2026-08-21T18:19:52+05:30" level=info msg="received message" error=false event_type=describe message=OK monitor=serial-monitor
time="2026-08-21T18:19:52+05:30" level=info msg="sending command" command=QUIT monitor=serial-monitor
time="2026-08-21T18:19:52+05:30" level=info msg="received message" error=false event_type=quit message=OK monitor=serial-monitor
time="2026-08-21T18:19:52+05:30" level=info msg="Killing monitor process" monitor=serial-monitor
2026-08-21 18:19:52 2026-08-21T12:49:52.361Z daemon INFO time="2026-08-21T18:19:52+05:30" level=error msg="stopped decode loop: EOF" monitor=serial-monitor
2026-08-21 18:19:52 2026-08-21T12:49:52.366Z daemon INFO time="2026-08-21T18:19:52+05:30" level=info msg="Monitor process killed" monitor=serial-monitor
2026-08-21 18:19:52 2026-08-21T12:49:52.376Z daemon INFO time="2026-08-21T18:19:52+05:30" level=info msg="Starting monitor process" monitor=serial-monitor
2026-08-21 18:19:52 2026-08-21T12:49:52.377Z daemon INFO time="2026-08-21T18:19:52+05:30" level=info msg="Monitor process started successfully!" monitor=serial-monitor
2026-08-21 18:19:52 2026-08-21T12:49:52.377Z daemon INFO time="2026-08-21T18:19:52+05:30" level=info msg="sending command" command="HELLO 1 \"arduino-cli 1.5.1\"" monitor=serial-monitor
2026-08-21 18:19:52 2026-08-21T12:49:52.381Z daemon INFO time="2026-08-21T18:19:52+05:30" level=info msg="received message" error=false event_type=hello message=OK monitor=serial-monitor
time="2026-08-21T18:19:52+05:30" level=info msg="sending command" command=DESCRIBE monitor=serial-monitor
2026-08-21 18:19:52 2026-08-21T12:49:52.383Z daemon INFO time="2026-08-21T18:19:52+05:30" level=info msg="received message" error=false event_type=describe message=OK monitor=serial-monitor
2026-08-21 18:19:52 2026-08-21T12:49:52.385Z daemon INFO time="2026-08-21T18:19:52+05:30" level=info msg="sending command" command="CONFIGURE bits 8" monitor=serial-monitor
time="2026-08-21T18:19:52+05:30" level=info msg="received message" error=false event_type=configure message=OK monitor=serial-monitor
time="2026-08-21T18:19:52+05:30" level=info msg="sending command" command="CONFIGURE dtr on" monitor=serial-monitor
time="2026-08-21T18:19:52+05:30" level=info msg="received message" error=false event_type=configure message=OK monitor=serial-monitor
time="2026-08-21T18:19:52+05:30" level=info msg="sending command" command="CONFIGURE parity none" monitor=serial-monitor
2026-08-21 18:19:52 2026-08-21T12:49:52.387Z daemon INFO time="2026-08-21T18:19:52+05:30" level=info msg="received message" error=false event_type=configure message=OK monitor=serial-monitor
time="2026-08-21T18:19:52+05:30" level=info msg="sending command" command="CONFIGURE rts on" monitor=serial-monitor
time="2026-08-21T18:19:52+05:30" level=info msg="received message" error=false event_type=configure message=OK monitor=serial-monitor
time="2026-08-21T18:19:52+05:30" level=info msg="sending command" command="CONFIGURE stop_bits 1" monitor=serial-monitor
2026-08-21 18:19:52 2026-08-21T12:49:52.388Z daemon INFO time="2026-08-21T18:19:52+05:30" level=info msg="received message" error=false event_type=configure message=OK monitor=serial-monitor
time="2026-08-21T18:19:52+05:30" level=info msg="sending command" command="CONFIGURE baudrate 9600" monitor=serial-monitor
time="2026-08-21T18:19:52+05:30" level=info msg="received message" error=false event_type=configure message=OK monitor=serial-monitor
time="2026-08-21T18:19:52+05:30" level=info msg="sending command" command="OPEN 127.0.0.1:40665 /dev/ttyUSB0" monitor=serial-monitor
2026-08-21 18:19:52 2026-08-21T12:49:52.419Z daemon INFO time="2026-08-21T18:19:52+05:30" level=info msg="received message" error=false event_type=open message=OK monitor=serial-monitor
2026-08-21 18:19:52 2026-08-21T12:49:52.420Z daemon INFO time="2026-08-21T18:19:52+05:30" level=info msg="Port /dev/ttyUSB0 successfully opened"
2026-08-21 18:19:52 2026-08-21T12:49:52.421Z monitor-service INFO Using port configuration for serial:/dev/ttyUSB0: {"settingsList":[{"settingId":"bits","value":"8"},{"settingId":"dtr","value":"on"},{"settingId":"parity","value":"none"},{"settingId":"rts","value":"on"},{"settingId":"stop_bits","value":"1"},{"settingId":"baudrate","value":"9600"}]}
2026-08-21 18:19:52 2026-08-21T12:49:52.421Z monitor-service INFO started monitor to /dev/ttyUSB0 using serial
2026-08-21 18:19:52 2026-08-21T12:49:52.431Z monitor-service INFO No port configuration changes have been detected. No need to send configure commands to the running monitor serial:/dev/ttyUSB0.
2026-08-21 18:19:52 2026-08-21T12:49:52.489Z monitor-service INFO No port configuration changes have been detected. No need to send configure commands to the running monitor serial:/dev/ttyUSB0.
2026-08-21 18:20:14 2026-08-21T12:50:14.563Z daemon INFO time="2026-08-21T18:20:14+05:30" level=info msg="Adding libraries dir" dir=/home/raj/.arduino15/libraries isSingleLibrary=false location=ide
time="2026-08-21T18:20:14+05:30" level=info msg="Adding libraries dir" dir=/home/raj/.arduino15/packages/arduino/hardware/avr/1.8.8/libraries isSingleLibrary=false location=platform
time="2026-08-21T18:20:14+05:30" level=info msg="Adding libraries dir" dir=/home/raj/Arduino/libraries isSingleLibrary=false location=user
2026-08-21 18:20:15 2026-08-21T12:50:15.778Z daemon INFO time="2026-08-21T18:20:15+05:30" level=info msg="Adding libraries dir" dir=/home/raj/.arduino15/libraries isSingleLibrary=false location=ide
time="2026-08-21T18:20:15+05:30" level=info msg="Adding libraries dir" dir=/home/raj/.arduino15/packages/arduino/hardware/avr/1.8.8/libraries isSingleLibrary=false location=platform
2026-08-21 18:20:15 2026-08-21T12:50:15.778Z daemon INFO time="2026-08-21T18:20:15+05:30" level=info msg="Adding libraries dir" dir=/home/raj/Arduino/libraries isSingleLibrary=false location=user
2026-08-21 18:20:29 2026-08-21T12:50:29.650Z daemon INFO time="2026-08-21T18:20:29+05:30" level=info msg="Adding libraries dir" dir=/home/raj/.arduino15/libraries isSingleLibrary=false location=ide
time="2026-08-21T18:20:29+05:30" level=info msg="Adding libraries dir" dir=/home/raj/.arduino15/packages/arduino/hardware/avr/1.8.8/libraries isSingleLibrary=false location=platform
time="2026-08-21T18:20:29+05:30" level=info msg="Adding libraries dir" dir=/home/raj/Arduino/libraries isSingleLibrary=false location=user
2026-08-21 18:20:34 2026-08-21T12:50:34.222Z daemon INFO time="2026-08-21T18:20:34+05:30" level=info msg="Adding libraries dir" dir=/home/raj/.arduino15/libraries isSingleLibrary=false location=ide
time="2026-08-21T18:20:34+05:30" level=info msg="Adding libraries dir" dir=/home/raj/.arduino15/packages/arduino/hardware/avr/1.8.8/libraries isSingleLibrary=false location=platform
time="2026-08-21T18:20:34+05:30" level=info msg="Adding libraries dir" dir=/home/raj/Arduino/libraries isSingleLibrary=false location=user
2026-08-21 18:20:37 2026-08-21T12:50:37.478Z daemon INFO time="2026-08-21T18:20:37+05:30" level=info msg="Adding libraries dir" dir=/home/raj/.arduino15/libraries isSingleLibrary=false location=ide
time="2026-08-21T18:20:37+05:30" level=info msg="Adding libraries dir" dir=/home/raj/.arduino15/packages/arduino/hardware/avr/1.8.8/libraries isSingleLibrary=false location=platform
time="2026-08-21T18:20:37+05:30" level=info msg="Adding libraries dir" dir=/home/raj/Arduino/libraries isSingleLibrary=false location=user
2026-08-21 18:20:40 2026-08-21T12:50:40.670Z daemon INFO time="2026-08-21T18:20:40+05:30" level=info msg="Adding libraries dir" dir=/home/raj/.arduino15/libraries isSingleLibrary=false location=ide
time="2026-08-21T18:20:40+05:30" level=info msg="Adding libraries dir" dir=/home/raj/.arduino15/packages/arduino/hardware/avr/1.8.8/libraries isSingleLibrary=false location=platform
time="2026-08-21T18:20:40+05:30" level=info msg="Adding libraries dir" dir=/home/raj/Arduino/libraries isSingleLibrary=false location=user
2026-08-21 18:20:41 2026-08-21T12:50:41.918Z daemon INFO time="2026-08-21T18:20:41+05:30" level=info msg="Adding libraries dir" dir=/home/raj/.arduino15/libraries isSingleLibrary=false location=ide
2026-08-21 18:20:41 2026-08-21T12:50:41.918Z daemon INFO time="2026-08-21T18:20:41+05:30" level=info msg="Adding libraries dir" dir=/home/raj/.arduino15/packages/arduino/hardware/avr/1.8.8/libraries isSingleLibrary=false location=platform
time="2026-08-21T18:20:41+05:30" level=info msg="Adding libraries dir" dir=/home/raj/Arduino/libraries isSingleLibrary=false location=user
2026-08-21 18:20:59 2026-08-21T12:50:59.737Z daemon INFO time="2026-08-21T18:20:59+05:30" level=info msg="Adding libraries dir" dir=/home/raj/.arduino15/libraries isSingleLibrary=false location=ide
time="2026-08-21T18:20:59+05:30" level=info msg="Adding libraries dir" dir=/home/raj/.arduino15/packages/arduino/hardware/avr/1.8.8/libraries isSingleLibrary=false location=platform
time="2026-08-21T18:20:59+05:30" level=info msg="Adding libraries dir" dir=/home/raj/Arduino/libraries isSingleLibrary=false location=user
2026-08-21 18:21:00 2026-08-21T12:51:00.965Z daemon INFO time="2026-08-21T18:21:00+05:30" level=info msg="Adding libraries dir" dir=/home/raj/.arduino15/libraries isSingleLibrary=false location=ide
time="2026-08-21T18:21:00+05:30" level=info msg="Adding libraries dir" dir=/home/raj/.arduino15/packages/arduino/hardware/avr/1.8.8/libraries isSingleLibrary=false location=platform
time="2026-08-21T18:21:00+05:30" level=info msg="Adding libraries dir" dir=/home/raj/Arduino/libraries isSingleLibrary=false location=user
2026-08-21 18:21:09 2026-08-21T12:51:09.710Z daemon INFO time="2026-08-21T18:21:09+05:30" level=info msg="Adding libraries dir" dir=/home/raj/.arduino15/libraries isSingleLibrary=false location=ide
time="2026-08-21T18:21:09+05:30" level=info msg="Adding libraries dir" dir=/home/raj/.arduino15/packages/arduino/hardware/avr/1.8.8/libraries isSingleLibrary=false location=platform
time="2026-08-21T18:21:09+05:30" level=info msg="Adding libraries dir" dir=/home/raj/Arduino/libraries isSingleLibrary=false location=user
2026-08-21 18:21:11 2026-08-21T12:51:11.034Z daemon INFO time="2026-08-21T18:21:11+05:30" level=info msg="Adding libraries dir" dir=/home/raj/.arduino15/libraries isSingleLibrary=false location=ide
time="2026-08-21T18:21:11+05:30" level=info msg="Adding libraries dir" dir=/home/raj/.arduino15/packages/arduino/hardware/avr/1.8.8/libraries isSingleLibrary=false location=platform
time="2026-08-21T18:21:11+05:30" level=info msg="Adding libraries dir" dir=/home/raj/Arduino/libraries isSingleLibrary=false location=user
2026-08-21 18:21:12 2026-08-21T12:51:12.266Z daemon INFO time="2026-08-21T18:21:12+05:30" level=info msg="Adding libraries dir" dir=/home/raj/.arduino15/libraries isSingleLibrary=false location=ide
time="2026-08-21T18:21:12+05:30" level=info msg="Adding libraries dir" dir=/home/raj/.arduino15/packages/arduino/hardware/avr/1.8.8/libraries isSingleLibrary=false location=platform
2026-08-21 18:21:12 2026-08-21T12:51:12.267Z daemon INFO time="2026-08-21T18:21:12+05:30" level=info msg="Adding libraries dir" dir=/home/raj/Arduino/libraries isSingleLibrary=false location=user
2026-08-21 18:21:14 2026-08-21T12:51:14.532Z daemon INFO time="2026-08-21T18:21:14+05:30" level=info msg="Adding libraries dir" dir=/home/raj/.arduino15/libraries isSingleLibrary=false location=ide
2026-08-21 18:21:14 2026-08-21T12:51:14.533Z daemon INFO time="2026-08-21T18:21:14+05:30" level=info msg="Adding libraries dir" dir=/home/raj/.arduino15/packages/arduino/hardware/avr/1.8.8/libraries isSingleLibrary=false location=platform
time="2026-08-21T18:21:14+05:30" level=info msg="Adding libraries dir" dir=/home/raj/Arduino/libraries isSingleLibrary=false location=user
2026-08-21 18:21:15 2026-08-21T12:51:15.748Z daemon INFO time="2026-08-21T18:21:15+05:30" level=info msg="Adding libraries dir" dir=/home/raj/.arduino15/libraries isSingleLibrary=false location=ide
2026-08-21 18:21:15 2026-08-21T12:51:15.749Z daemon INFO time="2026-08-21T18:21:15+05:30" level=info msg="Adding libraries dir" dir=/home/raj/.arduino15/packages/arduino/hardware/avr/1.8.8/libraries isSingleLibrary=false location=platform
time="2026-08-21T18:21:15+05:30" level=info msg="Adding libraries dir" dir=/home/raj/Arduino/libraries isSingleLibrary=false location=user
2026-08-21 18:21:19 2026-08-21T12:51:19.166Z daemon INFO time="2026-08-21T18:21:19+05:30" level=info msg="Adding libraries dir" dir=/home/raj/.arduino15/libraries isSingleLibrary=false location=ide
time="2026-08-21T18:21:19+05:30" level=info msg="Adding libraries dir" dir=/home/raj/.arduino15/packages/arduino/hardware/avr/1.8.8/libraries isSingleLibrary=false location=platform
time="2026-08-21T18:21:19+05:30" level=info msg="Adding libraries dir" dir=/home/raj/Arduino/libraries isSingleLibrary=false location=user
2026-08-21 18:21:20 2026-08-21T12:51:20.394Z daemon INFO time="2026-08-21T18:21:20+05:30" level=info msg="Adding libraries dir" dir=/home/raj/.arduino15/libraries isSingleLibrary=false location=ide
time="2026-08-21T18:21:20+05:30" level=info msg="Adding libraries dir" dir=/home/raj/.arduino15/packages/arduino/hardware/avr/1.8.8/libraries isSingleLibrary=false location=platform
2026-08-21 18:21:20 2026-08-21T12:51:20.394Z daemon INFO time="2026-08-21T18:21:20+05:30" level=info msg="Adding libraries dir" dir=/home/raj/Arduino/libraries isSingleLibrary=false location=user
2026-08-21 18:21:24 2026-08-21T12:51:24.318Z daemon INFO time="2026-08-21T18:21:24+05:30" level=info msg="Adding libraries dir" dir=/home/raj/.arduino15/libraries isSingleLibrary=false location=ide
time="2026-08-21T18:21:24+05:30" level=info msg="Adding libraries dir" dir=/home/raj/.arduino15/packages/arduino/hardware/avr/1.8.8/libraries isSingleLibrary=false location=platform
time="2026-08-21T18:21:24+05:30" level=info msg="Adding libraries dir" dir=/home/raj/Arduino/libraries isSingleLibrary=false location=user
2026-08-21 18:21:25 2026-08-21T12:51:25.553Z daemon INFO time="2026-08-21T18:21:25+05:30" level=info msg="Adding libraries dir" dir=/home/raj/.arduino15/libraries isSingleLibrary=false location=ide
2026-08-21 18:21:25 2026-08-21T12:51:25.553Z daemon INFO time="2026-08-21T18:21:25+05:30" level=info msg="Adding libraries dir" dir=/home/raj/.arduino15/packages/arduino/hardware/avr/1.8.8/libraries isSingleLibrary=false location=platform
time="2026-08-21T18:21:25+05:30" level=info msg="Adding libraries dir" dir=/home/raj/Arduino/libraries isSingleLibrary=false location=user
2026-08-21 18:21:31 2026-08-21T12:51:31.057Z daemon INFO time="2026-08-21T18:21:31+05:30" level=info msg="Adding libraries dir" dir=/home/raj/.arduino15/libraries isSingleLibrary=false location=ide
time="2026-08-21T18:21:31+05:30" level=info msg="Adding libraries dir" dir=/home/raj/.arduino15/packages/arduino/hardware/avr/1.8.8/libraries isSingleLibrary=false location=platform
time="2026-08-21T18:21:31+05:30" level=info msg="Adding libraries dir" dir=/home/raj/Arduino/libraries isSingleLibrary=false location=user
2026-08-21 18:21:32 2026-08-21T12:51:32.871Z daemon INFO time="2026-08-21T18:21:32+05:30" level=info msg="Adding libraries dir" dir=/home/raj/.arduino15/libraries isSingleLibrary=false location=ide
time="2026-08-21T18:21:32+05:30" level=info msg="Adding libraries dir" dir=/home/raj/.arduino15/packages/arduino/hardware/avr/1.8.8/libraries isSingleLibrary=false location=platform
time="2026-08-21T18:21:32+05:30" level=info msg="Adding libraries dir" dir=/home/raj/Arduino/libraries isSingleLibrary=false location=user
2026-08-21 18:21:34 2026-08-21T12:51:34.082Z daemon INFO time="2026-08-21T18:21:34+05:30" level=info msg="Adding libraries dir" dir=/home/raj/.arduino15/libraries isSingleLibrary=false location=ide
time="2026-08-21T18:21:34+05:30" level=info msg="Adding libraries dir" dir=/home/raj/.arduino15/packages/arduino/hardware/avr/1.8.8/libraries isSingleLibrary=false location=platform
time="2026-08-21T18:21:34+05:30" level=info msg="Adding libraries dir" dir=/home/raj/Arduino/libraries isSingleLibrary=false location=user
2026-08-21 18:21:42 2026-08-21T12:51:42.759Z daemon INFO time="2026-08-21T18:21:42+05:30" level=info msg="Adding libraries dir" dir=/home/raj/.arduino15/libraries isSingleLibrary=false location=ide
time="2026-08-21T18:21:42+05:30" level=info msg="Adding libraries dir" dir=/home/raj/.arduino15/packages/arduino/hardware/avr/1.8.8/libraries isSingleLibrary=false location=platform
2026-08-21 18:21:42 2026-08-21T12:51:42.759Z daemon INFO time="2026-08-21T18:21:42+05:30" level=info msg="Adding libraries dir" dir=/home/raj/Arduino/libraries isSingleLibrary=false location=user
2026-08-21 18:21:43 2026-08-21T12:51:43.981Z daemon INFO time="2026-08-21T18:21:43+05:30" level=info msg="Adding libraries dir" dir=/home/raj/.arduino15/libraries isSingleLibrary=false location=ide
time="2026-08-21T18:21:43+05:30" level=info msg="Adding libraries dir" dir=/home/raj/.arduino15/packages/arduino/hardware/avr/1.8.8/libraries isSingleLibrary=false location=platform
2026-08-21 18:21:43 2026-08-21T12:51:43.981Z daemon INFO time="2026-08-21T18:21:43+05:30" level=info msg="Adding libraries dir" dir=/home/raj/Arduino/libraries isSingleLibrary=false location=user
2026-08-21 18:21:52 2026-08-21T12:51:52.096Z daemon INFO time="2026-08-21T18:21:52+05:30" level=info msg="Adding libraries dir" dir=/home/raj/.arduino15/libraries isSingleLibrary=false location=ide
time="2026-08-21T18:21:52+05:30" level=info msg="Adding libraries dir" dir=/home/raj/.arduino15/packages/arduino/hardware/avr/1.8.8/libraries isSingleLibrary=false location=platform
2026-08-21 18:21:52 2026-08-21T12:51:52.096Z daemon INFO time="2026-08-21T18:21:52+05:30" level=info msg="Adding libraries dir" dir=/home/raj/Arduino/libraries isSingleLibrary=false location=user
2026-08-21 18:21:53 2026-08-21T12:51:53.058Z root INFO Executing 'arduino.languageserver.notifyBuildDidComplete' with "file:///home/raj/.cache/arduino/sketches/D62EAC9FF534F1D1198B128B65759379"
2026-08-21 18:21:53 2026-08-21T12:51:53.095Z daemon INFO time="2026-08-21T18:21:53+05:30" level=info msg="Tool required for debug" tool="arduino:arduinoOTA@1.3.0"
time="2026-08-21T18:21:53+05:30" level=info msg="Tool required for debug" tool="arduino:avr-gcc@7.3.0-atmel3.6.1-arduino7"
time="2026-08-21T18:21:53+05:30" level=info msg="Tool required for debug" tool="arduino:avrdude@8.0.0-arduino1"
time="2026-08-21T18:21:53+05:30" level=info msg="Tool required for debug" tool="builtin:ctags@5.8-arduino11"
2026-08-21 18:21:53 2026-08-21T12:51:53.095Z daemon INFO time="2026-08-21T18:21:53+05:30" level=info msg="Tool required for debug" tool="builtin:dfu-discovery@0.1.2"
time="2026-08-21T18:21:53+05:30" level=info msg="Tool required for debug" tool="builtin:mdns-discovery@1.1.0"
time="2026-08-21T18:21:53+05:30" level=info msg="Tool required for debug" tool="builtin:serial-discovery@1.5.2"
time="2026-08-21T18:21:53+05:30" level=info msg="Tool required for debug" tool="builtin:serial-monitor@0.15.0"
2026-08-21 18:21:53 2026-08-21T12:51:53.095Z root ERROR Failed to get debug config: arduino:avr:uno, undefined Error: Debugging is not supported.
    at Object.callback (/tmp/.mount_arduinEaFGal/resources/app/lib/backend/main.js:2:4762207)
    at Object.onReceiveStatus (/tmp/.mount_arduinEaFGal/resources/app/lib/backend/main.js:2:3797922)
    at Object.onReceiveStatus (/tmp/.mount_arduinEaFGal/resources/app/lib/backend/main.js:2:2231748)
    at Object.onReceiveStatus (/tmp/.mount_arduinEaFGal/resources/app/lib/backend/main.js:2:2231193)
    at /tmp/.mount_arduinEaFGal/resources/app/lib/backend/main.js:2:4368024
    at process.processTicksAndRejections (node:internal/process/task_queues:77:11)
2026-08-21 18:21:54 2026-08-21T12:51:54.074Z daemon INFO time="2026-08-21T18:21:54+05:30" level=info msg="Adding libraries dir" dir=/home/raj/.arduino15/libraries isSingleLibrary=false location=ide
time="2026-08-21T18:21:54+05:30" level=info msg="Adding libraries dir" dir=/home/raj/.arduino15/packages/arduino/hardware/avr/1.8.8/libraries isSingleLibrary=false location=platform
2026-08-21 18:21:54 2026-08-21T12:51:54.074Z daemon INFO time="2026-08-21T18:21:54+05:30" level=info msg="Adding libraries dir" dir=/home/raj/Arduino/libraries isSingleLibrary=false location=user
2026-08-21 18:22:15 2026-08-21T12:52:15.106Z daemon INFO time="2026-08-21T18:22:15+05:30" level=info msg="Adding libraries dir" dir=/home/raj/.arduino15/libraries isSingleLibrary=false location=ide
time="2026-08-21T18:22:15+05:30" level=info msg="Adding libraries dir" dir=/home/raj/.arduino15/packages/arduino/hardware/avr/1.8.8/libraries isSingleLibrary=false location=platform
2026-08-21 18:22:15 2026-08-21T12:52:15.106Z daemon INFO time="2026-08-21T18:22:15+05:30" level=info msg="Adding libraries dir" dir=/home/raj/Arduino/libraries isSingleLibrary=false location=user
2026-08-21 18:22:15 2026-08-21T12:52:15.464Z root INFO Executing 'arduino.languageserver.notifyBuildDidComplete' with "file:///home/raj/.cache/arduino/sketches/D62EAC9FF534F1D1198B128B65759379"
2026-08-21 18:22:15 2026-08-21T12:52:15.469Z daemon INFO time="2026-08-21T18:22:15+05:30" level=info msg="sending command" command=CLOSE monitor=serial-monitor
2026-08-21 18:22:15 2026-08-21T12:52:15.505Z daemon INFO time="2026-08-21T18:22:15+05:30" level=info msg="Tool required for debug" tool="arduino:arduinoOTA@1.3.0"
time="2026-08-21T18:22:15+05:30" level=info msg="Tool required for debug" tool="arduino:avr-gcc@7.3.0-atmel3.6.1-arduino7"
time="2026-08-21T18:22:15+05:30" level=info msg="Tool required for debug" tool="arduino:avrdude@8.0.0-arduino1"
time="2026-08-21T18:22:15+05:30" level=info msg="Tool required for debug" tool="builtin:dfu-discovery@0.1.2"
time="2026-08-21T18:22:15+05:30" level=info msg="Tool required for debug" tool="builtin:mdns-discovery@1.1.0"
time="2026-08-21T18:22:15+05:30" level=info msg="Tool required for debug" tool="builtin:ctags@5.8-arduino11"
2026-08-21 18:22:15 2026-08-21T12:52:15.505Z daemon INFO time="2026-08-21T18:22:15+05:30" level=info msg="Tool required for debug" tool="builtin:serial-discovery@1.5.2"
time="2026-08-21T18:22:15+05:30" level=info msg="Tool required for debug" tool="builtin:serial-monitor@0.15.0"
2026-08-21 18:22:15 2026-08-21T12:52:15.506Z root ERROR Failed to get debug config: arduino:avr:uno, undefined Error: Debugging is not supported.
    at Object.callback (/tmp/.mount_arduinEaFGal/resources/app/lib/backend/main.js:2:4762207)
    at Object.onReceiveStatus (/tmp/.mount_arduinEaFGal/resources/app/lib/backend/main.js:2:3797922)
    at Object.onReceiveStatus (/tmp/.mount_arduinEaFGal/resources/app/lib/backend/main.js:2:2231748)
    at Object.onReceiveStatus (/tmp/.mount_arduinEaFGal/resources/app/lib/backend/main.js:2:2231193)
    at /tmp/.mount_arduinEaFGal/resources/app/lib/backend/main.js:2:4368024
    at process.processTicksAndRejections (node:internal/process/task_queues:77:11)
2026-08-21 18:22:15 2026-08-21T12:52:15.528Z daemon INFO time="2026-08-21T18:22:15+05:30" level=info msg="received message" error=false event_type=close message=OK monitor=serial-monitor
time="2026-08-21T18:22:15+05:30" level=info msg="sending command" command=QUIT monitor=serial-monitor
2026-08-21 18:22:15 2026-08-21T12:52:15.528Z daemon INFO time="2026-08-21T18:22:15+05:30" level=info msg="received message" error=false event_type=quit message=OK monitor=serial-monitor
time="2026-08-21T18:22:15+05:30" level=info msg="Killing monitor process" monitor=serial-monitor
2026-08-21 18:22:15 2026-08-21T12:52:15.529Z daemon INFO time="2026-08-21T18:22:15+05:30" level=error msg="stopped decode loop: EOF" monitor=serial-monitor
2026-08-21 18:22:15 2026-08-21T12:52:15.530Z daemon INFO time="2026-08-21T18:22:15+05:30" level=info msg="Monitor process killed" monitor=serial-monitor
2026-08-21 18:22:15 2026-08-21T12:52:15.533Z monitor-service INFO monitor to /dev/ttyUSB0 using serial closed by server
2026-08-21 18:22:16 2026-08-21T12:52:16.484Z daemon INFO time="2026-08-21T18:22:16+05:30" level=info msg="Adding libraries dir" dir=/home/raj/.arduino15/libraries isSingleLibrary=false location=ide
time="2026-08-21T18:22:16+05:30" level=info msg="Adding libraries dir" dir=/home/raj/.arduino15/packages/arduino/hardware/avr/1.8.8/libraries isSingleLibrary=false location=platform
time="2026-08-21T18:22:16+05:30" level=info msg="Adding libraries dir" dir=/home/raj/Arduino/libraries isSingleLibrary=false location=user
2026-08-21 18:22:18 2026-08-21T12:52:18.313Z root INFO Received port after upload [arduino+serial:///dev/ttyUSB0, arduino:avr:uno, sketch_aug21a]. Before port: {"protocol":"serial","address":"/dev/ttyUSB0"}, after port: {"address":"/dev/ttyUSB0","addressLabel":"/dev/ttyUSB0","protocol":"serial","protocolLabel":"Serial Port (USB)","properties":{"pid":"0xEA60","serialNumber":"0001","vid":"0x10C4"},"hardwareId":"0001"}
2026-08-21 18:22:18 2026-08-21T12:52:18.316Z monitor-service INFO starting monitor
2026-08-21 18:22:18 2026-08-21T12:52:18.318Z daemon INFO time="2026-08-21T18:22:18+05:30" level=info msg="Starting monitor process" monitor=serial-monitor
2026-08-21 18:22:18 2026-08-21T12:52:18.318Z daemon INFO time="2026-08-21T18:22:18+05:30" level=info msg="Monitor process started successfully!" monitor=serial-monitor
time="2026-08-21T18:22:18+05:30" level=info msg="sending command" command="HELLO 1 \"arduino-cli 1.5.1\"" monitor=serial-monitor
2026-08-21 18:22:18 2026-08-21T12:52:18.321Z daemon INFO time="2026-08-21T18:22:18+05:30" level=info msg="received message" error=false event_type=hello message=OK monitor=serial-monitor
time="2026-08-21T18:22:18+05:30" level=info msg="sending command" command=DESCRIBE monitor=serial-monitor
2026-08-21 18:22:18 2026-08-21T12:52:18.322Z daemon INFO time="2026-08-21T18:22:18+05:30" level=info msg="received message" error=false event_type=describe message=OK monitor=serial-monitor
2026-08-21 18:22:18 2026-08-21T12:52:18.322Z daemon INFO time="2026-08-21T18:22:18+05:30" level=info msg="sending command" command=QUIT monitor=serial-monitor
2026-08-21 18:22:18 2026-08-21T12:52:18.322Z daemon INFO time="2026-08-21T18:22:18+05:30" level=info msg="received message" error=false event_type=quit message=OK monitor=serial-monitor
time="2026-08-21T18:22:18+05:30" level=info msg="Killing monitor process" monitor=serial-monitor
2026-08-21 18:22:18 2026-08-21T12:52:18.323Z daemon INFO time="2026-08-21T18:22:18+05:30" level=error msg="stopped decode loop: EOF" monitor=serial-monitor
2026-08-21 18:22:18 2026-08-21T12:52:18.323Z daemon INFO time="2026-08-21T18:22:18+05:30" level=info msg="Monitor process killed" monitor=serial-monitor
2026-08-21 18:22:18 2026-08-21T12:52:18.326Z daemon INFO time="2026-08-21T18:22:18+05:30" level=info msg="Starting monitor process" monitor=serial-monitor
2026-08-21 18:22:18 2026-08-21T12:52:18.330Z daemon INFO time="2026-08-21T18:22:18+05:30" level=info msg="Monitor process started successfully!" monitor=serial-monitor
time="2026-08-21T18:22:18+05:30" level=info msg="sending command" command="HELLO 1 \"arduino-cli 1.5.1\"" monitor=serial-monitor
2026-08-21 18:22:18 2026-08-21T12:52:18.333Z daemon INFO time="2026-08-21T18:22:18+05:30" level=info msg="received message" error=false event_type=hello message=OK monitor=serial-monitor
time="2026-08-21T18:22:18+05:30" level=info msg="sending command" command=DESCRIBE monitor=serial-monitor
2026-08-21 18:22:18 2026-08-21T12:52:18.334Z daemon INFO time="2026-08-21T18:22:18+05:30" level=info msg="received message" error=false event_type=describe message=OK monitor=serial-monitor
time="2026-08-21T18:22:18+05:30" level=info msg="sending command" command="CONFIGURE bits 8" monitor=serial-monitor
time="2026-08-21T18:22:18+05:30" level=info msg="received message" error=false event_type=configure message=OK monitor=serial-monitor
time="2026-08-21T18:22:18+05:30" level=info msg="sending command" command="CONFIGURE dtr on" monitor=serial-monitor
2026-08-21 18:22:18 2026-08-21T12:52:18.334Z daemon INFO time="2026-08-21T18:22:18+05:30" level=info msg="received message" error=false event_type=configure message=OK monitor=serial-monitor
time="2026-08-21T18:22:18+05:30" level=info msg="sending command" command="CONFIGURE parity none" monitor=serial-monitor
2026-08-21 18:22:18 2026-08-21T12:52:18.334Z daemon INFO time="2026-08-21T18:22:18+05:30" level=info msg="received message" error=false event_type=configure message=OK monitor=serial-monitor
time="2026-08-21T18:22:18+05:30" level=info msg="sending command" command="CONFIGURE rts on" monitor=serial-monitor
2026-08-21 18:22:18 2026-08-21T12:52:18.335Z daemon INFO time="2026-08-21T18:22:18+05:30" level=info msg="received message" error=false event_type=configure message=OK monitor=serial-monitor
2026-08-21 18:22:18 2026-08-21T12:52:18.335Z daemon INFO time="2026-08-21T18:22:18+05:30" level=info msg="sending command" command="CONFIGURE stop_bits 1" monitor=serial-monitor
2026-08-21 18:22:18 2026-08-21T12:52:18.335Z daemon INFO time="2026-08-21T18:22:18+05:30" level=info msg="received message" error=false event_type=configure message=OK monitor=serial-monitor
2026-08-21 18:22:18 2026-08-21T12:52:18.335Z daemon INFO time="2026-08-21T18:22:18+05:30" level=info msg="sending command" command="CONFIGURE baudrate 9600" monitor=serial-monitor
2026-08-21 18:22:18 2026-08-21T12:52:18.335Z daemon INFO time="2026-08-21T18:22:18+05:30" level=info msg="received message" error=false event_type=configure message=OK monitor=serial-monitor
2026-08-21 18:22:18 2026-08-21T12:52:18.335Z daemon INFO time="2026-08-21T18:22:18+05:30" level=info msg="sending command" command="OPEN 127.0.0.1:44867 /dev/ttyUSB0" monitor=serial-monitor
2026-08-21 18:22:18 2026-08-21T12:52:18.356Z daemon INFO time="2026-08-21T18:22:18+05:30" level=info msg="received message" error=false event_type=open message=OK monitor=serial-monitor
time="2026-08-21T18:22:18+05:30" level=info msg="Port /dev/ttyUSB0 successfully opened"
2026-08-21 18:22:18 2026-08-21T12:52:18.357Z monitor-service INFO Using port configuration for serial:/dev/ttyUSB0: {"settingsList":[{"settingId":"bits","value":"8"},{"settingId":"dtr","value":"on"},{"settingId":"parity","value":"none"},{"settingId":"rts","value":"on"},{"settingId":"stop_bits","value":"1"},{"settingId":"baudrate","value":"9600"}]}
2026-08-21 18:22:18 2026-08-21T12:52:18.357Z monitor-service INFO started monitor to /dev/ttyUSB0 using serial
2026-08-21 18:22:18 2026-08-21T12:52:18.360Z monitor-service INFO No port configuration changes have been detected. No need to send configure commands to the running monitor serial:/dev/ttyUSB0.
2026-08-21 18:22:18 2026-08-21T12:52:18.382Z monitor-service INFO No port configuration changes have been detected. No need to send configure commands to the running monitor serial:/dev/ttyUSB0.
2026-08-21 18:22:39 2026-08-21T12:52:39.021Z daemon INFO time="2026-08-21T18:22:39+05:30" level=info msg="sending command" command=CLOSE monitor=serial-monitor
2026-08-21 18:22:39 2026-08-21T12:52:39.021Z daemon INFO time="2026-08-21T18:22:39+05:30" level=info msg="received message" error=true event_type=port_closed message="readfrom tcp 127.0.0.1:51114->127.0.0.1:44867: Port has been closed" monitor=serial-monitor
time="2026-08-21T18:22:39+05:30" level=info msg="monitor port has been closed externally" monitor=serial-monitor
time="2026-08-21T18:22:39+05:30" level=info msg="received message" error=true event_type=close message="port already closed" monitor=serial-monitor
time="2026-08-21T18:22:39+05:30" level=info msg="sending command" command=QUIT monitor=serial-monitor
2026-08-21 18:22:39 2026-08-21T12:52:39.022Z discovery-log INFO {"eventType":"remove","port":{"matchingBoardsList":[],"port":{"address":"/dev/ttyUSB0","label":"","protocol":"serial","protocolLabel":"","propertiesMap":[],"hardwareId":""}},"error":""}
2026-08-21 18:22:39 2026-08-21T12:52:39.022Z daemon INFO time="2026-08-21T18:22:39+05:30" level=info msg="received message" error=false event_type=quit message=OK monitor=serial-monitor
time="2026-08-21T18:22:39+05:30" level=info msg="Killing monitor process" monitor=serial-monitor
2026-08-21 18:22:39 2026-08-21T12:52:39.023Z daemon INFO time="2026-08-21T18:22:39+05:30" level=error msg="stopped decode loop: EOF" monitor=serial-monitor
2026-08-21 18:22:39 2026-08-21T12:52:39.024Z daemon INFO time="2026-08-21T18:22:39+05:30" level=info msg="Monitor process killed" monitor=serial-monitor
2026-08-21 18:22:39 2026-08-21T12:52:39.025Z monitor-service INFO monitor to /dev/ttyUSB0 using serial closed by server
2026-08-21 18:25:06 2026-08-21T12:55:06.935Z daemon INFO time="2026-08-21T18:25:06+05:30" level=info msg="Adding libraries dir" dir=/home/raj/.arduino15/libraries isSingleLibrary=false location=ide
time="2026-08-21T18:25:06+05:30" level=info msg="Adding libraries dir" dir=/home/raj/.arduino15/packages/arduino/hardware/avr/1.8.8/libraries isSingleLibrary=false location=platform
time="2026-08-21T18:25:06+05:30" level=info msg="Adding libraries dir" dir=/home/raj/Arduino/libraries isSingleLibrary=false location=user
2026-08-21 18:25:10 2026-08-21T12:55:10.244Z daemon INFO time="2026-08-21T18:25:10+05:30" level=info msg="Adding libraries dir" dir=/home/raj/.arduino15/libraries isSingleLibrary=false location=ide
time="2026-08-21T18:25:10+05:30" level=info msg="Adding libraries dir" dir=/home/raj/.arduino15/packages/arduino/hardware/avr/1.8.8/libraries isSingleLibrary=false location=platform
time="2026-08-21T18:25:10+05:30" level=info msg="Adding libraries dir" dir=/home/raj/Arduino/libraries isSingleLibrary=false location=user
2026-08-21 18:25:11 2026-08-21T12:55:11.468Z daemon INFO time="2026-08-21T18:25:11+05:30" level=info msg="Adding libraries dir" dir=/home/raj/.arduino15/libraries isSingleLibrary=false location=ide
time="2026-08-21T18:25:11+05:30" level=info msg="Adding libraries dir" dir=/home/raj/.arduino15/packages/arduino/hardware/avr/1.8.8/libraries isSingleLibrary=false location=platform
time="2026-08-21T18:25:11+05:30" level=info msg="Adding libraries dir" dir=/home/raj/Arduino/libraries isSingleLibrary=false location=user
2026-08-21 18:25:16 2026-08-21T12:55:16.679Z discovery-log INFO {"eventType":"add","port":{"matchingBoardsList":[],"port":{"address":"/dev/ttyUSB0","label":"/dev/ttyUSB0","protocol":"serial","protocolLabel":"Serial Port (USB)","propertiesMap":[["pid","0xEA60"],["serialNumber","0001"],["vid","0x10C4"]],"hardwareId":"0001"}},"error":""}
2026-08-21 18:25:16 2026-08-21T12:55:16.914Z monitor-service INFO starting monitor
2026-08-21 18:25:16 2026-08-21T12:55:16.917Z daemon INFO time="2026-08-21T18:25:16+05:30" level=info msg="Starting monitor process" monitor=serial-monitor
2026-08-21 18:25:16 2026-08-21T12:55:16.917Z daemon INFO time="2026-08-21T18:25:16+05:30" level=info msg="Monitor process started successfully!" monitor=serial-monitor
2026-08-21 18:25:16 2026-08-21T12:55:16.918Z daemon INFO time="2026-08-21T18:25:16+05:30" level=info msg="sending command" command="HELLO 1 \"arduino-cli 1.5.1\"" monitor=serial-monitor
2026-08-21 18:25:16 2026-08-21T12:55:16.922Z daemon INFO time="2026-08-21T18:25:16+05:30" level=info msg="received message" error=false event_type=hello message=OK monitor=serial-monitor
time="2026-08-21T18:25:16+05:30" level=info msg="sending command" command=DESCRIBE monitor=serial-monitor
2026-08-21 18:25:16 2026-08-21T12:55:16.923Z daemon INFO time="2026-08-21T18:25:16+05:30" level=info msg="received message" error=false event_type=describe message=OK monitor=serial-monitor
time="2026-08-21T18:25:16+05:30" level=info msg="sending command" command=QUIT monitor=serial-monitor
time="2026-08-21T18:25:16+05:30" level=info msg="received message" error=false event_type=quit message=OK monitor=serial-monitor
2026-08-21 18:25:16 2026-08-21T12:55:16.923Z daemon INFO time="2026-08-21T18:25:16+05:30" level=info msg="Killing monitor process" monitor=serial-monitor
2026-08-21 18:25:16 2026-08-21T12:55:16.924Z daemon INFO time="2026-08-21T18:25:16+05:30" level=error msg="stopped decode loop: EOF" monitor=serial-monitor
2026-08-21 18:25:16 2026-08-21T12:55:16.924Z daemon INFO time="2026-08-21T18:25:16+05:30" level=info msg="Monitor process killed" monitor=serial-monitor
2026-08-21 18:25:16 2026-08-21T12:55:16.930Z daemon INFO time="2026-08-21T18:25:16+05:30" level=info msg="Starting monitor process" monitor=serial-monitor
2026-08-21 18:25:16 2026-08-21T12:55:16.932Z daemon INFO time="2026-08-21T18:25:16+05:30" level=info msg="Monitor process started successfully!" monitor=serial-monitor
time="2026-08-21T18:25:16+05:30" level=info msg="sending command" command="HELLO 1 \"arduino-cli 1.5.1\"" monitor=serial-monitor
2026-08-21 18:25:16 2026-08-21T12:55:16.935Z daemon INFO time="2026-08-21T18:25:16+05:30" level=info msg="received message" error=false event_type=hello message=OK monitor=serial-monitor
time="2026-08-21T18:25:16+05:30" level=info msg="sending command" command=DESCRIBE monitor=serial-monitor
2026-08-21 18:25:16 2026-08-21T12:55:16.936Z daemon INFO time="2026-08-21T18:25:16+05:30" level=info msg="received message" error=false event_type=describe message=OK monitor=serial-monitor
time="2026-08-21T18:25:16+05:30" level=info msg="sending command" command="CONFIGURE bits 8" monitor=serial-monitor
2026-08-21 18:25:16 2026-08-21T12:55:16.936Z daemon INFO time="2026-08-21T18:25:16+05:30" level=info msg="received message" error=false event_type=configure message=OK monitor=serial-monitor
time="2026-08-21T18:25:16+05:30" level=info msg="sending command" command="CONFIGURE dtr on" monitor=serial-monitor
2026-08-21 18:25:16 2026-08-21T12:55:16.936Z daemon INFO time="2026-08-21T18:25:16+05:30" level=info msg="received message" error=false event_type=configure message=OK monitor=serial-monitor
time="2026-08-21T18:25:16+05:30" level=info msg="sending command" command="CONFIGURE parity none" monitor=serial-monitor
2026-08-21 18:25:16 2026-08-21T12:55:16.936Z daemon INFO time="2026-08-21T18:25:16+05:30" level=info msg="received message" error=false event_type=configure message=OK monitor=serial-monitor
time="2026-08-21T18:25:16+05:30" level=info msg="sending command" command="CONFIGURE rts on" monitor=serial-monitor
2026-08-21 18:25:16 2026-08-21T12:55:16.936Z daemon INFO time="2026-08-21T18:25:16+05:30" level=info msg="received message" error=false event_type=configure message=OK monitor=serial-monitor
2026-08-21 18:25:16 2026-08-21T12:55:16.937Z daemon INFO time="2026-08-21T18:25:16+05:30" level=info msg="sending command" command="CONFIGURE stop_bits 1" monitor=serial-monitor
2026-08-21 18:25:16 2026-08-21T12:55:16.937Z daemon INFO time="2026-08-21T18:25:16+05:30" level=info msg="received message" error=false event_type=configure message=OK monitor=serial-monitor
2026-08-21 18:25:16 2026-08-21T12:55:16.937Z daemon INFO time="2026-08-21T18:25:16+05:30" level=info msg="sending command" command="CONFIGURE baudrate 9600" monitor=serial-monitor
2026-08-21 18:25:16 2026-08-21T12:55:16.937Z daemon INFO time="2026-08-21T18:25:16+05:30" level=info msg="received message" error=false event_type=configure message=OK monitor=serial-monitor
time="2026-08-21T18:25:16+05:30" level=info msg="sending command" command="OPEN 127.0.0.1:35935 /dev/ttyUSB0" monitor=serial-monitor
2026-08-21 18:25:16 2026-08-21T12:55:16.971Z daemon INFO time="2026-08-21T18:25:16+05:30" level=info msg="received message" error=false event_type=open message=OK monitor=serial-monitor
time="2026-08-21T18:25:16+05:30" level=info msg="Port /dev/ttyUSB0 successfully opened"
2026-08-21 18:25:16 2026-08-21T12:55:16.973Z monitor-service INFO Using port configuration for serial:/dev/ttyUSB0: {"settingsList":[{"settingId":"bits","value":"8"},{"settingId":"dtr","value":"on"},{"settingId":"parity","value":"none"},{"settingId":"rts","value":"on"},{"settingId":"stop_bits","value":"1"},{"settingId":"baudrate","value":"9600"}]}
2026-08-21 18:25:16 2026-08-21T12:55:16.973Z monitor-service INFO started monitor to /dev/ttyUSB0 using serial
2026-08-21 18:25:17 2026-08-21T12:55:17.014Z monitor-service INFO No port configuration changes have been detected. No need to send configure commands to the running monitor serial:/dev/ttyUSB0.
2026-08-21 18:25:19 2026-08-21T12:55:19.247Z daemon INFO time="2026-08-21T18:25:19+05:30" level=info msg="Adding libraries dir" dir=/home/raj/.arduino15/libraries isSingleLibrary=false location=ide
time="2026-08-21T18:25:19+05:30" level=info msg="Adding libraries dir" dir=/home/raj/.arduino15/packages/arduino/hardware/avr/1.8.8/libraries isSingleLibrary=false location=platform
2026-08-21 18:25:19 2026-08-21T12:55:19.247Z daemon INFO time="2026-08-21T18:25:19+05:30" level=info msg="Adding libraries dir" dir=/home/raj/Arduino/libraries isSingleLibrary=false location=user
2026-08-21 18:25:19 2026-08-21T12:55:19.775Z root INFO Executing 'arduino.languageserver.notifyBuildDidComplete' with "file:///home/raj/.cache/arduino/sketches/D62EAC9FF534F1D1198B128B65759379"
2026-08-21 18:25:19 2026-08-21T12:55:19.776Z daemon INFO time="2026-08-21T18:25:19+05:30" level=info msg="sending command" command=CLOSE monitor=serial-monitor
2026-08-21 18:25:19 2026-08-21T12:55:19.798Z daemon INFO time="2026-08-21T18:25:19+05:30" level=info msg="Tool required for debug" tool="arduino:arduinoOTA@1.3.0"
time="2026-08-21T18:25:19+05:30" level=info msg="Tool required for debug" tool="arduino:avr-gcc@7.3.0-atmel3.6.1-arduino7"
time="2026-08-21T18:25:19+05:30" level=info msg="Tool required for debug" tool="arduino:avrdude@8.0.0-arduino1"
2026-08-21 18:25:19 2026-08-21T12:55:19.798Z daemon INFO time="2026-08-21T18:25:19+05:30" level=info msg="Tool required for debug" tool="builtin:serial-discovery@1.5.2"
time="2026-08-21T18:25:19+05:30" level=info msg="Tool required for debug" tool="builtin:serial-monitor@0.15.0"
time="2026-08-21T18:25:19+05:30" level=info msg="Tool required for debug" tool="builtin:ctags@5.8-arduino11"
time="2026-08-21T18:25:19+05:30" level=info msg="Tool required for debug" tool="builtin:dfu-discovery@0.1.2"
time="2026-08-21T18:25:19+05:30" level=info msg="Tool required for debug" tool="builtin:mdns-discovery@1.1.0"
2026-08-21 18:25:19 2026-08-21T12:55:19.799Z root ERROR Failed to get debug config: arduino:avr:uno, undefined Error: Debugging is not supported.
    at Object.callback (/tmp/.mount_arduinEaFGal/resources/app/lib/backend/main.js:2:4762207)
    at Object.onReceiveStatus (/tmp/.mount_arduinEaFGal/resources/app/lib/backend/main.js:2:3797922)
    at Object.onReceiveStatus (/tmp/.mount_arduinEaFGal/resources/app/lib/backend/main.js:2:2231748)
    at Object.onReceiveStatus (/tmp/.mount_arduinEaFGal/resources/app/lib/backend/main.js:2:2231193)
    at /tmp/.mount_arduinEaFGal/resources/app/lib/backend/main.js:2:4368024
    at process.processTicksAndRejections (node:internal/process/task_queues:77:11)
2026-08-21 18:25:19 2026-08-21T12:55:19.835Z daemon INFO time="2026-08-21T18:25:19+05:30" level=info msg="received message" error=false event_type=close message=OK monitor=serial-monitor
time="2026-08-21T18:25:19+05:30" level=info msg="sending command" command=QUIT monitor=serial-monitor
2026-08-21 18:25:19 2026-08-21T12:55:19.835Z daemon INFO time="2026-08-21T18:25:19+05:30" level=info msg="received message" error=false event_type=quit message=OK monitor=serial-monitor
time="2026-08-21T18:25:19+05:30" level=info msg="Killing monitor process" monitor=serial-monitor
2026-08-21 18:25:19 2026-08-21T12:55:19.836Z daemon INFO time="2026-08-21T18:25:19+05:30" level=error msg="stopped decode loop: EOF" monitor=serial-monitor
2026-08-21 18:25:19 2026-08-21T12:55:19.836Z daemon INFO time="2026-08-21T18:25:19+05:30" level=info msg="Monitor process killed" monitor=serial-monitor
2026-08-21 18:25:19 2026-08-21T12:55:19.838Z monitor-service INFO monitor to /dev/ttyUSB0 using serial closed by server
2026-08-21 18:25:20 2026-08-21T12:55:20.788Z daemon INFO time="2026-08-21T18:25:20+05:30" level=info msg="Adding libraries dir" dir=/home/raj/.arduino15/libraries isSingleLibrary=false location=ide
time="2026-08-21T18:25:20+05:30" level=info msg="Adding libraries dir" dir=/home/raj/.arduino15/packages/arduino/hardware/avr/1.8.8/libraries isSingleLibrary=false location=platform
2026-08-21 18:25:20 2026-08-21T12:55:20.788Z daemon INFO time="2026-08-21T18:25:20+05:30" level=info msg="Adding libraries dir" dir=/home/raj/Arduino/libraries isSingleLibrary=false location=user
2026-08-21 18:25:22 2026-08-21T12:55:22.613Z root INFO Received port after upload [arduino+serial:///dev/ttyUSB0, arduino:avr:uno, sketch_aug21a]. Before port: {"protocol":"serial","address":"/dev/ttyUSB0"}, after port: {"address":"/dev/ttyUSB0","addressLabel":"/dev/ttyUSB0","protocol":"serial","protocolLabel":"Serial Port (USB)","properties":{"pid":"0xEA60","serialNumber":"0001","vid":"0x10C4"},"hardwareId":"0001"}
2026-08-21 18:25:22 2026-08-21T12:55:22.614Z monitor-service INFO starting monitor
2026-08-21 18:25:22 2026-08-21T12:55:22.617Z daemon INFO time="2026-08-21T18:25:22+05:30" level=info msg="Starting monitor process" monitor=serial-monitor
2026-08-21 18:25:22 2026-08-21T12:55:22.619Z daemon INFO time="2026-08-21T18:25:22+05:30" level=info msg="Monitor process started successfully!" monitor=serial-monitor
time="2026-08-21T18:25:22+05:30" level=info msg="sending command" command="HELLO 1 \"arduino-cli 1.5.1\"" monitor=serial-monitor
2026-08-21 18:25:22 2026-08-21T12:55:22.623Z daemon INFO time="2026-08-21T18:25:22+05:30" level=info msg="received message" error=false event_type=hello message=OK monitor=serial-monitor
time="2026-08-21T18:25:22+05:30" level=info msg="sending command" command=DESCRIBE monitor=serial-monitor
2026-08-21 18:25:22 2026-08-21T12:55:22.623Z daemon INFO time="2026-08-21T18:25:22+05:30" level=info msg="received message" error=false event_type=describe message=OK monitor=serial-monitor
2026-08-21 18:25:22 2026-08-21T12:55:22.624Z daemon INFO time="2026-08-21T18:25:22+05:30" level=info msg="sending command" command=QUIT monitor=serial-monitor
2026-08-21 18:25:22 2026-08-21T12:55:22.624Z daemon INFO time="2026-08-21T18:25:22+05:30" level=info msg="received message" error=false event_type=quit message=OK monitor=serial-monitor
time="2026-08-21T18:25:22+05:30" level=info msg="Killing monitor process" monitor=serial-monitor
2026-08-21 18:25:22 2026-08-21T12:55:22.625Z daemon INFO time="2026-08-21T18:25:22+05:30" level=error msg="stopped decode loop: EOF" monitor=serial-monitor
time="2026-08-21T18:25:22+05:30" level=info msg="Monitor process killed" monitor=serial-monitor
2026-08-21 18:25:22 2026-08-21T12:55:22.631Z daemon INFO time="2026-08-21T18:25:22+05:30" level=info msg="Starting monitor process" monitor=serial-monitor
2026-08-21 18:25:22 2026-08-21T12:55:22.632Z daemon INFO time="2026-08-21T18:25:22+05:30" level=info msg="Monitor process started successfully!" monitor=serial-monitor
time="2026-08-21T18:25:22+05:30" level=info msg="sending command" command="HELLO 1 \"arduino-cli 1.5.1\"" monitor=serial-monitor
2026-08-21 18:25:22 2026-08-21T12:55:22.637Z daemon INFO time="2026-08-21T18:25:22+05:30" level=info msg="received message" error=false event_type=hello message=OK monitor=serial-monitor
time="2026-08-21T18:25:22+05:30" level=info msg="sending command" command=DESCRIBE monitor=serial-monitor
2026-08-21 18:25:22 2026-08-21T12:55:22.638Z daemon INFO time="2026-08-21T18:25:22+05:30" level=info msg="received message" error=false event_type=describe message=OK monitor=serial-monitor
2026-08-21 18:25:22 2026-08-21T12:55:22.638Z daemon INFO time="2026-08-21T18:25:22+05:30" level=info msg="sending command" command="CONFIGURE bits 8" monitor=serial-monitor
2026-08-21 18:25:22 2026-08-21T12:55:22.638Z daemon INFO time="2026-08-21T18:25:22+05:30" level=info msg="received message" error=false event_type=configure message=OK monitor=serial-monitor
time="2026-08-21T18:25:22+05:30" level=info msg="sending command" command="CONFIGURE dtr on" monitor=serial-monitor
2026-08-21 18:25:22 2026-08-21T12:55:22.638Z daemon INFO time="2026-08-21T18:25:22+05:30" level=info msg="received message" error=false event_type=configure message=OK monitor=serial-monitor
time="2026-08-21T18:25:22+05:30" level=info msg="sending command" command="CONFIGURE parity none" monitor=serial-monitor
2026-08-21 18:25:22 2026-08-21T12:55:22.638Z daemon INFO time="2026-08-21T18:25:22+05:30" level=info msg="received message" error=false event_type=configure message=OK monitor=serial-monitor
time="2026-08-21T18:25:22+05:30" level=info msg="sending command" command="CONFIGURE rts on" monitor=serial-monitor
2026-08-21 18:25:22 2026-08-21T12:55:22.639Z daemon INFO time="2026-08-21T18:25:22+05:30" level=info msg="received message" error=false event_type=configure message=OK monitor=serial-monitor
time="2026-08-21T18:25:22+05:30" level=info msg="sending command" command="CONFIGURE stop_bits 1" monitor=serial-monitor
2026-08-21 18:25:22 2026-08-21T12:55:22.639Z daemon INFO time="2026-08-21T18:25:22+05:30" level=info msg="received message" error=false event_type=configure message=OK monitor=serial-monitor
time="2026-08-21T18:25:22+05:30" level=info msg="sending command" command="CONFIGURE baudrate 9600" monitor=serial-monitor
2026-08-21 18:25:22 2026-08-21T12:55:22.639Z daemon INFO time="2026-08-21T18:25:22+05:30" level=info msg="received message" error=false event_type=configure message=OK monitor=serial-monitor
2026-08-21 18:25:22 2026-08-21T12:55:22.639Z daemon INFO time="2026-08-21T18:25:22+05:30" level=info msg="sending command" command="OPEN 127.0.0.1:40085 /dev/ttyUSB0" monitor=serial-monitor
2026-08-21 18:25:22 2026-08-21T12:55:22.660Z daemon INFO time="2026-08-21T18:25:22+05:30" level=info msg="received message" error=false event_type=open message=OK monitor=serial-monitor
2026-08-21 18:25:22 2026-08-21T12:55:22.660Z daemon INFO time="2026-08-21T18:25:22+05:30" level=info msg="Port /dev/ttyUSB0 successfully opened"
2026-08-21 18:25:22 2026-08-21T12:55:22.662Z monitor-service INFO Using port configuration for serial:/dev/ttyUSB0: {"settingsList":[{"settingId":"bits","value":"8"},{"settingId":"dtr","value":"on"},{"settingId":"parity","value":"none"},{"settingId":"rts","value":"on"},{"settingId":"stop_bits","value":"1"},{"settingId":"baudrate","value":"9600"}]}
2026-08-21 18:25:22 2026-08-21T12:55:22.662Z monitor-service INFO started monitor to /dev/ttyUSB0 using serial
2026-08-21 18:25:22 2026-08-21T12:55:22.664Z monitor-service INFO No port configuration changes have been detected. No need to send configure commands to the running monitor serial:/dev/ttyUSB0.
2026-08-21 18:25:22 2026-08-21T12:55:22.690Z monitor-service INFO No port configuration changes have been detected. No need to send configure commands to the running monitor serial:/dev/ttyUSB0.
2026-08-21 18:25:33 2026-08-21T12:55:33.559Z daemon INFO time="2026-08-21T18:25:33+05:30" level=info msg="sending command" command=CLOSE monitor=serial-monitor
2026-08-21 18:25:33 2026-08-21T12:55:33.560Z discovery-log INFO {"eventType":"remove","port":{"matchingBoardsList":[],"port":{"address":"/dev/ttyUSB0","label":"","protocol":"serial","protocolLabel":"","propertiesMap":[],"hardwareId":""}},"error":""}
2026-08-21 18:25:33 2026-08-21T12:55:33.560Z daemon INFO time="2026-08-21T18:25:33+05:30" level=info msg="received message" error=true event_type=port_closed message="readfrom tcp 127.0.0.1:52820->127.0.0.1:40085: Port has been closed" monitor=serial-monitor
time="2026-08-21T18:25:33+05:30" level=info msg="monitor port has been closed externally" monitor=serial-monitor
2026-08-21 18:25:33 2026-08-21T12:55:33.561Z daemon INFO time="2026-08-21T18:25:33+05:30" level=info msg="received message" error=true event_type=close message="port already closed" monitor=serial-monitor
time="2026-08-21T18:25:33+05:30" level=info msg="sending command" command=QUIT monitor=serial-monitor
time="2026-08-21T18:25:33+05:30" level=info msg="received message" error=false event_type=quit message=OK monitor=serial-monitor
2026-08-21 18:25:33 2026-08-21T12:55:33.561Z daemon INFO time="2026-08-21T18:25:33+05:30" level=info msg="Killing monitor process" monitor=serial-monitor
2026-08-21 18:25:33 2026-08-21T12:55:33.562Z daemon INFO time="2026-08-21T18:25:33+05:30" level=error msg="stopped decode loop: EOF" monitor=serial-monitor
time="2026-08-21T18:25:33+05:30" level=info msg="Monitor process killed" monitor=serial-monitor
2026-08-21 18:25:33 2026-08-21T12:55:33.563Z monitor-service INFO monitor to /dev/ttyUSB0 using serial closed by server
2026-08-21 18:26:18 2026-08-21T12:56:18.628Z daemon INFO time="2026-08-21T18:26:18+05:30" level=info msg="Adding libraries dir" dir=/home/raj/.arduino15/libraries isSingleLibrary=false location=ide
time="2026-08-21T18:26:18+05:30" level=info msg="Adding libraries dir" dir=/home/raj/.arduino15/packages/arduino/hardware/avr/1.8.8/libraries isSingleLibrary=false location=platform
time="2026-08-21T18:26:18+05:30" level=info msg="Adding libraries dir" dir=/home/raj/Arduino/libraries isSingleLibrary=false location=user
2026-08-21 18:26:19 2026-08-21T12:56:19.855Z daemon INFO time="2026-08-21T18:26:19+05:30" level=info msg="Adding libraries dir" dir=/home/raj/.arduino15/libraries isSingleLibrary=false location=ide
2026-08-21 18:26:19 2026-08-21T12:56:19.855Z daemon INFO time="2026-08-21T18:26:19+05:30" level=info msg="Adding libraries dir" dir=/home/raj/.arduino15/packages/arduino/hardware/avr/1.8.8/libraries isSingleLibrary=false location=platform
time="2026-08-21T18:26:19+05:30" level=info msg="Adding libraries dir" dir=/home/raj/Arduino/libraries isSingleLibrary=false location=user
2026-08-21 18:27:30 2026-08-21T12:57:30.125Z daemon INFO time="2026-08-21T18:27:30+05:30" level=info msg="Adding libraries dir" dir=/home/raj/.arduino15/libraries isSingleLibrary=false location=ide
time="2026-08-21T18:27:30+05:30" level=info msg="Adding libraries dir" dir=/home/raj/.arduino15/packages/arduino/hardware/avr/1.8.8/libraries isSingleLibrary=false location=platform
2026-08-21 18:27:30 2026-08-21T12:57:30.125Z daemon INFO time="2026-08-21T18:27:30+05:30" level=info msg="Adding libraries dir" dir=/home/raj/Arduino/libraries isSingleLibrary=false location=user
2026-08-21 18:27:31 2026-08-21T12:57:31.341Z daemon INFO time="2026-08-21T18:27:31+05:30" level=info msg="Adding libraries dir" dir=/home/raj/.arduino15/libraries isSingleLibrary=false location=ide
time="2026-08-21T18:27:31+05:30" level=info msg="Adding libraries dir" dir=/home/raj/.arduino15/packages/arduino/hardware/avr/1.8.8/libraries isSingleLibrary=false location=platform
time="2026-08-21T18:27:31+05:30" level=info msg="Adding libraries dir" dir=/home/raj/Arduino/libraries isSingleLibrary=false location=user
2026-08-21 18:27:33 2026-08-21T12:57:33.594Z daemon INFO time="2026-08-21T18:27:33+05:30" level=info msg="Adding libraries dir" dir=/home/raj/.arduino15/libraries isSingleLibrary=false location=ide
time="2026-08-21T18:27:33+05:30" level=info msg="Adding libraries dir" dir=/home/raj/.arduino15/packages/arduino/hardware/avr/1.8.8/libraries isSingleLibrary=false location=platform
2026-08-21 18:27:33 2026-08-21T12:57:33.594Z daemon INFO time="2026-08-21T18:27:33+05:30" level=info msg="Adding libraries dir" dir=/home/raj/Arduino/libraries isSingleLibrary=false location=user
2026-08-21 18:27:34 2026-08-21T12:57:34.823Z daemon INFO time="2026-08-21T18:27:34+05:30" level=info msg="Adding libraries dir" dir=/home/raj/.arduino15/libraries isSingleLibrary=false location=ide
2026-08-21 18:27:34 2026-08-21T12:57:34.823Z daemon INFO time="2026-08-21T18:27:34+05:30" level=info msg="Adding libraries dir" dir=/home/raj/.arduino15/packages/arduino/hardware/avr/1.8.8/libraries isSingleLibrary=false location=platform
time="2026-08-21T18:27:34+05:30" level=info msg="Adding libraries dir" dir=/home/raj/Arduino/libraries isSingleLibrary=false location=user
2026-08-21 18:27:45 2026-08-21T12:57:45.591Z discovery-log INFO {"eventType":"add","port":{"matchingBoardsList":[],"port":{"address":"/dev/ttyUSB0","label":"/dev/ttyUSB0","protocol":"serial","protocolLabel":"Serial Port (USB)","propertiesMap":[["pid","0xEA60"],["serialNumber","0001"],["vid","0x10C4"]],"hardwareId":"0001"}},"error":""}
2026-08-21 18:27:45 2026-08-21T12:57:45.843Z monitor-service INFO starting monitor
2026-08-21 18:27:45 2026-08-21T12:57:45.845Z daemon INFO time="2026-08-21T18:27:45+05:30" level=info msg="Starting monitor process" monitor=serial-monitor
2026-08-21 18:27:45 2026-08-21T12:57:45.847Z daemon INFO time="2026-08-21T18:27:45+05:30" level=info msg="Monitor process started successfully!" monitor=serial-monitor
time="2026-08-21T18:27:45+05:30" level=info msg="sending command" command="HELLO 1 \"arduino-cli 1.5.1\"" monitor=serial-monitor
2026-08-21 18:27:45 2026-08-21T12:57:45.851Z daemon INFO time="2026-08-21T18:27:45+05:30" level=info msg="received message" error=false event_type=hello message=OK monitor=serial-monitor
time="2026-08-21T18:27:45+05:30" level=info msg="sending command" command=DESCRIBE monitor=serial-monitor
2026-08-21 18:27:45 2026-08-21T12:57:45.852Z daemon INFO time="2026-08-21T18:27:45+05:30" level=info msg="received message" error=false event_type=describe message=OK monitor=serial-monitor
time="2026-08-21T18:27:45+05:30" level=info msg="sending command" command=QUIT monitor=serial-monitor
time="2026-08-21T18:27:45+05:30" level=info msg="received message" error=false event_type=quit message=OK monitor=serial-monitor
2026-08-21 18:27:45 2026-08-21T12:57:45.852Z daemon INFO time="2026-08-21T18:27:45+05:30" level=info msg="Killing monitor process" monitor=serial-monitor
2026-08-21 18:27:45 2026-08-21T12:57:45.853Z daemon INFO time="2026-08-21T18:27:45+05:30" level=error msg="stopped decode loop: EOF" monitor=serial-monitor
2026-08-21 18:27:45 2026-08-21T12:57:45.853Z daemon INFO time="2026-08-21T18:27:45+05:30" level=info msg="Monitor process killed" monitor=serial-monitor
2026-08-21 18:27:45 2026-08-21T12:57:45.858Z daemon INFO time="2026-08-21T18:27:45+05:30" level=info msg="Starting monitor process" monitor=serial-monitor
2026-08-21 18:27:45 2026-08-21T12:57:45.862Z daemon INFO time="2026-08-21T18:27:45+05:30" level=info msg="Monitor process started successfully!" monitor=serial-monitor
time="2026-08-21T18:27:45+05:30" level=info msg="sending command" command="HELLO 1 \"arduino-cli 1.5.1\"" monitor=serial-monitor
2026-08-21 18:27:45 2026-08-21T12:57:45.865Z daemon INFO time="2026-08-21T18:27:45+05:30" level=info msg="received message" error=false event_type=hello message=OK monitor=serial-monitor
time="2026-08-21T18:27:45+05:30" level=info msg="sending command" command=DESCRIBE monitor=serial-monitor
2026-08-21 18:27:45 2026-08-21T12:57:45.865Z daemon INFO time="2026-08-21T18:27:45+05:30" level=info msg="received message" error=false event_type=describe message=OK monitor=serial-monitor
time="2026-08-21T18:27:45+05:30" level=info msg="sending command" command="CONFIGURE bits 8" monitor=serial-monitor
2026-08-21 18:27:45 2026-08-21T12:57:45.866Z daemon INFO time="2026-08-21T18:27:45+05:30" level=info msg="received message" error=false event_type=configure message=OK monitor=serial-monitor
time="2026-08-21T18:27:45+05:30" level=info msg="sending command" command="CONFIGURE dtr on" monitor=serial-monitor
2026-08-21 18:27:45 2026-08-21T12:57:45.866Z daemon INFO time="2026-08-21T18:27:45+05:30" level=info msg="received message" error=false event_type=configure message=OK monitor=serial-monitor
2026-08-21 18:27:45 2026-08-21T12:57:45.866Z daemon INFO time="2026-08-21T18:27:45+05:30" level=info msg="sending command" command="CONFIGURE parity none" monitor=serial-monitor
2026-08-21 18:27:45 2026-08-21T12:57:45.866Z daemon INFO time="2026-08-21T18:27:45+05:30" level=info msg="received message" error=false event_type=configure message=OK monitor=serial-monitor
2026-08-21 18:27:45 2026-08-21T12:57:45.866Z daemon INFO time="2026-08-21T18:27:45+05:30" level=info msg="sending command" command="CONFIGURE rts on" monitor=serial-monitor
2026-08-21 18:27:45 2026-08-21T12:57:45.867Z daemon INFO time="2026-08-21T18:27:45+05:30" level=info msg="received message" error=false event_type=configure message=OK monitor=serial-monitor
2026-08-21 18:27:45 2026-08-21T12:57:45.867Z daemon INFO time="2026-08-21T18:27:45+05:30" level=info msg="sending command" command="CONFIGURE stop_bits 1" monitor=serial-monitor
2026-08-21 18:27:45 2026-08-21T12:57:45.867Z daemon INFO time="2026-08-21T18:27:45+05:30" level=info msg="received message" error=false event_type=configure message=OK monitor=serial-monitor
2026-08-21 18:27:45 2026-08-21T12:57:45.867Z daemon INFO time="2026-08-21T18:27:45+05:30" level=info msg="sending command" command="CONFIGURE baudrate 9600" monitor=serial-monitor
2026-08-21 18:27:45 2026-08-21T12:57:45.867Z daemon INFO time="2026-08-21T18:27:45+05:30" level=info msg="received message" error=false event_type=configure message=OK monitor=serial-monitor
2026-08-21 18:27:45 2026-08-21T12:57:45.868Z daemon INFO time="2026-08-21T18:27:45+05:30" level=info msg="sending command" command="OPEN 127.0.0.1:42847 /dev/ttyUSB0" monitor=serial-monitor
2026-08-21 18:27:45 2026-08-21T12:57:45.899Z daemon INFO time="2026-08-21T18:27:45+05:30" level=info msg="received message" error=false event_type=open message=OK monitor=serial-monitor
2026-08-21 18:27:45 2026-08-21T12:57:45.899Z daemon INFO time="2026-08-21T18:27:45+05:30" level=info msg="Port /dev/ttyUSB0 successfully opened"
2026-08-21 18:27:45 2026-08-21T12:57:45.901Z monitor-service INFO Using port configuration for serial:/dev/ttyUSB0: {"settingsList":[{"settingId":"bits","value":"8"},{"settingId":"dtr","value":"on"},{"settingId":"parity","value":"none"},{"settingId":"rts","value":"on"},{"settingId":"stop_bits","value":"1"},{"settingId":"baudrate","value":"9600"}]}
2026-08-21 18:27:45 2026-08-21T12:57:45.901Z monitor-service INFO started monitor to /dev/ttyUSB0 using serial
2026-08-21 18:27:45 2026-08-21T12:57:45.904Z monitor-service INFO No port configuration changes have been detected. No need to send configure commands to the running monitor serial:/dev/ttyUSB0.
2026-08-21 18:27:45 2026-08-21T12:57:45.927Z monitor-service INFO No port configuration changes have been detected. No need to send configure commands to the running monitor serial:/dev/ttyUSB0.
2026-08-21 18:27:49 2026-08-21T12:57:49.662Z daemon INFO time="2026-08-21T18:27:49+05:30" level=info msg="Adding libraries dir" dir=/home/raj/.arduino15/libraries isSingleLibrary=false location=ide
time="2026-08-21T18:27:49+05:30" level=info msg="Adding libraries dir" dir=/home/raj/.arduino15/packages/arduino/hardware/avr/1.8.8/libraries isSingleLibrary=false location=platform
time="2026-08-21T18:27:49+05:30" level=info msg="Adding libraries dir" dir=/home/raj/Arduino/libraries isSingleLibrary=false location=user
2026-08-21 18:27:50 2026-08-21T12:57:50.173Z root INFO Executing 'arduino.languageserver.notifyBuildDidComplete' with "file:///home/raj/.cache/arduino/sketches/D62EAC9FF534F1D1198B128B65759379"
2026-08-21 18:27:50 2026-08-21T12:57:50.175Z daemon INFO time="2026-08-21T18:27:50+05:30" level=info msg="sending command" command=CLOSE monitor=serial-monitor
2026-08-21 18:27:50 2026-08-21T12:57:50.223Z daemon INFO time="2026-08-21T18:27:50+05:30" level=info msg="Tool required for debug" tool="arduino:arduinoOTA@1.3.0"
time="2026-08-21T18:27:50+05:30" level=info msg="Tool required for debug" tool="arduino:avr-gcc@7.3.0-atmel3.6.1-arduino7"
time="2026-08-21T18:27:50+05:30" level=info msg="Tool required for debug" tool="arduino:avrdude@8.0.0-arduino1"
time="2026-08-21T18:27:50+05:30" level=info msg="Tool required for debug" tool="builtin:mdns-discovery@1.1.0"
2026-08-21 18:27:50 2026-08-21T12:57:50.223Z daemon INFO time="2026-08-21T18:27:50+05:30" level=info msg="Tool required for debug" tool="builtin:serial-discovery@1.5.2"
time="2026-08-21T18:27:50+05:30" level=info msg="Tool required for debug" tool="builtin:serial-monitor@0.15.0"
time="2026-08-21T18:27:50+05:30" level=info msg="Tool required for debug" tool="builtin:ctags@5.8-arduino11"
time="2026-08-21T18:27:50+05:30" level=info msg="Tool required for debug" tool="builtin:dfu-discovery@0.1.2"
2026-08-21 18:27:50 2026-08-21T12:57:50.224Z root ERROR Failed to get debug config: arduino:avr:uno, undefined Error: Debugging is not supported.
    at Object.callback (/tmp/.mount_arduinEaFGal/resources/app/lib/backend/main.js:2:4762207)
    at Object.onReceiveStatus (/tmp/.mount_arduinEaFGal/resources/app/lib/backend/main.js:2:3797922)
    at Object.onReceiveStatus (/tmp/.mount_arduinEaFGal/resources/app/lib/backend/main.js:2:2231748)
    at Object.onReceiveStatus (/tmp/.mount_arduinEaFGal/resources/app/lib/backend/main.js:2:2231193)
    at /tmp/.mount_arduinEaFGal/resources/app/lib/backend/main.js:2:4368024
    at process.processTicksAndRejections (node:internal/process/task_queues:77:11)
2026-08-21 18:27:50 2026-08-21T12:57:50.234Z daemon INFO time="2026-08-21T18:27:50+05:30" level=info msg="received message" error=false event_type=close message=OK monitor=serial-monitor
time="2026-08-21T18:27:50+05:30" level=info msg="sending command" command=QUIT monitor=serial-monitor
2026-08-21 18:27:50 2026-08-21T12:57:50.234Z daemon INFO time="2026-08-21T18:27:50+05:30" level=info msg="received message" error=false event_type=quit message=OK monitor=serial-monitor
time="2026-08-21T18:27:50+05:30" level=info msg="Killing monitor process" monitor=serial-monitor
2026-08-21 18:27:50 2026-08-21T12:57:50.235Z daemon INFO time="2026-08-21T18:27:50+05:30" level=error msg="stopped decode loop: EOF" monitor=serial-monitor
2026-08-21 18:27:50 2026-08-21T12:57:50.235Z daemon INFO time="2026-08-21T18:27:50+05:30" level=info msg="Monitor process killed" monitor=serial-monitor
2026-08-21 18:27:50 2026-08-21T12:57:50.237Z monitor-service INFO monitor to /dev/ttyUSB0 using serial closed by server
2026-08-21 18:27:51 2026-08-21T12:57:51.191Z daemon INFO time="2026-08-21T18:27:51+05:30" level=info msg="Adding libraries dir" dir=/home/raj/.arduino15/libraries isSingleLibrary=false location=ide
time="2026-08-21T18:27:51+05:30" level=info msg="Adding libraries dir" dir=/home/raj/.arduino15/packages/arduino/hardware/avr/1.8.8/libraries isSingleLibrary=false location=platform
time="2026-08-21T18:27:51+05:30" level=info msg="Adding libraries dir" dir=/home/raj/Arduino/libraries isSingleLibrary=false location=user
2026-08-21 18:27:53 2026-08-21T12:57:53.030Z root INFO Received port after upload [arduino+serial:///dev/ttyUSB0, arduino:avr:uno, sketch_aug21a]. Before port: {"protocol":"serial","address":"/dev/ttyUSB0"}, after port: {"address":"/dev/ttyUSB0","addressLabel":"/dev/ttyUSB0","protocol":"serial","protocolLabel":"Serial Port (USB)","properties":{"pid":"0xEA60","serialNumber":"0001","vid":"0x10C4"},"hardwareId":"0001"}
2026-08-21 18:27:53 2026-08-21T12:57:53.032Z monitor-service INFO starting monitor
2026-08-21 18:27:53 2026-08-21T12:57:53.035Z daemon INFO time="2026-08-21T18:27:53+05:30" level=info msg="Starting monitor process" monitor=serial-monitor
2026-08-21 18:27:53 2026-08-21T12:57:53.035Z daemon INFO time="2026-08-21T18:27:53+05:30" level=info msg="Monitor process started successfully!" monitor=serial-monitor
time="2026-08-21T18:27:53+05:30" level=info msg="sending command" command="HELLO 1 \"arduino-cli 1.5.1\"" monitor=serial-monitor
2026-08-21 18:27:53 2026-08-21T12:57:53.039Z daemon INFO time="2026-08-21T18:27:53+05:30" level=info msg="received message" error=false event_type=hello message=OK monitor=serial-monitor
time="2026-08-21T18:27:53+05:30" level=info msg="sending command" command=DESCRIBE monitor=serial-monitor
2026-08-21 18:27:53 2026-08-21T12:57:53.039Z daemon INFO time="2026-08-21T18:27:53+05:30" level=info msg="received message" error=false event_type=describe message=OK monitor=serial-monitor
time="2026-08-21T18:27:53+05:30" level=info msg="sending command" command=QUIT monitor=serial-monitor
2026-08-21 18:27:53 2026-08-21T12:57:53.039Z daemon INFO time="2026-08-21T18:27:53+05:30" level=info msg="received message" error=false event_type=quit message=OK monitor=serial-monitor
2026-08-21 18:27:53 2026-08-21T12:57:53.039Z daemon INFO time="2026-08-21T18:27:53+05:30" level=info msg="Killing monitor process" monitor=serial-monitor
2026-08-21 18:27:53 2026-08-21T12:57:53.041Z daemon INFO time="2026-08-21T18:27:53+05:30" level=error msg="stopped decode loop: EOF" monitor=serial-monitor
time="2026-08-21T18:27:53+05:30" level=info msg="Monitor process killed" monitor=serial-monitor
2026-08-21 18:27:53 2026-08-21T12:57:53.048Z daemon INFO time="2026-08-21T18:27:53+05:30" level=info msg="Starting monitor process" monitor=serial-monitor
2026-08-21 18:27:53 2026-08-21T12:57:53.051Z daemon INFO time="2026-08-21T18:27:53+05:30" level=info msg="Monitor process started successfully!" monitor=serial-monitor
time="2026-08-21T18:27:53+05:30" level=info msg="sending command" command="HELLO 1 \"arduino-cli 1.5.1\"" monitor=serial-monitor
2026-08-21 18:27:53 2026-08-21T12:57:53.053Z daemon INFO time="2026-08-21T18:27:53+05:30" level=info msg="received message" error=false event_type=hello message=OK monitor=serial-monitor
time="2026-08-21T18:27:53+05:30" level=info msg="sending command" command=DESCRIBE monitor=serial-monitor
2026-08-21 18:27:53 2026-08-21T12:57:53.053Z daemon INFO time="2026-08-21T18:27:53+05:30" level=info msg="received message" error=false event_type=describe message=OK monitor=serial-monitor
2026-08-21 18:27:53 2026-08-21T12:57:53.053Z daemon INFO time="2026-08-21T18:27:53+05:30" level=info msg="sending command" command="CONFIGURE bits 8" monitor=serial-monitor
2026-08-21 18:27:53 2026-08-21T12:57:53.054Z daemon INFO time="2026-08-21T18:27:53+05:30" level=info msg="received message" error=false event_type=configure message=OK monitor=serial-monitor
time="2026-08-21T18:27:53+05:30" level=info msg="sending command" command="CONFIGURE dtr on" monitor=serial-monitor
2026-08-21 18:27:53 2026-08-21T12:57:53.054Z daemon INFO time="2026-08-21T18:27:53+05:30" level=info msg="received message" error=false event_type=configure message=OK monitor=serial-monitor
2026-08-21 18:27:53 2026-08-21T12:57:53.054Z daemon INFO time="2026-08-21T18:27:53+05:30" level=info msg="sending command" command="CONFIGURE parity none" monitor=serial-monitor
2026-08-21 18:27:53 2026-08-21T12:57:53.054Z daemon INFO time="2026-08-21T18:27:53+05:30" level=info msg="received message" error=false event_type=configure message=OK monitor=serial-monitor
time="2026-08-21T18:27:53+05:30" level=info msg="sending command" command="CONFIGURE rts on" monitor=serial-monitor
2026-08-21 18:27:53 2026-08-21T12:57:53.054Z daemon INFO time="2026-08-21T18:27:53+05:30" level=info msg="received message" error=false event_type=configure message=OK monitor=serial-monitor
time="2026-08-21T18:27:53+05:30" level=info msg="sending command" command="CONFIGURE stop_bits 1" monitor=serial-monitor
2026-08-21 18:27:53 2026-08-21T12:57:53.055Z daemon INFO time="2026-08-21T18:27:53+05:30" level=info msg="received message" error=false event_type=configure message=OK monitor=serial-monitor
time="2026-08-21T18:27:53+05:30" level=info msg="sending command" command="CONFIGURE baudrate 9600" monitor=serial-monitor
2026-08-21 18:27:53 2026-08-21T12:57:53.055Z daemon INFO time="2026-08-21T18:27:53+05:30" level=info msg="received message" error=false event_type=configure message=OK monitor=serial-monitor
2026-08-21 18:27:53 2026-08-21T12:57:53.055Z daemon INFO time="2026-08-21T18:27:53+05:30" level=info msg="sending command" command="OPEN 127.0.0.1:45101 /dev/ttyUSB0" monitor=serial-monitor
2026-08-21 18:27:53 2026-08-21T12:57:53.076Z daemon INFO time="2026-08-21T18:27:53+05:30" level=info msg="received message" error=false event_type=open message=OK monitor=serial-monitor
2026-08-21 18:27:53 2026-08-21T12:57:53.076Z daemon INFO time="2026-08-21T18:27:53+05:30" level=info msg="Port /dev/ttyUSB0 successfully opened"
2026-08-21 18:27:53 2026-08-21T12:57:53.077Z monitor-service INFO Using port configuration for serial:/dev/ttyUSB0: {"settingsList":[{"settingId":"bits","value":"8"},{"settingId":"dtr","value":"on"},{"settingId":"parity","value":"none"},{"settingId":"rts","value":"on"},{"settingId":"stop_bits","value":"1"},{"settingId":"baudrate","value":"9600"}]}
2026-08-21 18:27:53 2026-08-21T12:57:53.077Z monitor-service INFO started monitor to /dev/ttyUSB0 using serial
2026-08-21 18:27:53 2026-08-21T12:57:53.083Z monitor-service INFO No port configuration changes have been detected. No need to send configure commands to the running monitor serial:/dev/ttyUSB0.
2026-08-21 18:27:53 2026-08-21T12:57:53.106Z monitor-service INFO No port configuration changes have been detected. No need to send configure commands to the running monitor serial:/dev/ttyUSB0.
2026-08-21 18:28:04 2026-08-21T12:58:04.124Z daemon INFO time="2026-08-21T18:28:04+05:30" level=info msg="sending command" command=CLOSE monitor=serial-monitor
time="2026-08-21T18:28:04+05:30" level=info msg="received message" error=true event_type=port_closed message="readfrom tcp 127.0.0.1:59992->127.0.0.1:45101: Port has been closed" monitor=serial-monitor
2026-08-21 18:28:04 2026-08-21T12:58:04.124Z daemon INFO time="2026-08-21T18:28:04+05:30" level=info msg="monitor port has been closed externally" monitor=serial-monitor
time="2026-08-21T18:28:04+05:30" level=info msg="received message" error=true event_type=close message="port already closed" monitor=serial-monitor
2026-08-21 18:28:04 2026-08-21T12:58:04.125Z discovery-log INFO {"eventType":"remove","port":{"matchingBoardsList":[],"port":{"address":"/dev/ttyUSB0","label":"","protocol":"serial","protocolLabel":"","propertiesMap":[],"hardwareId":""}},"error":""}
2026-08-21 18:28:04 2026-08-21T12:58:04.125Z daemon INFO time="2026-08-21T18:28:04+05:30" level=info msg="sending command" command=QUIT monitor=serial-monitor
time="2026-08-21T18:28:04+05:30" level=info msg="received message" error=false event_type=quit message=OK monitor=serial-monitor
time="2026-08-21T18:28:04+05:30" level=info msg="Killing monitor process" monitor=serial-monitor
2026-08-21 18:28:04 2026-08-21T12:58:04.126Z daemon INFO time="2026-08-21T18:28:04+05:30" level=error msg="stopped decode loop: EOF" monitor=serial-monitor
time="2026-08-21T18:28:04+05:30" level=info msg="Monitor process killed" monitor=serial-monitor
2026-08-21 18:28:04 2026-08-21T12:58:04.128Z monitor-service INFO monitor to /dev/ttyUSB0 using serial closed by server
2026-08-21 18:29:25 2026-08-21T12:59:25.712Z root INFO New sketch 'sketch_aug21a' was created in sketchbook 'file:///home/raj/Arduino'.
2026-08-21 18:29:25 2026-08-21T12:59:25.755Z root INFO socked closed
2026-08-21 18:29:25 2026-08-21T12:59:25.755Z root INFO closing connection for 2
2026-08-21 18:29:25 2026-08-21T12:59:25.755Z root INFO Closing channel on service path '/localization-server'.
2026-08-21 18:29:25 2026-08-21T12:59:25.755Z root INFO Closing channel on service path '/os'.
2026-08-21 18:29:25 2026-08-21T12:59:25.755Z root INFO Closing channel on service path '/services/commands'.
2026-08-21 18:29:25 2026-08-21T12:59:25.755Z root INFO Closing channel on service path '/services/keyboard'.
2026-08-21 18:29:25 2026-08-21T12:59:25.755Z root INFO Closing channel on service path '/services/logger'.
2026-08-21 18:29:25 2026-08-21T12:59:25.755Z root INFO Closing channel on service path '/services/messageService'.
2026-08-21 18:29:25 2026-08-21T12:59:25.755Z root INFO Closing channel on service path '/services/ChannelCloseService'.
2026-08-21 18:29:25 2026-08-21T12:59:25.755Z root INFO Closing channel on service path '/services/remote-filesystem'.
2026-08-21 18:29:25 2026-08-21T12:59:25.755Z root INFO Closing channel on service path '/services/envs'.
2026-08-21 18:29:25 2026-08-21T12:59:25.755Z root INFO Closing channel on service path '/services/authentication-service'.
2026-08-21 18:29:25 2026-08-21T12:59:25.755Z root INFO Closing channel on service path '/services/sketches-service'.
2026-08-21 18:29:25 2026-08-21T12:59:25.755Z root INFO Closing channel on service path '/services/config-service'.
2026-08-21 18:29:25 2026-08-21T12:59:25.755Z root INFO Closing channel on service path '/services/workspace'.
2026-08-21 18:29:25 2026-08-21T12:59:25.755Z root INFO Closing channel on service path '/services/notification-service'.
2026-08-21 18:29:25 2026-08-21T12:59:25.755Z root INFO Closing channel on service path '/services/arduino-daemon'.
2026-08-21 18:29:25 2026-08-21T12:59:25.755Z root INFO Closing channel on service path '/services/stopwatch'.
2026-08-21 18:29:25 2026-08-21T12:59:25.755Z root INFO Closing channel on service path '/services/application'.
2026-08-21 18:29:25 2026-08-21T12:59:25.755Z root INFO Closing channel on service path '/services/i18n'.
2026-08-21 18:29:25 2026-08-21T12:59:25.755Z root INFO Closing channel on service path '/services/quickInput'.
2026-08-21 18:29:25 Closing channel on service path '/services/electron-window'.
2026-08-21 18:29:25 Closing channel on service path '/services/ide-updater'.
2026-08-21 18:29:25 2026-08-21T12:59:25.755Z root INFO Closing channel on service path '/services/debug'.
2026-08-21 18:29:25 2026-08-21T12:59:25.755Z root INFO Closing channel on service path '/services/shell-terminal'.
2026-08-21 18:29:25 2026-08-21T12:59:25.755Z root INFO Closing channel on service path '/services/quickPick'.
2026-08-21 18:29:25 2026-08-21T12:59:25.755Z root INFO Closing channel on service path '/services/task'.
2026-08-21 18:29:25 2026-08-21T12:59:25.755Z root INFO Closing channel on service path '/services/search'.
2026-08-21 18:29:25 2026-08-21T12:59:25.755Z root INFO Closing channel on service path '/services/hostedPlugin'.
2026-08-21 18:29:25 2026-08-21T12:59:25.755Z root INFO Closing channel on service path '/services/plugin-ext'.
2026-08-21 18:29:25 2026-08-21T12:59:25.755Z root INFO Closing channel on service path '/services/plugin-paths'.
2026-08-21 18:29:25 2026-08-21T12:59:25.755Z root INFO Closing channel on service path '/services/cli-preferences'.
2026-08-21 18:29:25 2026-08-21T12:59:25.755Z root INFO Closing channel on service path '/services/boards-service'.
2026-08-21 18:29:25 2026-08-21T12:59:25.755Z root INFO Closing channel on service path '/services/response-service'.
2026-08-21 18:29:25 2026-08-21T12:59:25.755Z root INFO Closing channel on service path '/services/file-system-ext'.
2026-08-21 18:29:25 2026-08-21T12:59:25.755Z root INFO Closing channel on service path '/services/core-service'.
2026-08-21 18:29:25 2026-08-21T12:59:25.755Z root INFO Closing channel on service path '/services/example-service'.
2026-08-21 18:29:25 2026-08-21T12:59:25.755Z root INFO Closing channel on service path '/services/library-service'.
2026-08-21 18:29:25 2026-08-21T12:59:25.755Z root INFO Closing channel on service path '/services/executable-service'.
2026-08-21 18:29:25 2026-08-21T12:59:25.755Z root INFO Closing channel on service path '/services/arduino-firmware-uploader'.
2026-08-21 18:29:25 2026-08-21T12:59:25.755Z root INFO Closing channel on service path '/services/formatter'.
2026-08-21 18:29:25 2026-08-21T12:59:25.755Z root INFO Closing channel on service path '/services/search-in-workspace'.
2026-08-21 18:29:25 2026-08-21T12:59:25.755Z root INFO Closing channel on service path '/services/request-service'.
2026-08-21 18:29:25 2026-08-21T12:59:25.755Z root INFO Closing channel on service path '/services/keyStore'.
2026-08-21 18:29:25 2026-08-21T12:59:25.755Z root INFO Closing channel on service path '/services/languagePackService'.
2026-08-21 18:29:25 2026-08-21T12:59:25.805Z root INFO New sketch 'sketch_aug21a' was created in sketchbook 'file:///home/raj/Arduino'.
2026-08-21 18:29:26 2026-08-21T12:59:26.621Z root INFO creating connection for 2
2026-08-21 18:29:27 2026-08-21T12:59:27.654Z root WARN A command editor.action.toggleStickyScroll is already registered.
2026-08-21 18:29:27 Opening channel for service path '/services/electron-window'.
2026-08-21 18:29:27 Opening channel for service path '/services/ide-updater'.
2026-08-21 18:29:27 2026-08-21T12:59:27.769Z root INFO Start frontend contributions: 283.9 ms [Finished 2.046 s after frontend start]
2026-08-21 18:29:27 2026-08-21T12:59:27.770Z root INFO Changed application state from 'init' to 'started_contributions'.
2026-08-21 18:29:27 2026-08-21T12:59:27.838Z root INFO Changed application state from 'started_contributions' to 'attached_shell'.
2026-08-21 18:29:27 2026-08-21T12:59:27.839Z root INFO >>> Restoring the layout state...
2026-08-21 18:29:27 2026-08-21T12:59:27.927Z root INFO [6ff2c657-1ab9-4bb8-9913-bc93534710f1] Waiting for backend deployment: 174.7 ms [Finished 2.215 s after frontend start]
2026-08-21 18:29:28 2026-08-21T12:59:28.068Z root INFO <<< Nothing to restore.
2026-08-21 18:29:28 2026-08-21T12:59:28.069Z root INFO Initialize the workbench layout: 212.4 ms [Finished 2.340 s after frontend start]
2026-08-21 18:29:28 2026-08-21T12:59:28.069Z root INFO Changed application state from 'attached_shell' to 'initialized_layout'.
2026-08-21 18:29:28 2026-08-21T12:59:28.703Z root INFO [hosted-plugin: 97952] PLUGIN_HOST(97952) starting instance
[Object: null prototype] {}
2026-08-21 18:29:29 2026-08-21T12:59:29.589Z root INFO [6ff2c657-1ab9-4bb8-9913-bc93534710f1] Sync of 23 plugins: 1613.9 ms [Finished 3.829 s after frontend start]
2026-08-21 18:29:29 2026-08-21T12:59:29.590Z root INFO [6ff2c657-1ab9-4bb8-9913-bc93534710f1] Loading plugin contributions
2026-08-21 18:29:29 2026-08-21T12:59:29.590Z root INFO [6ff2c657-1ab9-4bb8-9913-bc93534710f1] Load contributions of 23 plugins: 47.8 ms [Finished 3.877 s after frontend start]
2026-08-21 18:29:29 2026-08-21T12:59:29.626Z root WARN 'cpp' language is remapped from 'source.cpp.embedded.macro' to 'source.cpp' scope
2026-08-21 18:29:29 2026-08-21T12:59:29.626Z root WARN a registered grammar configuration for 'cpp' language is overridden
2026-08-21 18:29:29 2026-08-21T12:59:29.874Z root INFO Frontend application start: 2268.9 ms [Finished 1609.532 s after backend start]
2026-08-21 18:29:29 2026-08-21T12:59:29.924Z root INFO Replace loading indicator with ready workbench UI (animation): 1582.4 ms [Finished 3.939 s after frontend start]
2026-08-21 18:29:29 2026-08-21T12:59:29.928Z root INFO Changed application state from 'initialized_layout' to 'ready'.
2026-08-21 18:29:29 2026-08-21T12:59:29.928Z root WARN Linked preference "workbench.colorCustomizations" not found.
2026-08-21 18:29:29 2026-08-21T12:59:29.935Z fwuploader ERROR Error: Process exited with exit code: 1
    at ChildProcess.<anonymous> (/tmp/.mount_arduinEaFGal/resources/app/lib/backend/main.js:2:667669)
    at ChildProcess.emit (node:events:519:28)
    at ChildProcess._handle.onexit (node:internal/child_process:294:12)
2026-08-21 18:29:29 2026-08-21T12:59:29.944Z fwuploader ERROR Error: Process exited with exit code: 1
    at ChildProcess.<anonymous> (/tmp/.mount_arduinEaFGal/resources/app/lib/backend/main.js:2:667669)
    at ChildProcess.emit (node:events:519:28)
    at ChildProcess._handle.onexit (node:internal/child_process:294:12)
2026-08-21 18:29:29 2026-08-21T12:59:29.964Z root INFO Executing startup tasks:
2026-08-21 18:29:29 2026-08-21T12:59:29.964Z root INFO  - 'arduino-use-inherited-boards-data' , args: [{"fqbn":"arduino:avr:uno","data":{"configOptions":[],"programmers":[{"id":"arduinoisp","name":"ArduinoISP","platform":"arduino:avr@1.8.8"},{"id":"jtag3","name":"Atmel JTAGICE3 (JTAG mode)","platform":"arduino:avr@1.8.8"},{"id":"arduinoasisp","name":"Arduino as ISP","platform":"arduino:avr@1.8.8"},{"id":"usbGemma","name":"Arduino Gemma","platform":"arduino:avr@1.8.8"},{"id":"arduinoasispatmega32u4","name":"Arduino as ISP (ATmega32U4)","platform":"arduino:avr@1.8.8"},{"id":"atmel_ice","name":"Atmel-ICE (AVR)","platform":"arduino:avr@1.8.8"},{"id":"parallel","name":"Parallel Programmer","platform":"arduino:avr@1.8.8"},{"id":"stk500","name":"Atmel STK500 development board","platform":"arduino:avr@1.8.8"},{"id":"avrisp","name":"AVR ISP","platform":"arduino:avr@1.8.8"},{"id":"jtag3isp","name":"Atmel JTAGICE3 (ISP mode)","platform":"arduino:avr@1.8.8"},{"id":"usbasp","name":"USBasp","platform":"arduino:avr@1.8.8"},{"id":"avrispmkii","name":"AVRISP mkII","platform":"arduino:avr@1.8.8"},{"id":"arduinoisporg","name":"ArduinoISP.org","platform":"arduino:avr@1.8.8"},{"id":"usbtinyisp","name":"USBtinyISP","platform":"arduino:avr@1.8.8"},{"id":"buspirate","name":"BusPirate as ISP","platform":"arduino:avr@1.8.8"}]}}]
2026-08-21 18:29:29 2026-08-21T12:59:29.964Z root INFO  - 'arduino-use-inherited-boards-config' , args: [{"selectedBoard":{"name":"Arduino UNO","fqbn":"arduino:avr:uno","packageId":{"vendorId":"arduino","arch":"avr"},"packageName":"Arduino AVR Boards","manuallyInstalled":false,"selected":false,"missing":false},"selectedPort":{"protocol":"serial","address":"/dev/ttyUSB0"}},{"arduino+serial:///dev/ttyUSB0":{"name":"Arduino UNO","fqbn":"arduino:avr:uno","packageId":{"vendorId":"arduino","arch":"avr"},"packageName":"Arduino AVR Boards","manuallyInstalled":false,"selected":false,"missing":false}}]
2026-08-21 18:29:29 2026-08-21T12:59:29.964Z root INFO  - 'arduino-delete-sketch' , args: [{"toDelete":"file:///tmp/.arduinoIDE-unsaved2026721-92451-hxomk8.u6r8k/sketch_aug21a"}]
2026-08-21 18:29:30 Sketch file:///tmp/.arduinoIDE-unsaved2026721-92451-hxomk8.u6r8k/sketch_aug21a was scheduled for deletion
2026-08-21 18:29:30 Successfully deleted sketch /tmp/.arduinoIDE-unsaved2026721-92451-hxomk8.u6r8k/sketch_aug21a
2026-08-21 18:29:30 Successfully completed the scheduled sketch deletion: /tmp/.arduinoIDE-unsaved2026721-92451-hxomk8.u6r8k/sketch_aug21a
2026-08-21 18:29:30 2026-08-21T12:59:30.282Z root ERROR Failed to get debug config: arduino:avr:uno, undefined Error: Debugging is not supported.
    at Object.callback (/tmp/.mount_arduinEaFGal/resources/app/lib/backend/main.js:2:4762207)
    at Object.onReceiveStatus (/tmp/.mount_arduinEaFGal/resources/app/lib/backend/main.js:2:3797922)
    at Object.onReceiveStatus (/tmp/.mount_arduinEaFGal/resources/app/lib/backend/main.js:2:2231748)
    at Object.onReceiveStatus (/tmp/.mount_arduinEaFGal/resources/app/lib/backend/main.js:2:2231193)
    at /tmp/.mount_arduinEaFGal/resources/app/lib/backend/main.js:2:4368024
    at process.processTicksAndRejections (node:internal/process/task_queues:77:11)
2026-08-21 18:29:30 2026-08-21T12:59:30.284Z daemon INFO time="2026-08-21T18:29:30+05:30" level=info msg="Tool required for debug" tool="arduino:arduinoOTA@1.3.0"
time="2026-08-21T18:29:30+05:30" level=info msg="Tool required for debug" tool="arduino:avr-gcc@7.3.0-atmel3.6.1-arduino7"
time="2026-08-21T18:29:30+05:30" level=info msg="Tool required for debug" tool="arduino:avrdude@8.0.0-arduino1"
time="2026-08-21T18:29:30+05:30" level=info msg="Tool required for debug" tool="builtin:dfu-discovery@0.1.2"
time="2026-08-21T18:29:30+05:30" level=info msg="Tool required for debug" tool="builtin:mdns-discovery@1.1.0"
time="2026-08-21T18:29:30+05:30" level=info msg="Tool required for debug" tool="builtin:serial-discovery@1.5.2"
time="2026-08-21T18:29:30+05:30" level=info msg="Tool required for debug" tool="builtin:serial-monitor@0.15.0"
time="2026-08-21T18:29:30+05:30" level=info msg="Tool required for debug" tool="builtin:ctags@5.8-arduino11"
2026-08-21 18:29:30 2026-08-21T12:59:30.292Z daemon INFO time="2026-08-21T18:29:30+05:30" level=info msg="Tool required for debug" tool="arduino:arduinoOTA@1.3.0"
time="2026-08-21T18:29:30+05:30" level=info msg="Tool required for debug" tool="arduino:avr-gcc@7.3.0-atmel3.6.1-arduino7"
time="2026-08-21T18:29:30+05:30" level=info msg="Tool required for debug" tool="arduino:avrdude@8.0.0-arduino1"
time="2026-08-21T18:29:30+05:30" level=info msg="Tool required for debug" tool="builtin:serial-discovery@1.5.2"
time="2026-08-21T18:29:30+05:30" level=info msg="Tool required for debug" tool="builtin:serial-monitor@0.15.0"
2026-08-21 18:29:30 2026-08-21T12:59:30.292Z daemon INFO time="2026-08-21T18:29:30+05:30" level=info msg="Tool required for debug" tool="builtin:ctags@5.8-arduino11"
time="2026-08-21T18:29:30+05:30" level=info msg="Tool required for debug" tool="builtin:dfu-discovery@0.1.2"
time="2026-08-21T18:29:30+05:30" level=info msg="Tool required for debug" tool="builtin:mdns-discovery@1.1.0"
2026-08-21 18:29:30 2026-08-21T12:59:30.293Z root ERROR Failed to get debug config: arduino:avr:uno, undefined Error: Debugging is not supported.
    at Object.callback (/tmp/.mount_arduinEaFGal/resources/app/lib/backend/main.js:2:4762207)
    at Object.onReceiveStatus (/tmp/.mount_arduinEaFGal/resources/app/lib/backend/main.js:2:3797922)
    at Object.onReceiveStatus (/tmp/.mount_arduinEaFGal/resources/app/lib/backend/main.js:2:2231748)
    at Object.onReceiveStatus (/tmp/.mount_arduinEaFGal/resources/app/lib/backend/main.js:2:2231193)
    at /tmp/.mount_arduinEaFGal/resources/app/lib/backend/main.js:2:4368024
    at process.processTicksAndRejections (node:internal/process/task_queues:77:11)
2026-08-21 18:29:30 2026-08-21T12:59:30.406Z daemon INFO time="2026-08-21T18:29:30+05:30" level=info msg="Tool required for debug" tool="arduino:arduinoOTA@1.3.0"
time="2026-08-21T18:29:30+05:30" level=info msg="Tool required for debug" tool="arduino:avr-gcc@7.3.0-atmel3.6.1-arduino7"
time="2026-08-21T18:29:30+05:30" level=info msg="Tool required for debug" tool="arduino:avrdude@8.0.0-arduino1"
time="2026-08-21T18:29:30+05:30" level=info msg="Tool required for debug" tool="builtin:serial-discovery@1.5.2"
time="2026-08-21T18:29:30+05:30" level=info msg="Tool required for debug" tool="builtin:serial-monitor@0.15.0"
2026-08-21 18:29:30 2026-08-21T12:59:30.406Z daemon INFO time="2026-08-21T18:29:30+05:30" level=info msg="Tool required for debug" tool="builtin:ctags@5.8-arduino11"
time="2026-08-21T18:29:30+05:30" level=info msg="Tool required for debug" tool="builtin:dfu-discovery@0.1.2"
time="2026-08-21T18:29:30+05:30" level=info msg="Tool required for debug" tool="builtin:mdns-discovery@1.1.0"
2026-08-21 18:29:30 2026-08-21T12:59:30.407Z root ERROR Failed to get debug config: arduino:avr:uno, undefined Error: Debugging is not supported.
    at Object.callback (/tmp/.mount_arduinEaFGal/resources/app/lib/backend/main.js:2:4762207)
    at Object.onReceiveStatus (/tmp/.mount_arduinEaFGal/resources/app/lib/backend/main.js:2:3797922)
    at Object.onReceiveStatus (/tmp/.mount_arduinEaFGal/resources/app/lib/backend/main.js:2:2231748)
    at Object.onReceiveStatus (/tmp/.mount_arduinEaFGal/resources/app/lib/backend/main.js:2:2231193)
    at /tmp/.mount_arduinEaFGal/resources/app/lib/backend/main.js:2:4368024
    at process.processTicksAndRejections (node:internal/process/task_queues:77:11)
2026-08-21 18:29:30 2026-08-21T12:59:30.664Z root ERROR [hosted-plugin: 97952] Conflict in settings file Default: Ignoring cortex-debug.armToolchainPath.linux as cortex-debug.armToolchainPath is null
Conflict in settings file Default: Ignoring cortex-debug.armToolchainPath.osx as cortex-debug.armToolchainPath is null
Conflict in settings file Default: Ignoring cortex-debug.armToolchainPath.windows as cortex-debug.armToolchainPath is null
Conflict in settings file Default: Ignoring cortex-debug.JLinkGDBServerPath.linux as cortex-debug.JLinkGDBServerPath is null
Conflict in settings file Default: Ignoring cortex-debug.JLinkGDBServerPath.osx as cortex-debug.JLinkGDBServerPath is null
Conflict in settings file Default: Ignoring cortex-debug.JLinkGDBServerPath.windows as cortex-debug.JLinkGDBServerPath is null
Conflict in settings file Default: Ignoring cortex-debug.openocdPath.linux as cortex-debug.openocdPath is null
Conflict in settings file Default: Ignoring cortex-debug.openocdPath.osx as cortex-debug.openocdPath is null
Conflict in settings file Default: Ignoring cortex-debug.openocdPath.windows as cortex-debug.openocdPath is null
Conflict in settings file Default: Ignoring cortex-debug.pyocdPath.linux as cortex-debug.pyocdPath is null
Conflict in settings file Default: Ignoring cortex-debug.pyocdPath.osx as cortex-debug.pyocdPath is null
Conflict in settings file Default: Ignoring cortex-debug.pyocdPath.windows as cortex-debug.pyocdPath is null
Conflict in settings file Default: Ignoring cortex-debug.PEGDBServerPath.linux as cortex-debug.PEGDBServerPath is null
Conflict in settings file Default: Ignoring cortex-debug.PEGDBServerPath.osx as cortex-debug.PEGDBServerPath is null
Conflict in settings file Default: Ignoring cortex-debug.PEGDBServerPath.windows as cortex-debug.PEGDBServerPath is null
Conflict in settings file Default: Ignoring cortex-debug.stutilPath.linux as cortex-debug.stutilPath is null
Conflict in settings file Default: Ignoring cortex-debug.stutilPath.osx as cortex-debug.stutilPath is null
Conflict in settings file Default: Ignoring cortex-debug.stutilPath.windows as cortex-debug.stutilPath is null
Conflict in settings file Default: Ignoring cortex-debug.stlinkPath.linux as cortex-debug.stlinkPath is null
Conflict in settings file Default: Ignoring cortex-debug.stlinkPath.osx as cortex-debug.stlinkPath is null
Conflict in settings file Default: Ignoring cortex-debug.stlinkPath.windows as cortex-debug.stlinkPath is null
Conflict in settings file Default: Ignoring cortex-debug.stm32cubeprogrammer.linux as cortex-debug.stm32cubeprogrammer is null
Conflict in settings file Default: Ignoring cortex-debug.stm32cubeprogrammer.osx as cortex-debug.stm32cubeprogrammer is null
Conflict in settings file Default: Ignoring cortex-debug.stm32cubeprogrammer.windows as cortex-debug.stm32cubeprogrammer is null
2026-08-21 18:29:30 2026-08-21T12:59:30.719Z root INFO [hosted-plugin: 97952] PLUGIN_HOST(97952): PluginManagerExtImpl/init()
2026-08-21 18:29:30 2026-08-21T12:59:30.724Z root INFO [hosted-plugin: 97952] PLUGIN_HOST(97952): initializing(vscode-arduino-api@0.1.2 with /tmp/.mount_arduinEaFGal/resources/app/lib/backend/plugin-vscode-init)
2026-08-21 18:29:30 2026-08-21T12:59:30.835Z root INFO [hosted-plugin: 97952] PLUGIN_HOST(97952): initializing(json-language-features@1.88.1 with /tmp/.mount_arduinEaFGal/resources/app/lib/backend/plugin-vscode-init)
2026-08-21 18:29:30 2026-08-21T12:59:30.841Z root INFO [hosted-plugin: 97952] PLUGIN_HOST(97952): initializing(cortex-debug@1.5.1 with /tmp/.mount_arduinEaFGal/resources/app/lib/backend/plugin-vscode-init)
2026-08-21 18:29:30 2026-08-21T12:59:30.841Z root INFO [hosted-plugin: 97952] Debugger contribution has been registered: cortex-debug
2026-08-21 18:29:30 2026-08-21T12:59:30.843Z root INFO [hosted-plugin: 97952] PLUGIN_HOST(97952): initializing(vscode-arduino-tools@0.1.3 with /tmp/.mount_arduinEaFGal/resources/app/lib/backend/plugin-vscode-init)
2026-08-21 18:29:30 2026-08-21T12:59:30.847Z root INFO [hosted-plugin: 97952] PLUGIN_HOST(97952): initializing(cpp@1.88.1 with /tmp/.mount_arduinEaFGal/resources/app/lib/backend/plugin-vscode-init)
2026-08-21 18:29:30 2026-08-21T12:59:30.849Z root INFO [hosted-plugin: 97952] PLUGIN_HOST(97952): initializing(json@1.88.1 with /tmp/.mount_arduinEaFGal/resources/app/lib/backend/plugin-vscode-init)
2026-08-21 18:29:30 2026-08-21T12:59:30.851Z root INFO [hosted-plugin: 97952] PLUGIN_HOST(97952): initializing(vscode-language-pack-bg@1.48.3 with /tmp/.mount_arduinEaFGal/resources/app/lib/backend/plugin-vscode-init)
2026-08-21 18:29:30 2026-08-21T12:59:30.856Z root INFO [hosted-plugin: 97952] PLUGIN_HOST(97952): initializing(vscode-language-pack-cs@1.96.0 with /tmp/.mount_arduinEaFGal/resources/app/lib/backend/plugin-vscode-init)
2026-08-21 18:29:30 2026-08-21T12:59:30.857Z root INFO [hosted-plugin: 97952] PLUGIN_HOST(97952): initializing(vscode-language-pack-de@1.96.0 with /tmp/.mount_arduinEaFGal/resources/app/lib/backend/plugin-vscode-init)
2026-08-21 18:29:30 2026-08-21T12:59:30.858Z root INFO [hosted-plugin: 97952] PLUGIN_HOST(97952): initializing(vscode-language-pack-es@1.96.0 with /tmp/.mount_arduinEaFGal/resources/app/lib/backend/plugin-vscode-init)
2026-08-21 18:29:30 2026-08-21T12:59:30.859Z root INFO [hosted-plugin: 97952] PLUGIN_HOST(97952): initializing(vscode-language-pack-fr@1.96.0 with /tmp/.mount_arduinEaFGal/resources/app/lib/backend/plugin-vscode-init)
2026-08-21 18:29:30 2026-08-21T12:59:30.860Z root INFO [hosted-plugin: 97952] PLUGIN_HOST(97952): initializing(vscode-language-pack-hu@1.48.3 with /tmp/.mount_arduinEaFGal/resources/app/lib/backend/plugin-vscode-init)
2026-08-21 18:29:30 2026-08-21T12:59:30.861Z root INFO [hosted-plugin: 97952] PLUGIN_HOST(97952): initializing(vscode-language-pack-it@1.96.0 with /tmp/.mount_arduinEaFGal/resources/app/lib/backend/plugin-vscode-init)
2026-08-21 18:29:30 2026-08-21T12:59:30.862Z root INFO [hosted-plugin: 97952] PLUGIN_HOST(97952): initializing(vscode-language-pack-ja@1.96.0 with /tmp/.mount_arduinEaFGal/resources/app/lib/backend/plugin-vscode-init)
2026-08-21 18:29:30 2026-08-21T12:59:30.863Z root INFO [hosted-plugin: 97952] PLUGIN_HOST(97952): initializing(vscode-language-pack-ko@1.96.0 with /tmp/.mount_arduinEaFGal/resources/app/lib/backend/plugin-vscode-init)
2026-08-21 18:29:30 2026-08-21T12:59:30.864Z root INFO [hosted-plugin: 97952] PLUGIN_HOST(97952): initializing(vscode-language-pack-nl@1.48.3 with /tmp/.mount_arduinEaFGal/resources/app/lib/backend/plugin-vscode-init)
2026-08-21 18:29:30 2026-08-21T12:59:30.865Z root INFO [hosted-plugin: 97952] PLUGIN_HOST(97952): initializing(vscode-language-pack-pl@1.96.0 with /tmp/.mount_arduinEaFGal/resources/app/lib/backend/plugin-vscode-init)
2026-08-21 18:29:30 2026-08-21T12:59:30.866Z root INFO [hosted-plugin: 97952] PLUGIN_HOST(97952): initializing(vscode-language-pack-pt-BR@1.96.0 with /tmp/.mount_arduinEaFGal/resources/app/lib/backend/plugin-vscode-init)
2026-08-21 18:29:30 2026-08-21T12:59:30.866Z root INFO [hosted-plugin: 97952] PLUGIN_HOST(97952): initializing(vscode-language-pack-ru@1.96.0 with /tmp/.mount_arduinEaFGal/resources/app/lib/backend/plugin-vscode-init)
2026-08-21 18:29:30 2026-08-21T12:59:30.867Z root INFO [hosted-plugin: 97952] PLUGIN_HOST(97952): initializing(vscode-language-pack-tr@1.96.0 with /tmp/.mount_arduinEaFGal/resources/app/lib/backend/plugin-vscode-init)
2026-08-21 18:29:30 2026-08-21T12:59:30.868Z root INFO [hosted-plugin: 97952] PLUGIN_HOST(97952): initializing(vscode-language-pack-uk@1.48.3 with /tmp/.mount_arduinEaFGal/resources/app/lib/backend/plugin-vscode-init)
2026-08-21 18:29:30 2026-08-21T12:59:30.869Z root INFO [hosted-plugin: 97952] PLUGIN_HOST(97952): initializing(vscode-language-pack-zh-hans@1.96.0 with /tmp/.mount_arduinEaFGal/resources/app/lib/backend/plugin-vscode-init)
2026-08-21 18:29:30 2026-08-21T12:59:30.870Z root INFO [hosted-plugin: 97952] PLUGIN_HOST(97952): initializing(vscode-language-pack-zh-hant@1.96.0 with /tmp/.mount_arduinEaFGal/resources/app/lib/backend/plugin-vscode-init)
2026-08-21 18:29:30 2026-08-21T12:59:30.880Z root INFO [hosted-plugin: 97952] PLUGIN_HOST(97952): PluginManagerExtImpl/loadPlugin(/tmp/.mount_arduinEaFGal/resources/app/plugins/vscode-builtin-json-language-features/extension/client/dist/node/jsonClientMain)
2026-08-21 18:29:30 2026-08-21T12:59:30.945Z root INFO [hosted-plugin: 97952] PLUGIN_HOST(97952): PluginManagerExtImpl/loadPlugin(/tmp/.mount_arduinEaFGal/resources/app/plugins/vscode-arduino-api/extension/dist/extension.js)
2026-08-21 18:29:30 2026-08-21T12:59:30.949Z root INFO [hosted-plugin: 97952] calling activation function on Arduino IDE API for VS Code extensions
2026-08-21 18:29:30 2026-08-21T12:59:30.974Z root INFO [6ff2c657-1ab9-4bb8-9913-bc93534710f1] Starting plugins.
2026-08-21 18:29:31 2026-08-21T12:59:31.122Z root INFO [hosted-plugin: 97952] PLUGIN_HOST(97952): PluginManagerExtImpl/loadPlugin(/tmp/.mount_arduinEaFGal/resources/app/plugins/cortex-debug/extension/dist/extension.js)
2026-08-21 18:29:31 2026-08-21T12:59:31.163Z root INFO [hosted-plugin: 97952] Debug configuration provider has been registered: cortex-debug, trigger: 1
2026-08-21 18:29:31 2026-08-21T12:59:31.164Z root INFO [hosted-plugin: 97952] calling activation function on Cortex-Debug
2026-08-21 18:29:31 2026-08-21T12:59:31.168Z root INFO [hosted-plugin: 97952] GDB server console created
2026-08-21 18:29:31 2026-08-21T12:59:31.176Z root INFO [6ff2c657-1ab9-4bb8-9913-bc93534710f1] Start of 23 plugins: 1572.4 ms [Finished 5.464 s after frontend start]
2026-08-21 18:29:31 2026-08-21T12:59:31.191Z root INFO Starting language server: arduino:avr:uno
2026-08-21 18:29:31 2026-08-21T12:59:31.256Z root INFO [hosted-plugin: 97952] calling activation function on JSON Language Features (built-in)
2026-08-21 18:29:31 2026-08-21T12:59:31.257Z root INFO [hosted-plugin: 97952] PLUGIN_HOST(97952): PluginManagerExtImpl/loadPlugin(/tmp/.mount_arduinEaFGal/resources/app/plugins/vscode-arduino-tools/extension/dist/extension.js)
2026-08-21 18:29:31 2026-08-21T12:59:31.291Z root INFO [hosted-plugin: 97952] calling activation function on VS Code Arduino Tools
2026-08-21 18:29:31 2026-08-21T12:59:31.327Z daemon INFO time="2026-08-21T18:29:31+05:30" level=info msg="Adding libraries dir" dir=/home/raj/.arduino15/libraries isSingleLibrary=false location=ide
time="2026-08-21T18:29:31+05:30" level=info msg="Adding libraries dir" dir=/home/raj/.arduino15/packages/arduino/hardware/avr/1.8.8/libraries isSingleLibrary=false location=platform
2026-08-21 18:29:31 2026-08-21T12:59:31.327Z daemon INFO time="2026-08-21T18:29:31+05:30" level=info msg="Adding libraries dir" dir=/home/raj/Arduino/libraries isSingleLibrary=false location=user
2026-08-21 18:29:31 2026-08-21T12:59:31.530Z daemon INFO time="2026-08-21T18:29:31+05:30" level=info msg="Adding libraries dir" dir=/home/raj/.arduino15/libraries isSingleLibrary=false location=ide
time="2026-08-21T18:29:31+05:30" level=info msg="Adding libraries dir" dir=/home/raj/.arduino15/packages/arduino/hardware/avr/1.8.8/libraries isSingleLibrary=false location=platform
time="2026-08-21T18:29:31+05:30" level=info msg="Adding libraries dir" dir=/home/raj/Arduino/libraries isSingleLibrary=false location=user
2026-08-21 18:29:34 isTempSketch: false. Input was /home/raj/Arduino/sketch_aug14b
2026-08-21 18:29:34 Marking workspace as a closed sketch. Workspace URI: file:///home/raj/Arduino/sketch_aug14b. Date: 1787317174656.
2026-08-21 18:29:34 isTempSketch: false. Input was /home/raj/Arduino/sketch_aug14b
2026-08-21 18:29:34 Marking workspace as a closed sketch. Workspace URI: file:///home/raj/Arduino/sketch_aug14b. Date: 1787317174662.
2026-08-21 18:29:34 2026-08-21T12:59:34.673Z root INFO socked closed
2026-08-21 18:29:34 2026-08-21T12:59:34.673Z root INFO closing connection for 1
2026-08-21 18:29:34 2026-08-21T12:59:34.673Z root INFO Closing channel on service path '/localization-server'.
2026-08-21 18:29:34 2026-08-21T12:59:34.673Z root INFO Closing channel on service path '/os'.
2026-08-21 18:29:34 2026-08-21T12:59:34.673Z root INFO Closing channel on service path '/services/commands'.
2026-08-21 18:29:34 2026-08-21T12:59:34.673Z root INFO Closing channel on service path '/services/keyboard'.
2026-08-21 18:29:34 2026-08-21T12:59:34.673Z root INFO Closing channel on service path '/services/logger'.
2026-08-21 18:29:34 2026-08-21T12:59:34.673Z root INFO Closing channel on service path '/services/messageService'.
2026-08-21 18:29:34 2026-08-21T12:59:34.673Z root INFO Closing channel on service path '/services/ChannelCloseService'.
2026-08-21 18:29:34 2026-08-21T12:59:34.673Z root INFO Closing channel on service path '/services/remote-filesystem'.
2026-08-21 18:29:34 2026-08-21T12:59:34.673Z root INFO Closing channel on service path '/services/envs'.
2026-08-21 18:29:34 2026-08-21T12:59:34.673Z root INFO Closing channel on service path '/services/authentication-service'.
2026-08-21 18:29:34 2026-08-21T12:59:34.673Z root INFO Closing channel on service path '/services/sketches-service'.
2026-08-21 18:29:34 2026-08-21T12:59:34.673Z root INFO Closing channel on service path '/services/config-service'.
2026-08-21 18:29:34 2026-08-21T12:59:34.673Z root INFO Closing channel on service path '/services/workspace'.
2026-08-21 18:29:34 2026-08-21T12:59:34.673Z root INFO Closing channel on service path '/services/notification-service'.
2026-08-21 18:29:34 2026-08-21T12:59:34.673Z root INFO Closing channel on service path '/services/arduino-daemon'.
2026-08-21 18:29:34 2026-08-21T12:59:34.673Z root INFO Closing channel on service path '/services/stopwatch'.
2026-08-21 18:29:34 2026-08-21T12:59:34.673Z root INFO Closing channel on service path '/services/application'.
2026-08-21 18:29:34 2026-08-21T12:59:34.673Z root INFO Closing channel on service path '/services/i18n'.
2026-08-21 18:29:34 2026-08-21T12:59:34.673Z root INFO Closing channel on service path '/services/quickInput'.
2026-08-21 18:29:34 2026-08-21T12:59:34.673Z root INFO Closing channel on service path '/services/debug'.
2026-08-21 18:29:34 2026-08-21T12:59:34.673Z root INFO Closing channel on service path '/services/shell-terminal'.
2026-08-21 18:29:34 2026-08-21T12:59:34.673Z root INFO Closing channel on service path '/services/quickPick'.
2026-08-21 18:29:34 2026-08-21T12:59:34.673Z root INFO Closing channel on service path '/services/task'.
2026-08-21 18:29:34 2026-08-21T12:59:34.673Z root INFO Closing channel on service path '/services/search'.
2026-08-21 18:29:34 2026-08-21T12:59:34.673Z root INFO Closing channel on service path '/services/hostedPlugin'.
2026-08-21 18:29:34 2026-08-21T12:59:34.673Z root INFO Closing channel on service path '/services/plugin-ext'.
2026-08-21 18:29:34 2026-08-21T12:59:34.673Z root INFO Closing channel on service path '/services/plugin-paths'.
2026-08-21 18:29:34 2026-08-21T12:59:34.673Z root INFO Closing channel on service path '/services/cli-preferences'.
2026-08-21 18:29:34 2026-08-21T12:59:34.673Z root INFO Closing channel on service path '/services/boards-service'.
2026-08-21 18:29:34 2026-08-21T12:59:34.673Z root INFO Closing channel on service path '/services/response-service'.
2026-08-21 18:29:34 2026-08-21T12:59:34.673Z root INFO Closing channel on service path '/services/file-system-ext'.
2026-08-21 18:29:34 2026-08-21T12:59:34.673Z root INFO Closing channel on service path '/services/core-service'.
2026-08-21 18:29:34 2026-08-21T12:59:34.673Z root INFO Closing channel on service path '/services/example-service'.
2026-08-21 18:29:34 2026-08-21T12:59:34.673Z root INFO Closing channel on service path '/services/library-service'.
2026-08-21 18:29:34 2026-08-21T12:59:34.673Z root INFO Closing channel on service path '/services/executable-service'.
2026-08-21 18:29:34 2026-08-21T12:59:34.673Z root INFO Closing channel on service path '/services/arduino-firmware-uploader'.
2026-08-21 18:29:34 2026-08-21T12:59:34.673Z root INFO Closing channel on service path '/services/formatter'.
2026-08-21 18:29:34 2026-08-21T12:59:34.673Z root INFO Closing channel on service path '/services/search-in-workspace'.
2026-08-21 18:29:34 2026-08-21T12:59:34.673Z root INFO Closing channel on service path '/services/request-service'.
2026-08-21 18:29:34 2026-08-21T12:59:34.673Z root INFO Closing channel on service path '/services/keyStore'.
2026-08-21 18:29:34 2026-08-21T12:59:34.673Z root INFO Closing channel on service path '/services/languagePackService'.
2026-08-21 18:29:34 2026-08-21T12:59:34.673Z root INFO Closing channel on service path '/services/monitor-manager-proxy'.
2026-08-21 18:29:34 Closing channel on service path '/services/electron-window'.
2026-08-21 18:29:34 Closing channel on service path '/services/ide-updater'.
2026-08-21 18:29:34 2026-08-21T12:59:34.787Z monitor-service WARN monitor to /dev/ttyUSB0 using serial already stopped
2026-08-21 18:29:46 2026-08-21T12:59:46.294Z root INFO creating connection for 3
2026-08-21 18:29:47 2026-08-21T12:59:47.413Z root WARN A command editor.action.toggleStickyScroll is already registered.
2026-08-21 18:29:47 Opening channel for service path '/services/electron-window'.
2026-08-21 18:29:47 Opening channel for service path '/services/ide-updater'.
2026-08-21 18:29:47 2026-08-21T12:59:47.584Z root INFO Start frontend contributions: 366.0 ms [Finished 2.154 s after frontend start]
2026-08-21 18:29:47 2026-08-21T12:59:47.584Z root INFO Changed application state from 'init' to 'started_contributions'.
2026-08-21 18:29:47 2026-08-21T12:59:47.595Z root INFO Changed application state from 'started_contributions' to 'attached_shell'.
2026-08-21 18:29:47 2026-08-21T12:59:47.595Z root INFO >>> Restoring the layout state...
2026-08-21 18:29:47 2026-08-21T12:59:47.660Z root INFO [7ac42d5f-0a8e-4ff8-925b-ceac9d7ff770] Waiting for backend deployment: 109.3 ms [Finished 2.252 s after frontend start]
2026-08-21 18:29:47 2026-08-21T12:59:47.846Z root INFO <<< Nothing to restore.
2026-08-21 18:29:47 2026-08-21T12:59:47.846Z root INFO Initialize the workbench layout: 213.3 ms [Finished 2.402 s after frontend start]
2026-08-21 18:29:47 2026-08-21T12:59:47.846Z root INFO Changed application state from 'attached_shell' to 'initialized_layout'.
2026-08-21 18:29:48 2026-08-21T12:59:48.377Z root INFO [hosted-plugin: 98096] PLUGIN_HOST(98096) starting instance
[Object: null prototype] {}
2026-08-21 18:29:49 2026-08-21T12:59:49.388Z root INFO [7ac42d5f-0a8e-4ff8-925b-ceac9d7ff770] Sync of 23 plugins: 1675.0 ms [Finished 3.927 s after frontend start]
2026-08-21 18:29:49 2026-08-21T12:59:49.389Z root INFO [7ac42d5f-0a8e-4ff8-925b-ceac9d7ff770] Loading plugin contributions
2026-08-21 18:29:49 2026-08-21T12:59:49.389Z root INFO [7ac42d5f-0a8e-4ff8-925b-ceac9d7ff770] Load contributions of 23 plugins: 53.2 ms [Finished 3.981 s after frontend start]
2026-08-21 18:29:49 2026-08-21T12:59:49.432Z root WARN 'cpp' language is remapped from 'source.cpp.embedded.macro' to 'source.cpp' scope
2026-08-21 18:29:49 2026-08-21T12:59:49.432Z root WARN a registered grammar configuration for 'cpp' language is overridden
2026-08-21 18:29:49 2026-08-21T12:59:49.724Z root INFO Frontend application start: 2374.6 ms [Finished 1629.383 s after backend start]
2026-08-21 18:29:49 2026-08-21T12:59:49.774Z root INFO Replace loading indicator with ready workbench UI (animation): 1640.3 ms [Finished 4.060 s after frontend start]
2026-08-21 18:29:49 2026-08-21T12:59:49.774Z root INFO Changed application state from 'initialized_layout' to 'ready'.
2026-08-21 18:29:49 2026-08-21T12:59:49.774Z root WARN Linked preference "workbench.colorCustomizations" not found.
2026-08-21 18:29:49 2026-08-21T12:59:49.780Z fwuploader ERROR Error: Process exited with exit code: 1
    at ChildProcess.<anonymous> (/tmp/.mount_arduinEaFGal/resources/app/lib/backend/main.js:2:667669)
    at ChildProcess.emit (node:events:519:28)
    at ChildProcess._handle.onexit (node:internal/child_process:294:12)
2026-08-21 18:29:49 2026-08-21T12:59:49.781Z fwuploader ERROR Error: Process exited with exit code: 1
    at ChildProcess.<anonymous> (/tmp/.mount_arduinEaFGal/resources/app/lib/backend/main.js:2:667669)
    at ChildProcess.emit (node:events:519:28)
    at ChildProcess._handle.onexit (node:internal/child_process:294:12)
2026-08-21 18:29:49 2026-08-21T12:59:49.902Z root INFO Executing startup tasks:
2026-08-21 18:29:49 2026-08-21T12:59:49.902Z root INFO  - 'arduino-use-inherited-boards-data' , args: [{"fqbn":"arduino:avr:uno","data":{"configOptions":[],"programmers":[{"id":"arduinoisp","name":"ArduinoISP","platform":"arduino:avr@1.8.8"},{"id":"jtag3","name":"Atmel JTAGICE3 (JTAG mode)","platform":"arduino:avr@1.8.8"},{"id":"arduinoasisp","name":"Arduino as ISP","platform":"arduino:avr@1.8.8"},{"id":"usbGemma","name":"Arduino Gemma","platform":"arduino:avr@1.8.8"},{"id":"arduinoasispatmega32u4","name":"Arduino as ISP (ATmega32U4)","platform":"arduino:avr@1.8.8"},{"id":"atmel_ice","name":"Atmel-ICE (AVR)","platform":"arduino:avr@1.8.8"},{"id":"parallel","name":"Parallel Programmer","platform":"arduino:avr@1.8.8"},{"id":"stk500","name":"Atmel STK500 development board","platform":"arduino:avr@1.8.8"},{"id":"avrisp","name":"AVR ISP","platform":"arduino:avr@1.8.8"},{"id":"jtag3isp","name":"Atmel JTAGICE3 (ISP mode)","platform":"arduino:avr@1.8.8"},{"id":"usbasp","name":"USBasp","platform":"arduino:avr@1.8.8"},{"id":"avrispmkii","name":"AVRISP mkII","platform":"arduino:avr@1.8.8"},{"id":"arduinoisporg","name":"ArduinoISP.org","platform":"arduino:avr@1.8.8"},{"id":"usbtinyisp","name":"USBtinyISP","platform":"arduino:avr@1.8.8"},{"id":"buspirate","name":"BusPirate as ISP","platform":"arduino:avr@1.8.8"}]}}]
2026-08-21 18:29:49 2026-08-21T12:59:49.903Z root INFO  - 'arduino-use-inherited-boards-config' , args: [{"selectedBoard":{"name":"Arduino UNO","fqbn":"arduino:avr:uno","packageId":{"vendorId":"arduino","arch":"avr"},"packageName":"Arduino AVR Boards","manuallyInstalled":false,"selected":false,"missing":false},"selectedPort":{"protocol":"serial","address":"/dev/ttyUSB0"}},{"arduino+serial:///dev/ttyUSB0":{"name":"Arduino UNO","fqbn":"arduino:avr:uno","packageId":{"vendorId":"arduino","arch":"avr"},"packageName":"Arduino AVR Boards","manuallyInstalled":false,"selected":false,"missing":false}}]
2026-08-21 18:29:50 2026-08-21T12:59:50.261Z root ERROR Failed to get debug config: arduino:avr:uno, undefined Error: Debugging is not supported.
    at Object.callback (/tmp/.mount_arduinEaFGal/resources/app/lib/backend/main.js:2:4762207)
    at Object.onReceiveStatus (/tmp/.mount_arduinEaFGal/resources/app/lib/backend/main.js:2:3797922)
    at Object.onReceiveStatus (/tmp/.mount_arduinEaFGal/resources/app/lib/backend/main.js:2:2231748)
    at Object.onReceiveStatus (/tmp/.mount_arduinEaFGal/resources/app/lib/backend/main.js:2:2231193)
    at /tmp/.mount_arduinEaFGal/resources/app/lib/backend/main.js:2:4368024
    at process.processTicksAndRejections (node:internal/process/task_queues:77:11)
2026-08-21 18:29:50 2026-08-21T12:59:50.262Z daemon INFO time="2026-08-21T18:29:50+05:30" level=info msg="Tool required for debug" tool="arduino:arduinoOTA@1.3.0"
time="2026-08-21T18:29:50+05:30" level=info msg="Tool required for debug" tool="arduino:avr-gcc@7.3.0-atmel3.6.1-arduino7"
time="2026-08-21T18:29:50+05:30" level=info msg="Tool required for debug" tool="arduino:avrdude@8.0.0-arduino1"
time="2026-08-21T18:29:50+05:30" level=info msg="Tool required for debug" tool="builtin:ctags@5.8-arduino11"
time="2026-08-21T18:29:50+05:30" level=info msg="Tool required for debug" tool="builtin:dfu-discovery@0.1.2"
time="2026-08-21T18:29:50+05:30" level=info msg="Tool required for debug" tool="builtin:mdns-discovery@1.1.0"
time="2026-08-21T18:29:50+05:30" level=info msg="Tool required for debug" tool="builtin:serial-discovery@1.5.2"
time="2026-08-21T18:29:50+05:30" level=info msg="Tool required for debug" tool="builtin:serial-monitor@0.15.0"
2026-08-21 18:29:50 2026-08-21T12:59:50.264Z daemon INFO time="2026-08-21T18:29:50+05:30" level=info msg="Tool required for debug" tool="arduino:arduinoOTA@1.3.0"
time="2026-08-21T18:29:50+05:30" level=info msg="Tool required for debug" tool="arduino:avr-gcc@7.3.0-atmel3.6.1-arduino7"
time="2026-08-21T18:29:50+05:30" level=info msg="Tool required for debug" tool="arduino:avrdude@8.0.0-arduino1"
time="2026-08-21T18:29:50+05:30" level=info msg="Tool required for debug" tool="builtin:dfu-discovery@0.1.2"
2026-08-21 18:29:50 2026-08-21T12:59:50.264Z daemon INFO time="2026-08-21T18:29:50+05:30" level=info msg="Tool required for debug" tool="builtin:mdns-discovery@1.1.0"
time="2026-08-21T18:29:50+05:30" level=info msg="Tool required for debug" tool="builtin:serial-discovery@1.5.2"
time="2026-08-21T18:29:50+05:30" level=info msg="Tool required for debug" tool="builtin:serial-monitor@0.15.0"
time="2026-08-21T18:29:50+05:30" level=info msg="Tool required for debug" tool="builtin:ctags@5.8-arduino11"
2026-08-21 18:29:50 2026-08-21T12:59:50.265Z root ERROR Failed to get debug config: arduino:avr:uno, undefined Error: Debugging is not supported.
    at Object.callback (/tmp/.mount_arduinEaFGal/resources/app/lib/backend/main.js:2:4762207)
    at Object.onReceiveStatus (/tmp/.mount_arduinEaFGal/resources/app/lib/backend/main.js:2:3797922)
    at Object.onReceiveStatus (/tmp/.mount_arduinEaFGal/resources/app/lib/backend/main.js:2:2231748)
    at Object.onReceiveStatus (/tmp/.mount_arduinEaFGal/resources/app/lib/backend/main.js:2:2231193)
    at /tmp/.mount_arduinEaFGal/resources/app/lib/backend/main.js:2:4368024
    at process.processTicksAndRejections (node:internal/process/task_queues:77:11)
2026-08-21 18:29:50 2026-08-21T12:59:50.354Z daemon INFO time="2026-08-21T18:29:50+05:30" level=info msg="Tool required for debug" tool="arduino:arduinoOTA@1.3.0"
time="2026-08-21T18:29:50+05:30" level=info msg="Tool required for debug" tool="arduino:avr-gcc@7.3.0-atmel3.6.1-arduino7"
time="2026-08-21T18:29:50+05:30" level=info msg="Tool required for debug" tool="arduino:avrdude@8.0.0-arduino1"
time="2026-08-21T18:29:50+05:30" level=info msg="Tool required for debug" tool="builtin:serial-monitor@0.15.0"
time="2026-08-21T18:29:50+05:30" level=info msg="Tool required for debug" tool="builtin:ctags@5.8-arduino11"
time="2026-08-21T18:29:50+05:30" level=info msg="Tool required for debug" tool="builtin:dfu-discovery@0.1.2"
time="2026-08-21T18:29:50+05:30" level=info msg="Tool required for debug" tool="builtin:mdns-discovery@1.1.0"
time="2026-08-21T18:29:50+05:30" level=info msg="Tool required for debug" tool="builtin:serial-discovery@1.5.2"
2026-08-21 18:29:50 2026-08-21T12:59:50.355Z root ERROR Failed to get debug config: arduino:avr:uno, undefined Error: Debugging is not supported.
    at Object.callback (/tmp/.mount_arduinEaFGal/resources/app/lib/backend/main.js:2:4762207)
    at Object.onReceiveStatus (/tmp/.mount_arduinEaFGal/resources/app/lib/backend/main.js:2:3797922)
    at Object.onReceiveStatus (/tmp/.mount_arduinEaFGal/resources/app/lib/backend/main.js:2:2231748)
    at Object.onReceiveStatus (/tmp/.mount_arduinEaFGal/resources/app/lib/backend/main.js:2:2231193)
    at /tmp/.mount_arduinEaFGal/resources/app/lib/backend/main.js:2:4368024
    at process.processTicksAndRejections (node:internal/process/task_queues:77:11)
2026-08-21 18:29:50 2026-08-21T12:59:50.567Z root ERROR [hosted-plugin: 98096] Conflict in settings file Default: Ignoring cortex-debug.armToolchainPath.linux as cortex-debug.armToolchainPath is null
Conflict in settings file Default: Ignoring cortex-debug.armToolchainPath.osx as cortex-debug.armToolchainPath is null
Conflict in settings file Default: Ignoring cortex-debug.armToolchainPath.windows as cortex-debug.armToolchainPath is null
2026-08-21 18:29:50 2026-08-21T12:59:50.567Z root ERROR [hosted-plugin: 98096] Conflict in settings file Default: Ignoring cortex-debug.JLinkGDBServerPath.linux as cortex-debug.JLinkGDBServerPath is null
Conflict in settings file Default: Ignoring cortex-debug.JLinkGDBServerPath.osx as cortex-debug.JLinkGDBServerPath is null
Conflict in settings file Default: Ignoring cortex-debug.JLinkGDBServerPath.windows as cortex-debug.JLinkGDBServerPath is null
Conflict in settings file Default: Ignoring cortex-debug.openocdPath.linux as cortex-debug.openocdPath is null
Conflict in settings file Default: Ignoring cortex-debug.openocdPath.osx as cortex-debug.openocdPath is null
Conflict in settings file Default: Ignoring cortex-debug.openocdPath.windows as cortex-debug.openocdPath is null
Conflict in settings file Default: Ignoring cortex-debug.pyocdPath.linux as cortex-debug.pyocdPath is null
Conflict in settings file Default: Ignoring cortex-debug.pyocdPath.osx as cortex-debug.pyocdPath is null
Conflict in settings file Default: Ignoring cortex-debug.pyocdPath.windows as cortex-debug.pyocdPath is null
Conflict in settings file Default: Ignoring cortex-debug.PEGDBServerPath.linux as cortex-debug.PEGDBServerPath is null
Conflict in settings file Default: Ignoring cortex-debug.PEGDBServerPath.osx as cortex-debug.PEGDBServerPath is null
Conflict in settings file Default: Ignoring cortex-debug.PEGDBServerPath.windows as cortex-debug.PEGDBServerPath is null
Conflict in settings file Default: Ignoring cortex-debug.stutilPath.linux as cortex-debug.stutilPath is null
Conflict in settings file Default: Ignoring cortex-debug.stutilPath.osx as cortex-debug.stutilPath is null
Conflict in settings file Default: Ignoring cortex-debug.stutilPath.windows as cortex-debug.stutilPath is null
Conflict in settings file Default: Ignoring cortex-debug.stlinkPath.linux as cortex-debug.stlinkPath is null
Conflict in settings file Default: Ignoring cortex-debug.stlinkPath.osx as cortex-debug.stlinkPath is null
Conflict in settings file Default: Ignoring cortex-debug.stlinkPath.windows as cortex-debug.stlinkPath is null
Conflict in settings file Default: Ignoring cortex-debug.stm32cubeprogrammer.linux as cortex-debug.stm32cubeprogrammer is null
Conflict in settings file Default: Ignoring cortex-debug.stm32cubeprogrammer.osx as cortex-debug.stm32cubeprogrammer is null
Conflict in settings file Default: Ignoring cortex-debug.stm32cubeprogrammer.windows as cortex-debug.stm32cubeprogrammer is null
2026-08-21 18:29:50 2026-08-21T12:59:50.618Z root INFO [hosted-plugin: 98096] PLUGIN_HOST(98096): PluginManagerExtImpl/init()
2026-08-21 18:29:50 2026-08-21T12:59:50.622Z root INFO [hosted-plugin: 98096] PLUGIN_HOST(98096): initializing(vscode-arduino-api@0.1.2 with /tmp/.mount_arduinEaFGal/resources/app/lib/backend/plugin-vscode-init)
2026-08-21 18:29:50 2026-08-21T12:59:50.734Z root INFO [hosted-plugin: 98096] PLUGIN_HOST(98096): initializing(json-language-features@1.88.1 with /tmp/.mount_arduinEaFGal/resources/app/lib/backend/plugin-vscode-init)
2026-08-21 18:29:50 2026-08-21T12:59:50.739Z root INFO [hosted-plugin: 98096] PLUGIN_HOST(98096): initializing(cortex-debug@1.5.1 with /tmp/.mount_arduinEaFGal/resources/app/lib/backend/plugin-vscode-init)
2026-08-21 18:29:50 2026-08-21T12:59:50.740Z root INFO [hosted-plugin: 98096] Debugger contribution has been registered: cortex-debug
2026-08-21 18:29:50 2026-08-21T12:59:50.743Z root INFO [hosted-plugin: 98096] PLUGIN_HOST(98096): initializing(vscode-arduino-tools@0.1.3 with /tmp/.mount_arduinEaFGal/resources/app/lib/backend/plugin-vscode-init)
2026-08-21 18:29:50 2026-08-21T12:59:50.746Z root INFO [hosted-plugin: 98096] PLUGIN_HOST(98096): initializing(cpp@1.88.1 with /tmp/.mount_arduinEaFGal/resources/app/lib/backend/plugin-vscode-init)
2026-08-21 18:29:50 2026-08-21T12:59:50.748Z root INFO [hosted-plugin: 98096] PLUGIN_HOST(98096): initializing(json@1.88.1 with /tmp/.mount_arduinEaFGal/resources/app/lib/backend/plugin-vscode-init)
2026-08-21 18:29:50 2026-08-21T12:59:50.753Z root INFO [hosted-plugin: 98096] PLUGIN_HOST(98096): initializing(vscode-language-pack-bg@1.48.3 with /tmp/.mount_arduinEaFGal/resources/app/lib/backend/plugin-vscode-init)
2026-08-21 18:29:50 2026-08-21T12:59:50.754Z root INFO [hosted-plugin: 98096] PLUGIN_HOST(98096): initializing(vscode-language-pack-cs@1.96.0 with /tmp/.mount_arduinEaFGal/resources/app/lib/backend/plugin-vscode-init)
2026-08-21 18:29:50 2026-08-21T12:59:50.755Z root INFO [hosted-plugin: 98096] PLUGIN_HOST(98096): initializing(vscode-language-pack-de@1.96.0 with /tmp/.mount_arduinEaFGal/resources/app/lib/backend/plugin-vscode-init)
2026-08-21 18:29:50 2026-08-21T12:59:50.756Z root INFO [hosted-plugin: 98096] PLUGIN_HOST(98096): initializing(vscode-language-pack-es@1.96.0 with /tmp/.mount_arduinEaFGal/resources/app/lib/backend/plugin-vscode-init)
2026-08-21 18:29:50 2026-08-21T12:59:50.758Z root INFO [hosted-plugin: 98096] PLUGIN_HOST(98096): initializing(vscode-language-pack-fr@1.96.0 with /tmp/.mount_arduinEaFGal/resources/app/lib/backend/plugin-vscode-init)
2026-08-21 18:29:50 2026-08-21T12:59:50.761Z root INFO [hosted-plugin: 98096] PLUGIN_HOST(98096): initializing(vscode-language-pack-hu@1.48.3 with /tmp/.mount_arduinEaFGal/resources/app/lib/backend/plugin-vscode-init)
2026-08-21 18:29:50 2026-08-21T12:59:50.761Z root INFO [hosted-plugin: 98096] PLUGIN_HOST(98096): initializing(vscode-language-pack-it@1.96.0 with /tmp/.mount_arduinEaFGal/resources/app/lib/backend/plugin-vscode-init)
2026-08-21 18:29:50 2026-08-21T12:59:50.762Z root INFO [hosted-plugin: 98096] PLUGIN_HOST(98096): initializing(vscode-language-pack-ja@1.96.0 with /tmp/.mount_arduinEaFGal/resources/app/lib/backend/plugin-vscode-init)
2026-08-21 18:29:50 2026-08-21T12:59:50.763Z root INFO [hosted-plugin: 98096] PLUGIN_HOST(98096): initializing(vscode-language-pack-ko@1.96.0 with /tmp/.mount_arduinEaFGal/resources/app/lib/backend/plugin-vscode-init)
2026-08-21 18:29:50 2026-08-21T12:59:50.764Z root INFO [hosted-plugin: 98096] PLUGIN_HOST(98096): initializing(vscode-language-pack-nl@1.48.3 with /tmp/.mount_arduinEaFGal/resources/app/lib/backend/plugin-vscode-init)
2026-08-21 18:29:50 2026-08-21T12:59:50.764Z root INFO [hosted-plugin: 98096] PLUGIN_HOST(98096): initializing(vscode-language-pack-pl@1.96.0 with /tmp/.mount_arduinEaFGal/resources/app/lib/backend/plugin-vscode-init)
2026-08-21 18:29:50 2026-08-21T12:59:50.765Z root INFO [hosted-plugin: 98096] PLUGIN_HOST(98096): initializing(vscode-language-pack-pt-BR@1.96.0 with /tmp/.mount_arduinEaFGal/resources/app/lib/backend/plugin-vscode-init)
2026-08-21 18:29:50 2026-08-21T12:59:50.765Z root INFO [hosted-plugin: 98096] PLUGIN_HOST(98096): initializing(vscode-language-pack-ru@1.96.0 with /tmp/.mount_arduinEaFGal/resources/app/lib/backend/plugin-vscode-init)
2026-08-21 18:29:50 2026-08-21T12:59:50.766Z root INFO [hosted-plugin: 98096] PLUGIN_HOST(98096): initializing(vscode-language-pack-tr@1.96.0 with /tmp/.mount_arduinEaFGal/resources/app/lib/backend/plugin-vscode-init)
2026-08-21 18:29:50 2026-08-21T12:59:50.766Z root INFO [hosted-plugin: 98096] PLUGIN_HOST(98096): initializing(vscode-language-pack-uk@1.48.3 with /tmp/.mount_arduinEaFGal/resources/app/lib/backend/plugin-vscode-init)
2026-08-21 18:29:50 2026-08-21T12:59:50.767Z root INFO [hosted-plugin: 98096] PLUGIN_HOST(98096): initializing(vscode-language-pack-zh-hans@1.96.0 with /tmp/.mount_arduinEaFGal/resources/app/lib/backend/plugin-vscode-init)
2026-08-21 18:29:50 2026-08-21T12:59:50.767Z root INFO [hosted-plugin: 98096] PLUGIN_HOST(98096): initializing(vscode-language-pack-zh-hant@1.96.0 with /tmp/.mount_arduinEaFGal/resources/app/lib/backend/plugin-vscode-init)
2026-08-21 18:29:50 2026-08-21T12:59:50.929Z root INFO [hosted-plugin: 98096] PLUGIN_HOST(98096): PluginManagerExtImpl/loadPlugin(/tmp/.mount_arduinEaFGal/resources/app/plugins/vscode-builtin-json-language-features/extension/client/dist/node/jsonClientMain)
2026-08-21 18:29:51 2026-08-21T12:59:51.002Z root INFO [hosted-plugin: 98096] PLUGIN_HOST(98096): PluginManagerExtImpl/loadPlugin(/tmp/.mount_arduinEaFGal/resources/app/plugins/vscode-arduino-api/extension/dist/extension.js)
2026-08-21 18:29:51 2026-08-21T12:59:51.006Z root INFO [hosted-plugin: 98096] calling activation function on Arduino IDE API for VS Code extensions
2026-08-21 18:29:51 2026-08-21T12:59:51.010Z root INFO [7ac42d5f-0a8e-4ff8-925b-ceac9d7ff770] Starting plugins.
2026-08-21 18:29:51 2026-08-21T12:59:51.062Z root INFO [hosted-plugin: 98096] PLUGIN_HOST(98096): PluginManagerExtImpl/loadPlugin(/tmp/.mount_arduinEaFGal/resources/app/plugins/cortex-debug/extension/dist/extension.js)
2026-08-21 18:29:51 2026-08-21T12:59:51.104Z root INFO [hosted-plugin: 98096] Debug configuration provider has been registered: cortex-debug, trigger: 1
2026-08-21 18:29:51 2026-08-21T12:59:51.105Z root INFO [hosted-plugin: 98096] calling activation function on Cortex-Debug
2026-08-21 18:29:51 2026-08-21T12:59:51.109Z root INFO [hosted-plugin: 98096] GDB server console created
2026-08-21 18:29:51 2026-08-21T12:59:51.123Z root INFO [7ac42d5f-0a8e-4ff8-925b-ceac9d7ff770] Start of 23 plugins: 1717.1 ms [Finished 5.713 s after frontend start]
2026-08-21 18:29:51 2026-08-21T12:59:51.148Z root INFO Starting language server: arduino:avr:uno
2026-08-21 18:29:51 2026-08-21T12:59:51.170Z root INFO [hosted-plugin: 98096] PLUGIN_HOST(98096): PluginManagerExtImpl/loadPlugin(/tmp/.mount_arduinEaFGal/resources/app/plugins/vscode-arduino-tools/extension/dist/extension.js)
2026-08-21 18:29:51 2026-08-21T12:59:51.204Z root INFO [hosted-plugin: 98096] calling activation function on VS Code Arduino Tools
2026-08-21 18:29:51 2026-08-21T12:59:51.239Z daemon INFO time="2026-08-21T18:29:51+05:30" level=info msg="Adding libraries dir" dir=/home/raj/.arduino15/libraries isSingleLibrary=false location=ide
time="2026-08-21T18:29:51+05:30" level=info msg="Adding libraries dir" dir=/home/raj/.arduino15/packages/arduino/hardware/avr/1.8.8/libraries isSingleLibrary=false location=platform
2026-08-21 18:29:51 2026-08-21T12:59:51.239Z daemon INFO time="2026-08-21T18:29:51+05:30" level=info msg="Adding libraries dir" dir=/home/raj/Arduino/libraries isSingleLibrary=false location=user
2026-08-21 18:29:51 2026-08-21T12:59:51.314Z root INFO [hosted-plugin: 98096] calling activation function on JSON Language Features (built-in)
2026-08-21 18:29:51 2026-08-21T12:59:51.436Z daemon INFO time="2026-08-21T18:29:51+05:30" level=info msg="Adding libraries dir" dir=/home/raj/.arduino15/libraries isSingleLibrary=false location=ide
time="2026-08-21T18:29:51+05:30" level=info msg="Adding libraries dir" dir=/home/raj/.arduino15/packages/arduino/hardware/avr/1.8.8/libraries isSingleLibrary=false location=platform
2026-08-21 18:29:51 2026-08-21T12:59:51.436Z daemon INFO time="2026-08-21T18:29:51+05:30" level=info msg="Adding libraries dir" dir=/home/raj/Arduino/libraries isSingleLibrary=false location=user
2026-08-21 18:31:02 2026-08-21T13:01:02.442Z daemon INFO time="2026-08-21T18:31:02+05:30" level=info msg="Adding libraries dir" dir=/home/raj/.arduino15/libraries isSingleLibrary=false location=ide
time="2026-08-21T18:31:02+05:30" level=info msg="Adding libraries dir" dir=/home/raj/.arduino15/packages/arduino/hardware/avr/1.8.8/libraries isSingleLibrary=false location=platform
time="2026-08-21T18:31:02+05:30" level=info msg="Adding libraries dir" dir=/home/raj/Arduino/libraries isSingleLibrary=false location=user
2026-08-21 18:31:04 2026-08-21T13:01:04.662Z daemon INFO time="2026-08-21T18:31:04+05:30" level=info msg="Adding libraries dir" dir=/home/raj/.arduino15/libraries isSingleLibrary=false location=ide
time="2026-08-21T18:31:04+05:30" level=info msg="Adding libraries dir" dir=/home/raj/.arduino15/packages/arduino/hardware/avr/1.8.8/libraries isSingleLibrary=false location=platform
2026-08-21 18:31:04 2026-08-21T13:01:04.662Z daemon INFO time="2026-08-21T18:31:04+05:30" level=info msg="Adding libraries dir" dir=/home/raj/Arduino/libraries isSingleLibrary=false location=user
2026-08-21 18:32:11 2026-08-21T13:02:11.572Z daemon INFO time="2026-08-21T18:32:11+05:30" level=info msg="Adding libraries dir" dir=/home/raj/.arduino15/libraries isSingleLibrary=false location=ide
time="2026-08-21T18:32:11+05:30" level=info msg="Adding libraries dir" dir=/home/raj/.arduino15/packages/arduino/hardware/avr/1.8.8/libraries isSingleLibrary=false location=platform
time="2026-08-21T18:32:11+05:30" level=info msg="Adding libraries dir" dir=/home/raj/Arduino/libraries isSingleLibrary=false location=user
2026-08-21 18:32:14 2026-08-21T13:02:14.994Z daemon INFO time="2026-08-21T18:32:14+05:30" level=info msg="Adding libraries dir" dir=/home/raj/.arduino15/libraries isSingleLibrary=false location=ide
time="2026-08-21T18:32:14+05:30" level=info msg="Adding libraries dir" dir=/home/raj/.arduino15/packages/arduino/hardware/avr/1.8.8/libraries isSingleLibrary=false location=platform
time="2026-08-21T18:32:14+05:30" level=info msg="Adding libraries dir" dir=/home/raj/Arduino/libraries isSingleLibrary=false location=user
2026-08-21 18:32:16 2026-08-21T13:02:16.210Z daemon INFO time="2026-08-21T18:32:16+05:30" level=info msg="Adding libraries dir" dir=/home/raj/.arduino15/libraries isSingleLibrary=false location=ide
time="2026-08-21T18:32:16+05:30" level=info msg="Adding libraries dir" dir=/home/raj/.arduino15/packages/arduino/hardware/avr/1.8.8/libraries isSingleLibrary=false location=platform
time="2026-08-21T18:32:16+05:30" level=info msg="Adding libraries dir" dir=/home/raj/Arduino/libraries isSingleLibrary=false location=user
2026-08-21 18:33:49 isTempSketch: true. Input was /tmp/.arduinoIDE-unsaved2026721-92451-1ko3qyn.07xfl/sketch_aug21b
2026-08-21 18:33:49 Ignored marking workspace as a closed sketch. The sketch was detected as temporary. Workspace URI: file:///tmp/.arduinoIDE-unsaved2026721-92451-1ko3qyn.07xfl/sketch_aug21b.
2026-08-21 18:33:57 isTempSketch: true. Input was /tmp/.arduinoIDE-unsaved2026721-92451-1ko3qyn.07xfl/sketch_aug21b
2026-08-21 18:33:57 Ignored marking workspace as a closed sketch. The sketch was detected as temporary. Workspace URI: file:///tmp/.arduinoIDE-unsaved2026721-92451-1ko3qyn.07xfl/sketch_aug21b.
2026-08-21 18:33:57 Closing channel on service path '/services/electron-window'.
2026-08-21 18:33:57 Closing channel on service path '/services/ide-updater'.
2026-08-21 18:33:57 2026-08-21T13:03:57.476Z root INFO socked closed
2026-08-21 18:33:57 2026-08-21T13:03:57.477Z root INFO closing connection for 3
2026-08-21 18:33:57 2026-08-21T13:03:57.477Z root INFO Closing channel on service path '/localization-server'.
2026-08-21 18:33:57 2026-08-21T13:03:57.477Z root INFO Closing channel on service path '/os'.
2026-08-21 18:33:57 2026-08-21T13:03:57.477Z root INFO Closing channel on service path '/services/commands'.
2026-08-21 18:33:57 2026-08-21T13:03:57.477Z root INFO Closing channel on service path '/services/keyboard'.
2026-08-21 18:33:57 2026-08-21T13:03:57.477Z root INFO Closing channel on service path '/services/logger'.
2026-08-21 18:33:57 2026-08-21T13:03:57.477Z root INFO Closing channel on service path '/services/messageService'.
2026-08-21 18:33:57 2026-08-21T13:03:57.477Z root INFO Closing channel on service path '/services/ChannelCloseService'.
2026-08-21 18:33:57 2026-08-21T13:03:57.477Z root INFO Closing channel on service path '/services/remote-filesystem'.
2026-08-21 18:33:57 2026-08-21T13:03:57.477Z root INFO Closing channel on service path '/services/envs'.
2026-08-21 18:33:57 2026-08-21T13:03:57.477Z root INFO Closing channel on service path '/services/authentication-service'.
2026-08-21 18:33:57 2026-08-21T13:03:57.477Z root INFO Closing channel on service path '/services/sketches-service'.
2026-08-21 18:33:57 2026-08-21T13:03:57.477Z root INFO Closing channel on service path '/services/config-service'.
2026-08-21 18:33:57 2026-08-21T13:03:57.477Z root INFO Closing channel on service path '/services/workspace'.
2026-08-21 18:33:57 2026-08-21T13:03:57.477Z root INFO Closing channel on service path '/services/notification-service'.
2026-08-21 18:33:57 2026-08-21T13:03:57.477Z root INFO Closing channel on service path '/services/arduino-daemon'.
2026-08-21 18:33:57 2026-08-21T13:03:57.477Z root INFO Closing channel on service path '/services/stopwatch'.
2026-08-21 18:33:57 2026-08-21T13:03:57.477Z root INFO Closing channel on service path '/services/application'.
2026-08-21 18:33:57 2026-08-21T13:03:57.477Z root INFO Closing channel on service path '/services/i18n'.
2026-08-21 18:33:57 2026-08-21T13:03:57.477Z root INFO Closing channel on service path '/services/quickInput'.
2026-08-21 18:33:57 2026-08-21T13:03:57.477Z root INFO Closing channel on service path '/services/debug'.
2026-08-21 18:33:57 2026-08-21T13:03:57.477Z root INFO Closing channel on service path '/services/shell-terminal'.
2026-08-21 18:33:57 2026-08-21T13:03:57.477Z root INFO Closing channel on service path '/services/quickPick'.
2026-08-21 18:33:57 2026-08-21T13:03:57.477Z root INFO Closing channel on service path '/services/task'.
2026-08-21 18:33:57 2026-08-21T13:03:57.477Z root INFO Closing channel on service path '/services/search'.
2026-08-21 18:33:57 2026-08-21T13:03:57.477Z root INFO Closing channel on service path '/services/hostedPlugin'.
2026-08-21 18:33:57 2026-08-21T13:03:57.477Z root INFO Closing channel on service path '/services/plugin-ext'.
2026-08-21 18:33:57 2026-08-21T13:03:57.477Z root INFO Closing channel on service path '/services/plugin-paths'.
2026-08-21 18:33:57 2026-08-21T13:03:57.477Z root INFO Closing channel on service path '/services/cli-preferences'.
2026-08-21 18:33:57 2026-08-21T13:03:57.477Z root INFO Closing channel on service path '/services/boards-service'.
2026-08-21 18:33:57 2026-08-21T13:03:57.477Z root INFO Closing channel on service path '/services/response-service'.
2026-08-21 18:33:57 2026-08-21T13:03:57.477Z root INFO Closing channel on service path '/services/file-system-ext'.
2026-08-21 18:33:57 2026-08-21T13:03:57.477Z root INFO Closing channel on service path '/services/core-service'.
2026-08-21 18:33:57 2026-08-21T13:03:57.477Z root INFO Closing channel on service path '/services/example-service'.
2026-08-21 18:33:57 2026-08-21T13:03:57.477Z root INFO Closing channel on service path '/services/library-service'.
2026-08-21 18:33:57 2026-08-21T13:03:57.477Z root INFO Closing channel on service path '/services/executable-service'.
2026-08-21 18:33:57 2026-08-21T13:03:57.477Z root INFO Closing channel on service path '/services/arduino-firmware-uploader'.
2026-08-21 18:33:57 2026-08-21T13:03:57.477Z root INFO Closing channel on service path '/services/formatter'.
2026-08-21 18:33:57 2026-08-21T13:03:57.477Z root INFO Closing channel on service path '/services/search-in-workspace'.
2026-08-21 18:33:57 2026-08-21T13:03:57.477Z root INFO Closing channel on service path '/services/request-service'.
2026-08-21 18:33:57 2026-08-21T13:03:57.477Z root INFO Closing channel on service path '/services/keyStore'.
2026-08-21 18:33:57 2026-08-21T13:03:57.478Z root INFO Closing channel on service path '/services/languagePackService'.
2026-08-21 18:33:57 2026-08-21T13:03:57.616Z root INFO New sketch 'sketch_aug21b' was created in sketchbook 'file:///home/raj/Arduino'.
2026-08-21 18:34:06 isTempSketch: false. Input was /home/raj/Arduino/sketch_aug21a
2026-08-21 18:34:06 Marking workspace as a closed sketch. Workspace URI: file:///home/raj/Arduino/sketch_aug21a. Date: 1787317446460.
2026-08-21 18:34:06 isTempSketch: false. Input was /home/raj/Arduino/sketch_aug21a
2026-08-21 18:34:06 Marking workspace as a closed sketch. Workspace URI: file:///home/raj/Arduino/sketch_aug21a. Date: 1787317446465.
2026-08-21 18:34:06 2026-08-21T13:04:06.474Z root INFO socked closed
2026-08-21 18:34:06 2026-08-21T13:04:06.475Z root INFO closing connection for 2
2026-08-21 18:34:06 2026-08-21T13:04:06.475Z root INFO Closing channel on service path '/localization-server'.
2026-08-21 18:34:06 2026-08-21T13:04:06.475Z root INFO Closing channel on service path '/os'.
2026-08-21 18:34:06 2026-08-21T13:04:06.475Z root INFO Closing channel on service path '/services/commands'.
2026-08-21 18:34:06 2026-08-21T13:04:06.475Z root INFO Closing channel on service path '/services/keyboard'.
2026-08-21 18:34:06 2026-08-21T13:04:06.475Z root INFO Closing channel on service path '/services/logger'.
2026-08-21 18:34:06 2026-08-21T13:04:06.475Z root INFO Closing channel on service path '/services/messageService'.
2026-08-21 18:34:06 2026-08-21T13:04:06.475Z root INFO Closing channel on service path '/services/ChannelCloseService'.
2026-08-21 18:34:06 2026-08-21T13:04:06.475Z root INFO Closing channel on service path '/services/remote-filesystem'.
2026-08-21 18:34:06 2026-08-21T13:04:06.475Z root INFO Closing channel on service path '/services/envs'.
2026-08-21 18:34:06 2026-08-21T13:04:06.475Z root INFO Closing channel on service path '/services/authentication-service'.
2026-08-21 18:34:06 2026-08-21T13:04:06.475Z root INFO Closing channel on service path '/services/sketches-service'.
2026-08-21 18:34:06 2026-08-21T13:04:06.475Z root INFO Closing channel on service path '/services/config-service'.
2026-08-21 18:34:06 2026-08-21T13:04:06.475Z root INFO Closing channel on service path '/services/workspace'.
2026-08-21 18:34:06 2026-08-21T13:04:06.475Z root INFO Closing channel on service path '/services/notification-service'.
2026-08-21 18:34:06 2026-08-21T13:04:06.475Z root INFO Closing channel on service path '/services/arduino-daemon'.
2026-08-21 18:34:06 2026-08-21T13:04:06.475Z root INFO Closing channel on service path '/services/stopwatch'.
2026-08-21 18:34:06 2026-08-21T13:04:06.475Z root INFO Closing channel on service path '/services/application'.
2026-08-21 18:34:06 2026-08-21T13:04:06.475Z root INFO Closing channel on service path '/services/i18n'.
2026-08-21 18:34:06 2026-08-21T13:04:06.475Z root INFO Closing channel on service path '/services/quickInput'.
2026-08-21 18:34:06 2026-08-21T13:04:06.475Z root INFO Closing channel on service path '/services/debug'.
2026-08-21 18:34:06 2026-08-21T13:04:06.475Z root INFO Closing channel on service path '/services/shell-terminal'.
2026-08-21 18:34:06 2026-08-21T13:04:06.475Z root INFO Closing channel on service path '/services/quickPick'.
2026-08-21 18:34:06 2026-08-21T13:04:06.475Z root INFO Closing channel on service path '/services/task'.
2026-08-21 18:34:06 2026-08-21T13:04:06.475Z root INFO Closing channel on service path '/services/search'.
2026-08-21 18:34:06 2026-08-21T13:04:06.475Z root INFO Closing channel on service path '/services/hostedPlugin'.
2026-08-21 18:34:06 2026-08-21T13:04:06.475Z root INFO Closing channel on service path '/services/plugin-ext'.
2026-08-21 18:34:06 2026-08-21T13:04:06.475Z root INFO Closing channel on service path '/services/plugin-paths'.
2026-08-21 18:34:06 2026-08-21T13:04:06.475Z root INFO Closing channel on service path '/services/cli-preferences'.
2026-08-21 18:34:06 2026-08-21T13:04:06.475Z root INFO Closing channel on service path '/services/boards-service'.
2026-08-21 18:34:06 2026-08-21T13:04:06.475Z root INFO Closing channel on service path '/services/response-service'.
2026-08-21 18:34:06 2026-08-21T13:04:06.475Z root INFO Closing channel on service path '/services/file-system-ext'.
2026-08-21 18:34:06 2026-08-21T13:04:06.475Z root INFO Closing channel on service path '/services/core-service'.
2026-08-21 18:34:06 2026-08-21T13:04:06.475Z root INFO Closing channel on service path '/services/example-service'.
2026-08-21 18:34:06 2026-08-21T13:04:06.475Z root INFO Closing channel on service path '/services/library-service'.
2026-08-21 18:34:06 2026-08-21T13:04:06.475Z root INFO Closing channel on service path '/services/executable-service'.
2026-08-21 18:34:06 2026-08-21T13:04:06.475Z root INFO Closing channel on service path '/services/arduino-firmware-uploader'.
2026-08-21 18:34:06 2026-08-21T13:04:06.475Z root INFO Closing channel on service path '/services/formatter'.
2026-08-21 18:34:06 2026-08-21T13:04:06.475Z root INFO Closing channel on service path '/services/search-in-workspace'.
2026-08-21 18:34:06 2026-08-21T13:04:06.475Z root INFO Closing channel on service path '/services/request-service'.
2026-08-21 18:34:06 2026-08-21T13:04:06.475Z root INFO Closing channel on service path '/services/keyStore'.
2026-08-21 18:34:06 2026-08-21T13:04:06.475Z root INFO Closing channel on service path '/services/languagePackService'.
2026-08-21 18:34:06 Closing channel on service path '/services/electron-window'.
2026-08-21 18:34:06 Closing channel on service path '/services/ide-updater'.
2026-08-21 18:34:06 Skipped storing sketch as workspace root. Expected minimum threshold: <1787317445493>. Was: <1787317174656>.
2026-08-21 18:34:06 Skipped storing sketch as workspace root. Expected minimum threshold: <1787317445493>. Was: <1787317174662>.
2026-08-21 18:34:06 Storing the sketch as a workspace root: </home/raj/Arduino/sketch_aug21a>.
2026-08-21 18:34:06 Skipped storing sketch as workspace root. Already visited: </home/raj/Arduino/sketch_aug21a>.
2026-08-21 18:34:06 Stored workspaces roots: /home/raj/Arduino/sketch_aug21a
2026-08-21 18:34:06 No sketches were scheduled for deletion.
2026-08-21 18:34:21 Arduino IDE 2.3.10
2026-08-21 18:34:21 Checking for frontend application configuration customizations. Module path: /tmp/.mount_arduinCgxy57/resources/app/lib/backend/electron-main.js, destination 'package.json': /tmp/.mount_arduinCgxy57/resources/app/package.json
2026-08-21 18:34:22 Setting 'theia.frontend.config.appVersion' application configuration value to: "2.3.10" (type of string)
2026-08-21 18:34:22 Setting 'theia.frontend.config.cliVersion' application configuration value to: "1.5.1" (type of string)
2026-08-21 18:34:22 Setting 'theia.frontend.config.buildDate' application configuration value to: "2026-06-09T16:44:01.600Z" (type of string)
2026-08-21 18:34:22 Frontend application configuration after modifications: {"applicationName":"Arduino IDE","defaultTheme":{"light":"arduino-theme","dark":"arduino-theme-dark"},"defaultIconTheme":"none","electron":{"windowOptions":{},"showWindowEarly":true,"splashScreenOptions":{},"uriScheme":"arduino-ide"},"defaultLocale":"","validatePreferencesSchema":false,"reloadOnReconnect":true,"uriScheme":"theia","preferences":{"window.title":"${rootName}${activeEditorShort}${appName}","files.autoSave":"afterDelay","editor.minimap.enabled":false,"editor.tabSize":2,"editor.scrollBeyondLastLine":false,"editor.quickSuggestions":{"other":false,"comments":false,"strings":false},"editor.maxTokenizationLineLength":500,"editor.bracketPairColorization.enabled":false,"breadcrumbs.enabled":false,"workbench.tree.renderIndentGuides":"none","explorer.compactFolders":false},"appVersion":"2.3.10","cliVersion":"1.5.1","buildDate":"2026-06-09T16:44:01.600Z"}
2026-08-21 18:34:22 Starting backend process. PID: 99018
2026-08-21 18:34:22 Showing main window early
2026-08-21 18:34:23 Using browser-only version of superagent in non-browser environment
2026-08-21 18:34:23 Configuration directory URI: 'file:///home/raj/.arduinoIDE'
2026-08-21 18:34:23 Configuring to accept webviews on '^.+\.webview\..+$' hostname.
2026-08-21 18:34:23 2026-08-21T13:04:23.354Z root WARN Backend u.initialize took longer than the expected maximum 50 milliseconds: 76.6 ms [Finished 1.086 s after backend start]
2026-08-21 18:34:23 2026-08-21T13:04:23.359Z root WARN Backend Object.initialize took longer than the expected maximum 50 milliseconds: 73.8 ms [Finished 1.086 s after backend start]
2026-08-21 18:34:23 2026-08-21T13:04:23.359Z root INFO Backend a.initialize: 1.6 ms [Finished 1.086 s after backend start]
2026-08-21 18:34:23 2026-08-21T13:04:23.359Z root INFO Backend a.initialize: 1.2 ms [Finished 1.086 s after backend start]
2026-08-21 18:34:23 2026-08-21T13:04:23.359Z root INFO Backend u.initialize: 2.0 ms [Finished 1.087 s after backend start]
2026-08-21 18:34:23 2026-08-21T13:04:23.362Z root WARN Backend l.initialize took longer than the expected maximum 50 milliseconds: 76.8 ms [Finished 1.089 s after backend start]
2026-08-21 18:34:23 2026-08-21T13:04:23.372Z root INFO configured all backend app contributions
2026-08-21 18:34:23 2026-08-21T13:04:23.372Z root INFO Backend l.onStart: 1.6 ms [Finished 1.107 s after backend start]
2026-08-21 18:34:23 2026-08-21T13:04:23.373Z root INFO Backend d.onStart: 0.1 ms [Finished 1.107 s after backend start]
2026-08-21 18:34:23 2026-08-21T13:04:23.373Z root INFO Backend a.onStart: 0.4 ms [Finished 1.108 s after backend start]
2026-08-21 18:34:23 2026-08-21T13:04:23.374Z config INFO >>> Initializing CLI configuration...
2026-08-21 18:34:23 2026-08-21T13:04:23.374Z root INFO Backend x.onStart: 0.4 ms [Finished 1.108 s after backend start]
2026-08-21 18:34:23 2026-08-21T13:04:23.374Z config INFO Loading CLI configuration from /home/raj/.arduinoIDE/arduino-cli.yaml...
2026-08-21 18:34:23 2026-08-21T13:04:23.374Z daemon INFO Starting daemon from /tmp/.mount_arduinCgxy57/resources/app/lib/backend/resources/arduino-cli...
2026-08-21 18:34:23 2026-08-21T13:04:23.374Z root INFO Backend w.onStart: 0.4 ms [Finished 1.109 s after backend start]
2026-08-21 18:34:23 2026-08-21T13:04:23.374Z discovery-log INFO start
2026-08-21 18:34:23 2026-08-21T13:04:23.374Z discovery-log INFO start new deferred
2026-08-21 18:34:23 2026-08-21T13:04:23.374Z root INFO Backend v.onStart: 0.3 ms [Finished 1.109 s after backend start]
2026-08-21 18:34:23 2026-08-21T13:04:23.374Z root INFO Backend a.onStart: 0.1 ms [Finished 1.109 s after backend start]
2026-08-21 18:34:23 2026-08-21T13:04:23.378Z root INFO Theia app listening on http://127.0.0.1:37755.
2026-08-21 18:34:23 2026-08-21T13:04:23.378Z root INFO Finished starting backend application: 4.3 ms [Finished 1.114 s after backend start]
2026-08-21 18:34:23 Restoring workspace roots: /home/raj/Arduino/sketch_aug21a
2026-08-21 18:34:23 2026-08-21T13:04:23.381Z root WARN The local plugin referenced by local-dir:/home/raj/.arduinoIDE/plugins does not exist.
2026-08-21 18:34:23 2026-08-21T13:04:23.381Z root WARN The local plugin referenced by local-dir:/home/raj/.arduinoIDE/deployedPlugins does not exist.
2026-08-21 18:34:23 isTempSketch: false. Input was /home/raj/Arduino/sketch_aug21a/sketch_aug21a.ino
2026-08-21 18:34:23 2026-08-21T13:04:23.406Z config INFO Loaded CLI configuration: {"board_manager":{"additional_urls":[]}}
2026-08-21 18:34:23 2026-08-21T13:04:23.406Z config INFO Loading fallback CLI configuration to get 'directories.data' and 'directories.user'
2026-08-21 18:34:23 2026-08-21T13:04:23.586Z root INFO Resolve plugins list: 209.8 ms [Finished 1.320 s after backend start]
2026-08-21 18:34:23 2026-08-21T13:04:23.925Z daemon INFO time="2026-08-21T18:34:23+05:30" level=info msg="arduino-cli version 1.5.1"
2026-08-21 18:34:23 2026-08-21T13:04:23.931Z daemon INFO time="2026-08-21T18:34:23+05:30" level=info msg="Using config file: /home/raj/.arduinoIDE/arduino-cli.yaml"
time="2026-08-21T18:34:23+05:30" level=info msg="Executing `arduino-cli daemon`"
2026-08-21 18:34:23 2026-08-21T13:04:23.966Z daemon INFO Daemon is now listening on 127.0.0.1:37795
{"IP":"127.0.0.1","Port":"37795"}
2026-08-21 18:34:23 2026-08-21T13:04:23.966Z daemon INFO Daemon is running.
2026-08-21 18:34:24 2026-08-21T13:04:24.016Z config INFO Loaded fallback CLI configuration: {"directories":{"user":"/home/raj/Arduino","data":"/home/raj/.arduino15"}}
2026-08-21 18:34:24 2026-08-21T13:04:24.016Z config INFO Merged CLI configuration with the fallback: {"directories":{"user":"/home/raj/Arduino","data":"/home/raj/.arduino15"},"board_manager":{"additional_urls":[]}}
2026-08-21 18:34:24 2026-08-21T13:04:24.016Z config INFO Loaded the CLI configuration.
2026-08-21 18:34:24 2026-08-21T13:04:24.047Z config INFO Mapped the CLI configuration: {"dataDirUri":"file:///home/raj/.arduino15","sketchDirUri":"file:///home/raj/Arduino","additionalUrls":[],"network":"none","locale":"en"}
2026-08-21 18:34:24 2026-08-21T13:04:24.047Z config INFO Validating the CLI configuration...
2026-08-21 18:34:24 2026-08-21T13:04:24.047Z config INFO The CLI config is valid.
2026-08-21 18:34:24 2026-08-21T13:04:24.047Z config INFO <<< Initialized the CLI configuration.
2026-08-21 18:34:24 2026-08-21T13:04:24.110Z daemon INFO time="2026-08-21T18:34:24+05:30" level=info msg="Checking signature" index=/home/raj/.arduino15/package_index.json signatureFile=/home/raj/.arduino15/package_index.json.sig trusted=true
2026-08-21 18:34:24 2026-08-21T13:04:24.113Z daemon INFO time="2026-08-21T18:34:24+05:30" level=info msg="Loading hardware from: /home/raj/.arduino15/packages"
2026-08-21 18:34:24 2026-08-21T13:04:24.114Z daemon INFO time="2026-08-21T18:34:24+05:30" level=info msg="Loading package arduino from: /home/raj/.arduino15/packages/arduino/hardware"
2026-08-21 18:34:24 2026-08-21T13:04:24.115Z daemon INFO time="2026-08-21T18:34:24+05:30" level=info msg="Missing signature file" index=/home/raj/.arduino15/packages/arduino/hardware/avr/1.8.8/installed.json
2026-08-21 18:34:24 2026-08-21T13:04:24.116Z daemon INFO time="2026-08-21T18:34:24+05:30" level=info msg="Adding monitor tool" protocol=serial tool="builtin:serial-monitor"
time="2026-08-21T18:34:24+05:30" level=info msg="Loaded platform" platform="arduino:avr@1.8.8"
2026-08-21 18:34:24 2026-08-21T13:04:24.117Z daemon INFO time="2026-08-21T18:34:24+05:30" level=info msg="Checking existence of 'tools' path: /home/raj/.arduino15/packages/arduino/tools"
time="2026-08-21T18:34:24+05:30" level=info msg="Loading tools from dir: /home/raj/.arduino15/packages/arduino/tools"
time="2026-08-21T18:34:24+05:30" level=info msg="Loaded tool" tool="arduino:arduinoOTA@1.3.0"
time="2026-08-21T18:34:24+05:30" level=info msg="Loaded tool" tool="arduino:avr-gcc@7.3.0-atmel3.6.1-arduino7"
time="2026-08-21T18:34:24+05:30" level=info msg="Loaded tool" tool="arduino:avrdude@8.0.0-arduino1"
time="2026-08-21T18:34:24+05:30" level=info msg="Loading package builtin from: /home/raj/.arduino15/packages/builtin"
time="2026-08-21T18:34:24+05:30" level=info msg="Checking existence of 'tools' path: /home/raj/.arduino15/packages/builtin/tools"
time="2026-08-21T18:34:24+05:30" level=info msg="Loading tools from dir: /home/raj/.arduino15/packages/builtin/tools"
2026-08-21 18:34:24 2026-08-21T13:04:24.117Z daemon INFO time="2026-08-21T18:34:24+05:30" level=info msg="Loaded tool" tool="builtin:ctags@5.8-arduino11"
time="2026-08-21T18:34:24+05:30" level=info msg="Loaded tool" tool="builtin:dfu-discovery@0.1.2"
2026-08-21 18:34:24 2026-08-21T13:04:24.117Z daemon INFO time="2026-08-21T18:34:24+05:30" level=info msg="Loaded tool" tool="builtin:mdns-discovery@1.0.12"
time="2026-08-21T18:34:24+05:30" level=info msg="Loaded tool" tool="builtin:mdns-discovery@1.1.0"
2026-08-21 18:34:24 2026-08-21T13:04:24.117Z daemon INFO time="2026-08-21T18:34:24+05:30" level=info msg="Loaded tool" tool="builtin:serial-discovery@1.4.3"
time="2026-08-21T18:34:24+05:30" level=info msg="Loaded tool" tool="builtin:serial-discovery@1.5.2"
time="2026-08-21T18:34:24+05:30" level=info msg="Loaded tool" tool="builtin:serial-monitor@0.15.0"
2026-08-21 18:34:24 2026-08-21T13:04:24.126Z daemon INFO time="2026-08-21T18:34:24+05:30" level=info msg="Adding libraries dir" dir=/home/raj/.arduino15/packages/arduino/hardware/avr/1.8.8/libraries isSingleLibrary=false location=platform
2026-08-21 18:34:24 2026-08-21T13:04:24.126Z daemon INFO time="2026-08-21T18:34:24+05:30" level=info msg="Loading libraries index file" index=/home/raj/.arduino15/library_index.json
2026-08-21 18:34:24 2026-08-21T13:04:24.613Z daemon INFO time="2026-08-21T18:34:24+05:30" level=info msg="Adding libraries dir" dir=/home/raj/.arduino15/libraries isSingleLibrary=false location=ide
time="2026-08-21T18:34:24+05:30" level=info msg="Adding libraries dir" dir=/home/raj/Arduino/libraries isSingleLibrary=false location=user
2026-08-21 18:34:24 2026-08-21T13:04:24.626Z discovery-log INFO start resolved watching
2026-08-21 18:34:24 2026-08-21T13:04:24.657Z discovery-log INFO {"eventType":"add","port":{"matchingBoardsList":[],"port":{"address":"/dev/ttyS4","label":"/dev/ttyS4","protocol":"serial","protocolLabel":"Serial Port","propertiesMap":[],"hardwareId":""}},"error":""}
2026-08-21 18:34:24 2026-08-21T13:04:24.658Z discovery-log INFO {"eventType":"add","port":{"matchingBoardsList":[],"port":{"address":"/dev/ttyS5","label":"/dev/ttyS5","protocol":"serial","protocolLabel":"Serial Port","propertiesMap":[],"hardwareId":""}},"error":""}
2026-08-21 18:34:24 2026-08-21T13:04:24.965Z root INFO Deploy plugins list: 1589.5 ms [Finished 2.700 s after backend start]
2026-08-21 18:34:25 2026-08-21T13:04:25.462Z root INFO creating connection for 1
2026-08-21 18:34:26 2026-08-21T13:04:26.829Z root WARN Frontend a.configure took longer than the expected maximum 100 milliseconds: 110.5 ms [Finished 3.422 s after frontend start]
2026-08-21 18:34:26 2026-08-21T13:04:26.869Z root WARN A command editor.action.toggleStickyScroll is already registered.
2026-08-21 18:34:26 2026-08-21T13:04:26.914Z sketches-service WARN Warning! The request sketch path was different than the response sketch path from the CLI. This could be a potential bug. Request: </home/raj/Arduino/sketch_aug21a/sketch_aug21a.ino>, response: </home/raj/Arduino/sketch_aug21a>.
2026-08-21 18:34:26 Opening channel for service path '/services/electron-window'.
2026-08-21 18:34:26 Opening channel for service path '/services/ide-updater'.
2026-08-21 18:34:27 2026-08-21T13:04:27.051Z root INFO Start frontend contributions: 427.4 ms [Finished 3.610 s after frontend start]
2026-08-21 18:34:27 2026-08-21T13:04:27.052Z root INFO Changed application state from 'init' to 'started_contributions'.
2026-08-21 18:34:27 2026-08-21T13:04:27.064Z root INFO Changed application state from 'started_contributions' to 'attached_shell'.
2026-08-21 18:34:27 2026-08-21T13:04:27.064Z root INFO >>> Restoring the layout state...
2026-08-21 18:34:27 2026-08-21T13:04:27.128Z root INFO [61055a5e-8252-482d-ad29-a0690a7b4d01] Waiting for backend deployment: 111.7 ms [Finished 3.712 s after frontend start]
2026-08-21 18:34:27 2026-08-21T13:04:27.880Z root INFO [hosted-plugin: 99192] PLUGIN_HOST(99192) starting instance
[Object: null prototype] {}
2026-08-21 18:34:28 2026-08-21T13:04:28.726Z root INFO [61055a5e-8252-482d-ad29-a0690a7b4d01] Sync of 23 plugins: 1607.6 ms [Finished 5.320 s after frontend start]
2026-08-21 18:34:28 2026-08-21T13:04:28.760Z root INFO ------- SERIALIZED LAYOUT DATA -------
2026-08-21 18:34:28 2026-08-21T13:04:28.760Z root INFO {"version":5,"mainPanel":{"main":{"type":"tab-area","widgets":[{"constructionOptions":{"factoryId":"code-editor-opener","options":{"counter":0,"kind":"navigatable","uri":"file:///home/raj/Arduino/sketch_aug21a/sketch_aug21a.ino"}},"innerWidgetState":"{\"cursorState\":[{\"inSelectionMode\":false,\"selectionStart\":{\"lineNumber\":7,\"column\":45},\"position\":{\"lineNumber\":7,\"column\":45}}],\"viewState\":{\"scrollLeft\":0,\"firstPosition\":{\"lineNumber\":11,\"column\":1},\"firstPositionDeltaTop\":-5},\"contributionsState\":{\"editor.contrib.folding\":{\"lineCount\":151,\"provider\":\"indent\",\"foldedImports\":false},\"editor.contrib.wordHighlighter\":false}}"}],"currentIndex":0}},"mainPanelPinned":[false],"bottomPanel":{"config":{"main":null},"pinned":[],"expanded":false},"leftPanel":{"type":"sidepanel","items":[{"widget":{"constructionOptions":{"factoryId":"arduino-sketchbook-widget"}},"rank":1,"expanded":false,"pinned":false},{"widget":{"constructionOptions":{"factoryId":"boards-list-widget"}},"rank":2,"expanded":false,"pinned":false},{"widget":{"constructionOptions":{"factoryId":"library-list-widget"}},"rank":3,"expanded":false,"pinned":false},{"widget":{"constructionOptions":{"factoryId":"debug"},"innerWidgetState":"{\"parts\":[{\"widget\":{\"constructionOptions\":{\"factoryId\":\"debug:threads\"},\"innerWidgetState\":\"{}\"},\"partId\":\"debug:threads:-1\",\"collapsed\":false,\"hidden\":false,\"originalContainerId\":\"debug:view-container:-1\",\"originalContainerTitle\":{\"label\":\"debug\",\"iconClass\":\"codicon codicon-debug-alt\",\"closeable\":true}},{\"widget\":{\"constructionOptions\":{\"factoryId\":\"debug:frames\"},\"innerWidgetState\":\"{}\"},\"partId\":\"debug:frames:-1\",\"collapsed\":false,\"hidden\":false,\"originalContainerId\":\"debug:view-container:-1\",\"originalContainerTitle\":{\"label\":\"debug\",\"iconClass\":\"codicon codicon-debug-alt\",\"closeable\":true}},{\"widget\":{\"constructionOptions\":{\"factoryId\":\"debug:variables\"},\"innerWidgetState\":\"{}\"},\"partId\":\"debug:variables:-1\",\"collapsed\":false,\"hidden\":false,\"originalContainerId\":\"debug:view-container:-1\",\"originalContainerTitle\":{\"label\":\"debug\",\"iconClass\":\"codicon codicon-debug-alt\",\"closeable\":true}},{\"widget\":{\"constructionOptions\":{\"factoryId\":\"debug:watch\"},\"innerWidgetState\":\"{}\"},\"partId\":\"debug:watch:-1\",\"collapsed\":false,\"hidden\":false,\"originalContainerId\":\"debug:view-container:-1\",\"originalContainerTitle\":{\"label\":\"debug\",\"iconClass\":\"codicon codicon-debug-alt\",\"closeable\":true}},{\"widget\":{\"constructionOptions\":{\"factoryId\":\"debug:breakpoints\"},\"innerWidgetState\":\"{}\"},\"partId\":\"debug:breakpoints:-1\",\"collapsed\":false,\"hidden\":false,\"originalContainerId\":\"debug:view-container:-1\",\"originalContainerTitle\":{\"label\":\"debug\",\"iconClass\":\"codicon codicon-debug-alt\",\"closeable\":true}},{\"widget\":{\"constructionOptions\":{\"factoryId\":\"plugin-view\",\"options\":{\"id\":\"plugin-view:cortex-debug.peripherals\",\"viewId\":\"cortex-debug.peripherals\"}},\"innerWidgetState\":\"{\\\"label\\\":\\\"Cortex Peripherals\\\",\\\"widgets\\\":[],\\\"suppressUpdateViewVisibility\\\":false,\\\"currentViewContainerId\\\":\\\"debug\\\"}\"},\"partId\":\"plugin-view:cortex-debug.peripherals\",\"collapsed\":true,\"hidden\":true,\"originalContainerId\":\"debug:view-container:-1\",\"originalContainerTitle\":{\"label\":\"debug\",\"iconClass\":\"codicon codicon-debug-alt\",\"closeable\":true}},{\"widget\":{\"constructionOptions\":{\"factoryId\":\"plugin-view\",\"options\":{\"id\":\"plugin-view:cortex-debug.registers\",\"viewId\":\"cortex-debug.registers\"}},\"innerWidgetState\":\"{\\\"label\\\":\\\"Cortex Registers\\\",\\\"widgets\\\":[],\\\"suppressUpdateViewVisibility\\\":false,\\\"currentViewContainerId\\\":\\\"debug\\\"}\"},\"partId\":\"plugin-view:cortex-debug.registers\",\"collapsed\":true,\"hidden\":true,\"originalContainerId\":\"debug:view-container:-1\",\"originalContainerTitle\":{\"label\":\"debug\",\"iconClass\":\"codicon codicon-debug-alt\",\"closeable\":true}}],\"title\":{\"label\":\"debug\",\"iconClass\":\"codicon codicon-debug-alt\",\"closeable\":true}}"},"rank":4,"expanded":false,"pinned":false},{"widget":{"constructionOptions":{"factoryId":"search-view-container"},"innerWidgetState":"{\"parts\":[{\"widget\":{\"constructionOptions\":{\"factoryId\":\"search-in-workspace\"},\"innerWidgetState\":\"{\\\"matchCaseState\\\":{\\\"className\\\":\\\"codicon codicon-case-sensitive\\\",\\\"enabled\\\":false,\\\"title\\\":\\\"Match Case\\\"},\\\"wholeWordState\\\":{\\\"className\\\":\\\"codicon codicon-whole-word\\\",\\\"enabled\\\":false,\\\"title\\\":\\\"Match Whole Word\\\"},\\\"regExpState\\\":{\\\"className\\\":\\\"codicon codicon-regex\\\",\\\"enabled\\\":false,\\\"title\\\":\\\"Use Regular Expression\\\"},\\\"includeIgnoredState\\\":{\\\"className\\\":\\\"codicon codicon-eye\\\",\\\"enabled\\\":false,\\\"title\\\":\\\"Include Ignored Files\\\"},\\\"showSearchDetails\\\":false,\\\"searchInWorkspaceOptions\\\":{\\\"matchCase\\\":false,\\\"matchWholeWord\\\":false,\\\"useRegExp\\\":false,\\\"multiline\\\":false,\\\"includeIgnored\\\":false,\\\"include\\\":[],\\\"exclude\\\":[],\\\"maxResults\\\":2000},\\\"searchTerm\\\":\\\"\\\",\\\"replaceTerm\\\":\\\"\\\",\\\"showReplaceField\\\":false,\\\"searchHistoryState\\\":{\\\"history\\\":[],\\\"index\\\":0},\\\"replaceHistoryState\\\":{\\\"history\\\":[],\\\"index\\\":0},\\\"includeHistoryState\\\":{\\\"history\\\":[],\\\"index\\\":0},\\\"excludeHistoryState\\\":{\\\"history\\\":[],\\\"index\\\":0}}\"},\"partId\":\"search-in-workspace\",\"collapsed\":false,\"hidden\":false,\"originalContainerId\":\"search-view-container\",\"originalContainerTitle\":{\"label\":\"Search\",\"iconClass\":\"codicon codicon-search\",\"closeable\":true}}],\"title\":{\"label\":\"Search\",\"iconClass\":\"fa fa-arduino-search\",\"closeable\":true}}"},"rank":5,"expanded":false,"pinned":false}]},"rightPanel":{"type":"sidepanel","items":[]},"activeWidgetId":"code-editor-opener:file:///home/raj/Arduino/sketch_aug21a/sketch_aug21a.ino:0"}
2026-08-21 18:34:28 2026-08-21T13:04:28.760Z root INFO ------- END SERIALIZED LAYOUT DATA -------
2026-08-21 18:34:29 2026-08-21T13:04:29.181Z root INFO <<< The layout has been successfully restored.
2026-08-21 18:34:29 2026-08-21T13:04:29.284Z root INFO Initialize the workbench layout: 2117.7 ms [Finished 5.775 s after frontend start]
2026-08-21 18:34:29 2026-08-21T13:04:29.288Z root INFO Changed application state from 'attached_shell' to 'initialized_layout'.
2026-08-21 18:34:29 2026-08-21T13:04:29.289Z root INFO [61055a5e-8252-482d-ad29-a0690a7b4d01] Loading plugin contributions
2026-08-21 18:34:29 2026-08-21T13:04:29.289Z root INFO [61055a5e-8252-482d-ad29-a0690a7b4d01] Load contributions of 23 plugins: 98.1 ms [Finished 5.875 s after frontend start]
2026-08-21 18:34:29 2026-08-21T13:04:29.426Z root WARN 'cpp' language is remapped from 'source.cpp.embedded.macro' to 'source.cpp' scope
2026-08-21 18:34:29 2026-08-21T13:04:29.426Z root WARN a registered grammar configuration for 'cpp' language is overridden
2026-08-21 18:34:29 2026-08-21T13:04:29.819Z root ERROR [hosted-plugin: 99192] Conflict in settings file Default: Ignoring cortex-debug.armToolchainPath.linux as cortex-debug.armToolchainPath is null
2026-08-21 18:34:29 2026-08-21T13:04:29.819Z root ERROR [hosted-plugin: 99192] Conflict in settings file Default: Ignoring cortex-debug.armToolchainPath.osx as cortex-debug.armToolchainPath is null
Conflict in settings file Default: Ignoring cortex-debug.armToolchainPath.windows as cortex-debug.armToolchainPath is null
Conflict in settings file Default: Ignoring cortex-debug.JLinkGDBServerPath.linux as cortex-debug.JLinkGDBServerPath is null
Conflict in settings file Default: Ignoring cortex-debug.JLinkGDBServerPath.osx as cortex-debug.JLinkGDBServerPath is null
Conflict in settings file Default: Ignoring cortex-debug.JLinkGDBServerPath.windows as cortex-debug.JLinkGDBServerPath is null
Conflict in settings file Default: Ignoring cortex-debug.openocdPath.linux as cortex-debug.openocdPath is null
Conflict in settings file Default: Ignoring cortex-debug.openocdPath.osx as cortex-debug.openocdPath is null
2026-08-21 18:34:29 2026-08-21T13:04:29.820Z root ERROR [hosted-plugin: 99192] Conflict in settings file Default: Ignoring cortex-debug.openocdPath.windows as cortex-debug.openocdPath is null
Conflict in settings file Default: Ignoring cortex-debug.pyocdPath.linux as cortex-debug.pyocdPath is null
Conflict in settings file Default: Ignoring cortex-debug.pyocdPath.osx as cortex-debug.pyocdPath is null
Conflict in settings file Default: Ignoring cortex-debug.pyocdPath.windows as cortex-debug.pyocdPath is null
2026-08-21 18:34:29 2026-08-21T13:04:29.820Z root ERROR [hosted-plugin: 99192] Conflict in settings file Default: Ignoring cortex-debug.PEGDBServerPath.linux as cortex-debug.PEGDBServerPath is null
Conflict in settings file Default: Ignoring cortex-debug.PEGDBServerPath.osx as cortex-debug.PEGDBServerPath is null
Conflict in settings file Default: Ignoring cortex-debug.PEGDBServerPath.windows as cortex-debug.PEGDBServerPath is null
Conflict in settings file Default: Ignoring cortex-debug.stutilPath.linux as cortex-debug.stutilPath is null
2026-08-21 18:34:29 2026-08-21T13:04:29.820Z root ERROR [hosted-plugin: 99192] Conflict in settings file Default: Ignoring cortex-debug.stutilPath.osx as cortex-debug.stutilPath is null
Conflict in settings file Default: Ignoring cortex-debug.stutilPath.windows as cortex-debug.stutilPath is null
Conflict in settings file Default: Ignoring cortex-debug.stlinkPath.linux as cortex-debug.stlinkPath is null
Conflict in settings file Default: Ignoring cortex-debug.stlinkPath.osx as cortex-debug.stlinkPath is null
Conflict in settings file Default: Ignoring cortex-debug.stlinkPath.windows as cortex-debug.stlinkPath is null
Conflict in settings file Default: Ignoring cortex-debug.stm32cubeprogrammer.linux as cortex-debug.stm32cubeprogrammer is null
2026-08-21 18:34:29 2026-08-21T13:04:29.820Z root ERROR [hosted-plugin: 99192] Conflict in settings file Default: Ignoring cortex-debug.stm32cubeprogrammer.osx as cortex-debug.stm32cubeprogrammer is null
Conflict in settings file Default: Ignoring cortex-debug.stm32cubeprogrammer.windows as cortex-debug.stm32cubeprogrammer is null
2026-08-21 18:34:29 2026-08-21T13:04:29.886Z root INFO [hosted-plugin: 99192] PLUGIN_HOST(99192): PluginManagerExtImpl/init()
2026-08-21 18:34:29 2026-08-21T13:04:29.892Z root INFO [hosted-plugin: 99192] PLUGIN_HOST(99192): initializing(vscode-arduino-api@0.1.2 with /tmp/.mount_arduinCgxy57/resources/app/lib/backend/plugin-vscode-init)
2026-08-21 18:34:30 2026-08-21T13:04:30.001Z root INFO [hosted-plugin: 99192] PLUGIN_HOST(99192): initializing(json-language-features@1.88.1 with /tmp/.mount_arduinCgxy57/resources/app/lib/backend/plugin-vscode-init)
2026-08-21 18:34:30 2026-08-21T13:04:30.009Z root INFO [hosted-plugin: 99192] PLUGIN_HOST(99192): initializing(cortex-debug@1.5.1 with /tmp/.mount_arduinCgxy57/resources/app/lib/backend/plugin-vscode-init)
2026-08-21 18:34:30 2026-08-21T13:04:30.009Z root INFO [hosted-plugin: 99192] Debugger contribution has been registered: cortex-debug
2026-08-21 18:34:30 2026-08-21T13:04:30.013Z root INFO [hosted-plugin: 99192] PLUGIN_HOST(99192): initializing(vscode-arduino-tools@0.1.3 with /tmp/.mount_arduinCgxy57/resources/app/lib/backend/plugin-vscode-init)
2026-08-21 18:34:30 2026-08-21T13:04:30.014Z root INFO [hosted-plugin: 99192] PLUGIN_HOST(99192): initializing(cpp@1.88.1 with /tmp/.mount_arduinCgxy57/resources/app/lib/backend/plugin-vscode-init)
2026-08-21 18:34:30 2026-08-21T13:04:30.022Z root INFO [hosted-plugin: 99192] PLUGIN_HOST(99192): initializing(json@1.88.1 with /tmp/.mount_arduinCgxy57/resources/app/lib/backend/plugin-vscode-init)
2026-08-21 18:34:30 2026-08-21T13:04:30.028Z root INFO [hosted-plugin: 99192] PLUGIN_HOST(99192): initializing(vscode-language-pack-bg@1.48.3 with /tmp/.mount_arduinCgxy57/resources/app/lib/backend/plugin-vscode-init)
2026-08-21 18:34:30 2026-08-21T13:04:30.030Z root INFO [hosted-plugin: 99192] PLUGIN_HOST(99192): initializing(vscode-language-pack-cs@1.96.0 with /tmp/.mount_arduinCgxy57/resources/app/lib/backend/plugin-vscode-init)
2026-08-21 18:34:30 2026-08-21T13:04:30.030Z root INFO [hosted-plugin: 99192] PLUGIN_HOST(99192): initializing(vscode-language-pack-de@1.96.0 with /tmp/.mount_arduinCgxy57/resources/app/lib/backend/plugin-vscode-init)
2026-08-21 18:34:30 2026-08-21T13:04:30.032Z root INFO [hosted-plugin: 99192] PLUGIN_HOST(99192): initializing(vscode-language-pack-es@1.96.0 with /tmp/.mount_arduinCgxy57/resources/app/lib/backend/plugin-vscode-init)
2026-08-21 18:34:30 2026-08-21T13:04:30.033Z root INFO [hosted-plugin: 99192] PLUGIN_HOST(99192): initializing(vscode-language-pack-fr@1.96.0 with /tmp/.mount_arduinCgxy57/resources/app/lib/backend/plugin-vscode-init)
2026-08-21 18:34:30 2026-08-21T13:04:30.034Z root INFO [hosted-plugin: 99192] PLUGIN_HOST(99192): initializing(vscode-language-pack-hu@1.48.3 with /tmp/.mount_arduinCgxy57/resources/app/lib/backend/plugin-vscode-init)
2026-08-21 18:34:30 2026-08-21T13:04:30.036Z root INFO [hosted-plugin: 99192] PLUGIN_HOST(99192): initializing(vscode-language-pack-it@1.96.0 with /tmp/.mount_arduinCgxy57/resources/app/lib/backend/plugin-vscode-init)
2026-08-21 18:34:30 2026-08-21T13:04:30.037Z root INFO [hosted-plugin: 99192] PLUGIN_HOST(99192): initializing(vscode-language-pack-ja@1.96.0 with /tmp/.mount_arduinCgxy57/resources/app/lib/backend/plugin-vscode-init)
2026-08-21 18:34:30 2026-08-21T13:04:30.039Z root INFO [hosted-plugin: 99192] PLUGIN_HOST(99192): initializing(vscode-language-pack-ko@1.96.0 with /tmp/.mount_arduinCgxy57/resources/app/lib/backend/plugin-vscode-init)
2026-08-21 18:34:30 2026-08-21T13:04:30.040Z root INFO [hosted-plugin: 99192] PLUGIN_HOST(99192): initializing(vscode-language-pack-nl@1.48.3 with /tmp/.mount_arduinCgxy57/resources/app/lib/backend/plugin-vscode-init)
2026-08-21 18:34:30 2026-08-21T13:04:30.041Z root INFO [hosted-plugin: 99192] PLUGIN_HOST(99192): initializing(vscode-language-pack-pl@1.96.0 with /tmp/.mount_arduinCgxy57/resources/app/lib/backend/plugin-vscode-init)
2026-08-21 18:34:30 2026-08-21T13:04:30.042Z root INFO [hosted-plugin: 99192] PLUGIN_HOST(99192): initializing(vscode-language-pack-pt-BR@1.96.0 with /tmp/.mount_arduinCgxy57/resources/app/lib/backend/plugin-vscode-init)
2026-08-21 18:34:30 2026-08-21T13:04:30.042Z root INFO [hosted-plugin: 99192] PLUGIN_HOST(99192): initializing(vscode-language-pack-ru@1.96.0 with /tmp/.mount_arduinCgxy57/resources/app/lib/backend/plugin-vscode-init)
2026-08-21 18:34:30 2026-08-21T13:04:30.043Z root INFO [hosted-plugin: 99192] PLUGIN_HOST(99192): initializing(vscode-language-pack-tr@1.96.0 with /tmp/.mount_arduinCgxy57/resources/app/lib/backend/plugin-vscode-init)
2026-08-21 18:34:30 2026-08-21T13:04:30.043Z root INFO [hosted-plugin: 99192] PLUGIN_HOST(99192): initializing(vscode-language-pack-uk@1.48.3 with /tmp/.mount_arduinCgxy57/resources/app/lib/backend/plugin-vscode-init)
2026-08-21 18:34:30 2026-08-21T13:04:30.044Z root INFO [hosted-plugin: 99192] PLUGIN_HOST(99192): initializing(vscode-language-pack-zh-hans@1.96.0 with /tmp/.mount_arduinCgxy57/resources/app/lib/backend/plugin-vscode-init)
2026-08-21 18:34:30 2026-08-21T13:04:30.044Z root INFO [hosted-plugin: 99192] PLUGIN_HOST(99192): initializing(vscode-language-pack-zh-hant@1.96.0 with /tmp/.mount_arduinCgxy57/resources/app/lib/backend/plugin-vscode-init)
2026-08-21 18:34:30 2026-08-21T13:04:30.152Z root INFO [hosted-plugin: 99192] PLUGIN_HOST(99192): PluginManagerExtImpl/loadPlugin(/tmp/.mount_arduinCgxy57/resources/app/plugins/vscode-builtin-json-language-features/extension/client/dist/node/jsonClientMain)
2026-08-21 18:34:30 2026-08-21T13:04:30.218Z root INFO [hosted-plugin: 99192] PLUGIN_HOST(99192): PluginManagerExtImpl/loadPlugin(/tmp/.mount_arduinCgxy57/resources/app/plugins/vscode-arduino-tools/extension/dist/extension.js)
2026-08-21 18:34:30 2026-08-21T13:04:30.250Z root INFO [hosted-plugin: 99192] PLUGIN_HOST(99192): PluginManagerExtImpl/loadPlugin(/tmp/.mount_arduinCgxy57/resources/app/plugins/vscode-arduino-api/extension/dist/extension.js)
2026-08-21 18:34:30 2026-08-21T13:04:30.256Z root INFO [hosted-plugin: 99192] calling activation function on VS Code Arduino Tools
calling activation function on Arduino IDE API for VS Code extensions
2026-08-21 18:34:30 2026-08-21T13:04:30.445Z root INFO Frontend application start: 3628.2 ms [Finished 8.167 s after backend start]
2026-08-21 18:34:30 Checking for update
2026-08-21 18:34:30 2026-08-21T13:04:30.473Z root INFO Replace loading indicator with ready workbench UI (animation): 909.4 ms [Finished 6.791 s after frontend start]
2026-08-21 18:34:30 2026-08-21T13:04:30.473Z root INFO Changed application state from 'initialized_layout' to 'ready'.
2026-08-21 18:34:30 2026-08-21T13:04:30.473Z root WARN Linked preference "workbench.colorCustomizations" not found.
2026-08-21 18:34:30 Error: Error: net::ERR_INTERNET_DISCONNECTED
    at SimpleURLLoaderWrapper.<anonymous> (node:electron/js2c/browser_init:2:114352)
    at SimpleURLLoaderWrapper.emit (node:events:519:28)
2026-08-21 18:34:30 2026-08-21T13:04:30.556Z root INFO [hosted-plugin: 99192] calling activation function on JSON Language Features (built-in)
2026-08-21 18:34:30 2026-08-21T13:04:30.575Z root INFO [61055a5e-8252-482d-ad29-a0690a7b4d01] Starting plugins.
2026-08-21 18:34:30 2026-08-21T13:04:30.622Z fwuploader ERROR Error: Process exited with exit code: 1
    at ChildProcess.<anonymous> (/tmp/.mount_arduinCgxy57/resources/app/lib/backend/main.js:2:667669)
    at ChildProcess.emit (node:events:519:28)
    at ChildProcess._handle.onexit (node:internal/child_process:294:12)
2026-08-21 18:34:30 2026-08-21T13:04:30.623Z fwuploader ERROR Error: Process exited with exit code: 1
    at ChildProcess.<anonymous> (/tmp/.mount_arduinCgxy57/resources/app/lib/backend/main.js:2:667669)
    at ChildProcess.emit (node:events:519:28)
    at ChildProcess._handle.onexit (node:internal/child_process:294:12)
2026-08-21 18:34:30 2026-08-21T13:04:30.695Z daemon INFO time="2026-08-21T18:34:30+05:30" level=info msg="Updating index" url="https://downloads.arduino.cc/packages/package_index.tar.bz2"
time="2026-08-21T18:34:30+05:30" level=info msg="Starting download" url="https://downloads.arduino.cc/libraries/library_index.tar.bz2"
time="2026-08-21T18:34:30+05:30" level=info msg="Starting download" url="https://downloads.arduino.cc/packages/package_index.tar.bz2"
2026-08-21 18:34:30 2026-08-21T13:04:30.700Z root INFO core-client-provider [platform-index] Downloading index: package_index.tar.bz2

2026-08-21 18:34:30 2026-08-21T13:04:30.704Z root INFO core-client-provider [library-index] Downloading index: library_index.tar.bz2

2026-08-21 18:34:30 2026-08-21T13:04:30.710Z root ERROR Failed to update platform, library indexes. Error: 13 INTERNAL: Error downloading index 'https://downloads.arduino.cc/libraries/library_index.tar.bz2': Download failed: performing HEAD request: Head "https://downloads.arduino.cc/libraries/library_index.tar.bz2": dial tcp: lookup downloads.arduino.cc on [::1]:53: read udp [::1]:56706->[::1]:53: read: connection refused
    at t.callErrorFromStatus (/tmp/.mount_arduinCgxy57/resources/app/lib/backend/main.js:2:999749)
    at Object.onReceiveStatus (/tmp/.mount_arduinCgxy57/resources/app/lib/backend/main.js:2:3800318)
    at Object.onReceiveStatus (/tmp/.mount_arduinCgxy57/resources/app/lib/backend/main.js:2:2231193)
    at /tmp/.mount_arduinCgxy57/resources/app/lib/backend/main.js:2:4368024
    at process.processTicksAndRejections (node:internal/process/task_queues:77:11)
for call at
    at s.makeServerStreamRequest (/tmp/.mount_arduinCgxy57/resources/app/lib/backend/main.js:2:3800085)
    at s.updateLibrariesIndex (/tmp/.mount_arduinCgxy57/resources/app/lib/backend/main.js:2:3326156)
    at /tmp/.mount_arduinCgxy57/resources/app/lib/backend/main.js:2:103711
    at /tmp/.mount_arduinCgxy57/resources/app/lib/backend/main.js:2:103904
    at new Promise (<anonymous>)
    at y.doUpdateIndex (/tmp/.mount_arduinCgxy57/resources/app/lib/backend/main.js:2:103883)
    at y.updateLibraryIndex (/tmp/.mount_arduinCgxy57/resources/app/lib/backend/main.js:2:103683)
    at y.updateIndex (/tmp/.mount_arduinCgxy57/resources/app/lib/backend/main.js:2:102957)
    at R.updateIndex (/tmp/.mount_arduinCgxy57/resources/app/lib/backend/main.js:2:105608)
    at process.processTicksAndRejections (node:internal/process/task_queues:95:5)
2026-08-21 18:34:30 2026-08-21T13:04:30.802Z daemon INFO time="2026-08-21T18:34:30+05:30" level=info msg="Tool required for debug" tool="arduino:arduinoOTA@1.3.0"
time="2026-08-21T18:34:30+05:30" level=info msg="Tool required for debug" tool="arduino:avr-gcc@7.3.0-atmel3.6.1-arduino7"
time="2026-08-21T18:34:30+05:30" level=info msg="Tool required for debug" tool="arduino:avrdude@8.0.0-arduino1"
time="2026-08-21T18:34:30+05:30" level=info msg="Tool required for debug" tool="builtin:serial-discovery@1.5.2"
time="2026-08-21T18:34:30+05:30" level=info msg="Tool required for debug" tool="builtin:serial-monitor@0.15.0"
time="2026-08-21T18:34:30+05:30" level=info msg="Tool required for debug" tool="builtin:ctags@5.8-arduino11"
time="2026-08-21T18:34:30+05:30" level=info msg="Tool required for debug" tool="builtin:dfu-discovery@0.1.2"
time="2026-08-21T18:34:30+05:30" level=info msg="Tool required for debug" tool="builtin:mdns-discovery@1.1.0"
2026-08-21 18:34:30 2026-08-21T13:04:30.804Z root ERROR Failed to get debug config: arduino:avr:uno, undefined Error: Debugging is not supported.
    at Object.callback (/tmp/.mount_arduinCgxy57/resources/app/lib/backend/main.js:2:4762207)
    at Object.onReceiveStatus (/tmp/.mount_arduinCgxy57/resources/app/lib/backend/main.js:2:3797922)
    at Object.onReceiveStatus (/tmp/.mount_arduinCgxy57/resources/app/lib/backend/main.js:2:2231748)
    at Object.onReceiveStatus (/tmp/.mount_arduinCgxy57/resources/app/lib/backend/main.js:2:2231193)
    at /tmp/.mount_arduinCgxy57/resources/app/lib/backend/main.js:2:4368024
    at process.processTicksAndRejections (node:internal/process/task_queues:77:11)
2026-08-21 18:34:30 2026-08-21T13:04:30.811Z root INFO [hosted-plugin: 99192] PLUGIN_HOST(99192): PluginManagerExtImpl/loadPlugin(/tmp/.mount_arduinCgxy57/resources/app/plugins/cortex-debug/extension/dist/extension.js)
2026-08-21 18:34:31 2026-08-21T13:04:31.089Z root ERROR ---- !!!SLOW!!! DURATION: search took 603.604 ms. Args: [{"type":"Updatable"}] ----
2026-08-21 18:34:31 2026-08-21T13:04:31.090Z root INFO [hosted-plugin: 99192] Debug configuration provider has been registered: cortex-debug, trigger: 1
calling activation function on Cortex-Debug
GDB server console created
2026-08-21 18:34:31 2026-08-21T13:04:31.102Z root INFO [61055a5e-8252-482d-ad29-a0690a7b4d01] Start of 23 plugins: 1808.7 ms [Finished 7.693 s after frontend start]
2026-08-21 18:34:31 2026-08-21T13:04:31.133Z root INFO Starting language server: arduino:avr:uno
2026-08-21 18:34:31 2026-08-21T13:04:31.347Z daemon INFO time="2026-08-21T18:34:31+05:30" level=info msg="Adding libraries dir" dir=/home/raj/.arduino15/libraries isSingleLibrary=false location=ide
time="2026-08-21T18:34:31+05:30" level=info msg="Adding libraries dir" dir=/home/raj/.arduino15/packages/arduino/hardware/avr/1.8.8/libraries isSingleLibrary=false location=platform
2026-08-21 18:34:31 2026-08-21T13:04:31.348Z daemon INFO time="2026-08-21T18:34:31+05:30" level=info msg="Adding libraries dir" dir=/home/raj/Arduino/libraries isSingleLibrary=false location=user
2026-08-21 18:34:31 2026-08-21T13:04:31.531Z daemon INFO time="2026-08-21T18:34:31+05:30" level=info msg="Adding libraries dir" dir=/home/raj/.arduino15/libraries isSingleLibrary=false location=ide
time="2026-08-21T18:34:31+05:30" level=info msg="Adding libraries dir" dir=/home/raj/.arduino15/packages/arduino/hardware/avr/1.8.8/libraries isSingleLibrary=false location=platform
time="2026-08-21T18:34:31+05:30" level=info msg="Adding libraries dir" dir=/home/raj/Arduino/libraries isSingleLibrary=false location=user
2026-08-21 18:35:04 2026-08-21T13:05:04.208Z root INFO creating connection for 2
2026-08-21 18:35:05 2026-08-21T13:05:05.423Z root WARN A command editor.action.toggleStickyScroll is already registered.
2026-08-21 18:35:05 Opening channel for service path '/services/electron-window'.
2026-08-21 18:35:05 Opening channel for service path '/services/ide-updater'.
2026-08-21 18:35:05 2026-08-21T13:05:05.571Z root INFO Start frontend contributions: 336.9 ms [Finished 2.242 s after frontend start]
2026-08-21 18:35:05 2026-08-21T13:05:05.571Z root INFO Changed application state from 'init' to 'started_contributions'.
2026-08-21 18:35:05 2026-08-21T13:05:05.582Z root INFO Changed application state from 'started_contributions' to 'attached_shell'.
2026-08-21 18:35:05 2026-08-21T13:05:05.582Z root INFO >>> Restoring the layout state...
2026-08-21 18:35:05 2026-08-21T13:05:05.636Z root INFO [24ec89e1-1ce9-44be-bc26-a165f5d0d911] Waiting for backend deployment: 91.1 ms [Finished 2.322 s after frontend start]
2026-08-21 18:35:05 2026-08-21T13:05:05.808Z root INFO <<< Nothing to restore.
2026-08-21 18:35:05 2026-08-21T13:05:05.808Z root INFO Initialize the workbench layout: 173.0 ms [Finished 2.442 s after frontend start]
2026-08-21 18:35:05 2026-08-21T13:05:05.808Z root INFO Changed application state from 'attached_shell' to 'initialized_layout'.
2026-08-21 18:35:06 2026-08-21T13:05:06.403Z root INFO [hosted-plugin: 99409] PLUGIN_HOST(99409) starting instance
[Object: null prototype] {}
2026-08-21 18:35:07 2026-08-21T13:05:07.336Z root INFO [24ec89e1-1ce9-44be-bc26-a165f5d0d911] Sync of 23 plugins: 1649.2 ms [Finished 3.971 s after frontend start]
2026-08-21 18:35:07 2026-08-21T13:05:07.337Z root INFO [24ec89e1-1ce9-44be-bc26-a165f5d0d911] Loading plugin contributions
2026-08-21 18:35:07 2026-08-21T13:05:07.338Z root INFO [24ec89e1-1ce9-44be-bc26-a165f5d0d911] Load contributions of 23 plugins: 49.9 ms [Finished 4.021 s after frontend start]
2026-08-21 18:35:07 2026-08-21T13:05:07.380Z root WARN 'cpp' language is remapped from 'source.cpp.embedded.macro' to 'source.cpp' scope
2026-08-21 18:35:07 2026-08-21T13:05:07.381Z root WARN a registered grammar configuration for 'cpp' language is overridden
2026-08-21 18:35:07 2026-08-21T13:05:07.716Z root INFO Frontend application start: 2324.8 ms [Finished 45.430 s after backend start]
2026-08-21 18:35:07 2026-08-21T13:05:07.732Z root INFO Replace loading indicator with ready workbench UI (animation): 1651.6 ms [Finished 4.109 s after frontend start]
2026-08-21 18:35:07 2026-08-21T13:05:07.733Z root INFO Changed application state from 'initialized_layout' to 'ready'.
2026-08-21 18:35:07 2026-08-21T13:05:07.733Z root WARN Linked preference "workbench.colorCustomizations" not found.
2026-08-21 18:35:07 2026-08-21T13:05:07.755Z fwuploader ERROR Error: Process exited with exit code: 1
    at ChildProcess.<anonymous> (/tmp/.mount_arduinCgxy57/resources/app/lib/backend/main.js:2:667669)
    at ChildProcess.emit (node:events:519:28)
    at ChildProcess._handle.onexit (node:internal/child_process:294:12)
2026-08-21 18:35:07 2026-08-21T13:05:07.756Z fwuploader ERROR Error: Process exited with exit code: 1
    at ChildProcess.<anonymous> (/tmp/.mount_arduinCgxy57/resources/app/lib/backend/main.js:2:667669)
    at ChildProcess.emit (node:events:519:28)
    at ChildProcess._handle.onexit (node:internal/child_process:294:12)
2026-08-21 18:35:07 2026-08-21T13:05:07.780Z root INFO Executing startup tasks:
2026-08-21 18:35:07 2026-08-21T13:05:07.780Z root INFO  - 'arduino-use-inherited-boards-data' , args: [{"fqbn":"arduino:avr:uno","data":{"configOptions":[],"programmers":[{"id":"arduinoisp","name":"ArduinoISP","platform":"arduino:avr@1.8.8"},{"id":"jtag3","name":"Atmel JTAGICE3 (JTAG mode)","platform":"arduino:avr@1.8.8"},{"id":"arduinoasisp","name":"Arduino as ISP","platform":"arduino:avr@1.8.8"},{"id":"usbGemma","name":"Arduino Gemma","platform":"arduino:avr@1.8.8"},{"id":"arduinoasispatmega32u4","name":"Arduino as ISP (ATmega32U4)","platform":"arduino:avr@1.8.8"},{"id":"atmel_ice","name":"Atmel-ICE (AVR)","platform":"arduino:avr@1.8.8"},{"id":"parallel","name":"Parallel Programmer","platform":"arduino:avr@1.8.8"},{"id":"stk500","name":"Atmel STK500 development board","platform":"arduino:avr@1.8.8"},{"id":"avrisp","name":"AVR ISP","platform":"arduino:avr@1.8.8"},{"id":"jtag3isp","name":"Atmel JTAGICE3 (ISP mode)","platform":"arduino:avr@1.8.8"},{"id":"usbasp","name":"USBasp","platform":"arduino:avr@1.8.8"},{"id":"avrispmkii","name":"AVRISP mkII","platform":"arduino:avr@1.8.8"},{"id":"arduinoisporg","name":"ArduinoISP.org","platform":"arduino:avr@1.8.8"},{"id":"usbtinyisp","name":"USBtinyISP","platform":"arduino:avr@1.8.8"},{"id":"buspirate","name":"BusPirate as ISP","platform":"arduino:avr@1.8.8"}]}}]
2026-08-21 18:35:07 2026-08-21T13:05:07.781Z root INFO  - 'arduino-use-inherited-boards-config' , args: [{"selectedBoard":{"name":"Arduino UNO","fqbn":"arduino:avr:uno","packageId":{"vendorId":"arduino","arch":"avr"},"packageName":"Arduino AVR Boards","manuallyInstalled":false,"selected":false,"missing":false},"selectedPort":{"protocol":"serial","address":"/dev/ttyUSB0"}},{"arduino+serial:///dev/ttyUSB0":{"name":"Arduino UNO","fqbn":"arduino:avr:uno","packageId":{"vendorId":"arduino","arch":"avr"},"packageName":"Arduino AVR Boards","manuallyInstalled":false,"selected":false,"missing":false}}]
2026-08-21 18:35:08 2026-08-21T13:05:08.146Z root ERROR Failed to get debug config: arduino:avr:uno, undefined Error: Debugging is not supported.
    at Object.callback (/tmp/.mount_arduinCgxy57/resources/app/lib/backend/main.js:2:4762207)
    at Object.onReceiveStatus (/tmp/.mount_arduinCgxy57/resources/app/lib/backend/main.js:2:3797922)
    at Object.onReceiveStatus (/tmp/.mount_arduinCgxy57/resources/app/lib/backend/main.js:2:2231748)
    at Object.onReceiveStatus (/tmp/.mount_arduinCgxy57/resources/app/lib/backend/main.js:2:2231193)
    at /tmp/.mount_arduinCgxy57/resources/app/lib/backend/main.js:2:4368024
    at process.processTicksAndRejections (node:internal/process/task_queues:77:11)
2026-08-21 18:35:08 2026-08-21T13:05:08.146Z daemon INFO time="2026-08-21T18:35:08+05:30" level=info msg="Tool required for debug" tool="arduino:arduinoOTA@1.3.0"
time="2026-08-21T18:35:08+05:30" level=info msg="Tool required for debug" tool="arduino:avr-gcc@7.3.0-atmel3.6.1-arduino7"
time="2026-08-21T18:35:08+05:30" level=info msg="Tool required for debug" tool="arduino:avrdude@8.0.0-arduino1"
time="2026-08-21T18:35:08+05:30" level=info msg="Tool required for debug" tool="builtin:serial-discovery@1.5.2"
time="2026-08-21T18:35:08+05:30" level=info msg="Tool required for debug" tool="builtin:serial-monitor@0.15.0"
time="2026-08-21T18:35:08+05:30" level=info msg="Tool required for debug" tool="builtin:ctags@5.8-arduino11"
time="2026-08-21T18:35:08+05:30" level=info msg="Tool required for debug" tool="builtin:dfu-discovery@0.1.2"
time="2026-08-21T18:35:08+05:30" level=info msg="Tool required for debug" tool="builtin:mdns-discovery@1.1.0"
time="2026-08-21T18:35:08+05:30" level=info msg="Tool required for debug" tool="arduino:arduinoOTA@1.3.0"
time="2026-08-21T18:35:08+05:30" level=info msg="Tool required for debug" tool="arduino:avr-gcc@7.3.0-atmel3.6.1-arduino7"
time="2026-08-21T18:35:08+05:30" level=info msg="Tool required for debug" tool="arduino:avrdude@8.0.0-arduino1"
time="2026-08-21T18:35:08+05:30" level=info msg="Tool required for debug" tool="builtin:mdns-discovery@1.1.0"
time="2026-08-21T18:35:08+05:30" level=info msg="Tool required for debug" tool="builtin:serial-discovery@1.5.2"
time="2026-08-21T18:35:08+05:30" level=info msg="Tool required for debug" tool="builtin:serial-monitor@0.15.0"
time="2026-08-21T18:35:08+05:30" level=info msg="Tool required for debug" tool="builtin:ctags@5.8-arduino11"
time="2026-08-21T18:35:08+05:30" level=info msg="Tool required for debug" tool="builtin:dfu-discovery@0.1.2"
2026-08-21 18:35:08 2026-08-21T13:05:08.147Z root ERROR Failed to get debug config: arduino:avr:uno, undefined Error: Debugging is not supported.
    at Object.callback (/tmp/.mount_arduinCgxy57/resources/app/lib/backend/main.js:2:4762207)
    at Object.onReceiveStatus (/tmp/.mount_arduinCgxy57/resources/app/lib/backend/main.js:2:3797922)
    at Object.onReceiveStatus (/tmp/.mount_arduinCgxy57/resources/app/lib/backend/main.js:2:2231748)
    at Object.onReceiveStatus (/tmp/.mount_arduinCgxy57/resources/app/lib/backend/main.js:2:2231193)
    at /tmp/.mount_arduinCgxy57/resources/app/lib/backend/main.js:2:4368024
    at process.processTicksAndRejections (node:internal/process/task_queues:77:11)
2026-08-21 18:35:08 2026-08-21T13:05:08.289Z daemon INFO time="2026-08-21T18:35:08+05:30" level=info msg="Tool required for debug" tool="arduino:arduinoOTA@1.3.0"
time="2026-08-21T18:35:08+05:30" level=info msg="Tool required for debug" tool="arduino:avr-gcc@7.3.0-atmel3.6.1-arduino7"
time="2026-08-21T18:35:08+05:30" level=info msg="Tool required for debug" tool="arduino:avrdude@8.0.0-arduino1"
time="2026-08-21T18:35:08+05:30" level=info msg="Tool required for debug" tool="builtin:serial-monitor@0.15.0"
time="2026-08-21T18:35:08+05:30" level=info msg="Tool required for debug" tool="builtin:ctags@5.8-arduino11"
time="2026-08-21T18:35:08+05:30" level=info msg="Tool required for debug" tool="builtin:dfu-discovery@0.1.2"
time="2026-08-21T18:35:08+05:30" level=info msg="Tool required for debug" tool="builtin:mdns-discovery@1.1.0"
time="2026-08-21T18:35:08+05:30" level=info msg="Tool required for debug" tool="builtin:serial-discovery@1.5.2"
2026-08-21 18:35:08 2026-08-21T13:05:08.290Z root ERROR Failed to get debug config: arduino:avr:uno, undefined Error: Debugging is not supported.
    at Object.callback (/tmp/.mount_arduinCgxy57/resources/app/lib/backend/main.js:2:4762207)
    at Object.onReceiveStatus (/tmp/.mount_arduinCgxy57/resources/app/lib/backend/main.js:2:3797922)
    at Object.onReceiveStatus (/tmp/.mount_arduinCgxy57/resources/app/lib/backend/main.js:2:2231748)
    at Object.onReceiveStatus (/tmp/.mount_arduinCgxy57/resources/app/lib/backend/main.js:2:2231193)
    at /tmp/.mount_arduinCgxy57/resources/app/lib/backend/main.js:2:4368024
    at process.processTicksAndRejections (node:internal/process/task_queues:77:11)
2026-08-21 18:35:08 2026-08-21T13:05:08.513Z root ERROR [hosted-plugin: 99409] Conflict in settings file Default: Ignoring cortex-debug.armToolchainPath.linux as cortex-debug.armToolchainPath is null
Conflict in settings file Default: Ignoring cortex-debug.armToolchainPath.osx as cortex-debug.armToolchainPath is null
Conflict in settings file Default: Ignoring cortex-debug.armToolchainPath.windows as cortex-debug.armToolchainPath is null
2026-08-21 18:35:08 2026-08-21T13:05:08.514Z root ERROR [hosted-plugin: 99409] Conflict in settings file Default: Ignoring cortex-debug.JLinkGDBServerPath.linux as cortex-debug.JLinkGDBServerPath is null
2026-08-21 18:35:08 2026-08-21T13:05:08.515Z root ERROR [hosted-plugin: 99409] Conflict in settings file Default: Ignoring cortex-debug.JLinkGDBServerPath.osx as cortex-debug.JLinkGDBServerPath is null
Conflict in settings file Default: Ignoring cortex-debug.JLinkGDBServerPath.windows as cortex-debug.JLinkGDBServerPath is null
Conflict in settings file Default: Ignoring cortex-debug.openocdPath.linux as cortex-debug.openocdPath is null
Conflict in settings file Default: Ignoring cortex-debug.openocdPath.osx as cortex-debug.openocdPath is null
Conflict in settings file Default: Ignoring cortex-debug.openocdPath.windows as cortex-debug.openocdPath is null
Conflict in settings file Default: Ignoring cortex-debug.pyocdPath.linux as cortex-debug.pyocdPath is null
Conflict in settings file Default: Ignoring cortex-debug.pyocdPath.osx as cortex-debug.pyocdPath is null
Conflict in settings file Default: Ignoring cortex-debug.pyocdPath.windows as cortex-debug.pyocdPath is null
Conflict in settings file Default: Ignoring cortex-debug.PEGDBServerPath.linux as cortex-debug.PEGDBServerPath is null
Conflict in settings file Default: Ignoring cortex-debug.PEGDBServerPath.osx as cortex-debug.PEGDBServerPath is null
Conflict in settings file Default: Ignoring cortex-debug.PEGDBServerPath.windows as cortex-debug.PEGDBServerPath is null
Conflict in settings file Default: Ignoring cortex-debug.stutilPath.linux as cortex-debug.stutilPath is null
Conflict in settings file Default: Ignoring cortex-debug.stutilPath.osx as cortex-debug.stutilPath is null
Conflict in settings file Default: Ignoring cortex-debug.stutilPath.windows as cortex-debug.stutilPath is null
Conflict in settings file Default: Ignoring cortex-debug.stlinkPath.linux as cortex-debug.stlinkPath is null
Conflict in settings file Default: Ignoring cortex-debug.stlinkPath.osx as cortex-debug.stlinkPath is null
Conflict in settings file Default: Ignoring cortex-debug.stlinkPath.windows as cortex-debug.stlinkPath is null
Conflict in settings file Default: Ignoring cortex-debug.stm32cubeprogrammer.linux as cortex-debug.stm32cubeprogrammer is null
Conflict in settings file Default: Ignoring cortex-debug.stm32cubeprogrammer.osx as cortex-debug.stm32cubeprogrammer is null
Conflict in settings file Default: Ignoring cortex-debug.stm32cubeprogrammer.windows as cortex-debug.stm32cubeprogrammer is null
2026-08-21 18:35:08 2026-08-21T13:05:08.633Z root INFO [hosted-plugin: 99409] PLUGIN_HOST(99409): PluginManagerExtImpl/init()
2026-08-21 18:35:08 2026-08-21T13:05:08.635Z root INFO [hosted-plugin: 99409] PLUGIN_HOST(99409): initializing(vscode-arduino-api@0.1.2 with /tmp/.mount_arduinCgxy57/resources/app/lib/backend/plugin-vscode-init)
2026-08-21 18:35:08 2026-08-21T13:05:08.739Z root INFO [hosted-plugin: 99409] PLUGIN_HOST(99409): initializing(json-language-features@1.88.1 with /tmp/.mount_arduinCgxy57/resources/app/lib/backend/plugin-vscode-init)
2026-08-21 18:35:08 2026-08-21T13:05:08.746Z root INFO [hosted-plugin: 99409] PLUGIN_HOST(99409): initializing(cortex-debug@1.5.1 with /tmp/.mount_arduinCgxy57/resources/app/lib/backend/plugin-vscode-init)
2026-08-21 18:35:08 2026-08-21T13:05:08.747Z root INFO [hosted-plugin: 99409] Debugger contribution has been registered: cortex-debug
2026-08-21 18:35:08 2026-08-21T13:05:08.750Z root INFO [hosted-plugin: 99409] PLUGIN_HOST(99409): initializing(vscode-arduino-tools@0.1.3 with /tmp/.mount_arduinCgxy57/resources/app/lib/backend/plugin-vscode-init)
2026-08-21 18:35:08 2026-08-21T13:05:08.753Z root INFO [hosted-plugin: 99409] PLUGIN_HOST(99409): initializing(cpp@1.88.1 with /tmp/.mount_arduinCgxy57/resources/app/lib/backend/plugin-vscode-init)
2026-08-21 18:35:08 2026-08-21T13:05:08.761Z root INFO [hosted-plugin: 99409] PLUGIN_HOST(99409): initializing(json@1.88.1 with /tmp/.mount_arduinCgxy57/resources/app/lib/backend/plugin-vscode-init)
2026-08-21 18:35:08 2026-08-21T13:05:08.763Z root INFO [hosted-plugin: 99409] PLUGIN_HOST(99409): initializing(vscode-language-pack-bg@1.48.3 with /tmp/.mount_arduinCgxy57/resources/app/lib/backend/plugin-vscode-init)
2026-08-21 18:35:08 2026-08-21T13:05:08.765Z root INFO [hosted-plugin: 99409] PLUGIN_HOST(99409): initializing(vscode-language-pack-cs@1.96.0 with /tmp/.mount_arduinCgxy57/resources/app/lib/backend/plugin-vscode-init)
2026-08-21 18:35:08 2026-08-21T13:05:08.766Z root INFO [hosted-plugin: 99409] PLUGIN_HOST(99409): initializing(vscode-language-pack-de@1.96.0 with /tmp/.mount_arduinCgxy57/resources/app/lib/backend/plugin-vscode-init)
2026-08-21 18:35:08 2026-08-21T13:05:08.768Z root INFO [hosted-plugin: 99409] PLUGIN_HOST(99409): initializing(vscode-language-pack-es@1.96.0 with /tmp/.mount_arduinCgxy57/resources/app/lib/backend/plugin-vscode-init)
2026-08-21 18:35:08 2026-08-21T13:05:08.769Z root INFO [hosted-plugin: 99409] PLUGIN_HOST(99409): initializing(vscode-language-pack-fr@1.96.0 with /tmp/.mount_arduinCgxy57/resources/app/lib/backend/plugin-vscode-init)
2026-08-21 18:35:08 2026-08-21T13:05:08.770Z root INFO [hosted-plugin: 99409] PLUGIN_HOST(99409): initializing(vscode-language-pack-hu@1.48.3 with /tmp/.mount_arduinCgxy57/resources/app/lib/backend/plugin-vscode-init)
2026-08-21 18:35:08 2026-08-21T13:05:08.771Z root INFO [hosted-plugin: 99409] PLUGIN_HOST(99409): initializing(vscode-language-pack-it@1.96.0 with /tmp/.mount_arduinCgxy57/resources/app/lib/backend/plugin-vscode-init)
2026-08-21 18:35:08 2026-08-21T13:05:08.772Z root INFO [hosted-plugin: 99409] PLUGIN_HOST(99409): initializing(vscode-language-pack-ja@1.96.0 with /tmp/.mount_arduinCgxy57/resources/app/lib/backend/plugin-vscode-init)
2026-08-21 18:35:08 2026-08-21T13:05:08.772Z root INFO [hosted-plugin: 99409] PLUGIN_HOST(99409): initializing(vscode-language-pack-ko@1.96.0 with /tmp/.mount_arduinCgxy57/resources/app/lib/backend/plugin-vscode-init)
2026-08-21 18:35:08 2026-08-21T13:05:08.773Z root INFO [hosted-plugin: 99409] PLUGIN_HOST(99409): initializing(vscode-language-pack-nl@1.48.3 with /tmp/.mount_arduinCgxy57/resources/app/lib/backend/plugin-vscode-init)
2026-08-21 18:35:08 2026-08-21T13:05:08.773Z root INFO [hosted-plugin: 99409] PLUGIN_HOST(99409): initializing(vscode-language-pack-pl@1.96.0 with /tmp/.mount_arduinCgxy57/resources/app/lib/backend/plugin-vscode-init)
2026-08-21 18:35:08 2026-08-21T13:05:08.774Z root INFO [hosted-plugin: 99409] PLUGIN_HOST(99409): initializing(vscode-language-pack-pt-BR@1.96.0 with /tmp/.mount_arduinCgxy57/resources/app/lib/backend/plugin-vscode-init)
2026-08-21 18:35:08 2026-08-21T13:05:08.775Z root INFO [hosted-plugin: 99409] PLUGIN_HOST(99409): initializing(vscode-language-pack-ru@1.96.0 with /tmp/.mount_arduinCgxy57/resources/app/lib/backend/plugin-vscode-init)
2026-08-21 18:35:08 2026-08-21T13:05:08.776Z root INFO [hosted-plugin: 99409] PLUGIN_HOST(99409): initializing(vscode-language-pack-tr@1.96.0 with /tmp/.mount_arduinCgxy57/resources/app/lib/backend/plugin-vscode-init)
2026-08-21 18:35:08 2026-08-21T13:05:08.776Z root INFO [hosted-plugin: 99409] PLUGIN_HOST(99409): initializing(vscode-language-pack-uk@1.48.3 with /tmp/.mount_arduinCgxy57/resources/app/lib/backend/plugin-vscode-init)
2026-08-21 18:35:08 2026-08-21T13:05:08.777Z root INFO [hosted-plugin: 99409] PLUGIN_HOST(99409): initializing(vscode-language-pack-zh-hans@1.96.0 with /tmp/.mount_arduinCgxy57/resources/app/lib/backend/plugin-vscode-init)
2026-08-21 18:35:08 2026-08-21T13:05:08.779Z root INFO [hosted-plugin: 99409] PLUGIN_HOST(99409): initializing(vscode-language-pack-zh-hant@1.96.0 with /tmp/.mount_arduinCgxy57/resources/app/lib/backend/plugin-vscode-init)
2026-08-21 18:35:08 2026-08-21T13:05:08.866Z root INFO [hosted-plugin: 99409] PLUGIN_HOST(99409): PluginManagerExtImpl/loadPlugin(/tmp/.mount_arduinCgxy57/resources/app/plugins/vscode-builtin-json-language-features/extension/client/dist/node/jsonClientMain)
2026-08-21 18:35:08 2026-08-21T13:05:08.941Z root INFO [hosted-plugin: 99409] PLUGIN_HOST(99409): PluginManagerExtImpl/loadPlugin(/tmp/.mount_arduinCgxy57/resources/app/plugins/vscode-arduino-api/extension/dist/extension.js)
2026-08-21 18:35:08 2026-08-21T13:05:08.946Z root INFO [hosted-plugin: 99409] calling activation function on Arduino IDE API for VS Code extensions
2026-08-21 18:35:08 2026-08-21T13:05:08.973Z root INFO [24ec89e1-1ce9-44be-bc26-a165f5d0d911] Starting plugins.
2026-08-21 18:35:09 2026-08-21T13:05:09.080Z root INFO [hosted-plugin: 99409] PLUGIN_HOST(99409): PluginManagerExtImpl/loadPlugin(/tmp/.mount_arduinCgxy57/resources/app/plugins/cortex-debug/extension/dist/extension.js)
2026-08-21 18:35:09 2026-08-21T13:05:09.138Z root INFO [hosted-plugin: 99409] Debug configuration provider has been registered: cortex-debug, trigger: 1
2026-08-21 18:35:09 2026-08-21T13:05:09.138Z root INFO [hosted-plugin: 99409] calling activation function on Cortex-Debug
2026-08-21 18:35:09 2026-08-21T13:05:09.142Z root INFO [hosted-plugin: 99409] GDB server console created
2026-08-21 18:35:09 2026-08-21T13:05:09.180Z root INFO [24ec89e1-1ce9-44be-bc26-a165f5d0d911] Start of 23 plugins: 1826.7 ms [Finished 5.863 s after frontend start]
2026-08-21 18:35:09 2026-08-21T13:05:09.201Z root INFO Starting language server: arduino:avr:uno
2026-08-21 18:35:09 2026-08-21T13:05:09.238Z root INFO [hosted-plugin: 99409] calling activation function on JSON Language Features (built-in)
2026-08-21 18:35:09 2026-08-21T13:05:09.276Z root INFO [hosted-plugin: 99409] PLUGIN_HOST(99409): PluginManagerExtImpl/loadPlugin(/tmp/.mount_arduinCgxy57/resources/app/plugins/vscode-arduino-tools/extension/dist/extension.js)
2026-08-21 18:35:09 2026-08-21T13:05:09.322Z root INFO [hosted-plugin: 99409] calling activation function on VS Code Arduino Tools
2026-08-21 18:35:09 2026-08-21T13:05:09.352Z daemon INFO time="2026-08-21T18:35:09+05:30" level=info msg="Adding libraries dir" dir=/home/raj/.arduino15/libraries isSingleLibrary=false location=ide
time="2026-08-21T18:35:09+05:30" level=info msg="Adding libraries dir" dir=/home/raj/.arduino15/packages/arduino/hardware/avr/1.8.8/libraries isSingleLibrary=false location=platform
2026-08-21 18:35:09 2026-08-21T13:05:09.352Z daemon INFO time="2026-08-21T18:35:09+05:30" level=info msg="Adding libraries dir" dir=/home/raj/Arduino/libraries isSingleLibrary=false location=user
2026-08-21 18:35:09 2026-08-21T13:05:09.555Z daemon INFO time="2026-08-21T18:35:09+05:30" level=info msg="Adding libraries dir" dir=/home/raj/.arduino15/libraries isSingleLibrary=false location=ide
time="2026-08-21T18:35:09+05:30" level=info msg="Adding libraries dir" dir=/home/raj/.arduino15/packages/arduino/hardware/avr/1.8.8/libraries isSingleLibrary=false location=platform
2026-08-21 18:35:09 2026-08-21T13:05:09.555Z daemon INFO time="2026-08-21T18:35:09+05:30" level=info msg="Adding libraries dir" dir=/home/raj/Arduino/libraries isSingleLibrary=false location=user
2026-08-21 18:37:07 2026-08-21T13:07:07.343Z daemon INFO time="2026-08-21T18:37:07+05:30" level=info msg="Adding libraries dir" dir=/home/raj/.arduino15/libraries isSingleLibrary=false location=ide
time="2026-08-21T18:37:07+05:30" level=info msg="Adding libraries dir" dir=/home/raj/.arduino15/packages/arduino/hardware/avr/1.8.8/libraries isSingleLibrary=false location=platform
2026-08-21 18:37:07 2026-08-21T13:07:07.343Z daemon INFO time="2026-08-21T18:37:07+05:30" level=info msg="Adding libraries dir" dir=/home/raj/Arduino/libraries isSingleLibrary=false location=user
2026-08-21 18:37:08 2026-08-21T13:07:08.580Z daemon INFO time="2026-08-21T18:37:08+05:30" level=info msg="Adding libraries dir" dir=/home/raj/.arduino15/libraries isSingleLibrary=false location=ide
time="2026-08-21T18:37:08+05:30" level=info msg="Adding libraries dir" dir=/home/raj/.arduino15/packages/arduino/hardware/avr/1.8.8/libraries isSingleLibrary=false location=platform
time="2026-08-21T18:37:08+05:30" level=info msg="Adding libraries dir" dir=/home/raj/Arduino/libraries isSingleLibrary=false location=user
2026-08-21 18:37:10 2026-08-21T13:07:10.357Z daemon INFO time="2026-08-21T18:37:10+05:30" level=info msg="Adding libraries dir" dir=/home/raj/.arduino15/libraries isSingleLibrary=false location=ide
time="2026-08-21T18:37:10+05:30" level=info msg="Adding libraries dir" dir=/home/raj/.arduino15/packages/arduino/hardware/avr/1.8.8/libraries isSingleLibrary=false location=platform
2026-08-21 18:37:10 2026-08-21T13:07:10.358Z daemon INFO time="2026-08-21T18:37:10+05:30" level=info msg="Adding libraries dir" dir=/home/raj/Arduino/libraries isSingleLibrary=false location=user
2026-08-21 18:37:13 2026-08-21T13:07:13.032Z daemon INFO time="2026-08-21T18:37:13+05:30" level=info msg="Adding libraries dir" dir=/home/raj/.arduino15/libraries isSingleLibrary=false location=ide
time="2026-08-21T18:37:13+05:30" level=info msg="Adding libraries dir" dir=/home/raj/.arduino15/packages/arduino/hardware/avr/1.8.8/libraries isSingleLibrary=false location=platform
time="2026-08-21T18:37:13+05:30" level=info msg="Adding libraries dir" dir=/home/raj/Arduino/libraries isSingleLibrary=false location=user
2026-08-21 18:37:41 2026-08-21T13:07:41.794Z daemon INFO time="2026-08-21T18:37:41+05:30" level=info msg="Adding libraries dir" dir=/home/raj/.arduino15/libraries isSingleLibrary=false location=ide
time="2026-08-21T18:37:41+05:30" level=info msg="Adding libraries dir" dir=/home/raj/.arduino15/packages/arduino/hardware/avr/1.8.8/libraries isSingleLibrary=false location=platform
time="2026-08-21T18:37:41+05:30" level=info msg="Adding libraries dir" dir=/home/raj/Arduino/libraries isSingleLibrary=false location=user
2026-08-21 18:37:43 2026-08-21T13:07:43.017Z daemon INFO time="2026-08-21T18:37:43+05:30" level=info msg="Adding libraries dir" dir=/home/raj/.arduino15/libraries isSingleLibrary=false location=ide
time="2026-08-21T18:37:43+05:30" level=info msg="Adding libraries dir" dir=/home/raj/.arduino15/packages/arduino/hardware/avr/1.8.8/libraries isSingleLibrary=false location=platform
time="2026-08-21T18:37:43+05:30" level=info msg="Adding libraries dir" dir=/home/raj/Arduino/libraries isSingleLibrary=false location=user
2026-08-21 18:37:58 2026-08-21T13:07:58.311Z daemon INFO time="2026-08-21T18:37:58+05:30" level=info msg="Adding libraries dir" dir=/home/raj/.arduino15/libraries isSingleLibrary=false location=ide
time="2026-08-21T18:37:58+05:30" level=info msg="Adding libraries dir" dir=/home/raj/.arduino15/packages/arduino/hardware/avr/1.8.8/libraries isSingleLibrary=false location=platform
time="2026-08-21T18:37:58+05:30" level=info msg="Adding libraries dir" dir=/home/raj/Arduino/libraries isSingleLibrary=false location=user
2026-08-21 18:38:00 2026-08-21T13:08:00.103Z daemon INFO time="2026-08-21T18:38:00+05:30" level=info msg="Adding libraries dir" dir=/home/raj/.arduino15/libraries isSingleLibrary=false location=ide
time="2026-08-21T18:38:00+05:30" level=info msg="Adding libraries dir" dir=/home/raj/.arduino15/packages/arduino/hardware/avr/1.8.8/libraries isSingleLibrary=false location=platform
time="2026-08-21T18:38:00+05:30" level=info msg="Adding libraries dir" dir=/home/raj/Arduino/libraries isSingleLibrary=false location=user
2026-08-21 18:38:02 2026-08-21T13:08:02.063Z daemon INFO time="2026-08-21T18:38:02+05:30" level=info msg="Adding libraries dir" dir=/home/raj/.arduino15/libraries isSingleLibrary=false location=ide
time="2026-08-21T18:38:02+05:30" level=info msg="Adding libraries dir" dir=/home/raj/.arduino15/packages/arduino/hardware/avr/1.8.8/libraries isSingleLibrary=false location=platform
2026-08-21 18:38:02 2026-08-21T13:08:02.063Z daemon INFO time="2026-08-21T18:38:02+05:30" level=info msg="Adding libraries dir" dir=/home/raj/Arduino/libraries isSingleLibrary=false location=user
2026-08-21 18:38:03 2026-08-21T13:08:03.284Z daemon INFO time="2026-08-21T18:38:03+05:30" level=info msg="Adding libraries dir" dir=/home/raj/.arduino15/libraries isSingleLibrary=false location=ide
time="2026-08-21T18:38:03+05:30" level=info msg="Adding libraries dir" dir=/home/raj/.arduino15/packages/arduino/hardware/avr/1.8.8/libraries isSingleLibrary=false location=platform
time="2026-08-21T18:38:03+05:30" level=info msg="Adding libraries dir" dir=/home/raj/Arduino/libraries isSingleLibrary=false location=user
2026-08-21 18:38:04 2026-08-21T13:08:04.690Z daemon INFO time="2026-08-21T18:38:04+05:30" level=info msg="Adding libraries dir" dir=/home/raj/.arduino15/libraries isSingleLibrary=false location=ide
time="2026-08-21T18:38:04+05:30" level=info msg="Adding libraries dir" dir=/home/raj/.arduino15/packages/arduino/hardware/avr/1.8.8/libraries isSingleLibrary=false location=platform
time="2026-08-21T18:38:04+05:30" level=info msg="Adding libraries dir" dir=/home/raj/Arduino/libraries isSingleLibrary=false location=user
2026-08-21 18:38:05 2026-08-21T13:08:05.903Z daemon INFO time="2026-08-21T18:38:05+05:30" level=info msg="Adding libraries dir" dir=/home/raj/.arduino15/libraries isSingleLibrary=false location=ide
time="2026-08-21T18:38:05+05:30" level=info msg="Adding libraries dir" dir=/home/raj/.arduino15/packages/arduino/hardware/avr/1.8.8/libraries isSingleLibrary=false location=platform
time="2026-08-21T18:38:05+05:30" level=info msg="Adding libraries dir" dir=/home/raj/Arduino/libraries isSingleLibrary=false location=user
2026-08-21 18:38:35 2026-08-21T13:08:35.399Z daemon INFO time="2026-08-21T18:38:35+05:30" level=info msg="Adding libraries dir" dir=/home/raj/.arduino15/libraries isSingleLibrary=false location=ide
time="2026-08-21T18:38:35+05:30" level=info msg="Adding libraries dir" dir=/home/raj/.arduino15/packages/arduino/hardware/avr/1.8.8/libraries isSingleLibrary=false location=platform
time="2026-08-21T18:38:35+05:30" level=info msg="Adding libraries dir" dir=/home/raj/Arduino/libraries isSingleLibrary=false location=user
2026-08-21 18:38:37 2026-08-21T13:08:37.727Z daemon INFO time="2026-08-21T18:38:37+05:30" level=info msg="Adding libraries dir" dir=/home/raj/.arduino15/libraries isSingleLibrary=false location=ide
time="2026-08-21T18:38:37+05:30" level=info msg="Adding libraries dir" dir=/home/raj/.arduino15/packages/arduino/hardware/avr/1.8.8/libraries isSingleLibrary=false location=platform
2026-08-21 18:38:37 2026-08-21T13:08:37.727Z daemon INFO time="2026-08-21T18:38:37+05:30" level=info msg="Adding libraries dir" dir=/home/raj/Arduino/libraries isSingleLibrary=false location=user
2026-08-21 18:38:39 2026-08-21T13:08:39.704Z daemon INFO time="2026-08-21T18:38:39+05:30" level=info msg="Adding libraries dir" dir=/home/raj/.arduino15/libraries isSingleLibrary=false location=ide
time="2026-08-21T18:38:39+05:30" level=info msg="Adding libraries dir" dir=/home/raj/.arduino15/packages/arduino/hardware/avr/1.8.8/libraries isSingleLibrary=false location=platform
time="2026-08-21T18:38:39+05:30" level=info msg="Adding libraries dir" dir=/home/raj/Arduino/libraries isSingleLibrary=false location=user
2026-08-21 18:38:41 2026-08-21T13:08:41.741Z daemon INFO time="2026-08-21T18:38:41+05:30" level=info msg="Adding libraries dir" dir=/home/raj/.arduino15/libraries isSingleLibrary=false location=ide
time="2026-08-21T18:38:41+05:30" level=info msg="Adding libraries dir" dir=/home/raj/.arduino15/packages/arduino/hardware/avr/1.8.8/libraries isSingleLibrary=false location=platform
2026-08-21 18:38:41 2026-08-21T13:08:41.741Z daemon INFO time="2026-08-21T18:38:41+05:30" level=info msg="Adding libraries dir" dir=/home/raj/Arduino/libraries isSingleLibrary=false location=user
2026-08-21 18:38:42 2026-08-21T13:08:42.963Z daemon INFO time="2026-08-21T18:38:42+05:30" level=info msg="Adding libraries dir" dir=/home/raj/.arduino15/libraries isSingleLibrary=false location=ide
time="2026-08-21T18:38:42+05:30" level=info msg="Adding libraries dir" dir=/home/raj/.arduino15/packages/arduino/hardware/avr/1.8.8/libraries isSingleLibrary=false location=platform
time="2026-08-21T18:38:42+05:30" level=info msg="Adding libraries dir" dir=/home/raj/Arduino/libraries isSingleLibrary=false location=user
2026-08-21 18:39:04 2026-08-21T13:09:04.009Z daemon INFO time="2026-08-21T18:39:04+05:30" level=info msg="Adding libraries dir" dir=/home/raj/.arduino15/libraries isSingleLibrary=false location=ide
time="2026-08-21T18:39:04+05:30" level=info msg="Adding libraries dir" dir=/home/raj/.arduino15/packages/arduino/hardware/avr/1.8.8/libraries isSingleLibrary=false location=platform
2026-08-21 18:39:04 2026-08-21T13:09:04.009Z daemon INFO time="2026-08-21T18:39:04+05:30" level=info msg="Adding libraries dir" dir=/home/raj/Arduino/libraries isSingleLibrary=false location=user
2026-08-21 18:39:05 2026-08-21T13:09:05.232Z daemon INFO time="2026-08-21T18:39:05+05:30" level=info msg="Adding libraries dir" dir=/home/raj/.arduino15/libraries isSingleLibrary=false location=ide
time="2026-08-21T18:39:05+05:30" level=info msg="Adding libraries dir" dir=/home/raj/.arduino15/packages/arduino/hardware/avr/1.8.8/libraries isSingleLibrary=false location=platform
time="2026-08-21T18:39:05+05:30" level=info msg="Adding libraries dir" dir=/home/raj/Arduino/libraries isSingleLibrary=false location=user
2026-08-21 18:39:07 2026-08-21T13:09:07.793Z daemon INFO time="2026-08-21T18:39:07+05:30" level=info msg="Adding libraries dir" dir=/home/raj/.arduino15/libraries isSingleLibrary=false location=ide
time="2026-08-21T18:39:07+05:30" level=info msg="Adding libraries dir" dir=/home/raj/.arduino15/packages/arduino/hardware/avr/1.8.8/libraries isSingleLibrary=false location=platform
2026-08-21 18:39:07 2026-08-21T13:09:07.793Z daemon INFO time="2026-08-21T18:39:07+05:30" level=info msg="Adding libraries dir" dir=/home/raj/Arduino/libraries isSingleLibrary=false location=user
2026-08-21 18:39:09 2026-08-21T13:09:09.021Z daemon INFO time="2026-08-21T18:39:09+05:30" level=info msg="Adding libraries dir" dir=/home/raj/.arduino15/libraries isSingleLibrary=false location=ide
time="2026-08-21T18:39:09+05:30" level=info msg="Adding libraries dir" dir=/home/raj/.arduino15/packages/arduino/hardware/avr/1.8.8/libraries isSingleLibrary=false location=platform
2026-08-21 18:39:09 2026-08-21T13:09:09.021Z daemon INFO time="2026-08-21T18:39:09+05:30" level=info msg="Adding libraries dir" dir=/home/raj/Arduino/libraries isSingleLibrary=false location=user
2026-08-21 18:39:11 2026-08-21T13:09:11.796Z daemon INFO time="2026-08-21T18:39:11+05:30" level=info msg="Adding libraries dir" dir=/home/raj/.arduino15/libraries isSingleLibrary=false location=ide
time="2026-08-21T18:39:11+05:30" level=info msg="Adding libraries dir" dir=/home/raj/.arduino15/packages/arduino/hardware/avr/1.8.8/libraries isSingleLibrary=false location=platform
time="2026-08-21T18:39:11+05:30" level=info msg="Adding libraries dir" dir=/home/raj/Arduino/libraries isSingleLibrary=false location=user
2026-08-21 18:39:13 2026-08-21T13:09:13.022Z daemon INFO time="2026-08-21T18:39:13+05:30" level=info msg="Adding libraries dir" dir=/home/raj/.arduino15/libraries isSingleLibrary=false location=ide
2026-08-21 18:39:13 2026-08-21T13:09:13.022Z daemon INFO time="2026-08-21T18:39:13+05:30" level=info msg="Adding libraries dir" dir=/home/raj/.arduino15/packages/arduino/hardware/avr/1.8.8/libraries isSingleLibrary=false location=platform
time="2026-08-21T18:39:13+05:30" level=info msg="Adding libraries dir" dir=/home/raj/Arduino/libraries isSingleLibrary=false location=user
2026-08-21 18:39:16 2026-08-21T13:09:16.835Z daemon INFO time="2026-08-21T18:39:16+05:30" level=info msg="Adding libraries dir" dir=/home/raj/.arduino15/libraries isSingleLibrary=false location=ide
time="2026-08-21T18:39:16+05:30" level=info msg="Adding libraries dir" dir=/home/raj/.arduino15/packages/arduino/hardware/avr/1.8.8/libraries isSingleLibrary=false location=platform
time="2026-08-21T18:39:16+05:30" level=info msg="Adding libraries dir" dir=/home/raj/Arduino/libraries isSingleLibrary=false location=user
2026-08-21 18:39:18 2026-08-21T13:09:18.053Z daemon INFO time="2026-08-21T18:39:18+05:30" level=info msg="Adding libraries dir" dir=/home/raj/.arduino15/libraries isSingleLibrary=false location=ide
2026-08-21 18:39:18 2026-08-21T13:09:18.054Z daemon INFO time="2026-08-21T18:39:18+05:30" level=info msg="Adding libraries dir" dir=/home/raj/.arduino15/packages/arduino/hardware/avr/1.8.8/libraries isSingleLibrary=false location=platform
time="2026-08-21T18:39:18+05:30" level=info msg="Adding libraries dir" dir=/home/raj/Arduino/libraries isSingleLibrary=false location=user
2026-08-21 18:39:22 2026-08-21T13:09:22.272Z daemon INFO time="2026-08-21T18:39:22+05:30" level=info msg="Adding libraries dir" dir=/home/raj/.arduino15/libraries isSingleLibrary=false location=ide
2026-08-21 18:39:22 2026-08-21T13:09:22.272Z daemon INFO time="2026-08-21T18:39:22+05:30" level=info msg="Adding libraries dir" dir=/home/raj/.arduino15/packages/arduino/hardware/avr/1.8.8/libraries isSingleLibrary=false location=platform
time="2026-08-21T18:39:22+05:30" level=info msg="Adding libraries dir" dir=/home/raj/Arduino/libraries isSingleLibrary=false location=user
2026-08-21 18:39:23 2026-08-21T13:09:23.503Z daemon INFO time="2026-08-21T18:39:23+05:30" level=info msg="Adding libraries dir" dir=/home/raj/.arduino15/libraries isSingleLibrary=false location=ide
time="2026-08-21T18:39:23+05:30" level=info msg="Adding libraries dir" dir=/home/raj/.arduino15/packages/arduino/hardware/avr/1.8.8/libraries isSingleLibrary=false location=platform
time="2026-08-21T18:39:23+05:30" level=info msg="Adding libraries dir" dir=/home/raj/Arduino/libraries isSingleLibrary=false location=user
2026-08-21 18:39:29 2026-08-21T13:09:29.069Z daemon INFO time="2026-08-21T18:39:29+05:30" level=info msg="Adding libraries dir" dir=/home/raj/.arduino15/libraries isSingleLibrary=false location=ide
time="2026-08-21T18:39:29+05:30" level=info msg="Adding libraries dir" dir=/home/raj/.arduino15/packages/arduino/hardware/avr/1.8.8/libraries isSingleLibrary=false location=platform
2026-08-21 18:39:29 2026-08-21T13:09:29.069Z daemon INFO time="2026-08-21T18:39:29+05:30" level=info msg="Adding libraries dir" dir=/home/raj/Arduino/libraries isSingleLibrary=false location=user
2026-08-21 18:39:30 2026-08-21T13:09:30.300Z daemon INFO time="2026-08-21T18:39:30+05:30" level=info msg="Adding libraries dir" dir=/home/raj/.arduino15/libraries isSingleLibrary=false location=ide
2026-08-21 18:39:30 2026-08-21T13:09:30.301Z daemon INFO time="2026-08-21T18:39:30+05:30" level=info msg="Adding libraries dir" dir=/home/raj/.arduino15/packages/arduino/hardware/avr/1.8.8/libraries isSingleLibrary=false location=platform
time="2026-08-21T18:39:30+05:30" level=info msg="Adding libraries dir" dir=/home/raj/Arduino/libraries isSingleLibrary=false location=user
2026-08-21 18:39:58 2026-08-21T13:09:58.599Z discovery-log INFO {"eventType":"add","port":{"matchingBoardsList":[],"port":{"address":"/dev/ttyUSB0","label":"/dev/ttyUSB0","protocol":"serial","protocolLabel":"Serial Port (USB)","propertiesMap":[["pid","0xEA60"],["serialNumber","0001"],["vid","0x10C4"]],"hardwareId":"0001"}},"error":""}
2026-08-21 18:40:01 2026-08-21T13:10:01.734Z daemon INFO time="2026-08-21T18:40:01+05:30" level=info msg="Adding libraries dir" dir=/home/raj/.arduino15/libraries isSingleLibrary=false location=ide
time="2026-08-21T18:40:01+05:30" level=info msg="Adding libraries dir" dir=/home/raj/.arduino15/packages/arduino/hardware/avr/1.8.8/libraries isSingleLibrary=false location=platform
2026-08-21 18:40:01 2026-08-21T13:10:01.734Z daemon INFO time="2026-08-21T18:40:01+05:30" level=info msg="Adding libraries dir" dir=/home/raj/Arduino/libraries isSingleLibrary=false location=user
2026-08-21 18:40:02 2026-08-21T13:10:02.219Z root INFO Executing 'arduino.languageserver.notifyBuildDidComplete' with "file:///home/raj/.cache/arduino/sketches/39FD9CF13CF56B0BA7B492E3487E4461"
2026-08-21 18:40:02 2026-08-21T13:10:02.281Z daemon INFO time="2026-08-21T18:40:02+05:30" level=info msg="Tool required for debug" tool="arduino:arduinoOTA@1.3.0"
time="2026-08-21T18:40:02+05:30" level=info msg="Tool required for debug" tool="arduino:avr-gcc@7.3.0-atmel3.6.1-arduino7"
time="2026-08-21T18:40:02+05:30" level=info msg="Tool required for debug" tool="arduino:avrdude@8.0.0-arduino1"
2026-08-21 18:40:02 2026-08-21T13:10:02.281Z daemon INFO time="2026-08-21T18:40:02+05:30" level=info msg="Tool required for debug" tool="builtin:mdns-discovery@1.1.0"
time="2026-08-21T18:40:02+05:30" level=info msg="Tool required for debug" tool="builtin:serial-discovery@1.5.2"
time="2026-08-21T18:40:02+05:30" level=info msg="Tool required for debug" tool="builtin:serial-monitor@0.15.0"
time="2026-08-21T18:40:02+05:30" level=info msg="Tool required for debug" tool="builtin:ctags@5.8-arduino11"
time="2026-08-21T18:40:02+05:30" level=info msg="Tool required for debug" tool="builtin:dfu-discovery@0.1.2"
2026-08-21 18:40:02 2026-08-21T13:10:02.282Z root ERROR Failed to get debug config: arduino:avr:uno, undefined Error: Debugging is not supported.
    at Object.callback (/tmp/.mount_arduinCgxy57/resources/app/lib/backend/main.js:2:4762207)
    at Object.onReceiveStatus (/tmp/.mount_arduinCgxy57/resources/app/lib/backend/main.js:2:3797922)
    at Object.onReceiveStatus (/tmp/.mount_arduinCgxy57/resources/app/lib/backend/main.js:2:2231748)
    at Object.onReceiveStatus (/tmp/.mount_arduinCgxy57/resources/app/lib/backend/main.js:2:2231193)
    at /tmp/.mount_arduinCgxy57/resources/app/lib/backend/main.js:2:4368024
    at process.processTicksAndRejections (node:internal/process/task_queues:77:11)
2026-08-21 18:40:03 2026-08-21T13:10:03.242Z daemon INFO time="2026-08-21T18:40:03+05:30" level=info msg="Adding libraries dir" dir=/home/raj/.arduino15/libraries isSingleLibrary=false location=ide
time="2026-08-21T18:40:03+05:30" level=info msg="Adding libraries dir" dir=/home/raj/.arduino15/packages/arduino/hardware/avr/1.8.8/libraries isSingleLibrary=false location=platform
time="2026-08-21T18:40:03+05:30" level=info msg="Adding libraries dir" dir=/home/raj/Arduino/libraries isSingleLibrary=false location=user
2026-08-21 18:40:05 2026-08-21T13:10:05.010Z root INFO Received port after upload [arduino+serial:///dev/ttyUSB0, arduino:avr:uno, sketch_aug21b]. Before port: {"protocol":"serial","address":"/dev/ttyUSB0"}, after port: {"address":"/dev/ttyUSB0","addressLabel":"/dev/ttyUSB0","protocol":"serial","protocolLabel":"Serial Port (USB)","properties":{"pid":"0xEA60","serialNumber":"0001","vid":"0x10C4"},"hardwareId":"0001"}
2026-08-21 18:40:50 2026-08-21T13:10:50.657Z discovery-log INFO {"eventType":"remove","port":{"matchingBoardsList":[],"port":{"address":"/dev/ttyUSB0","label":"","protocol":"serial","protocolLabel":"","propertiesMap":[],"hardwareId":""}},"error":""}
2026-08-21 18:44:05 2026-08-21T13:14:05.149Z daemon INFO time="2026-08-21T18:44:05+05:30" level=info msg="Adding libraries dir" dir=/home/raj/.arduino15/libraries isSingleLibrary=false location=ide
time="2026-08-21T18:44:05+05:30" level=info msg="Adding libraries dir" dir=/home/raj/.arduino15/packages/arduino/hardware/avr/1.8.8/libraries isSingleLibrary=false location=platform
time="2026-08-21T18:44:05+05:30" level=info msg="Adding libraries dir" dir=/home/raj/Arduino/libraries isSingleLibrary=false location=user
2026-08-21 18:44:06 2026-08-21T13:14:06.381Z daemon INFO time="2026-08-21T18:44:06+05:30" level=info msg="Adding libraries dir" dir=/home/raj/.arduino15/libraries isSingleLibrary=false location=ide
time="2026-08-21T18:44:06+05:30" level=info msg="Adding libraries dir" dir=/home/raj/.arduino15/packages/arduino/hardware/avr/1.8.8/libraries isSingleLibrary=false location=platform
2026-08-21 18:44:06 2026-08-21T13:14:06.382Z daemon INFO time="2026-08-21T18:44:06+05:30" level=info msg="Adding libraries dir" dir=/home/raj/Arduino/libraries isSingleLibrary=false location=user
2026-08-21 18:46:56 2026-08-21T13:16:56.050Z discovery-log INFO {"eventType":"add","port":{"matchingBoardsList":[],"port":{"address":"/dev/ttyUSB0","label":"/dev/ttyUSB0","protocol":"serial","protocolLabel":"Serial Port (USB)","propertiesMap":[["pid","0xEA60"],["serialNumber","0001"],["vid","0x10C4"]],"hardwareId":"0001"}},"error":""}
2026-08-21 18:48:10 2026-08-21T13:18:10.335Z daemon INFO time="2026-08-21T18:48:10+05:30" level=info msg="Adding libraries dir" dir=/home/raj/.arduino15/libraries isSingleLibrary=false location=ide
time="2026-08-21T18:48:10+05:30" level=info msg="Adding libraries dir" dir=/home/raj/.arduino15/packages/arduino/hardware/avr/1.8.8/libraries isSingleLibrary=false location=platform
2026-08-21 18:48:10 2026-08-21T13:18:10.335Z daemon INFO time="2026-08-21T18:48:10+05:30" level=info msg="Adding libraries dir" dir=/home/raj/Arduino/libraries isSingleLibrary=false location=user
2026-08-21 18:48:11 2026-08-21T13:18:11.561Z daemon INFO time="2026-08-21T18:48:11+05:30" level=info msg="Adding libraries dir" dir=/home/raj/.arduino15/libraries isSingleLibrary=false location=ide
2026-08-21 18:48:11 2026-08-21T13:18:11.561Z daemon INFO time="2026-08-21T18:48:11+05:30" level=info msg="Adding libraries dir" dir=/home/raj/.arduino15/packages/arduino/hardware/avr/1.8.8/libraries isSingleLibrary=false location=platform
time="2026-08-21T18:48:11+05:30" level=info msg="Adding libraries dir" dir=/home/raj/Arduino/libraries isSingleLibrary=false location=user
2026-08-21 18:48:23 2026-08-21T13:18:23.455Z daemon INFO time="2026-08-21T18:48:23+05:30" level=info msg="Adding libraries dir" dir=/home/raj/.arduino15/libraries isSingleLibrary=false location=ide
time="2026-08-21T18:48:23+05:30" level=info msg="Adding libraries dir" dir=/home/raj/.arduino15/packages/arduino/hardware/avr/1.8.8/libraries isSingleLibrary=false location=platform
2026-08-21 18:48:23 2026-08-21T13:18:23.455Z daemon INFO time="2026-08-21T18:48:23+05:30" level=info msg="Adding libraries dir" dir=/home/raj/Arduino/libraries isSingleLibrary=false location=user
2026-08-21 18:48:24 2026-08-21T13:18:24.002Z root INFO Executing 'arduino.languageserver.notifyBuildDidComplete' with "file:///home/raj/.cache/arduino/sketches/39FD9CF13CF56B0BA7B492E3487E4461"
2026-08-21 18:48:24 2026-08-21T13:18:24.066Z daemon INFO time="2026-08-21T18:48:24+05:30" level=info msg="Tool required for debug" tool="arduino:arduinoOTA@1.3.0"
time="2026-08-21T18:48:24+05:30" level=info msg="Tool required for debug" tool="arduino:avr-gcc@7.3.0-atmel3.6.1-arduino7"
time="2026-08-21T18:48:24+05:30" level=info msg="Tool required for debug" tool="arduino:avrdude@8.0.0-arduino1"
time="2026-08-21T18:48:24+05:30" level=info msg="Tool required for debug" tool="builtin:ctags@5.8-arduino11"
2026-08-21 18:48:24 2026-08-21T13:18:24.066Z daemon INFO time="2026-08-21T18:48:24+05:30" level=info msg="Tool required for debug" tool="builtin:mdns-discovery@1.1.0"
time="2026-08-21T18:48:24+05:30" level=info msg="Tool required for debug" tool="builtin:serial-discovery@1.5.2"
time="2026-08-21T18:48:24+05:30" level=info msg="Tool required for debug" tool="builtin:serial-monitor@0.15.0"
time="2026-08-21T18:48:24+05:30" level=info msg="Tool required for debug" tool="builtin:dfu-discovery@0.1.2"
2026-08-21 18:48:24 2026-08-21T13:18:24.067Z root ERROR Failed to get debug config: arduino:avr:uno, undefined Error: Debugging is not supported.
    at Object.callback (/tmp/.mount_arduinCgxy57/resources/app/lib/backend/main.js:2:4762207)
    at Object.onReceiveStatus (/tmp/.mount_arduinCgxy57/resources/app/lib/backend/main.js:2:3797922)
    at Object.onReceiveStatus (/tmp/.mount_arduinCgxy57/resources/app/lib/backend/main.js:2:2231748)
    at Object.onReceiveStatus (/tmp/.mount_arduinCgxy57/resources/app/lib/backend/main.js:2:2231193)
    at /tmp/.mount_arduinCgxy57/resources/app/lib/backend/main.js:2:4368024
    at process.processTicksAndRejections (node:internal/process/task_queues:77:11)
2026-08-21 18:48:25 2026-08-21T13:18:25.026Z daemon INFO time="2026-08-21T18:48:25+05:30" level=info msg="Adding libraries dir" dir=/home/raj/.arduino15/libraries isSingleLibrary=false location=ide
time="2026-08-21T18:48:25+05:30" level=info msg="Adding libraries dir" dir=/home/raj/.arduino15/packages/arduino/hardware/avr/1.8.8/libraries isSingleLibrary=false location=platform
time="2026-08-21T18:48:25+05:30" level=info msg="Adding libraries dir" dir=/home/raj/Arduino/libraries isSingleLibrary=false location=user
2026-08-21 18:48:26 2026-08-21T13:18:26.787Z root INFO Received port after upload [arduino+serial:///dev/ttyUSB0, arduino:avr:uno, sketch_aug21b]. Before port: {"protocol":"serial","address":"/dev/ttyUSB0"}, after port: {"address":"/dev/ttyUSB0","addressLabel":"/dev/ttyUSB0","protocol":"serial","protocolLabel":"Serial Port (USB)","properties":{"pid":"0xEA60","serialNumber":"0001","vid":"0x10C4"},"hardwareId":"0001"}
2026-08-21 18:48:40 2026-08-21T13:18:40.271Z discovery-log INFO {"eventType":"remove","port":{"matchingBoardsList":[],"port":{"address":"/dev/ttyUSB0","label":"","protocol":"serial","protocolLabel":"","propertiesMap":[],"hardwareId":""}},"error":""}
2026-08-21 18:48:52 2026-08-21T13:18:52.580Z discovery-log INFO {"eventType":"add","port":{"matchingBoardsList":[],"port":{"address":"/dev/ttyUSB0","label":"/dev/ttyUSB0","protocol":"serial","protocolLabel":"Serial Port (USB)","propertiesMap":[["pid","0xEA60"],["serialNumber","0001"],["vid","0x10C4"]],"hardwareId":"0001"}},"error":""}
2026-08-21 18:49:04 2026-08-21T13:19:04.441Z daemon INFO time="2026-08-21T18:49:04+05:30" level=info msg="Adding libraries dir" dir=/home/raj/.arduino15/libraries isSingleLibrary=false location=ide
time="2026-08-21T18:49:04+05:30" level=info msg="Adding libraries dir" dir=/home/raj/.arduino15/packages/arduino/hardware/avr/1.8.8/libraries isSingleLibrary=false location=platform
time="2026-08-21T18:49:04+05:30" level=info msg="Adding libraries dir" dir=/home/raj/Arduino/libraries isSingleLibrary=false location=user
2026-08-21 18:49:05 2026-08-21T13:19:05.651Z daemon INFO time="2026-08-21T18:49:05+05:30" level=info msg="Adding libraries dir" dir=/home/raj/.arduino15/libraries isSingleLibrary=false location=ide
time="2026-08-21T18:49:05+05:30" level=info msg="Adding libraries dir" dir=/home/raj/.arduino15/packages/arduino/hardware/avr/1.8.8/libraries isSingleLibrary=false location=platform
time="2026-08-21T18:49:05+05:30" level=info msg="Adding libraries dir" dir=/home/raj/Arduino/libraries isSingleLibrary=false location=user
2026-08-21 18:49:05 2026-08-21T13:19:05.978Z daemon INFO time="2026-08-21T18:49:05+05:30" level=info msg="Adding libraries dir" dir=/home/raj/.arduino15/libraries isSingleLibrary=false location=ide
time="2026-08-21T18:49:05+05:30" level=info msg="Adding libraries dir" dir=/home/raj/.arduino15/packages/arduino/hardware/avr/1.8.8/libraries isSingleLibrary=false location=platform
2026-08-21 18:49:05 2026-08-21T13:19:05.978Z daemon INFO time="2026-08-21T18:49:05+05:30" level=info msg="Adding libraries dir" dir=/home/raj/Arduino/libraries isSingleLibrary=false location=user
2026-08-21 18:49:06 2026-08-21T13:19:06.427Z root INFO Executing 'arduino.languageserver.notifyBuildDidComplete' with "file:///home/raj/.cache/arduino/sketches/39FD9CF13CF56B0BA7B492E3487E4461"
2026-08-21 18:49:06 2026-08-21T13:19:06.461Z daemon INFO time="2026-08-21T18:49:06+05:30" level=info msg="Tool required for debug" tool="arduino:arduinoOTA@1.3.0"
time="2026-08-21T18:49:06+05:30" level=info msg="Tool required for debug" tool="arduino:avr-gcc@7.3.0-atmel3.6.1-arduino7"
time="2026-08-21T18:49:06+05:30" level=info msg="Tool required for debug" tool="arduino:avrdude@8.0.0-arduino1"
time="2026-08-21T18:49:06+05:30" level=info msg="Tool required for debug" tool="builtin:dfu-discovery@0.1.2"
time="2026-08-21T18:49:06+05:30" level=info msg="Tool required for debug" tool="builtin:mdns-discovery@1.1.0"
time="2026-08-21T18:49:06+05:30" level=info msg="Tool required for debug" tool="builtin:serial-discovery@1.5.2"
2026-08-21 18:49:06 2026-08-21T13:19:06.461Z daemon INFO time="2026-08-21T18:49:06+05:30" level=info msg="Tool required for debug" tool="builtin:serial-monitor@0.15.0"
time="2026-08-21T18:49:06+05:30" level=info msg="Tool required for debug" tool="builtin:ctags@5.8-arduino11"
2026-08-21 18:49:06 2026-08-21T13:19:06.461Z root ERROR Failed to get debug config: arduino:avr:uno, undefined Error: Debugging is not supported.
    at Object.callback (/tmp/.mount_arduinCgxy57/resources/app/lib/backend/main.js:2:4762207)
    at Object.onReceiveStatus (/tmp/.mount_arduinCgxy57/resources/app/lib/backend/main.js:2:3797922)
    at Object.onReceiveStatus (/tmp/.mount_arduinCgxy57/resources/app/lib/backend/main.js:2:2231748)
    at Object.onReceiveStatus (/tmp/.mount_arduinCgxy57/resources/app/lib/backend/main.js:2:2231193)
    at /tmp/.mount_arduinCgxy57/resources/app/lib/backend/main.js:2:4368024
    at process.processTicksAndRejections (node:internal/process/task_queues:77:11)
2026-08-21 18:49:07 2026-08-21T13:19:07.445Z daemon INFO time="2026-08-21T18:49:07+05:30" level=info msg="Adding libraries dir" dir=/home/raj/.arduino15/libraries isSingleLibrary=false location=ide
2026-08-21 18:49:07 2026-08-21T13:19:07.445Z daemon INFO time="2026-08-21T18:49:07+05:30" level=info msg="Adding libraries dir" dir=/home/raj/.arduino15/packages/arduino/hardware/avr/1.8.8/libraries isSingleLibrary=false location=platform
time="2026-08-21T18:49:07+05:30" level=info msg="Adding libraries dir" dir=/home/raj/Arduino/libraries isSingleLibrary=false location=user
2026-08-21 18:49:09 2026-08-21T13:19:09.196Z root INFO Received port after upload [arduino+serial:///dev/ttyUSB0, arduino:avr:uno, sketch_aug21b]. Before port: {"protocol":"serial","address":"/dev/ttyUSB0"}, after port: {"address":"/dev/ttyUSB0","addressLabel":"/dev/ttyUSB0","protocol":"serial","protocolLabel":"Serial Port (USB)","properties":{"pid":"0xEA60","serialNumber":"0001","vid":"0x10C4"},"hardwareId":"0001"}
2026-08-21 18:49:32 2026-08-21T13:19:32.361Z discovery-log INFO {"eventType":"remove","port":{"matchingBoardsList":[],"port":{"address":"/dev/ttyUSB0","label":"","protocol":"serial","protocolLabel":"","propertiesMap":[],"hardwareId":""}},"error":""}
2026-08-21 18:49:40 2026-08-21T13:19:40.911Z discovery-log INFO {"eventType":"add","port":{"matchingBoardsList":[],"port":{"address":"/dev/ttyUSB0","label":"/dev/ttyUSB0","protocol":"serial","protocolLabel":"Serial Port (USB)","propertiesMap":[["pid","0xEA60"],["serialNumber","0001"],["vid","0x10C4"]],"hardwareId":"0001"}},"error":""}
2026-08-21 18:49:54 2026-08-21T13:19:54.588Z root INFO creating connection for 3
2026-08-21 18:49:55 2026-08-21T13:19:55.740Z root WARN A command editor.action.toggleStickyScroll is already registered.
2026-08-21 18:49:55 Opening channel for service path '/services/electron-window'.
2026-08-21 18:49:55 Opening channel for service path '/services/ide-updater'.
2026-08-21 18:49:55 2026-08-21T13:19:55.903Z root INFO Start frontend contributions: 363.4 ms [Finished 2.209 s after frontend start]
2026-08-21 18:49:55 2026-08-21T13:19:55.903Z root INFO Changed application state from 'init' to 'started_contributions'.
2026-08-21 18:49:55 2026-08-21T13:19:55.916Z root INFO Changed application state from 'started_contributions' to 'attached_shell'.
2026-08-21 18:49:55 2026-08-21T13:19:55.916Z root INFO >>> Restoring the layout state...
2026-08-21 18:49:55 2026-08-21T13:19:55.983Z root INFO [36d3d3ac-5be0-46fd-9c72-bf91098d37ee] Waiting for backend deployment: 103.8 ms [Finished 2.305 s after frontend start]
2026-08-21 18:49:56 2026-08-21T13:19:56.215Z root INFO <<< Nothing to restore.
2026-08-21 18:49:56 2026-08-21T13:19:56.215Z root INFO Initialize the workbench layout: 213.7 ms [Finished 2.454 s after frontend start]
2026-08-21 18:49:56 2026-08-21T13:19:56.215Z root INFO Changed application state from 'attached_shell' to 'initialized_layout'.
2026-08-21 18:49:56 2026-08-21T13:19:56.741Z root INFO [hosted-plugin: 102229] PLUGIN_HOST(102229) starting instance
[Object: null prototype] {}
2026-08-21 18:49:57 2026-08-21T13:19:57.689Z root INFO [36d3d3ac-5be0-46fd-9c72-bf91098d37ee] Sync of 23 plugins: 1653.6 ms [Finished 3.959 s after frontend start]
2026-08-21 18:49:57 2026-08-21T13:19:57.689Z root INFO [36d3d3ac-5be0-46fd-9c72-bf91098d37ee] Loading plugin contributions
2026-08-21 18:49:57 2026-08-21T13:19:57.690Z root INFO [36d3d3ac-5be0-46fd-9c72-bf91098d37ee] Load contributions of 23 plugins: 52.6 ms [Finished 4.012 s after frontend start]
2026-08-21 18:49:57 2026-08-21T13:19:57.735Z root WARN 'cpp' language is remapped from 'source.cpp.embedded.macro' to 'source.cpp' scope
2026-08-21 18:49:57 2026-08-21T13:19:57.735Z root WARN a registered grammar configuration for 'cpp' language is overridden
2026-08-21 18:49:58 2026-08-21T13:19:58.025Z root INFO Frontend application start: 2345.8 ms [Finished 935.760 s after backend start]
2026-08-21 18:49:58 2026-08-21T13:19:58.064Z root INFO Replace loading indicator with ready workbench UI (animation): 1628.2 ms [Finished 4.097 s after frontend start]
2026-08-21 18:49:58 2026-08-21T13:19:58.064Z root INFO Changed application state from 'initialized_layout' to 'ready'.
2026-08-21 18:49:58 2026-08-21T13:19:58.064Z root WARN Linked preference "workbench.colorCustomizations" not found.
2026-08-21 18:49:58 2026-08-21T13:19:58.069Z fwuploader ERROR Error: Process exited with exit code: 1
    at ChildProcess.<anonymous> (/tmp/.mount_arduinCgxy57/resources/app/lib/backend/main.js:2:667669)
    at ChildProcess.emit (node:events:519:28)
    at ChildProcess._handle.onexit (node:internal/child_process:294:12)
2026-08-21 18:49:58 2026-08-21T13:19:58.089Z fwuploader ERROR Error: Process exited with exit code: 1
    at ChildProcess.<anonymous> (/tmp/.mount_arduinCgxy57/resources/app/lib/backend/main.js:2:667669)
    at ChildProcess.emit (node:events:519:28)
    at ChildProcess._handle.onexit (node:internal/child_process:294:12)
2026-08-21 18:49:58 2026-08-21T13:19:58.216Z root INFO Executing startup tasks:
2026-08-21 18:49:58 2026-08-21T13:19:58.216Z root INFO  - 'arduino-use-inherited-boards-data' , args: [{"fqbn":"arduino:avr:uno","data":{"configOptions":[],"programmers":[{"id":"arduinoisp","name":"ArduinoISP","platform":"arduino:avr@1.8.8"},{"id":"jtag3","name":"Atmel JTAGICE3 (JTAG mode)","platform":"arduino:avr@1.8.8"},{"id":"arduinoasisp","name":"Arduino as ISP","platform":"arduino:avr@1.8.8"},{"id":"usbGemma","name":"Arduino Gemma","platform":"arduino:avr@1.8.8"},{"id":"arduinoasispatmega32u4","name":"Arduino as ISP (ATmega32U4)","platform":"arduino:avr@1.8.8"},{"id":"atmel_ice","name":"Atmel-ICE (AVR)","platform":"arduino:avr@1.8.8"},{"id":"parallel","name":"Parallel Programmer","platform":"arduino:avr@1.8.8"},{"id":"stk500","name":"Atmel STK500 development board","platform":"arduino:avr@1.8.8"},{"id":"avrisp","name":"AVR ISP","platform":"arduino:avr@1.8.8"},{"id":"jtag3isp","name":"Atmel JTAGICE3 (ISP mode)","platform":"arduino:avr@1.8.8"},{"id":"usbasp","name":"USBasp","platform":"arduino:avr@1.8.8"},{"id":"avrispmkii","name":"AVRISP mkII","platform":"arduino:avr@1.8.8"},{"id":"arduinoisporg","name":"ArduinoISP.org","platform":"arduino:avr@1.8.8"},{"id":"usbtinyisp","name":"USBtinyISP","platform":"arduino:avr@1.8.8"},{"id":"buspirate","name":"BusPirate as ISP","platform":"arduino:avr@1.8.8"}]}}]
2026-08-21 18:49:58 2026-08-21T13:19:58.216Z root INFO  - 'arduino-use-inherited-boards-config' , args: [{"selectedBoard":{"name":"Arduino UNO","fqbn":"arduino:avr:uno","packageId":{"vendorId":"arduino","arch":"avr"},"packageName":"Arduino AVR Boards","manuallyInstalled":false,"selected":false,"missing":false},"selectedPort":{"protocol":"serial","address":"/dev/ttyUSB0"}},{"arduino+serial:///dev/ttyUSB0":{"name":"Arduino UNO","fqbn":"arduino:avr:uno","packageId":{"vendorId":"arduino","arch":"avr"},"packageName":"Arduino AVR Boards","manuallyInstalled":false,"selected":false,"missing":false}}]
2026-08-21 18:49:58 2026-08-21T13:19:58.557Z root ERROR Failed to get debug config: arduino:avr:uno, undefined Error: Debugging is not supported.
    at Object.callback (/tmp/.mount_arduinCgxy57/resources/app/lib/backend/main.js:2:4762207)
    at Object.onReceiveStatus (/tmp/.mount_arduinCgxy57/resources/app/lib/backend/main.js:2:3797922)
    at Object.onReceiveStatus (/tmp/.mount_arduinCgxy57/resources/app/lib/backend/main.js:2:2231748)
    at Object.onReceiveStatus (/tmp/.mount_arduinCgxy57/resources/app/lib/backend/main.js:2:2231193)
    at /tmp/.mount_arduinCgxy57/resources/app/lib/backend/main.js:2:4368024
    at process.processTicksAndRejections (node:internal/process/task_queues:77:11)
2026-08-21 18:49:58 2026-08-21T13:19:58.557Z daemon INFO time="2026-08-21T18:49:58+05:30" level=info msg="Tool required for debug" tool="arduino:arduinoOTA@1.3.0"
time="2026-08-21T18:49:58+05:30" level=info msg="Tool required for debug" tool="arduino:avr-gcc@7.3.0-atmel3.6.1-arduino7"
time="2026-08-21T18:49:58+05:30" level=info msg="Tool required for debug" tool="arduino:avrdude@8.0.0-arduino1"
time="2026-08-21T18:49:58+05:30" level=info msg="Tool required for debug" tool="builtin:serial-monitor@0.15.0"
time="2026-08-21T18:49:58+05:30" level=info msg="Tool required for debug" tool="builtin:ctags@5.8-arduino11"
time="2026-08-21T18:49:58+05:30" level=info msg="Tool required for debug" tool="builtin:dfu-discovery@0.1.2"
time="2026-08-21T18:49:58+05:30" level=info msg="Tool required for debug" tool="builtin:serial-discovery@1.5.2"
time="2026-08-21T18:49:58+05:30" level=info msg="Tool required for debug" tool="builtin:mdns-discovery@1.1.0"
2026-08-21 18:49:58 2026-08-21T13:19:58.566Z daemon INFO time="2026-08-21T18:49:58+05:30" level=info msg="Tool required for debug" tool="arduino:arduinoOTA@1.3.0"
time="2026-08-21T18:49:58+05:30" level=info msg="Tool required for debug" tool="arduino:avr-gcc@7.3.0-atmel3.6.1-arduino7"
time="2026-08-21T18:49:58+05:30" level=info msg="Tool required for debug" tool="arduino:avrdude@8.0.0-arduino1"
time="2026-08-21T18:49:58+05:30" level=info msg="Tool required for debug" tool="builtin:ctags@5.8-arduino11"
time="2026-08-21T18:49:58+05:30" level=info msg="Tool required for debug" tool="builtin:dfu-discovery@0.1.2"
2026-08-21 18:49:58 2026-08-21T13:19:58.566Z daemon INFO time="2026-08-21T18:49:58+05:30" level=info msg="Tool required for debug" tool="builtin:mdns-discovery@1.1.0"
time="2026-08-21T18:49:58+05:30" level=info msg="Tool required for debug" tool="builtin:serial-discovery@1.5.2"
time="2026-08-21T18:49:58+05:30" level=info msg="Tool required for debug" tool="builtin:serial-monitor@0.15.0"
2026-08-21 18:49:58 2026-08-21T13:19:58.567Z root ERROR Failed to get debug config: arduino:avr:uno, undefined Error: Debugging is not supported.
    at Object.callback (/tmp/.mount_arduinCgxy57/resources/app/lib/backend/main.js:2:4762207)
    at Object.onReceiveStatus (/tmp/.mount_arduinCgxy57/resources/app/lib/backend/main.js:2:3797922)
    at Object.onReceiveStatus (/tmp/.mount_arduinCgxy57/resources/app/lib/backend/main.js:2:2231748)
    at Object.onReceiveStatus (/tmp/.mount_arduinCgxy57/resources/app/lib/backend/main.js:2:2231193)
    at /tmp/.mount_arduinCgxy57/resources/app/lib/backend/main.js:2:4368024
    at process.processTicksAndRejections (node:internal/process/task_queues:77:11)
2026-08-21 18:49:58 2026-08-21T13:19:58.670Z daemon INFO time="2026-08-21T18:49:58+05:30" level=info msg="Tool required for debug" tool="arduino:arduinoOTA@1.3.0"
time="2026-08-21T18:49:58+05:30" level=info msg="Tool required for debug" tool="arduino:avr-gcc@7.3.0-atmel3.6.1-arduino7"
time="2026-08-21T18:49:58+05:30" level=info msg="Tool required for debug" tool="arduino:avrdude@8.0.0-arduino1"
time="2026-08-21T18:49:58+05:30" level=info msg="Tool required for debug" tool="builtin:serial-monitor@0.15.0"
time="2026-08-21T18:49:58+05:30" level=info msg="Tool required for debug" tool="builtin:ctags@5.8-arduino11"
time="2026-08-21T18:49:58+05:30" level=info msg="Tool required for debug" tool="builtin:dfu-discovery@0.1.2"
time="2026-08-21T18:49:58+05:30" level=info msg="Tool required for debug" tool="builtin:mdns-discovery@1.1.0"
time="2026-08-21T18:49:58+05:30" level=info msg="Tool required for debug" tool="builtin:serial-discovery@1.5.2"
2026-08-21 18:49:58 2026-08-21T13:19:58.671Z root ERROR Failed to get debug config: arduino:avr:uno, undefined Error: Debugging is not supported.
    at Object.callback (/tmp/.mount_arduinCgxy57/resources/app/lib/backend/main.js:2:4762207)
    at Object.onReceiveStatus (/tmp/.mount_arduinCgxy57/resources/app/lib/backend/main.js:2:3797922)
    at Object.onReceiveStatus (/tmp/.mount_arduinCgxy57/resources/app/lib/backend/main.js:2:2231748)
    at Object.onReceiveStatus (/tmp/.mount_arduinCgxy57/resources/app/lib/backend/main.js:2:2231193)
    at /tmp/.mount_arduinCgxy57/resources/app/lib/backend/main.js:2:4368024
    at process.processTicksAndRejections (node:internal/process/task_queues:77:11)
2026-08-21 18:49:58 2026-08-21T13:19:58.875Z root ERROR [hosted-plugin: 102229] Conflict in settings file Default: Ignoring cortex-debug.armToolchainPath.linux as cortex-debug.armToolchainPath is null
2026-08-21 18:49:58 2026-08-21T13:19:58.875Z root ERROR [hosted-plugin: 102229] Conflict in settings file Default: Ignoring cortex-debug.armToolchainPath.osx as cortex-debug.armToolchainPath is null
2026-08-21 18:49:58 2026-08-21T13:19:58.875Z root ERROR [hosted-plugin: 102229] Conflict in settings file Default: Ignoring cortex-debug.armToolchainPath.windows as cortex-debug.armToolchainPath is null
2026-08-21 18:49:58 2026-08-21T13:19:58.875Z root ERROR [hosted-plugin: 102229] Conflict in settings file Default: Ignoring cortex-debug.JLinkGDBServerPath.linux as cortex-debug.JLinkGDBServerPath is null
2026-08-21 18:49:58 2026-08-21T13:19:58.875Z root ERROR [hosted-plugin: 102229] Conflict in settings file Default: Ignoring cortex-debug.JLinkGDBServerPath.osx as cortex-debug.JLinkGDBServerPath is null
Conflict in settings file Default: Ignoring cortex-debug.JLinkGDBServerPath.windows as cortex-debug.JLinkGDBServerPath is null
2026-08-21 18:49:58 2026-08-21T13:19:58.876Z root ERROR [hosted-plugin: 102229] Conflict in settings file Default: Ignoring cortex-debug.openocdPath.linux as cortex-debug.openocdPath is null
2026-08-21 18:49:58 2026-08-21T13:19:58.876Z root ERROR [hosted-plugin: 102229] Conflict in settings file Default: Ignoring cortex-debug.openocdPath.osx as cortex-debug.openocdPath is null
Conflict in settings file Default: Ignoring cortex-debug.openocdPath.windows as cortex-debug.openocdPath is null
2026-08-21 18:49:58 2026-08-21T13:19:58.876Z root ERROR [hosted-plugin: 102229] Conflict in settings file Default: Ignoring cortex-debug.pyocdPath.linux as cortex-debug.pyocdPath is null
Conflict in settings file Default: Ignoring cortex-debug.pyocdPath.osx as cortex-debug.pyocdPath is null
2026-08-21 18:49:58 2026-08-21T13:19:58.876Z root ERROR [hosted-plugin: 102229] Conflict in settings file Default: Ignoring cortex-debug.pyocdPath.windows as cortex-debug.pyocdPath is null
Conflict in settings file Default: Ignoring cortex-debug.PEGDBServerPath.linux as cortex-debug.PEGDBServerPath is null
Conflict in settings file Default: Ignoring cortex-debug.PEGDBServerPath.osx as cortex-debug.PEGDBServerPath is null
2026-08-21 18:49:58 2026-08-21T13:19:58.876Z root ERROR [hosted-plugin: 102229] Conflict in settings file Default: Ignoring cortex-debug.PEGDBServerPath.windows as cortex-debug.PEGDBServerPath is null
2026-08-21 18:49:58 2026-08-21T13:19:58.876Z root ERROR [hosted-plugin: 102229] Conflict in settings file Default: Ignoring cortex-debug.stutilPath.linux as cortex-debug.stutilPath is null
2026-08-21 18:49:58 2026-08-21T13:19:58.876Z root ERROR [hosted-plugin: 102229] Conflict in settings file Default: Ignoring cortex-debug.stutilPath.osx as cortex-debug.stutilPath is null
Conflict in settings file Default: Ignoring cortex-debug.stutilPath.windows as cortex-debug.stutilPath is null
2026-08-21 18:49:58 2026-08-21T13:19:58.876Z root ERROR [hosted-plugin: 102229] Conflict in settings file Default: Ignoring cortex-debug.stlinkPath.linux as cortex-debug.stlinkPath is null
Conflict in settings file Default: Ignoring cortex-debug.stlinkPath.osx as cortex-debug.stlinkPath is null
Conflict in settings file Default: Ignoring cortex-debug.stlinkPath.windows as cortex-debug.stlinkPath is null
2026-08-21 18:49:58 2026-08-21T13:19:58.876Z root ERROR [hosted-plugin: 102229] Conflict in settings file Default: Ignoring cortex-debug.stm32cubeprogrammer.linux as cortex-debug.stm32cubeprogrammer is null
2026-08-21 18:49:58 2026-08-21T13:19:58.876Z root ERROR [hosted-plugin: 102229] Conflict in settings file Default: Ignoring cortex-debug.stm32cubeprogrammer.osx as cortex-debug.stm32cubeprogrammer is null
Conflict in settings file Default: Ignoring cortex-debug.stm32cubeprogrammer.windows as cortex-debug.stm32cubeprogrammer is null
2026-08-21 18:49:58 2026-08-21T13:19:58.915Z root INFO [hosted-plugin: 102229] PLUGIN_HOST(102229): PluginManagerExtImpl/init()
2026-08-21 18:49:58 2026-08-21T13:19:58.919Z root INFO [hosted-plugin: 102229] PLUGIN_HOST(102229): initializing(vscode-arduino-api@0.1.2 with /tmp/.mount_arduinCgxy57/resources/app/lib/backend/plugin-vscode-init)
2026-08-21 18:49:59 2026-08-21T13:19:59.011Z root INFO [hosted-plugin: 102229] PLUGIN_HOST(102229): initializing(json-language-features@1.88.1 with /tmp/.mount_arduinCgxy57/resources/app/lib/backend/plugin-vscode-init)
2026-08-21 18:49:59 2026-08-21T13:19:59.018Z root INFO [hosted-plugin: 102229] PLUGIN_HOST(102229): initializing(cortex-debug@1.5.1 with /tmp/.mount_arduinCgxy57/resources/app/lib/backend/plugin-vscode-init)
2026-08-21 18:49:59 2026-08-21T13:19:59.019Z root INFO [hosted-plugin: 102229] Debugger contribution has been registered: cortex-debug
2026-08-21 18:49:59 2026-08-21T13:19:59.022Z root INFO [hosted-plugin: 102229] PLUGIN_HOST(102229): initializing(vscode-arduino-tools@0.1.3 with /tmp/.mount_arduinCgxy57/resources/app/lib/backend/plugin-vscode-init)
2026-08-21 18:49:59 2026-08-21T13:19:59.024Z root INFO [hosted-plugin: 102229] PLUGIN_HOST(102229): initializing(cpp@1.88.1 with /tmp/.mount_arduinCgxy57/resources/app/lib/backend/plugin-vscode-init)
2026-08-21 18:49:59 2026-08-21T13:19:59.031Z root INFO [hosted-plugin: 102229] PLUGIN_HOST(102229): initializing(json@1.88.1 with /tmp/.mount_arduinCgxy57/resources/app/lib/backend/plugin-vscode-init)
2026-08-21 18:49:59 2026-08-21T13:19:59.033Z root INFO [hosted-plugin: 102229] PLUGIN_HOST(102229): initializing(vscode-language-pack-bg@1.48.3 with /tmp/.mount_arduinCgxy57/resources/app/lib/backend/plugin-vscode-init)
2026-08-21 18:49:59 2026-08-21T13:19:59.033Z root INFO [hosted-plugin: 102229] PLUGIN_HOST(102229): initializing(vscode-language-pack-cs@1.96.0 with /tmp/.mount_arduinCgxy57/resources/app/lib/backend/plugin-vscode-init)
2026-08-21 18:49:59 2026-08-21T13:19:59.034Z root INFO [hosted-plugin: 102229] PLUGIN_HOST(102229): initializing(vscode-language-pack-de@1.96.0 with /tmp/.mount_arduinCgxy57/resources/app/lib/backend/plugin-vscode-init)
2026-08-21 18:49:59 2026-08-21T13:19:59.035Z root INFO [hosted-plugin: 102229] PLUGIN_HOST(102229): initializing(vscode-language-pack-es@1.96.0 with /tmp/.mount_arduinCgxy57/resources/app/lib/backend/plugin-vscode-init)
2026-08-21 18:49:59 2026-08-21T13:19:59.037Z root INFO [hosted-plugin: 102229] PLUGIN_HOST(102229): initializing(vscode-language-pack-fr@1.96.0 with /tmp/.mount_arduinCgxy57/resources/app/lib/backend/plugin-vscode-init)
2026-08-21 18:49:59 2026-08-21T13:19:59.037Z root INFO [hosted-plugin: 102229] PLUGIN_HOST(102229): initializing(vscode-language-pack-hu@1.48.3 with /tmp/.mount_arduinCgxy57/resources/app/lib/backend/plugin-vscode-init)
2026-08-21 18:49:59 2026-08-21T13:19:59.038Z root INFO [hosted-plugin: 102229] PLUGIN_HOST(102229): initializing(vscode-language-pack-it@1.96.0 with /tmp/.mount_arduinCgxy57/resources/app/lib/backend/plugin-vscode-init)
2026-08-21 18:49:59 2026-08-21T13:19:59.038Z root INFO [hosted-plugin: 102229] PLUGIN_HOST(102229): initializing(vscode-language-pack-ja@1.96.0 with /tmp/.mount_arduinCgxy57/resources/app/lib/backend/plugin-vscode-init)
2026-08-21 18:49:59 2026-08-21T13:19:59.039Z root INFO [hosted-plugin: 102229] PLUGIN_HOST(102229): initializing(vscode-language-pack-ko@1.96.0 with /tmp/.mount_arduinCgxy57/resources/app/lib/backend/plugin-vscode-init)
2026-08-21 18:49:59 2026-08-21T13:19:59.039Z root INFO [hosted-plugin: 102229] PLUGIN_HOST(102229): initializing(vscode-language-pack-nl@1.48.3 with /tmp/.mount_arduinCgxy57/resources/app/lib/backend/plugin-vscode-init)
2026-08-21 18:49:59 2026-08-21T13:19:59.040Z root INFO [hosted-plugin: 102229] PLUGIN_HOST(102229): initializing(vscode-language-pack-pl@1.96.0 with /tmp/.mount_arduinCgxy57/resources/app/lib/backend/plugin-vscode-init)
2026-08-21 18:49:59 2026-08-21T13:19:59.040Z root INFO [hosted-plugin: 102229] PLUGIN_HOST(102229): initializing(vscode-language-pack-pt-BR@1.96.0 with /tmp/.mount_arduinCgxy57/resources/app/lib/backend/plugin-vscode-init)
2026-08-21 18:49:59 2026-08-21T13:19:59.041Z root INFO [hosted-plugin: 102229] PLUGIN_HOST(102229): initializing(vscode-language-pack-ru@1.96.0 with /tmp/.mount_arduinCgxy57/resources/app/lib/backend/plugin-vscode-init)
2026-08-21 18:49:59 2026-08-21T13:19:59.041Z root INFO [hosted-plugin: 102229] PLUGIN_HOST(102229): initializing(vscode-language-pack-tr@1.96.0 with /tmp/.mount_arduinCgxy57/resources/app/lib/backend/plugin-vscode-init)
2026-08-21 18:49:59 2026-08-21T13:19:59.042Z root INFO [hosted-plugin: 102229] PLUGIN_HOST(102229): initializing(vscode-language-pack-uk@1.48.3 with /tmp/.mount_arduinCgxy57/resources/app/lib/backend/plugin-vscode-init)
2026-08-21 18:49:59 2026-08-21T13:19:59.043Z root INFO [hosted-plugin: 102229] PLUGIN_HOST(102229): initializing(vscode-language-pack-zh-hans@1.96.0 with /tmp/.mount_arduinCgxy57/resources/app/lib/backend/plugin-vscode-init)
2026-08-21 18:49:59 2026-08-21T13:19:59.043Z root INFO [hosted-plugin: 102229] PLUGIN_HOST(102229): initializing(vscode-language-pack-zh-hant@1.96.0 with /tmp/.mount_arduinCgxy57/resources/app/lib/backend/plugin-vscode-init)
2026-08-21 18:49:59 2026-08-21T13:19:59.218Z root INFO [hosted-plugin: 102229] PLUGIN_HOST(102229): PluginManagerExtImpl/loadPlugin(/tmp/.mount_arduinCgxy57/resources/app/plugins/vscode-builtin-json-language-features/extension/client/dist/node/jsonClientMain)
2026-08-21 18:49:59 2026-08-21T13:19:59.288Z root INFO [hosted-plugin: 102229] PLUGIN_HOST(102229): PluginManagerExtImpl/loadPlugin(/tmp/.mount_arduinCgxy57/resources/app/plugins/vscode-arduino-api/extension/dist/extension.js)
2026-08-21 18:49:59 2026-08-21T13:19:59.291Z root INFO [hosted-plugin: 102229] calling activation function on Arduino IDE API for VS Code extensions
2026-08-21 18:49:59 2026-08-21T13:19:59.297Z root INFO [36d3d3ac-5be0-46fd-9c72-bf91098d37ee] Starting plugins.
2026-08-21 18:49:59 2026-08-21T13:19:59.343Z root INFO [hosted-plugin: 102229] PLUGIN_HOST(102229): PluginManagerExtImpl/loadPlugin(/tmp/.mount_arduinCgxy57/resources/app/plugins/cortex-debug/extension/dist/extension.js)
2026-08-21 18:49:59 2026-08-21T13:19:59.388Z root INFO [hosted-plugin: 102229] Debug configuration provider has been registered: cortex-debug, trigger: 1
2026-08-21 18:49:59 2026-08-21T13:19:59.388Z root INFO [hosted-plugin: 102229] calling activation function on Cortex-Debug
2026-08-21 18:49:59 2026-08-21T13:19:59.392Z root INFO [hosted-plugin: 102229] GDB server console created
2026-08-21 18:49:59 2026-08-21T13:19:59.405Z root INFO [36d3d3ac-5be0-46fd-9c72-bf91098d37ee] Start of 23 plugins: 1700.3 ms [Finished 5.727 s after frontend start]
2026-08-21 18:49:59 2026-08-21T13:19:59.425Z root INFO Starting language server: arduino:avr:uno
2026-08-21 18:49:59 2026-08-21T13:19:59.449Z root INFO [hosted-plugin: 102229] PLUGIN_HOST(102229): PluginManagerExtImpl/loadPlugin(/tmp/.mount_arduinCgxy57/resources/app/plugins/vscode-arduino-tools/extension/dist/extension.js)
2026-08-21 18:49:59 2026-08-21T13:19:59.484Z root INFO [hosted-plugin: 102229] calling activation function on VS Code Arduino Tools
2026-08-21 18:49:59 2026-08-21T13:19:59.518Z daemon INFO time="2026-08-21T18:49:59+05:30" level=info msg="Adding libraries dir" dir=/home/raj/.arduino15/libraries isSingleLibrary=false location=ide
time="2026-08-21T18:49:59+05:30" level=info msg="Adding libraries dir" dir=/home/raj/.arduino15/packages/arduino/hardware/avr/1.8.8/libraries isSingleLibrary=false location=platform
time="2026-08-21T18:49:59+05:30" level=info msg="Adding libraries dir" dir=/home/raj/Arduino/libraries isSingleLibrary=false location=user
2026-08-21 18:49:59 2026-08-21T13:19:59.615Z root INFO [hosted-plugin: 102229] calling activation function on JSON Language Features (built-in)
2026-08-21 18:49:59 2026-08-21T13:19:59.649Z daemon INFO time="2026-08-21T18:49:59+05:30" level=info msg="Adding libraries dir" dir=/home/raj/.arduino15/libraries isSingleLibrary=false location=ide
time="2026-08-21T18:49:59+05:30" level=info msg="Adding libraries dir" dir=/home/raj/.arduino15/packages/arduino/hardware/avr/1.8.8/libraries isSingleLibrary=false location=platform
time="2026-08-21T18:49:59+05:30" level=info msg="Adding libraries dir" dir=/home/raj/Arduino/libraries isSingleLibrary=false location=user
2026-08-21 18:49:59 2026-08-21T13:19:59.720Z daemon INFO time="2026-08-21T18:49:59+05:30" level=info msg="Adding libraries dir" dir=/home/raj/.arduino15/libraries isSingleLibrary=false location=ide
time="2026-08-21T18:49:59+05:30" level=info msg="Adding libraries dir" dir=/home/raj/.arduino15/packages/arduino/hardware/avr/1.8.8/libraries isSingleLibrary=false location=platform
time="2026-08-21T18:49:59+05:30" level=info msg="Adding libraries dir" dir=/home/raj/Arduino/libraries isSingleLibrary=false location=user
2026-08-21 18:49:59 2026-08-21T13:19:59.956Z root INFO Executing 'arduino.languageserver.notifyBuildDidComplete' with "file:///home/raj/.cache/arduino/sketches/5A20FB06824CD5E75C04554ACC914778"
2026-08-21 18:49:59 2026-08-21T13:19:59.997Z daemon INFO time="2026-08-21T18:49:59+05:30" level=info msg="Tool required for debug" tool="arduino:arduinoOTA@1.3.0"
time="2026-08-21T18:49:59+05:30" level=info msg="Tool required for debug" tool="arduino:avr-gcc@7.3.0-atmel3.6.1-arduino7"
time="2026-08-21T18:49:59+05:30" level=info msg="Tool required for debug" tool="arduino:avrdude@8.0.0-arduino1"
2026-08-21 18:49:59 2026-08-21T13:19:59.997Z daemon INFO time="2026-08-21T18:49:59+05:30" level=info msg="Tool required for debug" tool="builtin:ctags@5.8-arduino11"
time="2026-08-21T18:49:59+05:30" level=info msg="Tool required for debug" tool="builtin:dfu-discovery@0.1.2"
time="2026-08-21T18:49:59+05:30" level=info msg="Tool required for debug" tool="builtin:mdns-discovery@1.1.0"
time="2026-08-21T18:49:59+05:30" level=info msg="Tool required for debug" tool="builtin:serial-discovery@1.5.2"
time="2026-08-21T18:49:59+05:30" level=info msg="Tool required for debug" tool="builtin:serial-monitor@0.15.0"
2026-08-21 18:49:59 2026-08-21T13:19:59.999Z root ERROR Failed to get debug config: arduino:avr:uno, undefined Error: Debugging is not supported.
    at Object.callback (/tmp/.mount_arduinCgxy57/resources/app/lib/backend/main.js:2:4762207)
    at Object.onReceiveStatus (/tmp/.mount_arduinCgxy57/resources/app/lib/backend/main.js:2:3797922)
    at Object.onReceiveStatus (/tmp/.mount_arduinCgxy57/resources/app/lib/backend/main.js:2:2231748)
    at Object.onReceiveStatus (/tmp/.mount_arduinCgxy57/resources/app/lib/backend/main.js:2:2231193)
    at /tmp/.mount_arduinCgxy57/resources/app/lib/backend/main.js:2:4368024
    at process.processTicksAndRejections (node:internal/process/task_queues:77:11)
2026-08-21 18:50:01 2026-08-21T13:20:01.059Z daemon INFO time="2026-08-21T18:50:01+05:30" level=info msg="Adding libraries dir" dir=/home/raj/.arduino15/libraries isSingleLibrary=false location=ide
time="2026-08-21T18:50:01+05:30" level=info msg="Adding libraries dir" dir=/home/raj/.arduino15/packages/arduino/hardware/avr/1.8.8/libraries isSingleLibrary=false location=platform
2026-08-21 18:50:01 2026-08-21T13:20:01.059Z daemon INFO time="2026-08-21T18:50:01+05:30" level=info msg="Adding libraries dir" dir=/home/raj/Arduino/libraries isSingleLibrary=false location=user
2026-08-21 18:50:02 2026-08-21T13:20:02.420Z root INFO Received port after upload [arduino+serial:///dev/ttyUSB0, arduino:avr:uno, sketch_aug21c]. Before port: {"protocol":"serial","address":"/dev/ttyUSB0"}, after port: {"address":"/dev/ttyUSB0","addressLabel":"/dev/ttyUSB0","protocol":"serial","protocolLabel":"Serial Port (USB)","properties":{"pid":"0xEA60","serialNumber":"0001","vid":"0x10C4"},"hardwareId":"0001"}
2026-08-21 18:50:08 2026-08-21T13:20:08.712Z discovery-log INFO {"eventType":"remove","port":{"matchingBoardsList":[],"port":{"address":"/dev/ttyUSB0","label":"","protocol":"serial","protocolLabel":"","propertiesMap":[],"hardwareId":""}},"error":""}
2026-08-21 18:50:11 isTempSketch: true. Input was /tmp/.arduinoIDE-unsaved2026721-99018-1kirzbx.pjk8/sketch_aug21c
2026-08-21 18:50:11 Ignored marking workspace as a closed sketch. The sketch was detected as temporary. Workspace URI: file:///tmp/.arduinoIDE-unsaved2026721-99018-1kirzbx.pjk8/sketch_aug21c.
2026-08-21 18:50:11 isTempSketch: true. Input was /tmp/.arduinoIDE-unsaved2026721-99018-1kirzbx.pjk8/sketch_aug21c
2026-08-21 18:50:11 Ignored marking workspace as a closed sketch. The sketch was detected as temporary. Workspace URI: file:///tmp/.arduinoIDE-unsaved2026721-99018-1kirzbx.pjk8/sketch_aug21c.
2026-08-21 18:50:11 2026-08-21T13:20:11.089Z root INFO socked closed
2026-08-21 18:50:11 2026-08-21T13:20:11.089Z root INFO closing connection for 3
2026-08-21 18:50:11 2026-08-21T13:20:11.089Z root INFO Closing channel on service path '/localization-server'.
2026-08-21 18:50:11 2026-08-21T13:20:11.089Z root INFO Closing channel on service path '/os'.
2026-08-21 18:50:11 2026-08-21T13:20:11.089Z root INFO Closing channel on service path '/services/commands'.
2026-08-21 18:50:11 2026-08-21T13:20:11.089Z root INFO Closing channel on service path '/services/keyboard'.
2026-08-21 18:50:11 2026-08-21T13:20:11.089Z root INFO Closing channel on service path '/services/logger'.
2026-08-21 18:50:11 2026-08-21T13:20:11.089Z root INFO Closing channel on service path '/services/messageService'.
2026-08-21 18:50:11 2026-08-21T13:20:11.089Z root INFO Closing channel on service path '/services/ChannelCloseService'.
2026-08-21 18:50:11 2026-08-21T13:20:11.089Z root INFO Closing channel on service path '/services/remote-filesystem'.
2026-08-21 18:50:11 2026-08-21T13:20:11.089Z root INFO Closing channel on service path '/services/envs'.
2026-08-21 18:50:11 2026-08-21T13:20:11.089Z root INFO Closing channel on service path '/services/authentication-service'.
2026-08-21 18:50:11 2026-08-21T13:20:11.089Z root INFO Closing channel on service path '/services/sketches-service'.
2026-08-21 18:50:11 2026-08-21T13:20:11.090Z root INFO Closing channel on service path '/services/config-service'.
2026-08-21 18:50:11 2026-08-21T13:20:11.090Z root INFO Closing channel on service path '/services/workspace'.
2026-08-21 18:50:11 2026-08-21T13:20:11.090Z root INFO Closing channel on service path '/services/notification-service'.
2026-08-21 18:50:11 2026-08-21T13:20:11.090Z root INFO Closing channel on service path '/services/arduino-daemon'.
2026-08-21 18:50:11 2026-08-21T13:20:11.090Z root INFO Closing channel on service path '/services/stopwatch'.
2026-08-21 18:50:11 2026-08-21T13:20:11.090Z root INFO Closing channel on service path '/services/application'.
2026-08-21 18:50:11 2026-08-21T13:20:11.090Z root INFO Closing channel on service path '/services/i18n'.
2026-08-21 18:50:11 2026-08-21T13:20:11.090Z root INFO Closing channel on service path '/services/quickInput'.
2026-08-21 18:50:11 2026-08-21T13:20:11.090Z root INFO Closing channel on service path '/services/debug'.
2026-08-21 18:50:11 2026-08-21T13:20:11.090Z root INFO Closing channel on service path '/services/shell-terminal'.
2026-08-21 18:50:11 2026-08-21T13:20:11.090Z root INFO Closing channel on service path '/services/quickPick'.
2026-08-21 18:50:11 2026-08-21T13:20:11.090Z root INFO Closing channel on service path '/services/task'.
2026-08-21 18:50:11 2026-08-21T13:20:11.090Z root INFO Closing channel on service path '/services/search'.
2026-08-21 18:50:11 2026-08-21T13:20:11.090Z root INFO Closing channel on service path '/services/hostedPlugin'.
2026-08-21 18:50:11 2026-08-21T13:20:11.090Z root INFO Closing channel on service path '/services/plugin-ext'.
2026-08-21 18:50:11 2026-08-21T13:20:11.090Z root INFO Closing channel on service path '/services/plugin-paths'.
2026-08-21 18:50:11 2026-08-21T13:20:11.090Z root INFO Closing channel on service path '/services/cli-preferences'.
2026-08-21 18:50:11 2026-08-21T13:20:11.090Z root INFO Closing channel on service path '/services/boards-service'.
2026-08-21 18:50:11 2026-08-21T13:20:11.090Z root INFO Closing channel on service path '/services/response-service'.
2026-08-21 18:50:11 2026-08-21T13:20:11.090Z root INFO Closing channel on service path '/services/file-system-ext'.
2026-08-21 18:50:11 2026-08-21T13:20:11.090Z root INFO Closing channel on service path '/services/core-service'.
2026-08-21 18:50:11 2026-08-21T13:20:11.090Z root INFO Closing channel on service path '/services/example-service'.
2026-08-21 18:50:11 2026-08-21T13:20:11.090Z root INFO Closing channel on service path '/services/library-service'.
2026-08-21 18:50:11 2026-08-21T13:20:11.090Z root INFO Closing channel on service path '/services/executable-service'.
2026-08-21 18:50:11 2026-08-21T13:20:11.090Z root INFO Closing channel on service path '/services/arduino-firmware-uploader'.
2026-08-21 18:50:11 2026-08-21T13:20:11.090Z root INFO Closing channel on service path '/services/formatter'.
2026-08-21 18:50:11 2026-08-21T13:20:11.090Z root INFO Closing channel on service path '/services/search-in-workspace'.
2026-08-21 18:50:11 2026-08-21T13:20:11.090Z root INFO Closing channel on service path '/services/request-service'.
2026-08-21 18:50:11 2026-08-21T13:20:11.090Z root INFO Closing channel on service path '/services/keyStore'.
2026-08-21 18:50:11 2026-08-21T13:20:11.090Z root INFO Closing channel on service path '/services/languagePackService'.
2026-08-21 18:50:11 Closing channel on service path '/services/electron-window'.
2026-08-21 18:50:11 Closing channel on service path '/services/ide-updater'.
2026-08-21 18:50:14 isTempSketch: false. Input was /home/raj/Arduino/sketch_aug21b
2026-08-21 18:50:14 Marking workspace as a closed sketch. Workspace URI: file:///home/raj/Arduino/sketch_aug21b. Date: 1787318414988.
2026-08-21 18:50:14 isTempSketch: false. Input was /home/raj/Arduino/sketch_aug21b
2026-08-21 18:50:14 Marking workspace as a closed sketch. Workspace URI: file:///home/raj/Arduino/sketch_aug21b. Date: 1787318414995.
2026-08-21 18:50:15 2026-08-21T13:20:15.004Z root INFO socked closed
2026-08-21 18:50:15 2026-08-21T13:20:15.004Z root INFO closing connection for 2
2026-08-21 18:50:15 2026-08-21T13:20:15.004Z root INFO Closing channel on service path '/localization-server'.
2026-08-21 18:50:15 2026-08-21T13:20:15.004Z root INFO Closing channel on service path '/os'.
2026-08-21 18:50:15 2026-08-21T13:20:15.004Z root INFO Closing channel on service path '/services/commands'.
2026-08-21 18:50:15 2026-08-21T13:20:15.004Z root INFO Closing channel on service path '/services/keyboard'.
2026-08-21 18:50:15 2026-08-21T13:20:15.004Z root INFO Closing channel on service path '/services/logger'.
2026-08-21 18:50:15 2026-08-21T13:20:15.004Z root INFO Closing channel on service path '/services/messageService'.
2026-08-21 18:50:15 2026-08-21T13:20:15.004Z root INFO Closing channel on service path '/services/ChannelCloseService'.
2026-08-21 18:50:15 2026-08-21T13:20:15.004Z root INFO Closing channel on service path '/services/remote-filesystem'.
2026-08-21 18:50:15 2026-08-21T13:20:15.004Z root INFO Closing channel on service path '/services/envs'.
2026-08-21 18:50:15 2026-08-21T13:20:15.004Z root INFO Closing channel on service path '/services/authentication-service'.
2026-08-21 18:50:15 2026-08-21T13:20:15.004Z root INFO Closing channel on service path '/services/sketches-service'.
2026-08-21 18:50:15 2026-08-21T13:20:15.004Z root INFO Closing channel on service path '/services/config-service'.
2026-08-21 18:50:15 2026-08-21T13:20:15.004Z root INFO Closing channel on service path '/services/workspace'.
2026-08-21 18:50:15 2026-08-21T13:20:15.004Z root INFO Closing channel on service path '/services/notification-service'.
2026-08-21 18:50:15 2026-08-21T13:20:15.004Z root INFO Closing channel on service path '/services/arduino-daemon'.
2026-08-21 18:50:15 2026-08-21T13:20:15.004Z root INFO Closing channel on service path '/services/stopwatch'.
2026-08-21 18:50:15 2026-08-21T13:20:15.004Z root INFO Closing channel on service path '/services/application'.
2026-08-21 18:50:15 2026-08-21T13:20:15.004Z root INFO Closing channel on service path '/services/i18n'.
2026-08-21 18:50:15 2026-08-21T13:20:15.004Z root INFO Closing channel on service path '/services/quickInput'.
2026-08-21 18:50:15 2026-08-21T13:20:15.004Z root INFO Closing channel on service path '/services/debug'.
2026-08-21 18:50:15 2026-08-21T13:20:15.004Z root INFO Closing channel on service path '/services/shell-terminal'.
2026-08-21 18:50:15 2026-08-21T13:20:15.004Z root INFO Closing channel on service path '/services/quickPick'.
2026-08-21 18:50:15 2026-08-21T13:20:15.004Z root INFO Closing channel on service path '/services/task'.
2026-08-21 18:50:15 2026-08-21T13:20:15.004Z root INFO Closing channel on service path '/services/search'.
2026-08-21 18:50:15 2026-08-21T13:20:15.004Z root INFO Closing channel on service path '/services/hostedPlugin'.
2026-08-21 18:50:15 2026-08-21T13:20:15.004Z root INFO Closing channel on service path '/services/plugin-ext'.
2026-08-21 18:50:15 2026-08-21T13:20:15.004Z root INFO Closing channel on service path '/services/plugin-paths'.
2026-08-21 18:50:15 2026-08-21T13:20:15.004Z root INFO Closing channel on service path '/services/cli-preferences'.
2026-08-21 18:50:15 2026-08-21T13:20:15.004Z root INFO Closing channel on service path '/services/boards-service'.
2026-08-21 18:50:15 2026-08-21T13:20:15.004Z root INFO Closing channel on service path '/services/response-service'.
2026-08-21 18:50:15 2026-08-21T13:20:15.004Z root INFO Closing channel on service path '/services/file-system-ext'.
2026-08-21 18:50:15 2026-08-21T13:20:15.004Z root INFO Closing channel on service path '/services/core-service'.
2026-08-21 18:50:15 2026-08-21T13:20:15.004Z root INFO Closing channel on service path '/services/example-service'.
2026-08-21 18:50:15 2026-08-21T13:20:15.004Z root INFO Closing channel on service path '/services/library-service'.
2026-08-21 18:50:15 2026-08-21T13:20:15.004Z root INFO Closing channel on service path '/services/executable-service'.
2026-08-21 18:50:15 2026-08-21T13:20:15.004Z root INFO Closing channel on service path '/services/arduino-firmware-uploader'.
2026-08-21 18:50:15 2026-08-21T13:20:15.004Z root INFO Closing channel on service path '/services/formatter'.
2026-08-21 18:50:15 2026-08-21T13:20:15.004Z root INFO Closing channel on service path '/services/search-in-workspace'.
2026-08-21 18:50:15 2026-08-21T13:20:15.004Z root INFO Closing channel on service path '/services/request-service'.
2026-08-21 18:50:15 2026-08-21T13:20:15.004Z root INFO Closing channel on service path '/services/keyStore'.
2026-08-21 18:50:15 2026-08-21T13:20:15.004Z root INFO Closing channel on service path '/services/languagePackService'.
2026-08-21 18:50:15 Closing channel on service path '/services/electron-window'.
2026-08-21 18:50:15 Closing channel on service path '/services/ide-updater'.
2026-08-21 18:50:16 isTempSketch: false. Input was /home/raj/Arduino/sketch_aug21a
2026-08-21 18:50:16 Marking workspace as a closed sketch. Workspace URI: file:///home/raj/Arduino/sketch_aug21a. Date: 1787318416010.
2026-08-21 18:50:16 isTempSketch: false. Input was /home/raj/Arduino/sketch_aug21a
2026-08-21 18:50:16 Marking workspace as a closed sketch. Workspace URI: file:///home/raj/Arduino/sketch_aug21a. Date: 1787318416016.
2026-08-21 18:50:16 2026-08-21T13:20:16.026Z root INFO socked closed
2026-08-21 18:50:16 2026-08-21T13:20:16.026Z root INFO closing connection for 1
2026-08-21 18:50:16 2026-08-21T13:20:16.026Z root INFO Closing channel on service path '/localization-server'.
2026-08-21 18:50:16 2026-08-21T13:20:16.026Z root INFO Closing channel on service path '/os'.
2026-08-21 18:50:16 2026-08-21T13:20:16.026Z root INFO Closing channel on service path '/services/commands'.
2026-08-21 18:50:16 2026-08-21T13:20:16.027Z root INFO Closing channel on service path '/services/keyboard'.
2026-08-21 18:50:16 2026-08-21T13:20:16.027Z root INFO Closing channel on service path '/services/logger'.
2026-08-21 18:50:16 2026-08-21T13:20:16.027Z root INFO Closing channel on service path '/services/messageService'.
2026-08-21 18:50:16 2026-08-21T13:20:16.027Z root INFO Closing channel on service path '/services/ChannelCloseService'.
2026-08-21 18:50:16 2026-08-21T13:20:16.027Z root INFO Closing channel on service path '/services/remote-filesystem'.
2026-08-21 18:50:16 2026-08-21T13:20:16.027Z root INFO Closing channel on service path '/services/envs'.
2026-08-21 18:50:16 2026-08-21T13:20:16.027Z root INFO Closing channel on service path '/services/authentication-service'.
2026-08-21 18:50:16 2026-08-21T13:20:16.027Z root INFO Closing channel on service path '/services/sketches-service'.
2026-08-21 18:50:16 2026-08-21T13:20:16.027Z root INFO Closing channel on service path '/services/config-service'.
2026-08-21 18:50:16 2026-08-21T13:20:16.027Z root INFO Closing channel on service path '/services/workspace'.
2026-08-21 18:50:16 2026-08-21T13:20:16.027Z root INFO Closing channel on service path '/services/notification-service'.
2026-08-21 18:50:16 2026-08-21T13:20:16.027Z root INFO Closing channel on service path '/services/arduino-daemon'.
2026-08-21 18:50:16 2026-08-21T13:20:16.027Z root INFO Closing channel on service path '/services/stopwatch'.
2026-08-21 18:50:16 2026-08-21T13:20:16.027Z root INFO Closing channel on service path '/services/application'.
2026-08-21 18:50:16 2026-08-21T13:20:16.027Z root INFO Closing channel on service path '/services/i18n'.
2026-08-21 18:50:16 2026-08-21T13:20:16.027Z root INFO Closing channel on service path '/services/quickInput'.
2026-08-21 18:50:16 2026-08-21T13:20:16.027Z root INFO Closing channel on service path '/services/debug'.
2026-08-21 18:50:16 2026-08-21T13:20:16.027Z root INFO Closing channel on service path '/services/shell-terminal'.
2026-08-21 18:50:16 2026-08-21T13:20:16.027Z root INFO Closing channel on service path '/services/quickPick'.
2026-08-21 18:50:16 2026-08-21T13:20:16.027Z root INFO Closing channel on service path '/services/task'.
2026-08-21 18:50:16 2026-08-21T13:20:16.027Z root INFO Closing channel on service path '/services/search'.
2026-08-21 18:50:16 2026-08-21T13:20:16.027Z root INFO Closing channel on service path '/services/hostedPlugin'.
2026-08-21 18:50:16 2026-08-21T13:20:16.027Z root INFO Closing channel on service path '/services/plugin-ext'.
2026-08-21 18:50:16 2026-08-21T13:20:16.027Z root INFO Closing channel on service path '/services/plugin-paths'.
2026-08-21 18:50:16 2026-08-21T13:20:16.027Z root INFO Closing channel on service path '/services/cli-preferences'.
2026-08-21 18:50:16 2026-08-21T13:20:16.027Z root INFO Closing channel on service path '/services/boards-service'.
2026-08-21 18:50:16 2026-08-21T13:20:16.027Z root INFO Closing channel on service path '/services/response-service'.
2026-08-21 18:50:16 2026-08-21T13:20:16.027Z root INFO Closing channel on service path '/services/file-system-ext'.
2026-08-21 18:50:16 2026-08-21T13:20:16.027Z root INFO Closing channel on service path '/services/core-service'.
2026-08-21 18:50:16 2026-08-21T13:20:16.027Z root INFO Closing channel on service path '/services/example-service'.
2026-08-21 18:50:16 2026-08-21T13:20:16.027Z root INFO Closing channel on service path '/services/library-service'.
2026-08-21 18:50:16 2026-08-21T13:20:16.028Z root INFO Closing channel on service path '/services/executable-service'.
2026-08-21 18:50:16 2026-08-21T13:20:16.028Z root INFO Closing channel on service path '/services/arduino-firmware-uploader'.
2026-08-21 18:50:16 2026-08-21T13:20:16.028Z root INFO Closing channel on service path '/services/formatter'.
2026-08-21 18:50:16 2026-08-21T13:20:16.028Z root INFO Closing channel on service path '/services/search-in-workspace'.
2026-08-21 18:50:16 2026-08-21T13:20:16.028Z root INFO Closing channel on service path '/services/request-service'.
2026-08-21 18:50:16 2026-08-21T13:20:16.028Z root INFO Closing channel on service path '/services/keyStore'.
2026-08-21 18:50:16 2026-08-21T13:20:16.028Z root INFO Closing channel on service path '/services/languagePackService'.
2026-08-21 18:50:16 Closing channel on service path '/services/electron-window'.
2026-08-21 18:50:16 Closing channel on service path '/services/ide-updater'.
2026-08-21 18:50:16 Skipped storing sketch as workspace root. Expected minimum threshold: <1787318415052>. Was: <1787318414988>.
2026-08-21 18:50:16 Skipped storing sketch as workspace root. Expected minimum threshold: <1787318415052>. Was: <1787318414995>.
2026-08-21 18:50:16 Storing the sketch as a workspace root: </home/raj/Arduino/sketch_aug21a>.
2026-08-21 18:50:16 Skipped storing sketch as workspace root. Already visited: </home/raj/Arduino/sketch_aug21a>.
2026-08-21 18:50:16 Stored workspaces roots: /home/raj/Arduino/sketch_aug21a
2026-08-21 18:50:16 No sketches were scheduled for deletion.
