2026-08-14 16:32:33 Arduino IDE 2.3.8
2026-08-14 16:32:33 Checking for frontend application configuration customizations. Module path: /tmp/.mount_arduinxSzGLa/resources/app/lib/backend/electron-main.js, destination 'package.json': /tmp/.mount_arduinxSzGLa/resources/app/package.json
2026-08-14 16:32:34 Setting 'theia.frontend.config.appVersion' application configuration value to: "2.3.8" (type of string)
2026-08-14 16:32:34 Setting 'theia.frontend.config.cliVersion' application configuration value to: "1.4.1" (type of string)
2026-08-14 16:32:34 Setting 'theia.frontend.config.buildDate' application configuration value to: "2026-02-25T15:15:50.003Z" (type of string)
2026-08-14 16:32:34 Frontend application configuration after modifications: {"applicationName":"Arduino IDE","defaultTheme":{"light":"arduino-theme","dark":"arduino-theme-dark"},"defaultIconTheme":"none","electron":{"windowOptions":{},"showWindowEarly":true,"splashScreenOptions":{},"uriScheme":"arduino-ide"},"defaultLocale":"","validatePreferencesSchema":false,"reloadOnReconnect":true,"uriScheme":"theia","preferences":{"window.title":"${rootName}${activeEditorShort}${appName}","files.autoSave":"afterDelay","editor.minimap.enabled":false,"editor.tabSize":2,"editor.scrollBeyondLastLine":false,"editor.quickSuggestions":{"other":false,"comments":false,"strings":false},"editor.maxTokenizationLineLength":500,"editor.bracketPairColorization.enabled":false,"breadcrumbs.enabled":false,"workbench.tree.renderIndentGuides":"none","explorer.compactFolders":false},"appVersion":"2.3.8","cliVersion":"1.4.1","buildDate":"2026-02-25T15:15:50.003Z"}
2026-08-14 16:32:34 Starting backend process. PID: 100335
2026-08-14 16:32:35 Showing main window early
2026-08-14 16:32:35 Using browser-only version of superagent in non-browser environment
2026-08-14 16:32:35 Configuration directory URI: 'file:///home/raj/.arduinoIDE'
2026-08-14 16:32:35 Configuring to accept webviews on '^.+\.webview\..+$' hostname.
2026-08-14 16:32:35 2026-08-14T11:02:35.868Z root WARN Backend u.initialize took longer than the expected maximum 50 milliseconds: 66.5 ms [Finished 1.087 s after backend start]
2026-08-14 16:32:35 2026-08-14T11:02:35.877Z root WARN Backend Object.initialize took longer than the expected maximum 50 milliseconds: 64.3 ms [Finished 1.087 s after backend start]
2026-08-14 16:32:35 2026-08-14T11:02:35.877Z root INFO Backend a.initialize: 2.0 ms [Finished 1.087 s after backend start]
2026-08-14 16:32:35 2026-08-14T11:02:35.877Z root INFO Backend a.initialize: 1.4 ms [Finished 1.087 s after backend start]
2026-08-14 16:32:35 2026-08-14T11:02:35.877Z root INFO Backend u.initialize: 1.9 ms [Finished 1.088 s after backend start]
2026-08-14 16:32:35 2026-08-14T11:02:35.881Z root WARN Backend l.initialize took longer than the expected maximum 50 milliseconds: 66.1 ms [Finished 1.089 s after backend start]
2026-08-14 16:32:35 2026-08-14T11:02:35.890Z root INFO configured all backend app contributions
2026-08-14 16:32:35 2026-08-14T11:02:35.890Z root INFO Backend l.onStart: 1.5 ms [Finished 1.111 s after backend start]
2026-08-14 16:32:35 2026-08-14T11:02:35.891Z root INFO Backend d.onStart: 0.1 ms [Finished 1.112 s after backend start]
2026-08-14 16:32:35 2026-08-14T11:02:35.891Z root INFO Backend a.onStart: 0.3 ms [Finished 1.112 s after backend start]
2026-08-14 16:32:35 2026-08-14T11:02:35.892Z config INFO >>> Initializing CLI configuration...
2026-08-14 16:32:35 2026-08-14T11:02:35.892Z root INFO Backend x.onStart: 0.3 ms [Finished 1.112 s after backend start]
2026-08-14 16:32:35 2026-08-14T11:02:35.892Z config INFO Loading CLI configuration from /home/raj/.arduinoIDE/arduino-cli.yaml...
2026-08-14 16:32:35 2026-08-14T11:02:35.892Z daemon INFO Starting daemon from /tmp/.mount_arduinxSzGLa/resources/app/lib/backend/resources/arduino-cli...
2026-08-14 16:32:35 2026-08-14T11:02:35.892Z root INFO Backend w.onStart: 0.4 ms [Finished 1.113 s after backend start]
2026-08-14 16:32:35 2026-08-14T11:02:35.892Z discovery-log INFO start
2026-08-14 16:32:35 2026-08-14T11:02:35.892Z discovery-log INFO start new deferred
2026-08-14 16:32:35 2026-08-14T11:02:35.892Z root INFO Backend v.onStart: 0.2 ms [Finished 1.113 s after backend start]
2026-08-14 16:32:35 2026-08-14T11:02:35.892Z root INFO Backend a.onStart: 0.1 ms [Finished 1.114 s after backend start]
2026-08-14 16:32:35 2026-08-14T11:02:35.896Z root INFO Theia app listening on http://127.0.0.1:33553.
2026-08-14 16:32:35 2026-08-14T11:02:35.897Z root INFO Finished starting backend application: 4.5 ms [Finished 1.118 s after backend start]
2026-08-14 16:32:35 Restoring workspace roots: /home/raj/Arduino/led_on_off,/home/raj/Arduino/obstacle
2026-08-14 16:32:35 2026-08-14T11:02:35.899Z root WARN The local plugin referenced by local-dir:/home/raj/.arduinoIDE/plugins does not exist.
2026-08-14 16:32:35 2026-08-14T11:02:35.899Z root WARN The local plugin referenced by local-dir:/home/raj/.arduinoIDE/deployedPlugins does not exist.
2026-08-14 16:32:35 isTempSketch: false. Input was /home/raj/Arduino/led_on_off/led_on_off.ino
2026-08-14 16:32:36 2026-08-14T11:02:35.934Z config INFO Loaded CLI configuration: {"board_manager":{"additional_urls":[]}}
2026-08-14 16:32:36 2026-08-14T11:02:35.934Z config INFO Loading fallback CLI configuration to get 'directories.data' and 'directories.user'
2026-08-14 16:32:36 isTempSketch: false. Input was /home/raj/Arduino/obstacle/obstacle.ino
2026-08-14 16:32:36 2026-08-14T11:02:36.141Z root INFO Resolve plugins list: 246.9 ms [Finished 1.362 s after backend start]
2026-08-14 16:32:36 2026-08-14T11:02:36.437Z daemon INFO time="2026-08-14T16:32:36+05:30" level=info msg="arduino-cli version 1.4.1"
2026-08-14 16:32:36 2026-08-14T11:02:36.440Z daemon INFO time="2026-08-14T16:32:36+05:30" level=info msg="Using config file: /home/raj/.arduinoIDE/arduino-cli.yaml"
2026-08-14 16:32:36 2026-08-14T11:02:36.445Z daemon INFO time="2026-08-14T16:32:36+05:30" level=info msg="Executing `arduino-cli daemon`"
2026-08-14 16:32:36 2026-08-14T11:02:36.449Z config INFO Loaded fallback CLI configuration: {"directories":{"user":"/home/raj/Arduino","data":"/home/raj/.arduino15"}}
2026-08-14 16:32:36 2026-08-14T11:02:36.449Z config INFO Merged CLI configuration with the fallback: {"directories":{"user":"/home/raj/Arduino","data":"/home/raj/.arduino15"},"board_manager":{"additional_urls":[]}}
2026-08-14 16:32:36 2026-08-14T11:02:36.449Z config INFO Loaded the CLI configuration.
2026-08-14 16:32:36 2026-08-14T11:02:36.470Z daemon INFO Daemon is now listening on 127.0.0.1:38985
{"IP":"127.0.0.1","Port":"38985"}
2026-08-14 16:32:36 2026-08-14T11:02:36.470Z daemon INFO Daemon is running.
2026-08-14 16:32:36 2026-08-14T11:02:36.506Z config INFO Mapped the CLI configuration: {"dataDirUri":"file:///home/raj/.arduino15","sketchDirUri":"file:///home/raj/Arduino","additionalUrls":[],"network":"none","locale":"en"}
2026-08-14 16:32:36 2026-08-14T11:02:36.506Z config INFO Validating the CLI configuration...
2026-08-14 16:32:36 2026-08-14T11:02:36.542Z config INFO The CLI config is valid.
2026-08-14 16:32:36 2026-08-14T11:02:36.542Z config INFO <<< Initialized the CLI configuration.
2026-08-14 16:32:36 2026-08-14T11:02:36.608Z daemon INFO time="2026-08-14T16:32:36+05:30" level=info msg="Checking signature" index=/home/raj/.arduino15/package_index.json signatureFile=/home/raj/.arduino15/package_index.json.sig trusted=true
2026-08-14 16:32:36 2026-08-14T11:02:36.615Z daemon INFO time="2026-08-14T16:32:36+05:30" level=info msg="Loading hardware from: /home/raj/.arduino15/packages"
time="2026-08-14T16:32:36+05:30" level=info msg="Loading package arduino from: /home/raj/.arduino15/packages/arduino/hardware"
2026-08-14 16:32:36 2026-08-14T11:02:36.621Z daemon INFO time="2026-08-14T16:32:36+05:30" level=info msg="Missing signature file" index=/home/raj/.arduino15/packages/arduino/hardware/avr/1.8.8/installed.json
2026-08-14 16:32:36 2026-08-14T11:02:36.626Z daemon INFO time="2026-08-14T16:32:36+05:30" level=info msg="Adding monitor tool" protocol=serial tool="builtin:serial-monitor"
2026-08-14 16:32:36 2026-08-14T11:02:36.626Z daemon INFO time="2026-08-14T16:32:36+05:30" level=info msg="Loaded platform" platform="arduino:avr@1.8.8"
time="2026-08-14T16:32:36+05:30" level=info msg="Checking existence of 'tools' path: /home/raj/.arduino15/packages/arduino/tools"
time="2026-08-14T16:32:36+05:30" level=info msg="Loading tools from dir: /home/raj/.arduino15/packages/arduino/tools"
time="2026-08-14T16:32:36+05:30" level=info msg="Loaded tool" tool="arduino:arduinoOTA@1.3.0"
time="2026-08-14T16:32:36+05:30" level=info msg="Loaded tool" tool="arduino:avr-gcc@7.3.0-atmel3.6.1-arduino7"
2026-08-14 16:32:36 2026-08-14T11:02:36.626Z daemon INFO time="2026-08-14T16:32:36+05:30" level=info msg="Loaded tool" tool="arduino:avrdude@8.0.0-arduino1"
time="2026-08-14T16:32:36+05:30" level=info msg="Loading package builtin from: /home/raj/.arduino15/packages/builtin"
time="2026-08-14T16:32:36+05:30" level=info msg="Checking existence of 'tools' path: /home/raj/.arduino15/packages/builtin/tools"
time="2026-08-14T16:32:36+05:30" level=info msg="Loading tools from dir: /home/raj/.arduino15/packages/builtin/tools"
2026-08-14 16:32:36 2026-08-14T11:02:36.626Z daemon INFO time="2026-08-14T16:32:36+05:30" level=info msg="Loaded tool" tool="builtin:ctags@5.8-arduino11"
time="2026-08-14T16:32:36+05:30" level=info msg="Loaded tool" tool="builtin:dfu-discovery@0.1.2"
time="2026-08-14T16:32:36+05:30" level=info msg="Loaded tool" tool="builtin:mdns-discovery@1.0.12"
2026-08-14 16:32:36 2026-08-14T11:02:36.626Z daemon INFO time="2026-08-14T16:32:36+05:30" level=info msg="Loaded tool" tool="builtin:serial-discovery@1.4.3"
time="2026-08-14T16:32:36+05:30" level=info msg="Loaded tool" tool="builtin:serial-monitor@0.15.0"
2026-08-14 16:32:36 2026-08-14T11:02:36.636Z daemon INFO time="2026-08-14T16:32:36+05:30" level=info msg="Adding libraries dir" dir=/home/raj/.arduino15/packages/arduino/hardware/avr/1.8.8/libraries isSingleLibrary=false location=platform
time="2026-08-14T16:32:36+05:30" level=info msg="Loading libraries index file" index=/home/raj/.arduino15/library_index.json
2026-08-14 16:32:37 2026-08-14T11:02:37.140Z daemon INFO time="2026-08-14T16:32:37+05:30" level=info msg="Adding libraries dir" dir=/home/raj/.arduino15/libraries isSingleLibrary=false location=ide
time="2026-08-14T16:32:37+05:30" level=info msg="Adding libraries dir" dir=/home/raj/Arduino/libraries isSingleLibrary=false location=user
2026-08-14 16:32:37 2026-08-14T11:02:37.164Z discovery-log INFO start resolved watching
2026-08-14 16:32:37 2026-08-14T11:02:37.184Z discovery-log INFO {"eventType":"add","port":{"matchingBoardsList":[],"port":{"address":"/dev/ttyS4","label":"/dev/ttyS4","protocol":"serial","protocolLabel":"Serial Port","propertiesMap":[],"hardwareId":""}},"error":""}
2026-08-14 16:32:37 2026-08-14T11:02:37.185Z discovery-log INFO {"eventType":"add","port":{"matchingBoardsList":[],"port":{"address":"/dev/ttyS5","label":"/dev/ttyS5","protocol":"serial","protocolLabel":"Serial Port","propertiesMap":[],"hardwareId":""}},"error":""}
2026-08-14 16:32:37 2026-08-14T11:02:37.584Z root INFO Deploy plugins list: 1690.8 ms [Finished 2.806 s after backend start]
2026-08-14 16:32:38 2026-08-14T11:02:38.050Z root INFO creating connection for 2
2026-08-14 16:32:38 2026-08-14T11:02:38.056Z root INFO creating connection for 1
2026-08-14 16:32:39 2026-08-14T11:02:39.350Z root WARN Frontend a.configure took longer than the expected maximum 100 milliseconds: 169.8 ms [Finished 3.273 s after frontend start]
2026-08-14 16:32:39 2026-08-14T11:02:39.385Z root WARN A command editor.action.toggleStickyScroll is already registered.
2026-08-14 16:32:39 2026-08-14T11:02:39.391Z root WARN A command editor.action.toggleStickyScroll is already registered.
2026-08-14 16:32:39 2026-08-14T11:02:39.434Z sketches-service WARN Warning! The request sketch path was different than the response sketch path from the CLI. This could be a potential bug. Request: </home/raj/Arduino/led_on_off/led_on_off.ino>, response: </home/raj/Arduino/led_on_off>.
2026-08-14 16:32:39 2026-08-14T11:02:39.435Z sketches-service WARN Warning! The request sketch path was different than the response sketch path from the CLI. This could be a potential bug. Request: </home/raj/Arduino/obstacle/obstacle.ino>, response: </home/raj/Arduino/obstacle>.
2026-08-14 16:32:39 Opening channel for service path '/services/electron-window'.
2026-08-14 16:32:39 Opening channel for service path '/services/ide-updater'.
2026-08-14 16:32:39 Opening channel for service path '/services/electron-window'.
2026-08-14 16:32:39 Opening channel for service path '/services/ide-updater'.
2026-08-14 16:32:39 2026-08-14T11:02:39.568Z root INFO Start frontend contributions: 484.0 ms [Finished 3.458 s after frontend start]
2026-08-14 16:32:39 2026-08-14T11:02:39.568Z root INFO Changed application state from 'init' to 'started_contributions'.
2026-08-14 16:32:39 2026-08-14T11:02:39.577Z root INFO Start frontend contributions: 421.1 ms [Finished 3.640 s after frontend start]
2026-08-14 16:32:39 2026-08-14T11:02:39.578Z root INFO Changed application state from 'init' to 'started_contributions'.
2026-08-14 16:32:39 2026-08-14T11:02:39.587Z root INFO Changed application state from 'started_contributions' to 'attached_shell'.
2026-08-14 16:32:39 2026-08-14T11:02:39.587Z root INFO >>> Restoring the layout state...
2026-08-14 16:32:39 2026-08-14T11:02:39.591Z root INFO Changed application state from 'started_contributions' to 'attached_shell'.
2026-08-14 16:32:39 2026-08-14T11:02:39.591Z root INFO >>> Restoring the layout state...
2026-08-14 16:32:39 2026-08-14T11:02:39.672Z root INFO [f95b40b1-4d2f-4810-8002-2a42250faa06] Waiting for backend deployment: 116.8 ms [Finished 3.743 s after frontend start]
2026-08-14 16:32:39 2026-08-14T11:02:39.918Z root INFO [3f6d53b5-4f6d-4df4-acc4-3675b17e71a5] Waiting for backend deployment: 201.3 ms [Finished 3.651 s after frontend start]
2026-08-14 16:32:40 2026-08-14T11:02:40.143Z root INFO [hosted-plugin: 100507] PLUGIN_HOST(100507) starting instance
[Object: null prototype] {}
2026-08-14 16:32:40 2026-08-14T11:02:40.143Z root INFO [hosted-plugin: 100508] PLUGIN_HOST(100508) starting instance
[Object: null prototype] {}
2026-08-14 16:32:42 2026-08-14T11:02:42.102Z root INFO [f95b40b1-4d2f-4810-8002-2a42250faa06] Sync of 23 plugins: 2441.5 ms [Finished 6.184 s after frontend start]
2026-08-14 16:32:42 2026-08-14T11:02:42.118Z root INFO [3f6d53b5-4f6d-4df4-acc4-3675b17e71a5] Sync of 23 plugins: 2387.3 ms [Finished 6.039 s after frontend start]
2026-08-14 16:32:42 2026-08-14T11:02:42.136Z root INFO ------- SERIALIZED LAYOUT DATA -------
2026-08-14 16:32:42 2026-08-14T11:02:42.136Z root INFO {"version":5,"mainPanel":{"main":{"type":"tab-area","widgets":[{"constructionOptions":{"factoryId":"code-editor-opener","options":{"counter":0,"kind":"navigatable","uri":"file:///home/raj/Arduino/led_on_off/led_on_off.ino"}},"innerWidgetState":"{\"cursorState\":[{\"inSelectionMode\":false,\"selectionStart\":{\"lineNumber\":27,\"column\":15},\"position\":{\"lineNumber\":27,\"column\":15}}],\"viewState\":{\"scrollLeft\":0,\"firstPosition\":{\"lineNumber\":12,\"column\":1},\"firstPositionDeltaTop\":-9},\"contributionsState\":{\"editor.contrib.folding\":{\"lineCount\":38,\"provider\":\"indent\",\"foldedImports\":false},\"editor.contrib.wordHighlighter\":true}}"}],"currentIndex":0}},"mainPanelPinned":[false],"bottomPanel":{"config":{"main":{"type":"tab-area","widgets":[{"constructionOptions":{"factoryId":"outputView"},"innerWidgetState":"{\"locked\":false}"}],"currentIndex":0}},"pinned":[false],"size":230,"expanded":true},"leftPanel":{"type":"sidepanel","items":[{"widget":{"constructionOptions":{"factoryId":"arduino-sketchbook-widget"}},"rank":1,"expanded":false,"pinned":false},{"widget":{"constructionOptions":{"factoryId":"boards-list-widget"}},"rank":2,"expanded":false,"pinned":false},{"widget":{"constructionOptions":{"factoryId":"library-list-widget"}},"rank":3,"expanded":false,"pinned":false},{"widget":{"constructionOptions":{"factoryId":"debug"},"innerWidgetState":"{\"parts\":[{\"partId\":\"debug:threads:-1\",\"collapsed\":false,\"hidden\":false,\"originalContainerId\":\"debug:view-container:-1\",\"originalContainerTitle\":{\"label\":\"debug\",\"iconClass\":\"codicon codicon-debug-alt\",\"closeable\":true},\"widget\":{\"constructionOptions\":{\"factoryId\":\"debug:threads\"},\"innerWidgetState\":\"{}\"}},{\"partId\":\"debug:frames:-1\",\"collapsed\":false,\"hidden\":false,\"originalContainerId\":\"debug:view-container:-1\",\"originalContainerTitle\":{\"label\":\"debug\",\"iconClass\":\"codicon codicon-debug-alt\",\"closeable\":true},\"widget\":{\"constructionOptions\":{\"factoryId\":\"debug:frames\"},\"innerWidgetState\":\"{}\"}},{\"partId\":\"debug:variables:-1\",\"collapsed\":false,\"hidden\":false,\"originalContainerId\":\"debug:view-container:-1\",\"originalContainerTitle\":{\"label\":\"debug\",\"iconClass\":\"codicon codicon-debug-alt\",\"closeable\":true},\"widget\":{\"constructionOptions\":{\"factoryId\":\"debug:variables\"},\"innerWidgetState\":\"{}\"}},{\"partId\":\"debug:watch:-1\",\"collapsed\":false,\"hidden\":false,\"originalContainerId\":\"debug:view-container:-1\",\"originalContainerTitle\":{\"label\":\"debug\",\"iconClass\":\"codicon codicon-debug-alt\",\"closeable\":true},\"widget\":{\"constructionOptions\":{\"factoryId\":\"debug:watch\"},\"innerWidgetState\":\"{}\"}},{\"partId\":\"debug:breakpoints:-1\",\"collapsed\":false,\"hidden\":false,\"originalContainerId\":\"debug:view-container:-1\",\"originalContainerTitle\":{\"label\":\"debug\",\"iconClass\":\"codicon codicon-debug-alt\",\"closeable\":true},\"widget\":{\"constructionOptions\":{\"factoryId\":\"debug:breakpoints\"},\"innerWidgetState\":\"{}\"}},{\"partId\":\"plugin-view:cortex-debug.peripherals\",\"collapsed\":true,\"hidden\":true,\"originalContainerId\":\"debug:view-container:-1\",\"originalContainerTitle\":{\"label\":\"debug\",\"iconClass\":\"codicon codicon-debug-alt\",\"closeable\":true},\"widget\":{\"constructionOptions\":{\"factoryId\":\"plugin-view\",\"options\":{\"id\":\"plugin-view:cortex-debug.peripherals\",\"viewId\":\"cortex-debug.peripherals\"}},\"innerWidgetState\":\"{\\\"label\\\":\\\"Cortex Peripherals\\\",\\\"widgets\\\":[],\\\"suppressUpdateViewVisibility\\\":false,\\\"currentViewContainerId\\\":\\\"debug\\\"}\"}},{\"partId\":\"plugin-view:cortex-debug.registers\",\"collapsed\":true,\"hidden\":true,\"originalContainerId\":\"debug:view-container:-1\",\"originalContainerTitle\":{\"label\":\"debug\",\"iconClass\":\"codicon codicon-debug-alt\",\"closeable\":true},\"widget\":{\"constructionOptions\":{\"factoryId\":\"plugin-view\",\"options\":{\"id\":\"plugin-view:cortex-debug.registers\",\"viewId\":\"cortex-debug.registers\"}},\"innerWidgetState\":\"{\\\"label\\\":\\\"Cortex Registers\\\",\\\"widgets\\\":[],\\\"suppressUpdateViewVisibility\\\":false,\\\"currentViewContainerId\\\":\\\"debug\\\"}\"}}],\"title\":{\"label\":\"debug\",\"iconClass\":\"codicon codicon-debug-alt\",\"closeable\":true}}"},"rank":4,"expanded":false,"pinned":false},{"widget":{"constructionOptions":{"factoryId":"search-view-container"},"innerWidgetState":"{\"parts\":[{\"partId\":\"search-in-workspace\",\"collapsed\":false,\"hidden\":false,\"originalContainerId\":\"search-view-container\",\"originalContainerTitle\":{\"label\":\"Search\",\"iconClass\":\"codicon codicon-search\",\"closeable\":true},\"widget\":{\"constructionOptions\":{\"factoryId\":\"search-in-workspace\"},\"innerWidgetState\":\"{\\\"matchCaseState\\\":{\\\"className\\\":\\\"codicon codicon-case-sensitive\\\",\\\"enabled\\\":false,\\\"title\\\":\\\"Match Case\\\"},\\\"wholeWordState\\\":{\\\"className\\\":\\\"codicon codicon-whole-word\\\",\\\"enabled\\\":false,\\\"title\\\":\\\"Match Whole Word\\\"},\\\"regExpState\\\":{\\\"className\\\":\\\"codicon codicon-regex\\\",\\\"enabled\\\":false,\\\"title\\\":\\\"Use Regular Expression\\\"},\\\"includeIgnoredState\\\":{\\\"className\\\":\\\"codicon codicon-eye\\\",\\\"enabled\\\":false,\\\"title\\\":\\\"Include Ignored Files\\\"},\\\"showSearchDetails\\\":false,\\\"searchInWorkspaceOptions\\\":{\\\"matchCase\\\":false,\\\"matchWholeWord\\\":false,\\\"useRegExp\\\":false,\\\"multiline\\\":false,\\\"includeIgnored\\\":false,\\\"include\\\":[],\\\"exclude\\\":[],\\\"maxResults\\\":2000},\\\"searchTerm\\\":\\\"\\\",\\\"replaceTerm\\\":\\\"\\\",\\\"showReplaceField\\\":false,\\\"searchHistoryState\\\":{\\\"history\\\":[],\\\"index\\\":0},\\\"replaceHistoryState\\\":{\\\"history\\\":[],\\\"index\\\":0},\\\"includeHistoryState\\\":{\\\"history\\\":[],\\\"index\\\":0},\\\"excludeHistoryState\\\":{\\\"history\\\":[],\\\"index\\\":0}}\"}}],\"title\":{\"label\":\"Search\",\"iconClass\":\"fa fa-arduino-search\",\"closeable\":true}}"},"rank":5,"expanded":false,"pinned":false}]},"rightPanel":{"type":"sidepanel","items":[]}}
2026-08-14 16:32:42 2026-08-14T11:02:42.136Z root INFO ------- END SERIALIZED LAYOUT DATA -------
2026-08-14 16:32:42 2026-08-14T11:02:42.147Z root INFO ------- SERIALIZED LAYOUT DATA -------
2026-08-14 16:32:42 2026-08-14T11:02:42.147Z root INFO {"version":5,"mainPanel":{"main":{"type":"tab-area","widgets":[{"constructionOptions":{"factoryId":"code-editor-opener","options":{"counter":0,"kind":"navigatable","uri":"file:///home/raj/Arduino/obstacle/obstacle.ino"}},"innerWidgetState":"{\"cursorState\":[{\"inSelectionMode\":false,\"selectionStart\":{\"lineNumber\":89,\"column\":6},\"position\":{\"lineNumber\":89,\"column\":6}}],\"viewState\":{\"scrollLeft\":0,\"firstPosition\":{\"lineNumber\":45,\"column\":1},\"firstPositionDeltaTop\":-2},\"contributionsState\":{\"editor.contrib.folding\":{\"lineCount\":112,\"provider\":\"indent\",\"foldedImports\":false},\"editor.contrib.wordHighlighter\":true}}"}],"currentIndex":0}},"mainPanelPinned":[false],"bottomPanel":{"config":{"main":{"type":"tab-area","widgets":[{"constructionOptions":{"factoryId":"outputView"},"innerWidgetState":"{\"locked\":false}"}],"currentIndex":0}},"pinned":[false],"size":230,"expanded":true},"leftPanel":{"type":"sidepanel","items":[{"widget":{"constructionOptions":{"factoryId":"arduino-sketchbook-widget"}},"rank":1,"expanded":false,"pinned":false},{"widget":{"constructionOptions":{"factoryId":"boards-list-widget"}},"rank":2,"expanded":false,"pinned":false},{"widget":{"constructionOptions":{"factoryId":"library-list-widget"}},"rank":3,"expanded":false,"pinned":false},{"widget":{"constructionOptions":{"factoryId":"debug"},"innerWidgetState":"{\"parts\":[{\"partId\":\"debug:threads:-1\",\"collapsed\":false,\"hidden\":false,\"originalContainerId\":\"debug:view-container:-1\",\"originalContainerTitle\":{\"label\":\"debug\",\"iconClass\":\"codicon codicon-debug-alt\",\"closeable\":true},\"widget\":{\"constructionOptions\":{\"factoryId\":\"debug:threads\"},\"innerWidgetState\":\"{}\"}},{\"partId\":\"debug:frames:-1\",\"collapsed\":false,\"hidden\":false,\"originalContainerId\":\"debug:view-container:-1\",\"originalContainerTitle\":{\"label\":\"debug\",\"iconClass\":\"codicon codicon-debug-alt\",\"closeable\":true},\"widget\":{\"constructionOptions\":{\"factoryId\":\"debug:frames\"},\"innerWidgetState\":\"{}\"}},{\"partId\":\"debug:variables:-1\",\"collapsed\":false,\"hidden\":false,\"originalContainerId\":\"debug:view-container:-1\",\"originalContainerTitle\":{\"label\":\"debug\",\"iconClass\":\"codicon codicon-debug-alt\",\"closeable\":true},\"widget\":{\"constructionOptions\":{\"factoryId\":\"debug:variables\"},\"innerWidgetState\":\"{}\"}},{\"partId\":\"debug:watch:-1\",\"collapsed\":false,\"hidden\":false,\"originalContainerId\":\"debug:view-container:-1\",\"originalContainerTitle\":{\"label\":\"debug\",\"iconClass\":\"codicon codicon-debug-alt\",\"closeable\":true},\"widget\":{\"constructionOptions\":{\"factoryId\":\"debug:watch\"},\"innerWidgetState\":\"{}\"}},{\"partId\":\"debug:breakpoints:-1\",\"collapsed\":false,\"hidden\":false,\"originalContainerId\":\"debug:view-container:-1\",\"originalContainerTitle\":{\"label\":\"debug\",\"iconClass\":\"codicon codicon-debug-alt\",\"closeable\":true},\"widget\":{\"constructionOptions\":{\"factoryId\":\"debug:breakpoints\"},\"innerWidgetState\":\"{}\"}},{\"partId\":\"plugin-view:cortex-debug.peripherals\",\"collapsed\":true,\"hidden\":true,\"originalContainerId\":\"debug:view-container:-1\",\"originalContainerTitle\":{\"label\":\"debug\",\"iconClass\":\"codicon codicon-debug-alt\",\"closeable\":true},\"widget\":{\"constructionOptions\":{\"factoryId\":\"plugin-view\",\"options\":{\"id\":\"plugin-view:cortex-debug.peripherals\",\"viewId\":\"cortex-debug.peripherals\"}},\"innerWidgetState\":\"{\\\"label\\\":\\\"Cortex Peripherals\\\",\\\"widgets\\\":[],\\\"suppressUpdateViewVisibility\\\":false,\\\"currentViewContainerId\\\":\\\"debug\\\"}\"}},{\"partId\":\"plugin-view:cortex-debug.registers\",\"collapsed\":true,\"hidden\":true,\"originalContainerId\":\"debug:view-container:-1\",\"originalContainerTitle\":{\"label\":\"debug\",\"iconClass\":\"codicon codicon-debug-alt\",\"closeable\":true},\"widget\":{\"constructionOptions\":{\"factoryId\":\"plugin-view\",\"options\":{\"id\":\"plugin-view:cortex-debug.registers\",\"viewId\":\"cortex-debug.registers\"}},\"innerWidgetState\":\"{\\\"label\\\":\\\"Cortex Registers\\\",\\\"widgets\\\":[],\\\"suppressUpdateViewVisibility\\\":false,\\\"currentViewContainerId\\\":\\\"debug\\\"}\"}}],\"title\":{\"label\":\"debug\",\"iconClass\":\"codicon codicon-debug-alt\",\"closeable\":true}}"},"rank":4,"expanded":false,"pinned":false},{"widget":{"constructionOptions":{"factoryId":"search-view-container"},"innerWidgetState":"{\"parts\":[{\"partId\":\"search-in-workspace\",\"collapsed\":false,\"hidden\":false,\"originalContainerId\":\"search-view-container\",\"originalContainerTitle\":{\"label\":\"Search\",\"iconClass\":\"codicon codicon-search\",\"closeable\":true},\"widget\":{\"constructionOptions\":{\"factoryId\":\"search-in-workspace\"},\"innerWidgetState\":\"{\\\"matchCaseState\\\":{\\\"className\\\":\\\"codicon codicon-case-sensitive\\\",\\\"enabled\\\":false,\\\"title\\\":\\\"Match Case\\\"},\\\"wholeWordState\\\":{\\\"className\\\":\\\"codicon codicon-whole-word\\\",\\\"enabled\\\":false,\\\"title\\\":\\\"Match Whole Word\\\"},\\\"regExpState\\\":{\\\"className\\\":\\\"codicon codicon-regex\\\",\\\"enabled\\\":false,\\\"title\\\":\\\"Use Regular Expression\\\"},\\\"includeIgnoredState\\\":{\\\"className\\\":\\\"codicon codicon-eye\\\",\\\"enabled\\\":false,\\\"title\\\":\\\"Include Ignored Files\\\"},\\\"showSearchDetails\\\":false,\\\"searchInWorkspaceOptions\\\":{\\\"matchCase\\\":false,\\\"matchWholeWord\\\":false,\\\"useRegExp\\\":false,\\\"multiline\\\":false,\\\"includeIgnored\\\":false,\\\"include\\\":[],\\\"exclude\\\":[],\\\"maxResults\\\":2000},\\\"searchTerm\\\":\\\"\\\",\\\"replaceTerm\\\":\\\"\\\",\\\"showReplaceField\\\":false,\\\"searchHistoryState\\\":{\\\"history\\\":[],\\\"index\\\":0},\\\"replaceHistoryState\\\":{\\\"history\\\":[],\\\"index\\\":0},\\\"includeHistoryState\\\":{\\\"history\\\":[],\\\"index\\\":0},\\\"excludeHistoryState\\\":{\\\"history\\\":[],\\\"index\\\":0}}\"}}],\"title\":{\"label\":\"Search\",\"iconClass\":\"fa fa-arduino-search\",\"closeable\":true}}"},"rank":5,"expanded":false,"pinned":false}]},"rightPanel":{"type":"sidepanel","items":[]}}
2026-08-14 16:32:42 2026-08-14T11:02:42.148Z root INFO ------- END SERIALIZED LAYOUT DATA -------
2026-08-14 16:32:42 2026-08-14T11:02:42.557Z root INFO <<< The layout has been successfully restored.
2026-08-14 16:32:42 2026-08-14T11:02:42.609Z root INFO <<< The layout has been successfully restored.
2026-08-14 16:32:42 2026-08-14T11:02:42.673Z root INFO Initialize the workbench layout: 2965.0 ms [Finished 6.639 s after frontend start]
2026-08-14 16:32:42 2026-08-14T11:02:42.674Z root INFO Changed application state from 'attached_shell' to 'initialized_layout'.
2026-08-14 16:32:42 2026-08-14T11:02:42.675Z root INFO [f95b40b1-4d2f-4810-8002-2a42250faa06] Loading plugin contributions
2026-08-14 16:32:42 2026-08-14T11:02:42.676Z root INFO [f95b40b1-4d2f-4810-8002-2a42250faa06] Load contributions of 23 plugins: 112.4 ms [Finished 6.754 s after frontend start]
2026-08-14 16:32:42 2026-08-14T11:02:42.714Z root INFO Initialize the workbench layout: 3023.4 ms [Finished 6.534 s after frontend start]
2026-08-14 16:32:42 2026-08-14T11:02:42.715Z root INFO Changed application state from 'attached_shell' to 'initialized_layout'.
2026-08-14 16:32:42 2026-08-14T11:02:42.716Z root INFO [3f6d53b5-4f6d-4df4-acc4-3675b17e71a5] Loading plugin contributions
2026-08-14 16:32:42 2026-08-14T11:02:42.716Z root INFO [3f6d53b5-4f6d-4df4-acc4-3675b17e71a5] Load contributions of 23 plugins: 99.7 ms [Finished 6.637 s after frontend start]
2026-08-14 16:32:42 2026-08-14T11:02:42.779Z root WARN 'cpp' language is remapped from 'source.cpp.embedded.macro' to 'source.cpp' scope
2026-08-14 16:32:42 2026-08-14T11:02:42.779Z root WARN a registered grammar configuration for 'cpp' language is overridden
2026-08-14 16:32:42 2026-08-14T11:02:42.783Z root WARN 'cpp' language is remapped from 'source.cpp.embedded.macro' to 'source.cpp' scope
2026-08-14 16:32:42 2026-08-14T11:02:42.783Z root WARN a registered grammar configuration for 'cpp' language is overridden
2026-08-14 16:32:43 2026-08-14T11:02:43.274Z root ERROR [hosted-plugin: 100507] Conflict in settings file Default: Ignoring cortex-debug.armToolchainPath.linux as cortex-debug.armToolchainPath is null
2026-08-14 16:32:43 2026-08-14T11:02:43.274Z root ERROR [hosted-plugin: 100507] Conflict in settings file Default: Ignoring cortex-debug.armToolchainPath.osx as cortex-debug.armToolchainPath is null
Conflict in settings file Default: Ignoring cortex-debug.armToolchainPath.windows as cortex-debug.armToolchainPath is null
Conflict in settings file Default: Ignoring cortex-debug.JLinkGDBServerPath.linux as cortex-debug.JLinkGDBServerPath is null
2026-08-14 16:32:43 2026-08-14T11:02:43.274Z root ERROR [hosted-plugin: 100507] Conflict in settings file Default: Ignoring cortex-debug.JLinkGDBServerPath.osx as cortex-debug.JLinkGDBServerPath is null
Conflict in settings file Default: Ignoring cortex-debug.JLinkGDBServerPath.windows as cortex-debug.JLinkGDBServerPath is null
2026-08-14 16:32:43 2026-08-14T11:02:43.274Z root ERROR [hosted-plugin: 100507] Conflict in settings file Default: Ignoring cortex-debug.openocdPath.linux as cortex-debug.openocdPath is null
2026-08-14 16:32:43 2026-08-14T11:02:43.274Z root ERROR [hosted-plugin: 100507] Conflict in settings file Default: Ignoring cortex-debug.openocdPath.osx as cortex-debug.openocdPath is null
2026-08-14 16:32:43 2026-08-14T11:02:43.274Z root ERROR [hosted-plugin: 100507] Conflict in settings file Default: Ignoring cortex-debug.openocdPath.windows as cortex-debug.openocdPath is null
2026-08-14 16:32:43 2026-08-14T11:02:43.274Z root ERROR [hosted-plugin: 100507] Conflict in settings file Default: Ignoring cortex-debug.pyocdPath.linux as cortex-debug.pyocdPath is null
2026-08-14 16:32:43 2026-08-14T11:02:43.274Z root ERROR [hosted-plugin: 100507] Conflict in settings file Default: Ignoring cortex-debug.pyocdPath.osx as cortex-debug.pyocdPath is null
2026-08-14 16:32:43 2026-08-14T11:02:43.274Z root ERROR [hosted-plugin: 100507] Conflict in settings file Default: Ignoring cortex-debug.pyocdPath.windows as cortex-debug.pyocdPath is null
Conflict in settings file Default: Ignoring cortex-debug.PEGDBServerPath.linux as cortex-debug.PEGDBServerPath is null
2026-08-14 16:32:43 2026-08-14T11:02:43.274Z root ERROR [hosted-plugin: 100507] Conflict in settings file Default: Ignoring cortex-debug.PEGDBServerPath.osx as cortex-debug.PEGDBServerPath is null
Conflict in settings file Default: Ignoring cortex-debug.PEGDBServerPath.windows as cortex-debug.PEGDBServerPath is null
2026-08-14 16:32:43 2026-08-14T11:02:43.275Z root ERROR [hosted-plugin: 100507] Conflict in settings file Default: Ignoring cortex-debug.stutilPath.linux as cortex-debug.stutilPath is null
Conflict in settings file Default: Ignoring cortex-debug.stutilPath.osx as cortex-debug.stutilPath is null
Conflict in settings file Default: Ignoring cortex-debug.stutilPath.windows as cortex-debug.stutilPath is null
Conflict in settings file Default: Ignoring cortex-debug.stlinkPath.linux as cortex-debug.stlinkPath is null
Conflict in settings file Default: Ignoring cortex-debug.stlinkPath.osx as cortex-debug.stlinkPath is null
2026-08-14 16:32:43 2026-08-14T11:02:43.275Z root ERROR [hosted-plugin: 100507] Conflict in settings file Default: Ignoring cortex-debug.stlinkPath.windows as cortex-debug.stlinkPath is null
Conflict in settings file Default: Ignoring cortex-debug.stm32cubeprogrammer.linux as cortex-debug.stm32cubeprogrammer is null
Conflict in settings file Default: Ignoring cortex-debug.stm32cubeprogrammer.osx as cortex-debug.stm32cubeprogrammer is null
2026-08-14 16:32:43 2026-08-14T11:02:43.275Z root ERROR [hosted-plugin: 100507] Conflict in settings file Default: Ignoring cortex-debug.stm32cubeprogrammer.windows as cortex-debug.stm32cubeprogrammer is null
2026-08-14 16:32:43 2026-08-14T11:02:43.342Z root INFO [hosted-plugin: 100507] PLUGIN_HOST(100507): PluginManagerExtImpl/init()
PLUGIN_HOST(100507): initializing(vscode-arduino-api@0.1.2 with /tmp/.mount_arduinxSzGLa/resources/app/lib/backend/plugin-vscode-init)
2026-08-14 16:32:43 2026-08-14T11:02:43.407Z root ERROR [hosted-plugin: 100508] Conflict in settings file Default: Ignoring cortex-debug.armToolchainPath.linux as cortex-debug.armToolchainPath is null
2026-08-14 16:32:43 2026-08-14T11:02:43.407Z root ERROR [hosted-plugin: 100508] Conflict in settings file Default: Ignoring cortex-debug.armToolchainPath.osx as cortex-debug.armToolchainPath is null
Conflict in settings file Default: Ignoring cortex-debug.armToolchainPath.windows as cortex-debug.armToolchainPath is null
Conflict in settings file Default: Ignoring cortex-debug.JLinkGDBServerPath.linux as cortex-debug.JLinkGDBServerPath is null
Conflict in settings file Default: Ignoring cortex-debug.JLinkGDBServerPath.osx as cortex-debug.JLinkGDBServerPath is null
Conflict in settings file Default: Ignoring cortex-debug.JLinkGDBServerPath.windows as cortex-debug.JLinkGDBServerPath is null
2026-08-14 16:32:43 2026-08-14T11:02:43.407Z root ERROR [hosted-plugin: 100508] Conflict in settings file Default: Ignoring cortex-debug.openocdPath.linux as cortex-debug.openocdPath is null
2026-08-14 16:32:43 2026-08-14T11:02:43.407Z root ERROR [hosted-plugin: 100508] Conflict in settings file Default: Ignoring cortex-debug.openocdPath.osx as cortex-debug.openocdPath is null
2026-08-14 16:32:43 2026-08-14T11:02:43.407Z root ERROR [hosted-plugin: 100508] Conflict in settings file Default: Ignoring cortex-debug.openocdPath.windows as cortex-debug.openocdPath is null
2026-08-14 16:32:43 2026-08-14T11:02:43.407Z root ERROR [hosted-plugin: 100508] Conflict in settings file Default: Ignoring cortex-debug.pyocdPath.linux as cortex-debug.pyocdPath is null
2026-08-14 16:32:43 2026-08-14T11:02:43.407Z root ERROR [hosted-plugin: 100508] Conflict in settings file Default: Ignoring cortex-debug.pyocdPath.osx as cortex-debug.pyocdPath is null
Conflict in settings file Default: Ignoring cortex-debug.pyocdPath.windows as cortex-debug.pyocdPath is null
2026-08-14 16:32:43 2026-08-14T11:02:43.408Z root ERROR [hosted-plugin: 100508] Conflict in settings file Default: Ignoring cortex-debug.PEGDBServerPath.linux as cortex-debug.PEGDBServerPath is null
2026-08-14 16:32:43 2026-08-14T11:02:43.408Z root ERROR [hosted-plugin: 100508] Conflict in settings file Default: Ignoring cortex-debug.PEGDBServerPath.osx as cortex-debug.PEGDBServerPath is null
Conflict in settings file Default: Ignoring cortex-debug.PEGDBServerPath.windows as cortex-debug.PEGDBServerPath is null
2026-08-14 16:32:43 2026-08-14T11:02:43.408Z root ERROR [hosted-plugin: 100508] Conflict in settings file Default: Ignoring cortex-debug.stutilPath.linux as cortex-debug.stutilPath is null
2026-08-14 16:32:43 2026-08-14T11:02:43.408Z root ERROR [hosted-plugin: 100508] Conflict in settings file Default: Ignoring cortex-debug.stutilPath.osx as cortex-debug.stutilPath is null
2026-08-14 16:32:43 2026-08-14T11:02:43.408Z root ERROR [hosted-plugin: 100508] Conflict in settings file Default: Ignoring cortex-debug.stutilPath.windows as cortex-debug.stutilPath is null
Conflict in settings file Default: Ignoring cortex-debug.stlinkPath.linux as cortex-debug.stlinkPath is null
2026-08-14 16:32:43 2026-08-14T11:02:43.408Z root ERROR [hosted-plugin: 100508] Conflict in settings file Default: Ignoring cortex-debug.stlinkPath.osx as cortex-debug.stlinkPath is null
Conflict in settings file Default: Ignoring cortex-debug.stlinkPath.windows as cortex-debug.stlinkPath is null
Conflict in settings file Default: Ignoring cortex-debug.stm32cubeprogrammer.linux as cortex-debug.stm32cubeprogrammer is null
Conflict in settings file Default: Ignoring cortex-debug.stm32cubeprogrammer.osx as cortex-debug.stm32cubeprogrammer is null
2026-08-14 16:32:43 2026-08-14T11:02:43.408Z root ERROR [hosted-plugin: 100508] Conflict in settings file Default: Ignoring cortex-debug.stm32cubeprogrammer.windows as cortex-debug.stm32cubeprogrammer is null
2026-08-14 16:32:43 2026-08-14T11:02:43.436Z root ERROR [hosted-plugin: 100508] Conflict in settings file Default: Ignoring cortex-debug.armToolchainPath.linux as cortex-debug.armToolchainPath is null
Conflict in settings file Default: Ignoring cortex-debug.armToolchainPath.osx as cortex-debug.armToolchainPath is null
Conflict in settings file Default: Ignoring cortex-debug.armToolchainPath.windows as cortex-debug.armToolchainPath is null
Conflict in settings file Default: Ignoring cortex-debug.JLinkGDBServerPath.linux as cortex-debug.JLinkGDBServerPath is null
Conflict in settings file Default: Ignoring cortex-debug.JLinkGDBServerPath.osx as cortex-debug.JLinkGDBServerPath is null
Conflict in settings file Default: Ignoring cortex-debug.JLinkGDBServerPath.windows as cortex-debug.JLinkGDBServerPath is null
2026-08-14 16:32:43 2026-08-14T11:02:43.436Z root ERROR [hosted-plugin: 100508] Conflict in settings file Default: Ignoring cortex-debug.openocdPath.linux as cortex-debug.openocdPath is null
Conflict in settings file Default: Ignoring cortex-debug.openocdPath.osx as cortex-debug.openocdPath is null
Conflict in settings file Default: Ignoring cortex-debug.openocdPath.windows as cortex-debug.openocdPath is null
Conflict in settings file Default: Ignoring cortex-debug.pyocdPath.linux as cortex-debug.pyocdPath is null
Conflict in settings file Default: Ignoring cortex-debug.pyocdPath.osx as cortex-debug.pyocdPath is null
Conflict in settings file Default: Ignoring cortex-debug.pyocdPath.windows as cortex-debug.pyocdPath is null
Conflict in settings file Default: Ignoring cortex-debug.PEGDBServerPath.linux as cortex-debug.PEGDBServerPath is null
Conflict in settings file Default: Ignoring cortex-debug.PEGDBServerPath.osx as cortex-debug.PEGDBServerPath is null
2026-08-14 16:32:43 2026-08-14T11:02:43.436Z root ERROR [hosted-plugin: 100508] Conflict in settings file Default: Ignoring cortex-debug.PEGDBServerPath.windows as cortex-debug.PEGDBServerPath is null
Conflict in settings file Default: Ignoring cortex-debug.stutilPath.linux as cortex-debug.stutilPath is null
Conflict in settings file Default: Ignoring cortex-debug.stutilPath.osx as cortex-debug.stutilPath is null
2026-08-14 16:32:43 2026-08-14T11:02:43.436Z root ERROR [hosted-plugin: 100508] Conflict in settings file Default: Ignoring cortex-debug.stutilPath.windows as cortex-debug.stutilPath is null
Conflict in settings file Default: Ignoring cortex-debug.stlinkPath.linux as cortex-debug.stlinkPath is null
Conflict in settings file Default: Ignoring cortex-debug.stlinkPath.osx as cortex-debug.stlinkPath is null
2026-08-14 16:32:43 2026-08-14T11:02:43.436Z root ERROR [hosted-plugin: 100508] Conflict in settings file Default: Ignoring cortex-debug.stlinkPath.windows as cortex-debug.stlinkPath is null
Conflict in settings file Default: Ignoring cortex-debug.stm32cubeprogrammer.linux as cortex-debug.stm32cubeprogrammer is null
Conflict in settings file Default: Ignoring cortex-debug.stm32cubeprogrammer.osx as cortex-debug.stm32cubeprogrammer is null
2026-08-14 16:32:43 2026-08-14T11:02:43.437Z root ERROR [hosted-plugin: 100508] Conflict in settings file Default: Ignoring cortex-debug.stm32cubeprogrammer.windows as cortex-debug.stm32cubeprogrammer is null
2026-08-14 16:32:43 2026-08-14T11:02:43.466Z root ERROR [hosted-plugin: 100508] Conflict in settings file Default: Ignoring cortex-debug.armToolchainPath.linux as cortex-debug.armToolchainPath is null
Conflict in settings file Default: Ignoring cortex-debug.armToolchainPath.osx as cortex-debug.armToolchainPath is null
Conflict in settings file Default: Ignoring cortex-debug.armToolchainPath.windows as cortex-debug.armToolchainPath is null
Conflict in settings file Default: Ignoring cortex-debug.JLinkGDBServerPath.linux as cortex-debug.JLinkGDBServerPath is null
Conflict in settings file Default: Ignoring cortex-debug.JLinkGDBServerPath.osx as cortex-debug.JLinkGDBServerPath is null
Conflict in settings file Default: Ignoring cortex-debug.JLinkGDBServerPath.windows as cortex-debug.JLinkGDBServerPath is null
Conflict in settings file Default: Ignoring cortex-debug.openocdPath.linux as cortex-debug.openocdPath is null
Conflict in settings file Default: Ignoring cortex-debug.openocdPath.osx as cortex-debug.openocdPath is null
Conflict in settings file Default: Ignoring cortex-debug.openocdPath.windows as cortex-debug.openocdPath is null
Conflict in settings file Default: Ignoring cortex-debug.pyocdPath.linux as cortex-debug.pyocdPath is null
Conflict in settings file Default: Ignoring cortex-debug.pyocdPath.osx as cortex-debug.pyocdPath is null
Conflict in settings file Default: Ignoring cortex-debug.pyocdPath.windows as cortex-debug.pyocdPath is null
Conflict in settings file Default: Ignoring cortex-debug.PEGDBServerPath.linux as cortex-debug.PEGDBServerPath is null
Conflict in settings file Default: Ignoring cortex-debug.PEGDBServerPath.osx as cortex-debug.PEGDBServerPath is null
Conflict in settings file Default: Ignoring cortex-debug.PEGDBServerPath.windows as cortex-debug.PEGDBServerPath is null
Conflict in settings file Default: Ignoring cortex-debug.stutilPath.linux as cortex-debug.stutilPath is null
Conflict in settings file Default: Ignoring cortex-debug.stutilPath.osx as cortex-debug.stutilPath is null
Conflict in settings file Default: Ignoring cortex-debug.stutilPath.windows as cortex-debug.stutilPath is null
Conflict in settings file Default: Ignoring cortex-debug.stlinkPath.linux as cortex-debug.stlinkPath is null
Conflict in settings file Default: Ignoring cortex-debug.stlinkPath.osx as cortex-debug.stlinkPath is null
Conflict in settings file Default: Ignoring cortex-debug.stlinkPath.windows as cortex-debug.stlinkPath is null
Conflict in settings file Default: Ignoring cortex-debug.stm32cubeprogrammer.linux as cortex-debug.stm32cubeprogrammer is null
Conflict in settings file Default: Ignoring cortex-debug.stm32cubeprogrammer.osx as cortex-debug.stm32cubeprogrammer is null
Conflict in settings file Default: Ignoring cortex-debug.stm32cubeprogrammer.windows as cortex-debug.stm32cubeprogrammer is null
2026-08-14 16:32:43 2026-08-14T11:02:43.472Z root INFO [hosted-plugin: 100508] PLUGIN_HOST(100508): PluginManagerExtImpl/init()
2026-08-14 16:32:43 2026-08-14T11:02:43.476Z root INFO [hosted-plugin: 100508] PLUGIN_HOST(100508): initializing(vscode-arduino-api@0.1.2 with /tmp/.mount_arduinxSzGLa/resources/app/lib/backend/plugin-vscode-init)
2026-08-14 16:32:43 2026-08-14T11:02:43.491Z root INFO [hosted-plugin: 100507] PLUGIN_HOST(100507): initializing(json-language-features@1.88.1 with /tmp/.mount_arduinxSzGLa/resources/app/lib/backend/plugin-vscode-init)
2026-08-14 16:32:43 2026-08-14T11:02:43.502Z root INFO [hosted-plugin: 100507] PLUGIN_HOST(100507): initializing(cortex-debug@1.5.1 with /tmp/.mount_arduinxSzGLa/resources/app/lib/backend/plugin-vscode-init)
Debugger contribution has been registered: cortex-debug
2026-08-14 16:32:43 2026-08-14T11:02:43.505Z root INFO [hosted-plugin: 100507] PLUGIN_HOST(100507): initializing(vscode-arduino-tools@0.1.3 with /tmp/.mount_arduinxSzGLa/resources/app/lib/backend/plugin-vscode-init)
2026-08-14 16:32:43 2026-08-14T11:02:43.508Z root INFO [hosted-plugin: 100507] PLUGIN_HOST(100507): initializing(cpp@1.88.1 with /tmp/.mount_arduinxSzGLa/resources/app/lib/backend/plugin-vscode-init)
2026-08-14 16:32:43 2026-08-14T11:02:43.510Z root INFO [hosted-plugin: 100507] PLUGIN_HOST(100507): initializing(json@1.88.1 with /tmp/.mount_arduinxSzGLa/resources/app/lib/backend/plugin-vscode-init)
2026-08-14 16:32:43 2026-08-14T11:02:43.518Z root INFO [hosted-plugin: 100507] PLUGIN_HOST(100507): initializing(vscode-language-pack-bg@1.48.3 with /tmp/.mount_arduinxSzGLa/resources/app/lib/backend/plugin-vscode-init)
2026-08-14 16:32:43 2026-08-14T11:02:43.520Z root INFO [hosted-plugin: 100507] PLUGIN_HOST(100507): initializing(vscode-language-pack-cs@1.96.0 with /tmp/.mount_arduinxSzGLa/resources/app/lib/backend/plugin-vscode-init)
2026-08-14 16:32:43 2026-08-14T11:02:43.521Z root INFO [hosted-plugin: 100507] PLUGIN_HOST(100507): initializing(vscode-language-pack-de@1.96.0 with /tmp/.mount_arduinxSzGLa/resources/app/lib/backend/plugin-vscode-init)
2026-08-14 16:32:43 2026-08-14T11:02:43.523Z root INFO [hosted-plugin: 100507] PLUGIN_HOST(100507): initializing(vscode-language-pack-es@1.96.0 with /tmp/.mount_arduinxSzGLa/resources/app/lib/backend/plugin-vscode-init)
2026-08-14 16:32:43 2026-08-14T11:02:43.524Z root INFO [hosted-plugin: 100507] PLUGIN_HOST(100507): initializing(vscode-language-pack-fr@1.96.0 with /tmp/.mount_arduinxSzGLa/resources/app/lib/backend/plugin-vscode-init)
2026-08-14 16:32:43 2026-08-14T11:02:43.526Z root INFO [hosted-plugin: 100507] PLUGIN_HOST(100507): initializing(vscode-language-pack-hu@1.48.3 with /tmp/.mount_arduinxSzGLa/resources/app/lib/backend/plugin-vscode-init)
2026-08-14 16:32:43 2026-08-14T11:02:43.526Z root INFO [hosted-plugin: 100507] PLUGIN_HOST(100507): initializing(vscode-language-pack-it@1.96.0 with /tmp/.mount_arduinxSzGLa/resources/app/lib/backend/plugin-vscode-init)
2026-08-14 16:32:43 2026-08-14T11:02:43.527Z root INFO [hosted-plugin: 100507] PLUGIN_HOST(100507): initializing(vscode-language-pack-ja@1.96.0 with /tmp/.mount_arduinxSzGLa/resources/app/lib/backend/plugin-vscode-init)
2026-08-14 16:32:43 2026-08-14T11:02:43.530Z root INFO [hosted-plugin: 100507] PLUGIN_HOST(100507): initializing(vscode-language-pack-ko@1.96.0 with /tmp/.mount_arduinxSzGLa/resources/app/lib/backend/plugin-vscode-init)
2026-08-14 16:32:43 2026-08-14T11:02:43.531Z root INFO [hosted-plugin: 100507] PLUGIN_HOST(100507): initializing(vscode-language-pack-nl@1.48.3 with /tmp/.mount_arduinxSzGLa/resources/app/lib/backend/plugin-vscode-init)
2026-08-14 16:32:43 2026-08-14T11:02:43.533Z root INFO [hosted-plugin: 100507] PLUGIN_HOST(100507): initializing(vscode-language-pack-pl@1.96.0 with /tmp/.mount_arduinxSzGLa/resources/app/lib/backend/plugin-vscode-init)
2026-08-14 16:32:43 2026-08-14T11:02:43.534Z root INFO [hosted-plugin: 100507] PLUGIN_HOST(100507): initializing(vscode-language-pack-pt-BR@1.96.0 with /tmp/.mount_arduinxSzGLa/resources/app/lib/backend/plugin-vscode-init)
2026-08-14 16:32:43 2026-08-14T11:02:43.536Z root INFO [hosted-plugin: 100507] PLUGIN_HOST(100507): initializing(vscode-language-pack-ru@1.96.0 with /tmp/.mount_arduinxSzGLa/resources/app/lib/backend/plugin-vscode-init)
2026-08-14 16:32:43 2026-08-14T11:02:43.537Z root INFO [hosted-plugin: 100507] PLUGIN_HOST(100507): initializing(vscode-language-pack-tr@1.96.0 with /tmp/.mount_arduinxSzGLa/resources/app/lib/backend/plugin-vscode-init)
2026-08-14 16:32:43 2026-08-14T11:02:43.538Z root INFO [hosted-plugin: 100507] PLUGIN_HOST(100507): initializing(vscode-language-pack-uk@1.48.3 with /tmp/.mount_arduinxSzGLa/resources/app/lib/backend/plugin-vscode-init)
2026-08-14 16:32:43 2026-08-14T11:02:43.539Z root INFO [hosted-plugin: 100507] PLUGIN_HOST(100507): initializing(vscode-language-pack-zh-hans@1.96.0 with /tmp/.mount_arduinxSzGLa/resources/app/lib/backend/plugin-vscode-init)
2026-08-14 16:32:43 2026-08-14T11:02:43.540Z root INFO [hosted-plugin: 100507] PLUGIN_HOST(100507): initializing(vscode-language-pack-zh-hant@1.96.0 with /tmp/.mount_arduinxSzGLa/resources/app/lib/backend/plugin-vscode-init)
2026-08-14 16:32:43 2026-08-14T11:02:43.554Z root INFO [hosted-plugin: 100507] PLUGIN_HOST(100507): PluginManagerExtImpl/loadPlugin(/tmp/.mount_arduinxSzGLa/resources/app/plugins/vscode-builtin-json-language-features/extension/client/dist/node/jsonClientMain)
2026-08-14 16:32:43 2026-08-14T11:02:43.603Z root INFO [hosted-plugin: 100508] PLUGIN_HOST(100508): initializing(json-language-features@1.88.1 with /tmp/.mount_arduinxSzGLa/resources/app/lib/backend/plugin-vscode-init)
2026-08-14 16:32:43 2026-08-14T11:02:43.608Z root INFO [hosted-plugin: 100508] PLUGIN_HOST(100508): initializing(cortex-debug@1.5.1 with /tmp/.mount_arduinxSzGLa/resources/app/lib/backend/plugin-vscode-init)
2026-08-14 16:32:43 2026-08-14T11:02:43.609Z root INFO [hosted-plugin: 100508] Debugger contribution has been registered: cortex-debug
2026-08-14 16:32:43 2026-08-14T11:02:43.616Z root INFO [hosted-plugin: 100508] PLUGIN_HOST(100508): initializing(vscode-arduino-tools@0.1.3 with /tmp/.mount_arduinxSzGLa/resources/app/lib/backend/plugin-vscode-init)
2026-08-14 16:32:43 2026-08-14T11:02:43.618Z root INFO [hosted-plugin: 100508] PLUGIN_HOST(100508): initializing(cpp@1.88.1 with /tmp/.mount_arduinxSzGLa/resources/app/lib/backend/plugin-vscode-init)
2026-08-14 16:32:43 2026-08-14T11:02:43.619Z root INFO [hosted-plugin: 100508] PLUGIN_HOST(100508): initializing(json@1.88.1 with /tmp/.mount_arduinxSzGLa/resources/app/lib/backend/plugin-vscode-init)
2026-08-14 16:32:43 2026-08-14T11:02:43.620Z root INFO [hosted-plugin: 100508] PLUGIN_HOST(100508): initializing(vscode-language-pack-bg@1.48.3 with /tmp/.mount_arduinxSzGLa/resources/app/lib/backend/plugin-vscode-init)
2026-08-14 16:32:43 2026-08-14T11:02:43.621Z root INFO [hosted-plugin: 100508] PLUGIN_HOST(100508): initializing(vscode-language-pack-cs@1.96.0 with /tmp/.mount_arduinxSzGLa/resources/app/lib/backend/plugin-vscode-init)
2026-08-14 16:32:43 2026-08-14T11:02:43.622Z root INFO [hosted-plugin: 100508] PLUGIN_HOST(100508): initializing(vscode-language-pack-de@1.96.0 with /tmp/.mount_arduinxSzGLa/resources/app/lib/backend/plugin-vscode-init)
2026-08-14 16:32:43 2026-08-14T11:02:43.624Z root INFO [hosted-plugin: 100508] PLUGIN_HOST(100508): initializing(vscode-language-pack-es@1.96.0 with /tmp/.mount_arduinxSzGLa/resources/app/lib/backend/plugin-vscode-init)
2026-08-14 16:32:43 2026-08-14T11:02:43.625Z root INFO [hosted-plugin: 100508] PLUGIN_HOST(100508): initializing(vscode-language-pack-fr@1.96.0 with /tmp/.mount_arduinxSzGLa/resources/app/lib/backend/plugin-vscode-init)
2026-08-14 16:32:43 2026-08-14T11:02:43.626Z root INFO [hosted-plugin: 100508] PLUGIN_HOST(100508): initializing(vscode-language-pack-hu@1.48.3 with /tmp/.mount_arduinxSzGLa/resources/app/lib/backend/plugin-vscode-init)
2026-08-14 16:32:43 2026-08-14T11:02:43.627Z root INFO [hosted-plugin: 100508] PLUGIN_HOST(100508): initializing(vscode-language-pack-it@1.96.0 with /tmp/.mount_arduinxSzGLa/resources/app/lib/backend/plugin-vscode-init)
2026-08-14 16:32:43 2026-08-14T11:02:43.627Z root INFO [hosted-plugin: 100508] PLUGIN_HOST(100508): initializing(vscode-language-pack-ja@1.96.0 with /tmp/.mount_arduinxSzGLa/resources/app/lib/backend/plugin-vscode-init)
2026-08-14 16:32:43 2026-08-14T11:02:43.630Z root INFO [hosted-plugin: 100508] PLUGIN_HOST(100508): initializing(vscode-language-pack-ko@1.96.0 with /tmp/.mount_arduinxSzGLa/resources/app/lib/backend/plugin-vscode-init)
2026-08-14 16:32:43 2026-08-14T11:02:43.632Z root INFO [hosted-plugin: 100508] PLUGIN_HOST(100508): initializing(vscode-language-pack-nl@1.48.3 with /tmp/.mount_arduinxSzGLa/resources/app/lib/backend/plugin-vscode-init)
2026-08-14 16:32:43 2026-08-14T11:02:43.633Z root INFO [hosted-plugin: 100508] PLUGIN_HOST(100508): initializing(vscode-language-pack-pl@1.96.0 with /tmp/.mount_arduinxSzGLa/resources/app/lib/backend/plugin-vscode-init)
2026-08-14 16:32:43 2026-08-14T11:02:43.634Z root INFO [hosted-plugin: 100508] PLUGIN_HOST(100508): initializing(vscode-language-pack-pt-BR@1.96.0 with /tmp/.mount_arduinxSzGLa/resources/app/lib/backend/plugin-vscode-init)
2026-08-14 16:32:43 2026-08-14T11:02:43.635Z root INFO [hosted-plugin: 100508] PLUGIN_HOST(100508): initializing(vscode-language-pack-ru@1.96.0 with /tmp/.mount_arduinxSzGLa/resources/app/lib/backend/plugin-vscode-init)
2026-08-14 16:32:43 2026-08-14T11:02:43.636Z root INFO [hosted-plugin: 100508] PLUGIN_HOST(100508): initializing(vscode-language-pack-tr@1.96.0 with /tmp/.mount_arduinxSzGLa/resources/app/lib/backend/plugin-vscode-init)
2026-08-14 16:32:43 2026-08-14T11:02:43.637Z root INFO [hosted-plugin: 100508] PLUGIN_HOST(100508): initializing(vscode-language-pack-uk@1.48.3 with /tmp/.mount_arduinxSzGLa/resources/app/lib/backend/plugin-vscode-init)
2026-08-14 16:32:43 2026-08-14T11:02:43.638Z root INFO [hosted-plugin: 100508] PLUGIN_HOST(100508): initializing(vscode-language-pack-zh-hans@1.96.0 with /tmp/.mount_arduinxSzGLa/resources/app/lib/backend/plugin-vscode-init)
2026-08-14 16:32:43 2026-08-14T11:02:43.639Z root INFO [hosted-plugin: 100508] PLUGIN_HOST(100508): initializing(vscode-language-pack-zh-hant@1.96.0 with /tmp/.mount_arduinxSzGLa/resources/app/lib/backend/plugin-vscode-init)
2026-08-14 16:32:43 2026-08-14T11:02:43.649Z root INFO [hosted-plugin: 100507] PLUGIN_HOST(100507): PluginManagerExtImpl/loadPlugin(/tmp/.mount_arduinxSzGLa/resources/app/plugins/vscode-arduino-tools/extension/dist/extension.js)
2026-08-14 16:32:43 2026-08-14T11:02:43.686Z root INFO [hosted-plugin: 100507] PLUGIN_HOST(100507): PluginManagerExtImpl/loadPlugin(/tmp/.mount_arduinxSzGLa/resources/app/plugins/vscode-arduino-api/extension/dist/extension.js)
2026-08-14 16:32:43 2026-08-14T11:02:43.691Z root INFO [hosted-plugin: 100507] calling activation function on VS Code Arduino Tools
calling activation function on Arduino IDE API for VS Code extensions
2026-08-14 16:32:43 Checking for update
2026-08-14 16:32:43 2026-08-14T11:02:43.904Z root INFO Frontend application start: 4551.9 ms [Finished 9.094 s after backend start]
2026-08-14 16:32:43 2026-08-14T11:02:43.921Z root INFO Replace loading indicator with ready workbench UI (animation): 874.9 ms [Finished 7.633 s after frontend start]
2026-08-14 16:32:43 2026-08-14T11:02:43.921Z root INFO Changed application state from 'initialized_layout' to 'ready'.
2026-08-14 16:32:43 2026-08-14T11:02:43.921Z root WARN Linked preference "workbench.colorCustomizations" not found.
2026-08-14 16:32:43 Error: Error: net::ERR_INTERNET_DISCONNECTED
    at SimpleURLLoaderWrapper.<anonymous> (node:electron/js2c/browser_init:2:114352)
    at SimpleURLLoaderWrapper.emit (node:events:519:28)
2026-08-14 16:32:43 2026-08-14T11:02:43.961Z root INFO Replace loading indicator with ready workbench UI (animation): 890.8 ms [Finished 7.531 s after frontend start]
2026-08-14 16:32:43 2026-08-14T11:02:43.961Z root INFO Changed application state from 'initialized_layout' to 'ready'.
2026-08-14 16:32:43 2026-08-14T11:02:43.961Z root WARN Linked preference "workbench.colorCustomizations" not found.
2026-08-14 16:32:43 2026-08-14T11:02:43.963Z root INFO Frontend application start: 4627.2 ms [Finished 9.146 s after backend start]
2026-08-14 16:32:44 2026-08-14T11:02:44.016Z root INFO [3f6d53b5-4f6d-4df4-acc4-3675b17e71a5] Starting plugins.
2026-08-14 16:32:44 2026-08-14T11:02:44.043Z root INFO [hosted-plugin: 100508] PLUGIN_HOST(100508): PluginManagerExtImpl/loadPlugin(/tmp/.mount_arduinxSzGLa/resources/app/plugins/vscode-builtin-json-language-features/extension/client/dist/node/jsonClientMain)
2026-08-14 16:32:44 2026-08-14T11:02:44.084Z daemon INFO time="2026-08-14T16:32:44+05:30" level=info msg="Updating index" url="https://downloads.arduino.cc/packages/package_index.tar.bz2"
time="2026-08-14T16:32:44+05:30" level=info msg="Starting download" url="https://downloads.arduino.cc/libraries/library_index.tar.bz2"
time="2026-08-14T16:32:44+05:30" level=info msg="Starting download" url="https://downloads.arduino.cc/packages/package_index.tar.bz2"
2026-08-14 16:32:44 2026-08-14T11:02:44.095Z root INFO core-client-provider [library-index] Downloading index: library_index.tar.bz2

2026-08-14 16:32:44 2026-08-14T11:02:44.097Z root INFO core-client-provider [platform-index] Downloading index: package_index.tar.bz2

2026-08-14 16:32:44 2026-08-14T11:02:44.106Z root INFO [hosted-plugin: 100507] calling activation function on JSON Language Features (built-in)
2026-08-14 16:32:44 2026-08-14T11:02:44.121Z root INFO [hosted-plugin: 100508] PLUGIN_HOST(100508): PluginManagerExtImpl/loadPlugin(/tmp/.mount_arduinxSzGLa/resources/app/plugins/vscode-arduino-tools/extension/dist/extension.js)
2026-08-14 16:32:44 2026-08-14T11:02:44.133Z root ERROR Failed to update platform, library indexes. Error: 13 INTERNAL: Error downloading index 'https://downloads.arduino.cc/libraries/library_index.tar.bz2': Download failed: performing HEAD request: Head "https://downloads.arduino.cc/libraries/library_index.tar.bz2": dial tcp: lookup downloads.arduino.cc on [::1]:53: read udp [::1]:45821->[::1]:53: read: connection refused
    at t.callErrorFromStatus (/tmp/.mount_arduinxSzGLa/resources/app/lib/backend/main.js:2:994038)
    at Object.onReceiveStatus (/tmp/.mount_arduinxSzGLa/resources/app/lib/backend/main.js:2:3794313)
    at Object.onReceiveStatus (/tmp/.mount_arduinxSzGLa/resources/app/lib/backend/main.js:2:2225285)
    at /tmp/.mount_arduinxSzGLa/resources/app/lib/backend/main.js:2:4362019
    at process.processTicksAndRejections (node:internal/process/task_queues:77:11)
for call at
    at s.makeServerStreamRequest (/tmp/.mount_arduinxSzGLa/resources/app/lib/backend/main.js:2:3794080)
    at s.updateLibrariesIndex (/tmp/.mount_arduinxSzGLa/resources/app/lib/backend/main.js:2:3320151)
    at /tmp/.mount_arduinxSzGLa/resources/app/lib/backend/main.js:2:103711
    at /tmp/.mount_arduinxSzGLa/resources/app/lib/backend/main.js:2:103904
    at new Promise (<anonymous>)
    at y.doUpdateIndex (/tmp/.mount_arduinxSzGLa/resources/app/lib/backend/main.js:2:103883)
    at y.updateLibraryIndex (/tmp/.mount_arduinxSzGLa/resources/app/lib/backend/main.js:2:103683)
    at y.updateIndex (/tmp/.mount_arduinxSzGLa/resources/app/lib/backend/main.js:2:102957)
    at R.updateIndex (/tmp/.mount_arduinxSzGLa/resources/app/lib/backend/main.js:2:105608)
    at process.processTicksAndRejections (node:internal/process/task_queues:95:5)
2026-08-14 16:32:44 2026-08-14T11:02:44.212Z root INFO [hosted-plugin: 100508] PLUGIN_HOST(100508): PluginManagerExtImpl/loadPlugin(/tmp/.mount_arduinxSzGLa/resources/app/plugins/vscode-arduino-api/extension/dist/extension.js)
calling activation function on VS Code Arduino Tools
calling activation function on Arduino IDE API for VS Code extensions
2026-08-14 16:32:44 2026-08-14T11:02:44.218Z fwuploader ERROR Error: Process exited with exit code: 1
    at ChildProcess.<anonymous> (/tmp/.mount_arduinxSzGLa/resources/app/lib/backend/main.js:2:661958)
    at ChildProcess.emit (node:events:519:28)
    at ChildProcess._handle.onexit (node:internal/child_process:294:12)
2026-08-14 16:32:44 2026-08-14T11:02:44.218Z fwuploader ERROR Error: Process exited with exit code: 1
    at ChildProcess.<anonymous> (/tmp/.mount_arduinxSzGLa/resources/app/lib/backend/main.js:2:661958)
    at ChildProcess.emit (node:events:519:28)
    at ChildProcess._handle.onexit (node:internal/child_process:294:12)
2026-08-14 16:32:44 2026-08-14T11:02:44.218Z fwuploader ERROR Error: Process exited with exit code: 1
    at ChildProcess.<anonymous> (/tmp/.mount_arduinxSzGLa/resources/app/lib/backend/main.js:2:661958)
    at ChildProcess.emit (node:events:519:28)
    at ChildProcess._handle.onexit (node:internal/child_process:294:12)
2026-08-14 16:32:44 2026-08-14T11:02:44.219Z fwuploader ERROR Error: Process exited with exit code: 1
    at ChildProcess.<anonymous> (/tmp/.mount_arduinxSzGLa/resources/app/lib/backend/main.js:2:661958)
    at ChildProcess.emit (node:events:519:28)
    at ChildProcess._handle.onexit (node:internal/child_process:294:12)
2026-08-14 16:32:44 2026-08-14T11:02:44.272Z root INFO [hosted-plugin: 100507] PLUGIN_HOST(100507): PluginManagerExtImpl/loadPlugin(/tmp/.mount_arduinxSzGLa/resources/app/plugins/cortex-debug/extension/dist/extension.js)
2026-08-14 16:32:44 2026-08-14T11:02:44.312Z root INFO [f95b40b1-4d2f-4810-8002-2a42250faa06] Starting plugins.
2026-08-14 16:32:44 2026-08-14T11:02:44.326Z daemon INFO time="2026-08-14T16:32:44+05:30" level=info msg="Tool required for debug" tool="arduino:arduinoOTA@1.3.0"
time="2026-08-14T16:32:44+05:30" level=info msg="Tool required for debug" tool="arduino:avr-gcc@7.3.0-atmel3.6.1-arduino7"
time="2026-08-14T16:32:44+05:30" level=info msg="Tool required for debug" tool="arduino:avrdude@8.0.0-arduino1"
time="2026-08-14T16:32:44+05:30" level=info msg="Tool required for debug" tool="builtin:ctags@5.8-arduino11"
time="2026-08-14T16:32:44+05:30" level=info msg="Tool required for debug" tool="builtin:dfu-discovery@0.1.2"
time="2026-08-14T16:32:44+05:30" level=info msg="Tool required for debug" tool="builtin:mdns-discovery@1.0.12"
time="2026-08-14T16:32:44+05:30" level=info msg="Tool required for debug" tool="builtin:serial-discovery@1.4.3"
time="2026-08-14T16:32:44+05:30" level=info msg="Tool required for debug" tool="builtin:serial-monitor@0.15.0"
2026-08-14 16:32:44 2026-08-14T11:02:44.327Z root ERROR Failed to get debug config: arduino:avr:uno, undefined Error: Debugging is not supported.
    at Object.callback (/tmp/.mount_arduinxSzGLa/resources/app/lib/backend/main.js:2:4756202)
    at Object.onReceiveStatus (/tmp/.mount_arduinxSzGLa/resources/app/lib/backend/main.js:2:3791917)
    at Object.onReceiveStatus (/tmp/.mount_arduinxSzGLa/resources/app/lib/backend/main.js:2:2225840)
    at Object.onReceiveStatus (/tmp/.mount_arduinxSzGLa/resources/app/lib/backend/main.js:2:2225285)
    at /tmp/.mount_arduinxSzGLa/resources/app/lib/backend/main.js:2:4362019
    at process.processTicksAndRejections (node:internal/process/task_queues:77:11)
2026-08-14 16:32:44 2026-08-14T11:02:44.339Z root INFO [hosted-plugin: 100507] Debug configuration provider has been registered: cortex-debug, trigger: 1
2026-08-14 16:32:44 2026-08-14T11:02:44.339Z root INFO [hosted-plugin: 100507] calling activation function on Cortex-Debug
2026-08-14 16:32:44 2026-08-14T11:02:44.348Z root INFO [hosted-plugin: 100507] GDB server console created
2026-08-14 16:32:44 2026-08-14T11:02:44.698Z root ERROR ---- !!!SLOW!!! DURATION: search took 777.714 ms. Args: [{"type":"Updatable"}] ----
2026-08-14 16:32:44 2026-08-14T11:02:44.700Z root INFO [3f6d53b5-4f6d-4df4-acc4-3675b17e71a5] Start of 23 plugins: 1698.9 ms [Finished 8.340 s after frontend start]
2026-08-14 16:32:44 2026-08-14T11:02:44.704Z root INFO [hosted-plugin: 100508] calling activation function on JSON Language Features (built-in)
PLUGIN_HOST(100508): PluginManagerExtImpl/loadPlugin(/tmp/.mount_arduinxSzGLa/resources/app/plugins/cortex-debug/extension/dist/extension.js)
2026-08-14 16:32:44 2026-08-14T11:02:44.708Z root ERROR Failed to get debug config: arduino:avr:uno, undefined Error: Debugging is not supported.
    at Object.callback (/tmp/.mount_arduinxSzGLa/resources/app/lib/backend/main.js:2:4756202)
    at Object.onReceiveStatus (/tmp/.mount_arduinxSzGLa/resources/app/lib/backend/main.js:2:3791917)
    at Object.onReceiveStatus (/tmp/.mount_arduinxSzGLa/resources/app/lib/backend/main.js:2:2225840)
    at Object.onReceiveStatus (/tmp/.mount_arduinxSzGLa/resources/app/lib/backend/main.js:2:2225285)
    at /tmp/.mount_arduinxSzGLa/resources/app/lib/backend/main.js:2:4362019
    at process.processTicksAndRejections (node:internal/process/task_queues:77:11)
2026-08-14 16:32:44 2026-08-14T11:02:44.708Z daemon INFO time="2026-08-14T16:32:44+05:30" level=info msg="Tool required for debug" tool="arduino:arduinoOTA@1.3.0"
time="2026-08-14T16:32:44+05:30" level=info msg="Tool required for debug" tool="arduino:avr-gcc@7.3.0-atmel3.6.1-arduino7"
time="2026-08-14T16:32:44+05:30" level=info msg="Tool required for debug" tool="arduino:avrdude@8.0.0-arduino1"
time="2026-08-14T16:32:44+05:30" level=info msg="Tool required for debug" tool="builtin:serial-discovery@1.4.3"
time="2026-08-14T16:32:44+05:30" level=info msg="Tool required for debug" tool="builtin:serial-monitor@0.15.0"
time="2026-08-14T16:32:44+05:30" level=info msg="Tool required for debug" tool="builtin:ctags@5.8-arduino11"
time="2026-08-14T16:32:44+05:30" level=info msg="Tool required for debug" tool="builtin:dfu-discovery@0.1.2"
time="2026-08-14T16:32:44+05:30" level=info msg="Tool required for debug" tool="builtin:mdns-discovery@1.0.12"
2026-08-14 16:32:44 2026-08-14T11:02:44.730Z root INFO Starting language server: arduino:avr:uno
2026-08-14 16:32:44 2026-08-14T11:02:44.742Z root INFO [hosted-plugin: 100508] Debug configuration provider has been registered: cortex-debug, trigger: 1
2026-08-14 16:32:44 2026-08-14T11:02:44.742Z root INFO [hosted-plugin: 100508] calling activation function on Cortex-Debug
2026-08-14 16:32:44 2026-08-14T11:02:44.746Z root INFO [hosted-plugin: 100508] GDB server console created
2026-08-14 16:32:44 2026-08-14T11:02:44.756Z root INFO [f95b40b1-4d2f-4810-8002-2a42250faa06] Start of 23 plugins: 2077.3 ms [Finished 8.837 s after frontend start]
2026-08-14 16:32:44 2026-08-14T11:02:44.781Z root INFO Starting language server: arduino:avr:uno
2026-08-14 16:32:44 2026-08-14T11:02:44.966Z daemon INFO time="2026-08-14T16:32:44+05:30" level=info msg="Adding libraries dir" dir=/home/raj/.arduino15/libraries isSingleLibrary=false location=ide
2026-08-14 16:32:44 2026-08-14T11:02:44.966Z daemon INFO time="2026-08-14T16:32:44+05:30" level=info msg="Adding libraries dir" dir=/home/raj/.arduino15/libraries isSingleLibrary=false location=ide
time="2026-08-14T16:32:44+05:30" level=info msg="Adding libraries dir" dir=/home/raj/.arduino15/packages/arduino/hardware/avr/1.8.8/libraries isSingleLibrary=false location=platform
time="2026-08-14T16:32:44+05:30" level=info msg="Adding libraries dir" dir=/home/raj/.arduino15/packages/arduino/hardware/avr/1.8.8/libraries isSingleLibrary=false location=platform
time="2026-08-14T16:32:44+05:30" level=info msg="Adding libraries dir" dir=/home/raj/Arduino/libraries isSingleLibrary=false location=user
time="2026-08-14T16:32:44+05:30" level=info msg="Adding libraries dir" dir=/home/raj/Arduino/libraries isSingleLibrary=false location=user
2026-08-14 16:32:45 2026-08-14T11:02:45.201Z daemon INFO time="2026-08-14T16:32:45+05:30" level=info msg="Adding libraries dir" dir=/home/raj/.arduino15/libraries isSingleLibrary=false location=ide
time="2026-08-14T16:32:45+05:30" level=info msg="Adding libraries dir" dir=/home/raj/.arduino15/packages/arduino/hardware/avr/1.8.8/libraries isSingleLibrary=false location=platform
2026-08-14 16:32:45 2026-08-14T11:02:45.201Z daemon INFO time="2026-08-14T16:32:45+05:30" level=info msg="Adding libraries dir" dir=/home/raj/Arduino/libraries isSingleLibrary=false location=user
2026-08-14 16:32:45 2026-08-14T11:02:45.210Z daemon INFO time="2026-08-14T16:32:45+05:30" level=info msg="Adding libraries dir" dir=/home/raj/.arduino15/libraries isSingleLibrary=false location=ide
time="2026-08-14T16:32:45+05:30" level=info msg="Adding libraries dir" dir=/home/raj/.arduino15/packages/arduino/hardware/avr/1.8.8/libraries isSingleLibrary=false location=platform
time="2026-08-14T16:32:45+05:30" level=info msg="Adding libraries dir" dir=/home/raj/Arduino/libraries isSingleLibrary=false location=user
2026-08-14 16:33:15 isTempSketch: false. Input was /home/raj/Arduino/led_on_off
2026-08-14 16:33:15 Marking workspace as a closed sketch. Workspace URI: file:///home/raj/Arduino/led_on_off. Date: 1786705395712.
2026-08-14 16:33:15 isTempSketch: false. Input was /home/raj/Arduino/led_on_off
2026-08-14 16:33:15 Marking workspace as a closed sketch. Workspace URI: file:///home/raj/Arduino/led_on_off. Date: 1786705395720.
2026-08-14 16:33:15 Closing channel on service path '/services/electron-window'.
2026-08-14 16:33:15 Closing channel on service path '/services/ide-updater'.
2026-08-14 16:33:15 2026-08-14T11:03:15.734Z root INFO socked closed
2026-08-14 16:33:15 2026-08-14T11:03:15.734Z root INFO closing connection for 1
2026-08-14 16:33:15 2026-08-14T11:03:15.734Z root INFO Closing channel on service path '/localization-server'.
2026-08-14 16:33:15 2026-08-14T11:03:15.734Z root INFO Closing channel on service path '/os'.
2026-08-14 16:33:15 2026-08-14T11:03:15.734Z root INFO Closing channel on service path '/services/commands'.
2026-08-14 16:33:15 2026-08-14T11:03:15.734Z root INFO Closing channel on service path '/services/keyboard'.
2026-08-14 16:33:15 2026-08-14T11:03:15.734Z root INFO Closing channel on service path '/services/logger'.
2026-08-14 16:33:15 2026-08-14T11:03:15.734Z root INFO Closing channel on service path '/services/messageService'.
2026-08-14 16:33:15 2026-08-14T11:03:15.734Z root INFO Closing channel on service path '/services/ChannelCloseService'.
2026-08-14 16:33:15 2026-08-14T11:03:15.734Z root INFO Closing channel on service path '/services/remote-filesystem'.
2026-08-14 16:33:15 2026-08-14T11:03:15.734Z root INFO Closing channel on service path '/services/envs'.
2026-08-14 16:33:15 2026-08-14T11:03:15.734Z root INFO Closing channel on service path '/services/authentication-service'.
2026-08-14 16:33:15 2026-08-14T11:03:15.734Z root INFO Closing channel on service path '/services/sketches-service'.
2026-08-14 16:33:15 2026-08-14T11:03:15.734Z root INFO Closing channel on service path '/services/config-service'.
2026-08-14 16:33:15 2026-08-14T11:03:15.734Z root INFO Closing channel on service path '/services/workspace'.
2026-08-14 16:33:15 2026-08-14T11:03:15.734Z root INFO Closing channel on service path '/services/notification-service'.
2026-08-14 16:33:15 2026-08-14T11:03:15.734Z root INFO Closing channel on service path '/services/arduino-daemon'.
2026-08-14 16:33:15 2026-08-14T11:03:15.734Z root INFO Closing channel on service path '/services/stopwatch'.
2026-08-14 16:33:15 2026-08-14T11:03:15.734Z root INFO Closing channel on service path '/services/application'.
2026-08-14 16:33:15 2026-08-14T11:03:15.734Z root INFO Closing channel on service path '/services/i18n'.
2026-08-14 16:33:15 2026-08-14T11:03:15.734Z root INFO Closing channel on service path '/services/quickInput'.
2026-08-14 16:33:15 2026-08-14T11:03:15.734Z root INFO Closing channel on service path '/services/debug'.
2026-08-14 16:33:15 2026-08-14T11:03:15.734Z root INFO Closing channel on service path '/services/shell-terminal'.
2026-08-14 16:33:15 2026-08-14T11:03:15.734Z root INFO Closing channel on service path '/services/quickPick'.
2026-08-14 16:33:15 2026-08-14T11:03:15.734Z root INFO Closing channel on service path '/services/task'.
2026-08-14 16:33:15 2026-08-14T11:03:15.734Z root INFO Closing channel on service path '/services/search'.
2026-08-14 16:33:15 2026-08-14T11:03:15.734Z root INFO Closing channel on service path '/services/hostedPlugin'.
2026-08-14 16:33:15 2026-08-14T11:03:15.734Z root INFO Closing channel on service path '/services/plugin-ext'.
2026-08-14 16:33:15 2026-08-14T11:03:15.734Z root INFO Closing channel on service path '/services/plugin-paths'.
2026-08-14 16:33:15 2026-08-14T11:03:15.734Z root INFO Closing channel on service path '/services/cli-preferences'.
2026-08-14 16:33:15 2026-08-14T11:03:15.734Z root INFO Closing channel on service path '/services/boards-service'.
2026-08-14 16:33:15 2026-08-14T11:03:15.734Z root INFO Closing channel on service path '/services/response-service'.
2026-08-14 16:33:15 2026-08-14T11:03:15.734Z root INFO Closing channel on service path '/services/file-system-ext'.
2026-08-14 16:33:15 2026-08-14T11:03:15.735Z root INFO Closing channel on service path '/services/core-service'.
2026-08-14 16:33:15 2026-08-14T11:03:15.735Z root INFO Closing channel on service path '/services/example-service'.
2026-08-14 16:33:15 2026-08-14T11:03:15.735Z root INFO Closing channel on service path '/services/library-service'.
2026-08-14 16:33:15 2026-08-14T11:03:15.735Z root INFO Closing channel on service path '/services/executable-service'.
2026-08-14 16:33:15 2026-08-14T11:03:15.735Z root INFO Closing channel on service path '/services/arduino-firmware-uploader'.
2026-08-14 16:33:15 2026-08-14T11:03:15.735Z root INFO Closing channel on service path '/services/formatter'.
2026-08-14 16:33:15 2026-08-14T11:03:15.735Z root INFO Closing channel on service path '/services/search-in-workspace'.
2026-08-14 16:33:15 2026-08-14T11:03:15.735Z root INFO Closing channel on service path '/services/request-service'.
2026-08-14 16:33:15 2026-08-14T11:03:15.735Z root INFO Closing channel on service path '/services/keyStore'.
2026-08-14 16:33:15 2026-08-14T11:03:15.735Z root INFO Closing channel on service path '/services/languagePackService'.
2026-08-14 16:33:16 isTempSketch: false. Input was /home/raj/Arduino/obstacle
2026-08-14 16:33:16 Marking workspace as a closed sketch. Workspace URI: file:///home/raj/Arduino/obstacle. Date: 1786705396283.
2026-08-14 16:33:16 isTempSketch: false. Input was /home/raj/Arduino/obstacle
2026-08-14 16:33:16 Marking workspace as a closed sketch. Workspace URI: file:///home/raj/Arduino/obstacle. Date: 1786705396287.
2026-08-14 16:33:16 2026-08-14T11:03:16.299Z root INFO socked closed
2026-08-14 16:33:16 2026-08-14T11:03:16.299Z root INFO closing connection for 2
2026-08-14 16:33:16 2026-08-14T11:03:16.299Z root INFO Closing channel on service path '/localization-server'.
2026-08-14 16:33:16 2026-08-14T11:03:16.299Z root INFO Closing channel on service path '/os'.
2026-08-14 16:33:16 2026-08-14T11:03:16.299Z root INFO Closing channel on service path '/services/commands'.
2026-08-14 16:33:16 2026-08-14T11:03:16.299Z root INFO Closing channel on service path '/services/keyboard'.
2026-08-14 16:33:16 2026-08-14T11:03:16.299Z root INFO Closing channel on service path '/services/logger'.
2026-08-14 16:33:16 2026-08-14T11:03:16.299Z root INFO Closing channel on service path '/services/messageService'.
2026-08-14 16:33:16 2026-08-14T11:03:16.299Z root INFO Closing channel on service path '/services/ChannelCloseService'.
2026-08-14 16:33:16 2026-08-14T11:03:16.299Z root INFO Closing channel on service path '/services/remote-filesystem'.
2026-08-14 16:33:16 2026-08-14T11:03:16.299Z root INFO Closing channel on service path '/services/envs'.
2026-08-14 16:33:16 2026-08-14T11:03:16.299Z root INFO Closing channel on service path '/services/authentication-service'.
2026-08-14 16:33:16 2026-08-14T11:03:16.299Z root INFO Closing channel on service path '/services/sketches-service'.
2026-08-14 16:33:16 2026-08-14T11:03:16.299Z root INFO Closing channel on service path '/services/config-service'.
2026-08-14 16:33:16 2026-08-14T11:03:16.299Z root INFO Closing channel on service path '/services/workspace'.
2026-08-14 16:33:16 2026-08-14T11:03:16.299Z root INFO Closing channel on service path '/services/notification-service'.
2026-08-14 16:33:16 2026-08-14T11:03:16.299Z root INFO Closing channel on service path '/services/arduino-daemon'.
2026-08-14 16:33:16 2026-08-14T11:03:16.299Z root INFO Closing channel on service path '/services/stopwatch'.
2026-08-14 16:33:16 2026-08-14T11:03:16.299Z root INFO Closing channel on service path '/services/application'.
2026-08-14 16:33:16 2026-08-14T11:03:16.299Z root INFO Closing channel on service path '/services/i18n'.
2026-08-14 16:33:16 2026-08-14T11:03:16.299Z root INFO Closing channel on service path '/services/quickInput'.
2026-08-14 16:33:16 2026-08-14T11:03:16.299Z root INFO Closing channel on service path '/services/debug'.
2026-08-14 16:33:16 2026-08-14T11:03:16.299Z root INFO Closing channel on service path '/services/shell-terminal'.
2026-08-14 16:33:16 2026-08-14T11:03:16.299Z root INFO Closing channel on service path '/services/quickPick'.
2026-08-14 16:33:16 2026-08-14T11:03:16.299Z root INFO Closing channel on service path '/services/task'.
2026-08-14 16:33:16 2026-08-14T11:03:16.299Z root INFO Closing channel on service path '/services/search'.
2026-08-14 16:33:16 2026-08-14T11:03:16.299Z root INFO Closing channel on service path '/services/hostedPlugin'.
2026-08-14 16:33:16 2026-08-14T11:03:16.299Z root INFO Closing channel on service path '/services/plugin-ext'.
2026-08-14 16:33:16 2026-08-14T11:03:16.299Z root INFO Closing channel on service path '/services/plugin-paths'.
2026-08-14 16:33:16 2026-08-14T11:03:16.299Z root INFO Closing channel on service path '/services/cli-preferences'.
2026-08-14 16:33:16 2026-08-14T11:03:16.299Z root INFO Closing channel on service path '/services/boards-service'.
2026-08-14 16:33:16 2026-08-14T11:03:16.299Z root INFO Closing channel on service path '/services/response-service'.
2026-08-14 16:33:16 2026-08-14T11:03:16.299Z root INFO Closing channel on service path '/services/file-system-ext'.
2026-08-14 16:33:16 2026-08-14T11:03:16.299Z root INFO Closing channel on service path '/services/core-service'.
2026-08-14 16:33:16 2026-08-14T11:03:16.299Z root INFO Closing channel on service path '/services/example-service'.
2026-08-14 16:33:16 2026-08-14T11:03:16.299Z root INFO Closing channel on service path '/services/library-service'.
2026-08-14 16:33:16 2026-08-14T11:03:16.299Z root INFO Closing channel on service path '/services/executable-service'.
2026-08-14 16:33:16 2026-08-14T11:03:16.299Z root INFO Closing channel on service path '/services/arduino-firmware-uploader'.
2026-08-14 16:33:16 2026-08-14T11:03:16.300Z root INFO Closing channel on service path '/services/formatter'.
2026-08-14 16:33:16 2026-08-14T11:03:16.300Z root INFO Closing channel on service path '/services/search-in-workspace'.
2026-08-14 16:33:16 2026-08-14T11:03:16.300Z root INFO Closing channel on service path '/services/request-service'.
2026-08-14 16:33:16 2026-08-14T11:03:16.300Z root INFO Closing channel on service path '/services/keyStore'.
2026-08-14 16:33:16 2026-08-14T11:03:16.300Z root INFO Closing channel on service path '/services/languagePackService'.
2026-08-14 16:33:16 Closing channel on service path '/services/electron-window'.
2026-08-14 16:33:16 Closing channel on service path '/services/ide-updater'.
2026-08-14 16:33:16 Storing the sketch as a workspace root: </home/raj/Arduino/led_on_off>.
2026-08-14 16:33:16 Skipped storing sketch as workspace root. Already visited: </home/raj/Arduino/led_on_off>.
2026-08-14 16:33:16 Storing the sketch as a workspace root: </home/raj/Arduino/obstacle>.
2026-08-14 16:33:16 Skipped storing sketch as workspace root. Already visited: </home/raj/Arduino/obstacle>.
2026-08-14 16:33:16 Stored workspaces roots: /home/raj/Arduino/led_on_off,/home/raj/Arduino/obstacle
2026-08-14 16:33:16 No sketches were scheduled for deletion.
2026-08-14 16:33:29 Arduino IDE 2.3.8
2026-08-14 16:33:29 Checking for frontend application configuration customizations. Module path: /tmp/.mount_arduinP9Tjvz/resources/app/lib/backend/electron-main.js, destination 'package.json': /tmp/.mount_arduinP9Tjvz/resources/app/package.json
2026-08-14 16:33:29 Setting 'theia.frontend.config.appVersion' application configuration value to: "2.3.8" (type of string)
2026-08-14 16:33:29 Setting 'theia.frontend.config.cliVersion' application configuration value to: "1.4.1" (type of string)
2026-08-14 16:33:29 Setting 'theia.frontend.config.buildDate' application configuration value to: "2026-02-25T15:15:50.003Z" (type of string)
2026-08-14 16:33:29 Frontend application configuration after modifications: {"applicationName":"Arduino IDE","defaultTheme":{"light":"arduino-theme","dark":"arduino-theme-dark"},"defaultIconTheme":"none","electron":{"windowOptions":{},"showWindowEarly":true,"splashScreenOptions":{},"uriScheme":"arduino-ide"},"defaultLocale":"","validatePreferencesSchema":false,"reloadOnReconnect":true,"uriScheme":"theia","preferences":{"window.title":"${rootName}${activeEditorShort}${appName}","files.autoSave":"afterDelay","editor.minimap.enabled":false,"editor.tabSize":2,"editor.scrollBeyondLastLine":false,"editor.quickSuggestions":{"other":false,"comments":false,"strings":false},"editor.maxTokenizationLineLength":500,"editor.bracketPairColorization.enabled":false,"breadcrumbs.enabled":false,"workbench.tree.renderIndentGuides":"none","explorer.compactFolders":false},"appVersion":"2.3.8","cliVersion":"1.4.1","buildDate":"2026-02-25T15:15:50.003Z"}
2026-08-14 16:33:29 Starting backend process. PID: 101406
2026-08-14 16:33:30 Showing main window early
2026-08-14 16:33:30 Using browser-only version of superagent in non-browser environment
2026-08-14 16:33:30 Configuration directory URI: 'file:///home/raj/.arduinoIDE'
2026-08-14 16:33:30 Configuring to accept webviews on '^.+\.webview\..+$' hostname.
2026-08-14 16:33:30 2026-08-14T11:03:30.840Z root WARN Backend u.initialize took longer than the expected maximum 50 milliseconds: 68.0 ms [Finished 1.012 s after backend start]
2026-08-14 16:33:30 2026-08-14T11:03:30.848Z root WARN Backend Object.initialize took longer than the expected maximum 50 milliseconds: 65.6 ms [Finished 1.012 s after backend start]
2026-08-14 16:33:30 2026-08-14T11:03:30.848Z root INFO Backend a.initialize: 1.9 ms [Finished 1.012 s after backend start]
2026-08-14 16:33:30 2026-08-14T11:03:30.848Z root INFO Backend a.initialize: 1.4 ms [Finished 1.012 s after backend start]
2026-08-14 16:33:30 2026-08-14T11:03:30.848Z root INFO Backend u.initialize: 2.0 ms [Finished 1.013 s after backend start]
2026-08-14 16:33:30 2026-08-14T11:03:30.852Z root WARN Backend l.initialize took longer than the expected maximum 50 milliseconds: 67.6 ms [Finished 1.014 s after backend start]
2026-08-14 16:33:30 2026-08-14T11:03:30.861Z root INFO configured all backend app contributions
2026-08-14 16:33:30 2026-08-14T11:03:30.862Z root INFO Backend l.onStart: 1.5 ms [Finished 1.036 s after backend start]
2026-08-14 16:33:30 2026-08-14T11:03:30.862Z root INFO Backend d.onStart: 0.1 ms [Finished 1.036 s after backend start]
2026-08-14 16:33:30 2026-08-14T11:03:30.863Z root INFO Backend a.onStart: 0.4 ms [Finished 1.036 s after backend start]
2026-08-14 16:33:30 2026-08-14T11:03:30.863Z config INFO >>> Initializing CLI configuration...
2026-08-14 16:33:30 2026-08-14T11:03:30.863Z root INFO Backend x.onStart: 0.3 ms [Finished 1.037 s after backend start]
2026-08-14 16:33:30 2026-08-14T11:03:30.863Z config INFO Loading CLI configuration from /home/raj/.arduinoIDE/arduino-cli.yaml...
2026-08-14 16:33:30 2026-08-14T11:03:30.863Z daemon INFO Starting daemon from /tmp/.mount_arduinP9Tjvz/resources/app/lib/backend/resources/arduino-cli...
2026-08-14 16:33:30 2026-08-14T11:03:30.863Z root INFO Backend w.onStart: 0.4 ms [Finished 1.037 s after backend start]
2026-08-14 16:33:30 2026-08-14T11:03:30.863Z discovery-log INFO start
2026-08-14 16:33:30 2026-08-14T11:03:30.863Z discovery-log INFO start new deferred
2026-08-14 16:33:30 2026-08-14T11:03:30.863Z root INFO Backend v.onStart: 0.3 ms [Finished 1.038 s after backend start]
2026-08-14 16:33:30 2026-08-14T11:03:30.863Z root INFO Backend a.onStart: 0.1 ms [Finished 1.038 s after backend start]
2026-08-14 16:33:30 2026-08-14T11:03:30.868Z root INFO Theia app listening on http://127.0.0.1:41989.
2026-08-14 16:33:30 2026-08-14T11:03:30.868Z root INFO Finished starting backend application: 4.5 ms [Finished 1.042 s after backend start]
2026-08-14 16:33:30 Restoring workspace roots: /home/raj/Arduino/led_on_off,/home/raj/Arduino/obstacle
2026-08-14 16:33:30 2026-08-14T11:03:30.871Z root WARN The local plugin referenced by local-dir:/home/raj/.arduinoIDE/plugins does not exist.
2026-08-14 16:33:30 2026-08-14T11:03:30.871Z root WARN The local plugin referenced by local-dir:/home/raj/.arduinoIDE/deployedPlugins does not exist.
2026-08-14 16:33:30 isTempSketch: false. Input was /home/raj/Arduino/led_on_off/led_on_off.ino
2026-08-14 16:33:30 2026-08-14T11:03:30.903Z config INFO Loaded CLI configuration: {"board_manager":{"additional_urls":[]}}
2026-08-14 16:33:30 2026-08-14T11:03:30.903Z config INFO Loading fallback CLI configuration to get 'directories.data' and 'directories.user'
2026-08-14 16:33:30 isTempSketch: false. Input was /home/raj/Arduino/obstacle/obstacle.ino
2026-08-14 16:33:31 2026-08-14T11:03:31.095Z root INFO Resolve plugins list: 229.4 ms [Finished 1.269 s after backend start]
2026-08-14 16:33:31 2026-08-14T11:03:31.376Z daemon INFO time="2026-08-14T16:33:31+05:30" level=info msg="arduino-cli version 1.4.1"
2026-08-14 16:33:31 2026-08-14T11:03:31.379Z daemon INFO time="2026-08-14T16:33:31+05:30" level=info msg="Using config file: /home/raj/.arduinoIDE/arduino-cli.yaml"
time="2026-08-14T16:33:31+05:30" level=info msg="Executing `arduino-cli daemon`"
2026-08-14 16:33:31 2026-08-14T11:03:31.385Z config INFO Loaded fallback CLI configuration: {"directories":{"user":"/home/raj/Arduino","data":"/home/raj/.arduino15"}}
2026-08-14 16:33:31 2026-08-14T11:03:31.385Z config INFO Merged CLI configuration with the fallback: {"directories":{"user":"/home/raj/Arduino","data":"/home/raj/.arduino15"},"board_manager":{"additional_urls":[]}}
2026-08-14 16:33:31 2026-08-14T11:03:31.385Z config INFO Loaded the CLI configuration.
2026-08-14 16:33:31 2026-08-14T11:03:31.401Z daemon INFO Daemon is now listening on 127.0.0.1:36793
{"IP":"127.0.0.1","Port":"36793"}
2026-08-14 16:33:31 2026-08-14T11:03:31.401Z daemon INFO Daemon is running.
2026-08-14 16:33:31 2026-08-14T11:03:31.438Z config INFO Mapped the CLI configuration: {"dataDirUri":"file:///home/raj/.arduino15","sketchDirUri":"file:///home/raj/Arduino","additionalUrls":[],"network":"none","locale":"en"}
2026-08-14 16:33:31 2026-08-14T11:03:31.439Z config INFO Validating the CLI configuration...
2026-08-14 16:33:31 2026-08-14T11:03:31.483Z config INFO The CLI config is valid.
2026-08-14 16:33:31 2026-08-14T11:03:31.483Z config INFO <<< Initialized the CLI configuration.
2026-08-14 16:33:31 2026-08-14T11:03:31.545Z daemon INFO time="2026-08-14T16:33:31+05:30" level=info msg="Checking signature" index=/home/raj/.arduino15/package_index.json signatureFile=/home/raj/.arduino15/package_index.json.sig trusted=true
2026-08-14 16:33:31 2026-08-14T11:03:31.550Z daemon INFO time="2026-08-14T16:33:31+05:30" level=info msg="Loading hardware from: /home/raj/.arduino15/packages"
2026-08-14 16:33:31 2026-08-14T11:03:31.550Z daemon INFO time="2026-08-14T16:33:31+05:30" level=info msg="Loading package arduino from: /home/raj/.arduino15/packages/arduino/hardware"
2026-08-14 16:33:31 2026-08-14T11:03:31.557Z daemon INFO time="2026-08-14T16:33:31+05:30" level=info msg="Missing signature file" index=/home/raj/.arduino15/packages/arduino/hardware/avr/1.8.8/installed.json
2026-08-14 16:33:31 2026-08-14T11:03:31.561Z daemon INFO time="2026-08-14T16:33:31+05:30" level=info msg="Adding monitor tool" protocol=serial tool="builtin:serial-monitor"
2026-08-14 16:33:31 2026-08-14T11:03:31.561Z daemon INFO time="2026-08-14T16:33:31+05:30" level=info msg="Loaded platform" platform="arduino:avr@1.8.8"
time="2026-08-14T16:33:31+05:30" level=info msg="Checking existence of 'tools' path: /home/raj/.arduino15/packages/arduino/tools"
time="2026-08-14T16:33:31+05:30" level=info msg="Loading tools from dir: /home/raj/.arduino15/packages/arduino/tools"
time="2026-08-14T16:33:31+05:30" level=info msg="Loaded tool" tool="arduino:arduinoOTA@1.3.0"
2026-08-14 16:33:31 2026-08-14T11:03:31.561Z daemon INFO time="2026-08-14T16:33:31+05:30" level=info msg="Loaded tool" tool="arduino:avr-gcc@7.3.0-atmel3.6.1-arduino7"
2026-08-14 16:33:31 2026-08-14T11:03:31.561Z daemon INFO time="2026-08-14T16:33:31+05:30" level=info msg="Loaded tool" tool="arduino:avrdude@8.0.0-arduino1"
2026-08-14 16:33:31 2026-08-14T11:03:31.561Z daemon INFO time="2026-08-14T16:33:31+05:30" level=info msg="Loading package builtin from: /home/raj/.arduino15/packages/builtin"
2026-08-14 16:33:31 2026-08-14T11:03:31.561Z daemon INFO time="2026-08-14T16:33:31+05:30" level=info msg="Checking existence of 'tools' path: /home/raj/.arduino15/packages/builtin/tools"
time="2026-08-14T16:33:31+05:30" level=info msg="Loading tools from dir: /home/raj/.arduino15/packages/builtin/tools"
2026-08-14 16:33:31 2026-08-14T11:03:31.561Z daemon INFO time="2026-08-14T16:33:31+05:30" level=info msg="Loaded tool" tool="builtin:ctags@5.8-arduino11"
time="2026-08-14T16:33:31+05:30" level=info msg="Loaded tool" tool="builtin:dfu-discovery@0.1.2"
2026-08-14 16:33:31 2026-08-14T11:03:31.561Z daemon INFO time="2026-08-14T16:33:31+05:30" level=info msg="Loaded tool" tool="builtin:mdns-discovery@1.0.12"
time="2026-08-14T16:33:31+05:30" level=info msg="Loaded tool" tool="builtin:serial-discovery@1.4.3"
time="2026-08-14T16:33:31+05:30" level=info msg="Loaded tool" tool="builtin:serial-monitor@0.15.0"
2026-08-14 16:33:31 2026-08-14T11:03:31.571Z daemon INFO time="2026-08-14T16:33:31+05:30" level=info msg="Adding libraries dir" dir=/home/raj/.arduino15/packages/arduino/hardware/avr/1.8.8/libraries isSingleLibrary=false location=platform
time="2026-08-14T16:33:31+05:30" level=info msg="Loading libraries index file" index=/home/raj/.arduino15/library_index.json
2026-08-14 16:33:32 2026-08-14T11:03:32.046Z daemon INFO time="2026-08-14T16:33:32+05:30" level=info msg="Adding libraries dir" dir=/home/raj/.arduino15/libraries isSingleLibrary=false location=ide
time="2026-08-14T16:33:32+05:30" level=info msg="Adding libraries dir" dir=/home/raj/Arduino/libraries isSingleLibrary=false location=user
2026-08-14 16:33:32 2026-08-14T11:03:32.059Z discovery-log INFO start resolved watching
2026-08-14 16:33:32 2026-08-14T11:03:32.068Z discovery-log INFO {"eventType":"add","port":{"matchingBoardsList":[],"port":{"address":"/dev/ttyS4","label":"/dev/ttyS4","protocol":"serial","protocolLabel":"Serial Port","propertiesMap":[],"hardwareId":""}},"error":""}
2026-08-14 16:33:32 2026-08-14T11:03:32.068Z discovery-log INFO {"eventType":"add","port":{"matchingBoardsList":[],"port":{"address":"/dev/ttyS5","label":"/dev/ttyS5","protocol":"serial","protocolLabel":"Serial Port","propertiesMap":[],"hardwareId":""}},"error":""}
2026-08-14 16:33:32 2026-08-14T11:03:32.485Z root INFO Deploy plugins list: 1620.5 ms [Finished 2.660 s after backend start]
2026-08-14 16:33:32 2026-08-14T11:03:32.952Z root INFO creating connection for 2
2026-08-14 16:33:32 2026-08-14T11:03:32.956Z root INFO creating connection for 1
2026-08-14 16:33:34 2026-08-14T11:03:34.208Z root WARN Frontend a.configure took longer than the expected maximum 100 milliseconds: 132.9 ms [Finished 3.181 s after frontend start]
2026-08-14 16:33:34 2026-08-14T11:03:34.252Z root WARN A command editor.action.toggleStickyScroll is already registered.
2026-08-14 16:33:34 2026-08-14T11:03:34.253Z root WARN Frontend a.configure took longer than the expected maximum 100 milliseconds: 179.4 ms [Finished 3.351 s after frontend start]
2026-08-14 16:33:34 2026-08-14T11:03:34.302Z root WARN A command editor.action.toggleStickyScroll is already registered.
2026-08-14 16:33:34 2026-08-14T11:03:34.316Z sketches-service WARN Warning! The request sketch path was different than the response sketch path from the CLI. This could be a potential bug. Request: </home/raj/Arduino/obstacle/obstacle.ino>, response: </home/raj/Arduino/obstacle>.
2026-08-14 16:33:34 2026-08-14T11:03:34.331Z sketches-service WARN Warning! The request sketch path was different than the response sketch path from the CLI. This could be a potential bug. Request: </home/raj/Arduino/led_on_off/led_on_off.ino>, response: </home/raj/Arduino/led_on_off>.
2026-08-14 16:33:34 Opening channel for service path '/services/electron-window'.
2026-08-14 16:33:34 Opening channel for service path '/services/ide-updater'.
2026-08-14 16:33:34 2026-08-14T11:03:34.368Z root WARN Frontend keybindings.onStart took longer than the expected maximum 100 milliseconds: 107.6 ms [Finished 3.328 s after frontend start]
2026-08-14 16:33:34 Opening channel for service path '/services/electron-window'.
2026-08-14 16:33:34 Opening channel for service path '/services/ide-updater'.
2026-08-14 16:33:34 2026-08-14T11:03:34.465Z root INFO Start frontend contributions: 488.8 ms [Finished 3.406 s after frontend start]
2026-08-14 16:33:34 2026-08-14T11:03:34.465Z root INFO Changed application state from 'init' to 'started_contributions'.
2026-08-14 16:33:34 2026-08-14T11:03:34.466Z root INFO Start frontend contributions: 492.3 ms [Finished 3.541 s after frontend start]
2026-08-14 16:33:34 2026-08-14T11:03:34.466Z root INFO Changed application state from 'init' to 'started_contributions'.
2026-08-14 16:33:34 2026-08-14T11:03:34.481Z root INFO Changed application state from 'started_contributions' to 'attached_shell'.
2026-08-14 16:33:34 2026-08-14T11:03:34.481Z root INFO >>> Restoring the layout state...
2026-08-14 16:33:34 2026-08-14T11:03:34.485Z root INFO Changed application state from 'started_contributions' to 'attached_shell'.
2026-08-14 16:33:34 2026-08-14T11:03:34.485Z root INFO >>> Restoring the layout state...
2026-08-14 16:33:34 2026-08-14T11:03:34.579Z root INFO [ec17eb43-9451-44fc-a091-3c1857a628d4] Waiting for backend deployment: 142.0 ms [Finished 3.675 s after frontend start]
2026-08-14 16:33:34 2026-08-14T11:03:34.580Z root INFO [b0b8d08a-bb88-4808-bb26-858bc1a03dbd] Waiting for backend deployment: 147.5 ms [Finished 3.544 s after frontend start]
2026-08-14 16:33:35 2026-08-14T11:03:35.028Z root INFO [hosted-plugin: 101568] PLUGIN_HOST(101568) starting instance
[Object: null prototype] {}
2026-08-14 16:33:35 2026-08-14T11:03:35.028Z root INFO [hosted-plugin: 101561] PLUGIN_HOST(101561) starting instance
[Object: null prototype] {}
2026-08-14 16:33:36 2026-08-14T11:03:36.941Z root INFO [b0b8d08a-bb88-4808-bb26-858bc1a03dbd] Sync of 23 plugins: 2372.1 ms [Finished 5.916 s after frontend start]
2026-08-14 16:33:36 2026-08-14T11:03:36.966Z root INFO [ec17eb43-9451-44fc-a091-3c1857a628d4] Sync of 23 plugins: 2394.9 ms [Finished 6.070 s after frontend start]
2026-08-14 16:33:36 2026-08-14T11:03:36.978Z root INFO ------- SERIALIZED LAYOUT DATA -------
2026-08-14 16:33:36 2026-08-14T11:03:36.978Z root INFO {"version":5,"mainPanel":{"main":{"type":"tab-area","widgets":[{"constructionOptions":{"factoryId":"code-editor-opener","options":{"counter":0,"kind":"navigatable","uri":"file:///home/raj/Arduino/obstacle/obstacle.ino"}},"innerWidgetState":"{\"cursorState\":[{\"inSelectionMode\":false,\"selectionStart\":{\"lineNumber\":89,\"column\":6},\"position\":{\"lineNumber\":89,\"column\":6}}],\"viewState\":{\"scrollLeft\":0,\"firstPosition\":{\"lineNumber\":45,\"column\":1},\"firstPositionDeltaTop\":-2},\"contributionsState\":{\"editor.contrib.folding\":{\"lineCount\":112,\"provider\":\"indent\",\"foldedImports\":false},\"editor.contrib.wordHighlighter\":true}}"}],"currentIndex":0}},"mainPanelPinned":[false],"bottomPanel":{"config":{"main":{"type":"tab-area","widgets":[{"constructionOptions":{"factoryId":"outputView"},"innerWidgetState":"{\"locked\":false}"}],"currentIndex":0}},"pinned":[false],"size":230,"expanded":true},"leftPanel":{"type":"sidepanel","items":[{"widget":{"constructionOptions":{"factoryId":"arduino-sketchbook-widget"}},"rank":1,"expanded":false,"pinned":false},{"widget":{"constructionOptions":{"factoryId":"boards-list-widget"}},"rank":2,"expanded":false,"pinned":false},{"widget":{"constructionOptions":{"factoryId":"library-list-widget"}},"rank":3,"expanded":false,"pinned":false},{"widget":{"constructionOptions":{"factoryId":"debug"},"innerWidgetState":"{\"parts\":[{\"partId\":\"debug:threads:-1\",\"collapsed\":false,\"hidden\":false,\"originalContainerId\":\"debug:view-container:-1\",\"originalContainerTitle\":{\"label\":\"debug\",\"iconClass\":\"codicon codicon-debug-alt\",\"closeable\":true},\"widget\":{\"constructionOptions\":{\"factoryId\":\"debug:threads\"},\"innerWidgetState\":\"{}\"}},{\"partId\":\"debug:frames:-1\",\"collapsed\":false,\"hidden\":false,\"originalContainerId\":\"debug:view-container:-1\",\"originalContainerTitle\":{\"label\":\"debug\",\"iconClass\":\"codicon codicon-debug-alt\",\"closeable\":true},\"widget\":{\"constructionOptions\":{\"factoryId\":\"debug:frames\"},\"innerWidgetState\":\"{}\"}},{\"partId\":\"debug:variables:-1\",\"collapsed\":false,\"hidden\":false,\"originalContainerId\":\"debug:view-container:-1\",\"originalContainerTitle\":{\"label\":\"debug\",\"iconClass\":\"codicon codicon-debug-alt\",\"closeable\":true},\"widget\":{\"constructionOptions\":{\"factoryId\":\"debug:variables\"},\"innerWidgetState\":\"{}\"}},{\"partId\":\"debug:watch:-1\",\"collapsed\":false,\"hidden\":false,\"originalContainerId\":\"debug:view-container:-1\",\"originalContainerTitle\":{\"label\":\"debug\",\"iconClass\":\"codicon codicon-debug-alt\",\"closeable\":true},\"widget\":{\"constructionOptions\":{\"factoryId\":\"debug:watch\"},\"innerWidgetState\":\"{}\"}},{\"partId\":\"debug:breakpoints:-1\",\"collapsed\":false,\"hidden\":false,\"originalContainerId\":\"debug:view-container:-1\",\"originalContainerTitle\":{\"label\":\"debug\",\"iconClass\":\"codicon codicon-debug-alt\",\"closeable\":true},\"widget\":{\"constructionOptions\":{\"factoryId\":\"debug:breakpoints\"},\"innerWidgetState\":\"{}\"}},{\"partId\":\"plugin-view:cortex-debug.peripherals\",\"collapsed\":true,\"hidden\":true,\"originalContainerId\":\"debug:view-container:-1\",\"originalContainerTitle\":{\"label\":\"debug\",\"iconClass\":\"codicon codicon-debug-alt\",\"closeable\":true},\"widget\":{\"constructionOptions\":{\"factoryId\":\"plugin-view\",\"options\":{\"id\":\"plugin-view:cortex-debug.peripherals\",\"viewId\":\"cortex-debug.peripherals\"}},\"innerWidgetState\":\"{\\\"label\\\":\\\"Cortex Peripherals\\\",\\\"widgets\\\":[],\\\"suppressUpdateViewVisibility\\\":false,\\\"currentViewContainerId\\\":\\\"debug\\\"}\"}},{\"partId\":\"plugin-view:cortex-debug.registers\",\"collapsed\":true,\"hidden\":true,\"originalContainerId\":\"debug:view-container:-1\",\"originalContainerTitle\":{\"label\":\"debug\",\"iconClass\":\"codicon codicon-debug-alt\",\"closeable\":true},\"widget\":{\"constructionOptions\":{\"factoryId\":\"plugin-view\",\"options\":{\"id\":\"plugin-view:cortex-debug.registers\",\"viewId\":\"cortex-debug.registers\"}},\"innerWidgetState\":\"{\\\"label\\\":\\\"Cortex Registers\\\",\\\"widgets\\\":[],\\\"suppressUpdateViewVisibility\\\":false,\\\"currentViewContainerId\\\":\\\"debug\\\"}\"}}],\"title\":{\"label\":\"debug\",\"iconClass\":\"codicon codicon-debug-alt\",\"closeable\":true}}"},"rank":4,"expanded":false,"pinned":false},{"widget":{"constructionOptions":{"factoryId":"search-view-container"},"innerWidgetState":"{\"parts\":[{\"partId\":\"search-in-workspace\",\"collapsed\":false,\"hidden\":false,\"originalContainerId\":\"search-view-container\",\"originalContainerTitle\":{\"label\":\"Search\",\"iconClass\":\"codicon codicon-search\",\"closeable\":true},\"widget\":{\"constructionOptions\":{\"factoryId\":\"search-in-workspace\"},\"innerWidgetState\":\"{\\\"matchCaseState\\\":{\\\"className\\\":\\\"codicon codicon-case-sensitive\\\",\\\"enabled\\\":false,\\\"title\\\":\\\"Match Case\\\"},\\\"wholeWordState\\\":{\\\"className\\\":\\\"codicon codicon-whole-word\\\",\\\"enabled\\\":false,\\\"title\\\":\\\"Match Whole Word\\\"},\\\"regExpState\\\":{\\\"className\\\":\\\"codicon codicon-regex\\\",\\\"enabled\\\":false,\\\"title\\\":\\\"Use Regular Expression\\\"},\\\"includeIgnoredState\\\":{\\\"className\\\":\\\"codicon codicon-eye\\\",\\\"enabled\\\":false,\\\"title\\\":\\\"Include Ignored Files\\\"},\\\"showSearchDetails\\\":false,\\\"searchInWorkspaceOptions\\\":{\\\"matchCase\\\":false,\\\"matchWholeWord\\\":false,\\\"useRegExp\\\":false,\\\"multiline\\\":false,\\\"includeIgnored\\\":false,\\\"include\\\":[],\\\"exclude\\\":[],\\\"maxResults\\\":2000},\\\"searchTerm\\\":\\\"\\\",\\\"replaceTerm\\\":\\\"\\\",\\\"showReplaceField\\\":false,\\\"searchHistoryState\\\":{\\\"history\\\":[],\\\"index\\\":0},\\\"replaceHistoryState\\\":{\\\"history\\\":[],\\\"index\\\":0},\\\"includeHistoryState\\\":{\\\"history\\\":[],\\\"index\\\":0},\\\"excludeHistoryState\\\":{\\\"history\\\":[],\\\"index\\\":0}}\"}}],\"title\":{\"label\":\"Search\",\"iconClass\":\"fa fa-arduino-search\",\"closeable\":true}}"},"rank":5,"expanded":false,"pinned":false}]},"rightPanel":{"type":"sidepanel","items":[]}}
2026-08-14 16:33:36 2026-08-14T11:03:36.978Z root INFO ------- END SERIALIZED LAYOUT DATA -------
2026-08-14 16:33:36 2026-08-14T11:03:36.995Z root INFO ------- SERIALIZED LAYOUT DATA -------
2026-08-14 16:33:36 2026-08-14T11:03:36.995Z root INFO {"version":5,"mainPanel":{"main":{"type":"tab-area","widgets":[{"constructionOptions":{"factoryId":"code-editor-opener","options":{"counter":0,"kind":"navigatable","uri":"file:///home/raj/Arduino/led_on_off/led_on_off.ino"}},"innerWidgetState":"{\"cursorState\":[{\"inSelectionMode\":false,\"selectionStart\":{\"lineNumber\":27,\"column\":15},\"position\":{\"lineNumber\":27,\"column\":15}}],\"viewState\":{\"scrollLeft\":0,\"firstPosition\":{\"lineNumber\":12,\"column\":1},\"firstPositionDeltaTop\":-9},\"contributionsState\":{\"editor.contrib.folding\":{\"lineCount\":38,\"provider\":\"indent\",\"foldedImports\":false},\"editor.contrib.wordHighlighter\":true}}"}],"currentIndex":0}},"mainPanelPinned":[false],"bottomPanel":{"config":{"main":{"type":"tab-area","widgets":[{"constructionOptions":{"factoryId":"outputView"},"innerWidgetState":"{\"locked\":false}"}],"currentIndex":0}},"pinned":[false],"size":230,"expanded":true},"leftPanel":{"type":"sidepanel","items":[{"widget":{"constructionOptions":{"factoryId":"arduino-sketchbook-widget"}},"rank":1,"expanded":false,"pinned":false},{"widget":{"constructionOptions":{"factoryId":"boards-list-widget"}},"rank":2,"expanded":false,"pinned":false},{"widget":{"constructionOptions":{"factoryId":"library-list-widget"}},"rank":3,"expanded":false,"pinned":false},{"widget":{"constructionOptions":{"factoryId":"debug"},"innerWidgetState":"{\"parts\":[{\"partId\":\"debug:threads:-1\",\"collapsed\":false,\"hidden\":false,\"originalContainerId\":\"debug:view-container:-1\",\"originalContainerTitle\":{\"label\":\"debug\",\"iconClass\":\"codicon codicon-debug-alt\",\"closeable\":true},\"widget\":{\"constructionOptions\":{\"factoryId\":\"debug:threads\"},\"innerWidgetState\":\"{}\"}},{\"partId\":\"debug:frames:-1\",\"collapsed\":false,\"hidden\":false,\"originalContainerId\":\"debug:view-container:-1\",\"originalContainerTitle\":{\"label\":\"debug\",\"iconClass\":\"codicon codicon-debug-alt\",\"closeable\":true},\"widget\":{\"constructionOptions\":{\"factoryId\":\"debug:frames\"},\"innerWidgetState\":\"{}\"}},{\"partId\":\"debug:variables:-1\",\"collapsed\":false,\"hidden\":false,\"originalContainerId\":\"debug:view-container:-1\",\"originalContainerTitle\":{\"label\":\"debug\",\"iconClass\":\"codicon codicon-debug-alt\",\"closeable\":true},\"widget\":{\"constructionOptions\":{\"factoryId\":\"debug:variables\"},\"innerWidgetState\":\"{}\"}},{\"partId\":\"debug:watch:-1\",\"collapsed\":false,\"hidden\":false,\"originalContainerId\":\"debug:view-container:-1\",\"originalContainerTitle\":{\"label\":\"debug\",\"iconClass\":\"codicon codicon-debug-alt\",\"closeable\":true},\"widget\":{\"constructionOptions\":{\"factoryId\":\"debug:watch\"},\"innerWidgetState\":\"{}\"}},{\"partId\":\"debug:breakpoints:-1\",\"collapsed\":false,\"hidden\":false,\"originalContainerId\":\"debug:view-container:-1\",\"originalContainerTitle\":{\"label\":\"debug\",\"iconClass\":\"codicon codicon-debug-alt\",\"closeable\":true},\"widget\":{\"constructionOptions\":{\"factoryId\":\"debug:breakpoints\"},\"innerWidgetState\":\"{}\"}},{\"partId\":\"plugin-view:cortex-debug.peripherals\",\"collapsed\":true,\"hidden\":true,\"originalContainerId\":\"debug:view-container:-1\",\"originalContainerTitle\":{\"label\":\"debug\",\"iconClass\":\"codicon codicon-debug-alt\",\"closeable\":true},\"widget\":{\"constructionOptions\":{\"factoryId\":\"plugin-view\",\"options\":{\"id\":\"plugin-view:cortex-debug.peripherals\",\"viewId\":\"cortex-debug.peripherals\"}},\"innerWidgetState\":\"{\\\"label\\\":\\\"Cortex Peripherals\\\",\\\"widgets\\\":[],\\\"suppressUpdateViewVisibility\\\":false,\\\"currentViewContainerId\\\":\\\"debug\\\"}\"}},{\"partId\":\"plugin-view:cortex-debug.registers\",\"collapsed\":true,\"hidden\":true,\"originalContainerId\":\"debug:view-container:-1\",\"originalContainerTitle\":{\"label\":\"debug\",\"iconClass\":\"codicon codicon-debug-alt\",\"closeable\":true},\"widget\":{\"constructionOptions\":{\"factoryId\":\"plugin-view\",\"options\":{\"id\":\"plugin-view:cortex-debug.registers\",\"viewId\":\"cortex-debug.registers\"}},\"innerWidgetState\":\"{\\\"label\\\":\\\"Cortex Registers\\\",\\\"widgets\\\":[],\\\"suppressUpdateViewVisibility\\\":false,\\\"currentViewContainerId\\\":\\\"debug\\\"}\"}}],\"title\":{\"label\":\"debug\",\"iconClass\":\"codicon codicon-debug-alt\",\"closeable\":true}}"},"rank":4,"expanded":false,"pinned":false},{"widget":{"constructionOptions":{"factoryId":"search-view-container"},"innerWidgetState":"{\"parts\":[{\"partId\":\"search-in-workspace\",\"collapsed\":false,\"hidden\":false,\"originalContainerId\":\"search-view-container\",\"originalContainerTitle\":{\"label\":\"Search\",\"iconClass\":\"codicon codicon-search\",\"closeable\":true},\"widget\":{\"constructionOptions\":{\"factoryId\":\"search-in-workspace\"},\"innerWidgetState\":\"{\\\"matchCaseState\\\":{\\\"className\\\":\\\"codicon codicon-case-sensitive\\\",\\\"enabled\\\":false,\\\"title\\\":\\\"Match Case\\\"},\\\"wholeWordState\\\":{\\\"className\\\":\\\"codicon codicon-whole-word\\\",\\\"enabled\\\":false,\\\"title\\\":\\\"Match Whole Word\\\"},\\\"regExpState\\\":{\\\"className\\\":\\\"codicon codicon-regex\\\",\\\"enabled\\\":false,\\\"title\\\":\\\"Use Regular Expression\\\"},\\\"includeIgnoredState\\\":{\\\"className\\\":\\\"codicon codicon-eye\\\",\\\"enabled\\\":false,\\\"title\\\":\\\"Include Ignored Files\\\"},\\\"showSearchDetails\\\":false,\\\"searchInWorkspaceOptions\\\":{\\\"matchCase\\\":false,\\\"matchWholeWord\\\":false,\\\"useRegExp\\\":false,\\\"multiline\\\":false,\\\"includeIgnored\\\":false,\\\"include\\\":[],\\\"exclude\\\":[],\\\"maxResults\\\":2000},\\\"searchTerm\\\":\\\"\\\",\\\"replaceTerm\\\":\\\"\\\",\\\"showReplaceField\\\":false,\\\"searchHistoryState\\\":{\\\"history\\\":[],\\\"index\\\":0},\\\"replaceHistoryState\\\":{\\\"history\\\":[],\\\"index\\\":0},\\\"includeHistoryState\\\":{\\\"history\\\":[],\\\"index\\\":0},\\\"excludeHistoryState\\\":{\\\"history\\\":[],\\\"index\\\":0}}\"}}],\"title\":{\"label\":\"Search\",\"iconClass\":\"fa fa-arduino-search\",\"closeable\":true}}"},"rank":5,"expanded":false,"pinned":false}]},"rightPanel":{"type":"sidepanel","items":[]}}
2026-08-14 16:33:36 2026-08-14T11:03:36.995Z root INFO ------- END SERIALIZED LAYOUT DATA -------
2026-08-14 16:33:37 2026-08-14T11:03:37.332Z root INFO <<< The layout has been successfully restored.
2026-08-14 16:33:37 2026-08-14T11:03:37.333Z root INFO <<< The layout has been successfully restored.
2026-08-14 16:33:37 2026-08-14T11:03:37.440Z root INFO Initialize the workbench layout: 2848.6 ms [Finished 6.308 s after frontend start]
2026-08-14 16:33:37 2026-08-14T11:03:37.441Z root INFO Changed application state from 'attached_shell' to 'initialized_layout'.
2026-08-14 16:33:37 2026-08-14T11:03:37.444Z root INFO [b0b8d08a-bb88-4808-bb26-858bc1a03dbd] Loading plugin contributions
2026-08-14 16:33:37 2026-08-14T11:03:37.444Z root INFO [b0b8d08a-bb88-4808-bb26-858bc1a03dbd] Load contributions of 23 plugins: 103.3 ms [Finished 6.413 s after frontend start]
2026-08-14 16:33:37 2026-08-14T11:03:37.453Z root INFO Initialize the workbench layout: 2852.3 ms [Finished 6.437 s after frontend start]
2026-08-14 16:33:37 2026-08-14T11:03:37.453Z root INFO Changed application state from 'attached_shell' to 'initialized_layout'.
2026-08-14 16:33:37 2026-08-14T11:03:37.455Z root INFO [ec17eb43-9451-44fc-a091-3c1857a628d4] Loading plugin contributions
2026-08-14 16:33:37 2026-08-14T11:03:37.455Z root INFO [ec17eb43-9451-44fc-a091-3c1857a628d4] Load contributions of 23 plugins: 116.4 ms [Finished 6.555 s after frontend start]
2026-08-14 16:33:37 2026-08-14T11:03:37.503Z root WARN 'cpp' language is remapped from 'source.cpp.embedded.macro' to 'source.cpp' scope
2026-08-14 16:33:37 2026-08-14T11:03:37.503Z root WARN a registered grammar configuration for 'cpp' language is overridden
2026-08-14 16:33:37 2026-08-14T11:03:37.504Z root WARN 'cpp' language is remapped from 'source.cpp.embedded.macro' to 'source.cpp' scope
2026-08-14 16:33:37 2026-08-14T11:03:37.504Z root WARN a registered grammar configuration for 'cpp' language is overridden
2026-08-14 16:33:38 2026-08-14T11:03:38.108Z root ERROR [hosted-plugin: 101561] Conflict in settings file Default: Ignoring cortex-debug.armToolchainPath.linux as cortex-debug.armToolchainPath is null
2026-08-14 16:33:38 2026-08-14T11:03:38.109Z root ERROR [hosted-plugin: 101561] Conflict in settings file Default: Ignoring cortex-debug.armToolchainPath.osx as cortex-debug.armToolchainPath is null
Conflict in settings file Default: Ignoring cortex-debug.armToolchainPath.windows as cortex-debug.armToolchainPath is null
Conflict in settings file Default: Ignoring cortex-debug.JLinkGDBServerPath.linux as cortex-debug.JLinkGDBServerPath is null
Conflict in settings file Default: Ignoring cortex-debug.JLinkGDBServerPath.osx as cortex-debug.JLinkGDBServerPath is null
Conflict in settings file Default: Ignoring cortex-debug.JLinkGDBServerPath.windows as cortex-debug.JLinkGDBServerPath is null
Conflict in settings file Default: Ignoring cortex-debug.openocdPath.linux as cortex-debug.openocdPath is null
Conflict in settings file Default: Ignoring cortex-debug.openocdPath.osx as cortex-debug.openocdPath is null
Conflict in settings file Default: Ignoring cortex-debug.openocdPath.windows as cortex-debug.openocdPath is null
Conflict in settings file Default: Ignoring cortex-debug.pyocdPath.linux as cortex-debug.pyocdPath is null
Conflict in settings file Default: Ignoring cortex-debug.pyocdPath.osx as cortex-debug.pyocdPath is null
Conflict in settings file Default: Ignoring cortex-debug.pyocdPath.windows as cortex-debug.pyocdPath is null
2026-08-14 16:33:38 2026-08-14T11:03:38.109Z root ERROR [hosted-plugin: 101561] Conflict in settings file Default: Ignoring cortex-debug.PEGDBServerPath.linux as cortex-debug.PEGDBServerPath is null
Conflict in settings file Default: Ignoring cortex-debug.PEGDBServerPath.osx as cortex-debug.PEGDBServerPath is null
Conflict in settings file Default: Ignoring cortex-debug.PEGDBServerPath.windows as cortex-debug.PEGDBServerPath is null
Conflict in settings file Default: Ignoring cortex-debug.stutilPath.linux as cortex-debug.stutilPath is null
2026-08-14 16:33:38 2026-08-14T11:03:38.109Z root ERROR [hosted-plugin: 101561] Conflict in settings file Default: Ignoring cortex-debug.stutilPath.osx as cortex-debug.stutilPath is null
Conflict in settings file Default: Ignoring cortex-debug.stutilPath.windows as cortex-debug.stutilPath is null
Conflict in settings file Default: Ignoring cortex-debug.stlinkPath.linux as cortex-debug.stlinkPath is null
Conflict in settings file Default: Ignoring cortex-debug.stlinkPath.osx as cortex-debug.stlinkPath is null
Conflict in settings file Default: Ignoring cortex-debug.stlinkPath.windows as cortex-debug.stlinkPath is null
2026-08-14 16:33:38 2026-08-14T11:03:38.109Z root ERROR [hosted-plugin: 101561] Conflict in settings file Default: Ignoring cortex-debug.stm32cubeprogrammer.linux as cortex-debug.stm32cubeprogrammer is null
Conflict in settings file Default: Ignoring cortex-debug.stm32cubeprogrammer.osx as cortex-debug.stm32cubeprogrammer is null
Conflict in settings file Default: Ignoring cortex-debug.stm32cubeprogrammer.windows as cortex-debug.stm32cubeprogrammer is null
2026-08-14 16:33:38 2026-08-14T11:03:38.128Z root ERROR [hosted-plugin: 101568] Conflict in settings file Default: Ignoring cortex-debug.armToolchainPath.linux as cortex-debug.armToolchainPath is null
2026-08-14 16:33:38 2026-08-14T11:03:38.128Z root ERROR [hosted-plugin: 101568] Conflict in settings file Default: Ignoring cortex-debug.armToolchainPath.osx as cortex-debug.armToolchainPath is null
Conflict in settings file Default: Ignoring cortex-debug.armToolchainPath.windows as cortex-debug.armToolchainPath is null
Conflict in settings file Default: Ignoring cortex-debug.JLinkGDBServerPath.linux as cortex-debug.JLinkGDBServerPath is null
Conflict in settings file Default: Ignoring cortex-debug.JLinkGDBServerPath.osx as cortex-debug.JLinkGDBServerPath is null
Conflict in settings file Default: Ignoring cortex-debug.JLinkGDBServerPath.windows as cortex-debug.JLinkGDBServerPath is null
2026-08-14 16:33:38 2026-08-14T11:03:38.128Z root ERROR [hosted-plugin: 101568] Conflict in settings file Default: Ignoring cortex-debug.openocdPath.linux as cortex-debug.openocdPath is null
Conflict in settings file Default: Ignoring cortex-debug.openocdPath.osx as cortex-debug.openocdPath is null
Conflict in settings file Default: Ignoring cortex-debug.openocdPath.windows as cortex-debug.openocdPath is null
2026-08-14 16:33:38 2026-08-14T11:03:38.128Z root ERROR [hosted-plugin: 101568] Conflict in settings file Default: Ignoring cortex-debug.pyocdPath.linux as cortex-debug.pyocdPath is null
Conflict in settings file Default: Ignoring cortex-debug.pyocdPath.osx as cortex-debug.pyocdPath is null
2026-08-14 16:33:38 2026-08-14T11:03:38.128Z root ERROR [hosted-plugin: 101568] Conflict in settings file Default: Ignoring cortex-debug.pyocdPath.windows as cortex-debug.pyocdPath is null
Conflict in settings file Default: Ignoring cortex-debug.PEGDBServerPath.linux as cortex-debug.PEGDBServerPath is null
Conflict in settings file Default: Ignoring cortex-debug.PEGDBServerPath.osx as cortex-debug.PEGDBServerPath is null
Conflict in settings file Default: Ignoring cortex-debug.PEGDBServerPath.windows as cortex-debug.PEGDBServerPath is null
2026-08-14 16:33:38 2026-08-14T11:03:38.128Z root ERROR [hosted-plugin: 101568] Conflict in settings file Default: Ignoring cortex-debug.stutilPath.linux as cortex-debug.stutilPath is null
Conflict in settings file Default: Ignoring cortex-debug.stutilPath.osx as cortex-debug.stutilPath is null
Conflict in settings file Default: Ignoring cortex-debug.stutilPath.windows as cortex-debug.stutilPath is null
Conflict in settings file Default: Ignoring cortex-debug.stlinkPath.linux as cortex-debug.stlinkPath is null
Conflict in settings file Default: Ignoring cortex-debug.stlinkPath.osx as cortex-debug.stlinkPath is null
2026-08-14 16:33:38 2026-08-14T11:03:38.129Z root ERROR [hosted-plugin: 101568] Conflict in settings file Default: Ignoring cortex-debug.stlinkPath.windows as cortex-debug.stlinkPath is null
Conflict in settings file Default: Ignoring cortex-debug.stm32cubeprogrammer.linux as cortex-debug.stm32cubeprogrammer is null
Conflict in settings file Default: Ignoring cortex-debug.stm32cubeprogrammer.osx as cortex-debug.stm32cubeprogrammer is null
Conflict in settings file Default: Ignoring cortex-debug.stm32cubeprogrammer.windows as cortex-debug.stm32cubeprogrammer is null
2026-08-14 16:33:38 2026-08-14T11:03:38.161Z root INFO [hosted-plugin: 101568] PLUGIN_HOST(101568): PluginManagerExtImpl/init()
2026-08-14 16:33:38 2026-08-14T11:03:38.164Z root INFO [hosted-plugin: 101568] PLUGIN_HOST(101568): initializing(vscode-arduino-api@0.1.2 with /tmp/.mount_arduinP9Tjvz/resources/app/lib/backend/plugin-vscode-init)
2026-08-14 16:33:38 2026-08-14T11:03:38.165Z root INFO [hosted-plugin: 101561] PLUGIN_HOST(101561): PluginManagerExtImpl/init()
2026-08-14 16:33:38 2026-08-14T11:03:38.168Z root INFO [hosted-plugin: 101561] PLUGIN_HOST(101561): initializing(vscode-arduino-api@0.1.2 with /tmp/.mount_arduinP9Tjvz/resources/app/lib/backend/plugin-vscode-init)
2026-08-14 16:33:38 2026-08-14T11:03:38.295Z root INFO [hosted-plugin: 101568] PLUGIN_HOST(101568): initializing(json-language-features@1.88.1 with /tmp/.mount_arduinP9Tjvz/resources/app/lib/backend/plugin-vscode-init)
2026-08-14 16:33:38 2026-08-14T11:03:38.304Z root INFO [hosted-plugin: 101568] PLUGIN_HOST(101568): initializing(cortex-debug@1.5.1 with /tmp/.mount_arduinP9Tjvz/resources/app/lib/backend/plugin-vscode-init)
Debugger contribution has been registered: cortex-debug
2026-08-14 16:33:38 2026-08-14T11:03:38.307Z root INFO [hosted-plugin: 101561] PLUGIN_HOST(101561): initializing(json-language-features@1.88.1 with /tmp/.mount_arduinP9Tjvz/resources/app/lib/backend/plugin-vscode-init)
2026-08-14 16:33:38 2026-08-14T11:03:38.311Z root INFO [hosted-plugin: 101568] PLUGIN_HOST(101568): initializing(vscode-arduino-tools@0.1.3 with /tmp/.mount_arduinP9Tjvz/resources/app/lib/backend/plugin-vscode-init)
2026-08-14 16:33:38 2026-08-14T11:03:38.314Z root INFO [hosted-plugin: 101568] PLUGIN_HOST(101568): initializing(cpp@1.88.1 with /tmp/.mount_arduinP9Tjvz/resources/app/lib/backend/plugin-vscode-init)
2026-08-14 16:33:38 2026-08-14T11:03:38.315Z root INFO [hosted-plugin: 101561] PLUGIN_HOST(101561): initializing(cortex-debug@1.5.1 with /tmp/.mount_arduinP9Tjvz/resources/app/lib/backend/plugin-vscode-init)
2026-08-14 16:33:38 2026-08-14T11:03:38.316Z root INFO [hosted-plugin: 101561] Debugger contribution has been registered: cortex-debug
2026-08-14 16:33:38 2026-08-14T11:03:38.321Z root INFO [hosted-plugin: 101561] PLUGIN_HOST(101561): initializing(vscode-arduino-tools@0.1.3 with /tmp/.mount_arduinP9Tjvz/resources/app/lib/backend/plugin-vscode-init)
2026-08-14 16:33:38 2026-08-14T11:03:38.321Z root INFO [hosted-plugin: 101568] PLUGIN_HOST(101568): initializing(json@1.88.1 with /tmp/.mount_arduinP9Tjvz/resources/app/lib/backend/plugin-vscode-init)
2026-08-14 16:33:38 2026-08-14T11:03:38.322Z root INFO [hosted-plugin: 101568] PLUGIN_HOST(101568): initializing(vscode-language-pack-bg@1.48.3 with /tmp/.mount_arduinP9Tjvz/resources/app/lib/backend/plugin-vscode-init)
2026-08-14 16:33:38 2026-08-14T11:03:38.323Z root INFO [hosted-plugin: 101561] PLUGIN_HOST(101561): initializing(cpp@1.88.1 with /tmp/.mount_arduinP9Tjvz/resources/app/lib/backend/plugin-vscode-init)
2026-08-14 16:33:38 2026-08-14T11:03:38.325Z root INFO [hosted-plugin: 101561] PLUGIN_HOST(101561): initializing(json@1.88.1 with /tmp/.mount_arduinP9Tjvz/resources/app/lib/backend/plugin-vscode-init)
2026-08-14 16:33:38 2026-08-14T11:03:38.325Z root INFO [hosted-plugin: 101568] PLUGIN_HOST(101568): initializing(vscode-language-pack-cs@1.96.0 with /tmp/.mount_arduinP9Tjvz/resources/app/lib/backend/plugin-vscode-init)
2026-08-14 16:33:38 2026-08-14T11:03:38.329Z root INFO [hosted-plugin: 101568] PLUGIN_HOST(101568): initializing(vscode-language-pack-de@1.96.0 with /tmp/.mount_arduinP9Tjvz/resources/app/lib/backend/plugin-vscode-init)
2026-08-14 16:33:38 2026-08-14T11:03:38.331Z root INFO [hosted-plugin: 101568] PLUGIN_HOST(101568): initializing(vscode-language-pack-es@1.96.0 with /tmp/.mount_arduinP9Tjvz/resources/app/lib/backend/plugin-vscode-init)
2026-08-14 16:33:38 2026-08-14T11:03:38.331Z root INFO [hosted-plugin: 101561] PLUGIN_HOST(101561): initializing(vscode-language-pack-bg@1.48.3 with /tmp/.mount_arduinP9Tjvz/resources/app/lib/backend/plugin-vscode-init)
2026-08-14 16:33:38 2026-08-14T11:03:38.332Z root INFO [hosted-plugin: 101568] PLUGIN_HOST(101568): initializing(vscode-language-pack-fr@1.96.0 with /tmp/.mount_arduinP9Tjvz/resources/app/lib/backend/plugin-vscode-init)
2026-08-14 16:33:38 2026-08-14T11:03:38.333Z root INFO [hosted-plugin: 101561] PLUGIN_HOST(101561): initializing(vscode-language-pack-cs@1.96.0 with /tmp/.mount_arduinP9Tjvz/resources/app/lib/backend/plugin-vscode-init)
2026-08-14 16:33:38 2026-08-14T11:03:38.333Z root INFO [hosted-plugin: 101568] PLUGIN_HOST(101568): initializing(vscode-language-pack-hu@1.48.3 with /tmp/.mount_arduinP9Tjvz/resources/app/lib/backend/plugin-vscode-init)
2026-08-14 16:33:38 2026-08-14T11:03:38.335Z root INFO [hosted-plugin: 101561] PLUGIN_HOST(101561): initializing(vscode-language-pack-de@1.96.0 with /tmp/.mount_arduinP9Tjvz/resources/app/lib/backend/plugin-vscode-init)
2026-08-14 16:33:38 2026-08-14T11:03:38.335Z root INFO [hosted-plugin: 101568] PLUGIN_HOST(101568): initializing(vscode-language-pack-it@1.96.0 with /tmp/.mount_arduinP9Tjvz/resources/app/lib/backend/plugin-vscode-init)
2026-08-14 16:33:38 2026-08-14T11:03:38.336Z root INFO [hosted-plugin: 101561] PLUGIN_HOST(101561): initializing(vscode-language-pack-es@1.96.0 with /tmp/.mount_arduinP9Tjvz/resources/app/lib/backend/plugin-vscode-init)
2026-08-14 16:33:38 2026-08-14T11:03:38.337Z root INFO [hosted-plugin: 101568] PLUGIN_HOST(101568): initializing(vscode-language-pack-ja@1.96.0 with /tmp/.mount_arduinP9Tjvz/resources/app/lib/backend/plugin-vscode-init)
2026-08-14 16:33:38 2026-08-14T11:03:38.338Z root INFO [hosted-plugin: 101568] PLUGIN_HOST(101568): initializing(vscode-language-pack-ko@1.96.0 with /tmp/.mount_arduinP9Tjvz/resources/app/lib/backend/plugin-vscode-init)
2026-08-14 16:33:38 2026-08-14T11:03:38.338Z root INFO [hosted-plugin: 101561] PLUGIN_HOST(101561): initializing(vscode-language-pack-fr@1.96.0 with /tmp/.mount_arduinP9Tjvz/resources/app/lib/backend/plugin-vscode-init)
2026-08-14 16:33:38 2026-08-14T11:03:38.339Z root INFO [hosted-plugin: 101568] PLUGIN_HOST(101568): initializing(vscode-language-pack-nl@1.48.3 with /tmp/.mount_arduinP9Tjvz/resources/app/lib/backend/plugin-vscode-init)
2026-08-14 16:33:38 2026-08-14T11:03:38.339Z root INFO [hosted-plugin: 101561] PLUGIN_HOST(101561): initializing(vscode-language-pack-hu@1.48.3 with /tmp/.mount_arduinP9Tjvz/resources/app/lib/backend/plugin-vscode-init)
2026-08-14 16:33:38 2026-08-14T11:03:38.341Z root INFO [hosted-plugin: 101568] PLUGIN_HOST(101568): initializing(vscode-language-pack-pl@1.96.0 with /tmp/.mount_arduinP9Tjvz/resources/app/lib/backend/plugin-vscode-init)
2026-08-14 16:33:38 2026-08-14T11:03:38.341Z root INFO [hosted-plugin: 101561] PLUGIN_HOST(101561): initializing(vscode-language-pack-it@1.96.0 with /tmp/.mount_arduinP9Tjvz/resources/app/lib/backend/plugin-vscode-init)
2026-08-14 16:33:38 2026-08-14T11:03:38.341Z root INFO [hosted-plugin: 101561] PLUGIN_HOST(101561): initializing(vscode-language-pack-ja@1.96.0 with /tmp/.mount_arduinP9Tjvz/resources/app/lib/backend/plugin-vscode-init)
2026-08-14 16:33:38 2026-08-14T11:03:38.342Z root INFO [hosted-plugin: 101568] PLUGIN_HOST(101568): initializing(vscode-language-pack-pt-BR@1.96.0 with /tmp/.mount_arduinP9Tjvz/resources/app/lib/backend/plugin-vscode-init)
2026-08-14 16:33:38 2026-08-14T11:03:38.342Z root INFO [hosted-plugin: 101561] PLUGIN_HOST(101561): initializing(vscode-language-pack-ko@1.96.0 with /tmp/.mount_arduinP9Tjvz/resources/app/lib/backend/plugin-vscode-init)
2026-08-14 16:33:38 2026-08-14T11:03:38.342Z root INFO [hosted-plugin: 101568] PLUGIN_HOST(101568): initializing(vscode-language-pack-ru@1.96.0 with /tmp/.mount_arduinP9Tjvz/resources/app/lib/backend/plugin-vscode-init)
2026-08-14 16:33:38 2026-08-14T11:03:38.343Z root INFO [hosted-plugin: 101561] PLUGIN_HOST(101561): initializing(vscode-language-pack-nl@1.48.3 with /tmp/.mount_arduinP9Tjvz/resources/app/lib/backend/plugin-vscode-init)
2026-08-14 16:33:38 2026-08-14T11:03:38.343Z root INFO [hosted-plugin: 101568] PLUGIN_HOST(101568): initializing(vscode-language-pack-tr@1.96.0 with /tmp/.mount_arduinP9Tjvz/resources/app/lib/backend/plugin-vscode-init)
2026-08-14 16:33:38 2026-08-14T11:03:38.343Z root INFO [hosted-plugin: 101561] PLUGIN_HOST(101561): initializing(vscode-language-pack-pl@1.96.0 with /tmp/.mount_arduinP9Tjvz/resources/app/lib/backend/plugin-vscode-init)
2026-08-14 16:33:38 2026-08-14T11:03:38.343Z root INFO [hosted-plugin: 101568] PLUGIN_HOST(101568): initializing(vscode-language-pack-uk@1.48.3 with /tmp/.mount_arduinP9Tjvz/resources/app/lib/backend/plugin-vscode-init)
2026-08-14 16:33:38 2026-08-14T11:03:38.344Z root INFO [hosted-plugin: 101568] PLUGIN_HOST(101568): initializing(vscode-language-pack-zh-hans@1.96.0 with /tmp/.mount_arduinP9Tjvz/resources/app/lib/backend/plugin-vscode-init)
2026-08-14 16:33:38 2026-08-14T11:03:38.344Z root INFO [hosted-plugin: 101561] PLUGIN_HOST(101561): initializing(vscode-language-pack-pt-BR@1.96.0 with /tmp/.mount_arduinP9Tjvz/resources/app/lib/backend/plugin-vscode-init)
2026-08-14 16:33:38 2026-08-14T11:03:38.344Z root INFO [hosted-plugin: 101568] PLUGIN_HOST(101568): initializing(vscode-language-pack-zh-hant@1.96.0 with /tmp/.mount_arduinP9Tjvz/resources/app/lib/backend/plugin-vscode-init)
2026-08-14 16:33:38 2026-08-14T11:03:38.345Z root INFO [hosted-plugin: 101561] PLUGIN_HOST(101561): initializing(vscode-language-pack-ru@1.96.0 with /tmp/.mount_arduinP9Tjvz/resources/app/lib/backend/plugin-vscode-init)
2026-08-14 16:33:38 2026-08-14T11:03:38.345Z root INFO [hosted-plugin: 101561] PLUGIN_HOST(101561): initializing(vscode-language-pack-tr@1.96.0 with /tmp/.mount_arduinP9Tjvz/resources/app/lib/backend/plugin-vscode-init)
2026-08-14 16:33:38 2026-08-14T11:03:38.346Z root INFO [hosted-plugin: 101561] PLUGIN_HOST(101561): initializing(vscode-language-pack-uk@1.48.3 with /tmp/.mount_arduinP9Tjvz/resources/app/lib/backend/plugin-vscode-init)
2026-08-14 16:33:38 2026-08-14T11:03:38.346Z root INFO [hosted-plugin: 101561] PLUGIN_HOST(101561): initializing(vscode-language-pack-zh-hans@1.96.0 with /tmp/.mount_arduinP9Tjvz/resources/app/lib/backend/plugin-vscode-init)
2026-08-14 16:33:38 2026-08-14T11:03:38.347Z root INFO [hosted-plugin: 101561] PLUGIN_HOST(101561): initializing(vscode-language-pack-zh-hant@1.96.0 with /tmp/.mount_arduinP9Tjvz/resources/app/lib/backend/plugin-vscode-init)
2026-08-14 16:33:38 Checking for update
2026-08-14 16:33:38 2026-08-14T11:03:38.616Z root INFO Frontend application start: 4395.2 ms [Finished 8.748 s after backend start]
2026-08-14 16:33:38 2026-08-14T11:03:38.633Z root INFO Replace loading indicator with ready workbench UI (animation): 865.3 ms [Finished 7.283 s after frontend start]
2026-08-14 16:33:38 2026-08-14T11:03:38.633Z root INFO Changed application state from 'initialized_layout' to 'ready'.
2026-08-14 16:33:38 2026-08-14T11:03:38.633Z root WARN Linked preference "workbench.colorCustomizations" not found.
2026-08-14 16:33:38 2026-08-14T11:03:38.666Z root INFO Replace loading indicator with ready workbench UI (animation): 832.8 ms [Finished 7.391 s after frontend start]
2026-08-14 16:33:38 2026-08-14T11:03:38.666Z root INFO Changed application state from 'initialized_layout' to 'ready'.
2026-08-14 16:33:38 2026-08-14T11:03:38.666Z root WARN Linked preference "workbench.colorCustomizations" not found.
2026-08-14 16:33:38 2026-08-14T11:03:38.670Z root INFO Frontend application start: 4416.6 ms [Finished 8.810 s after backend start]
2026-08-14 16:33:38 2026-08-14T11:03:38.711Z root INFO [hosted-plugin: 101561] PLUGIN_HOST(101561): PluginManagerExtImpl/loadPlugin(/tmp/.mount_arduinP9Tjvz/resources/app/plugins/vscode-builtin-json-language-features/extension/client/dist/node/jsonClientMain)
2026-08-14 16:33:38 2026-08-14T11:03:38.744Z root INFO [hosted-plugin: 101568] PLUGIN_HOST(101568): PluginManagerExtImpl/loadPlugin(/tmp/.mount_arduinP9Tjvz/resources/app/plugins/vscode-builtin-json-language-features/extension/client/dist/node/jsonClientMain)
2026-08-14 16:33:38 2026-08-14T11:03:38.818Z root INFO [hosted-plugin: 101561] PLUGIN_HOST(101561): PluginManagerExtImpl/loadPlugin(/tmp/.mount_arduinP9Tjvz/resources/app/plugins/vscode-arduino-tools/extension/dist/extension.js)
2026-08-14 16:33:38 2026-08-14T11:03:38.836Z root INFO [hosted-plugin: 101561] PLUGIN_HOST(101561): PluginManagerExtImpl/loadPlugin(/tmp/.mount_arduinP9Tjvz/resources/app/plugins/vscode-arduino-api/extension/dist/extension.js)
2026-08-14 16:33:38 2026-08-14T11:03:38.875Z root INFO [hosted-plugin: 101568] PLUGIN_HOST(101568): PluginManagerExtImpl/loadPlugin(/tmp/.mount_arduinP9Tjvz/resources/app/plugins/vscode-arduino-tools/extension/dist/extension.js)
2026-08-14 16:33:38 2026-08-14T11:03:38.881Z root INFO [hosted-plugin: 101561] calling activation function on VS Code Arduino Tools
calling activation function on Arduino IDE API for VS Code extensions
2026-08-14 16:33:38 2026-08-14T11:03:38.948Z root INFO core-client-provider [platform-index] Downloading index: package_index.tar.bz2

2026-08-14 16:33:38 2026-08-14T11:03:38.949Z root INFO core-client-provider [library-index] Downloading index: library_index.tar.bz2

2026-08-14 16:33:38 2026-08-14T11:03:38.949Z daemon INFO time="2026-08-14T16:33:38+05:30" level=info msg="Updating index" url="https://downloads.arduino.cc/packages/package_index.tar.bz2"
time="2026-08-14T16:33:38+05:30" level=info msg="Starting download" url="https://downloads.arduino.cc/libraries/library_index.tar.bz2"
time="2026-08-14T16:33:38+05:30" level=info msg="Starting download" url="https://downloads.arduino.cc/packages/package_index.tar.bz2"
2026-08-14 16:33:38 2026-08-14T11:03:38.953Z root INFO [hosted-plugin: 101568] PLUGIN_HOST(101568): PluginManagerExtImpl/loadPlugin(/tmp/.mount_arduinP9Tjvz/resources/app/plugins/vscode-arduino-api/extension/dist/extension.js)
2026-08-14 16:33:38 2026-08-14T11:03:38.957Z root INFO [hosted-plugin: 101568] calling activation function on VS Code Arduino Tools
calling activation function on Arduino IDE API for VS Code extensions
2026-08-14 16:33:39 2026-08-14T11:03:38.994Z root INFO [b0b8d08a-bb88-4808-bb26-858bc1a03dbd] Starting plugins.
2026-08-14 16:33:39 2026-08-14T11:03:39.029Z root ERROR Failed to get debug config: arduino:avr:uno, undefined Error: Debugging is not supported.
    at Object.callback (/tmp/.mount_arduinP9Tjvz/resources/app/lib/backend/main.js:2:4756202)
    at Object.onReceiveStatus (/tmp/.mount_arduinP9Tjvz/resources/app/lib/backend/main.js:2:3791917)
    at Object.onReceiveStatus (/tmp/.mount_arduinP9Tjvz/resources/app/lib/backend/main.js:2:2225840)
    at Object.onReceiveStatus (/tmp/.mount_arduinP9Tjvz/resources/app/lib/backend/main.js:2:2225285)
    at /tmp/.mount_arduinP9Tjvz/resources/app/lib/backend/main.js:2:4362019
    at process.processTicksAndRejections (node:internal/process/task_queues:77:11)
2026-08-14 16:33:39 2026-08-14T11:03:39.030Z daemon INFO time="2026-08-14T16:33:39+05:30" level=info msg="Tool required for debug" tool="arduino:arduinoOTA@1.3.0"
time="2026-08-14T16:33:39+05:30" level=info msg="Tool required for debug" tool="arduino:avr-gcc@7.3.0-atmel3.6.1-arduino7"
time="2026-08-14T16:33:39+05:30" level=info msg="Tool required for debug" tool="arduino:avrdude@8.0.0-arduino1"
time="2026-08-14T16:33:39+05:30" level=info msg="Tool required for debug" tool="builtin:serial-monitor@0.15.0"
time="2026-08-14T16:33:39+05:30" level=info msg="Tool required for debug" tool="builtin:ctags@5.8-arduino11"
time="2026-08-14T16:33:39+05:30" level=info msg="Tool required for debug" tool="builtin:dfu-discovery@0.1.2"
time="2026-08-14T16:33:39+05:30" level=info msg="Tool required for debug" tool="builtin:mdns-discovery@1.0.12"
time="2026-08-14T16:33:39+05:30" level=info msg="Tool required for debug" tool="builtin:serial-discovery@1.4.3"
2026-08-14 16:33:39 2026-08-14T11:03:39.106Z root INFO [hosted-plugin: 101561] PLUGIN_HOST(101561): PluginManagerExtImpl/loadPlugin(/tmp/.mount_arduinP9Tjvz/resources/app/plugins/cortex-debug/extension/dist/extension.js)
2026-08-14 16:33:39 2026-08-14T11:03:39.479Z root ERROR ---- !!!SLOW!!! DURATION: search took 813.425 ms. Args: [{"type":"Updatable"}] ----
2026-08-14 16:33:39 2026-08-14T11:03:39.483Z root INFO [ec17eb43-9451-44fc-a091-3c1857a628d4] Starting plugins.
2026-08-14 16:33:39 2026-08-14T11:03:39.485Z root INFO [hosted-plugin: 101561] Debug configuration provider has been registered: cortex-debug, trigger: 1
calling activation function on Cortex-Debug
GDB server console created
calling activation function on JSON Language Features (built-in)
2026-08-14 16:33:39 2026-08-14T11:03:39.486Z root INFO [hosted-plugin: 101568] calling activation function on JSON Language Features (built-in)
2026-08-14 16:33:39 2026-08-14T11:03:39.494Z root ERROR Failed to get debug config: arduino:avr:uno, undefined Error: Debugging is not supported.
    at Object.callback (/tmp/.mount_arduinP9Tjvz/resources/app/lib/backend/main.js:2:4756202)
    at Object.onReceiveStatus (/tmp/.mount_arduinP9Tjvz/resources/app/lib/backend/main.js:2:3791917)
    at Object.onReceiveStatus (/tmp/.mount_arduinP9Tjvz/resources/app/lib/backend/main.js:2:2225840)
    at Object.onReceiveStatus (/tmp/.mount_arduinP9Tjvz/resources/app/lib/backend/main.js:2:2225285)
    at /tmp/.mount_arduinP9Tjvz/resources/app/lib/backend/main.js:2:4362019
    at process.processTicksAndRejections (node:internal/process/task_queues:77:11)
2026-08-14 16:33:39 2026-08-14T11:03:39.494Z daemon INFO time="2026-08-14T16:33:39+05:30" level=info msg="Tool required for debug" tool="arduino:arduinoOTA@1.3.0"
time="2026-08-14T16:33:39+05:30" level=info msg="Tool required for debug" tool="arduino:avr-gcc@7.3.0-atmel3.6.1-arduino7"
time="2026-08-14T16:33:39+05:30" level=info msg="Tool required for debug" tool="arduino:avrdude@8.0.0-arduino1"
time="2026-08-14T16:33:39+05:30" level=info msg="Tool required for debug" tool="builtin:ctags@5.8-arduino11"
time="2026-08-14T16:33:39+05:30" level=info msg="Tool required for debug" tool="builtin:dfu-discovery@0.1.2"
time="2026-08-14T16:33:39+05:30" level=info msg="Tool required for debug" tool="builtin:mdns-discovery@1.0.12"
time="2026-08-14T16:33:39+05:30" level=info msg="Tool required for debug" tool="builtin:serial-discovery@1.4.3"
time="2026-08-14T16:33:39+05:30" level=info msg="Tool required for debug" tool="builtin:serial-monitor@0.15.0"
2026-08-14 16:33:39 2026-08-14T11:03:39.496Z root INFO [b0b8d08a-bb88-4808-bb26-858bc1a03dbd] Start of 23 plugins: 2049.9 ms [Finished 8.469 s after frontend start]
2026-08-14 16:33:39 2026-08-14T11:03:39.522Z root INFO Starting language server: arduino:avr:uno
2026-08-14 16:33:39 2026-08-14T11:03:39.532Z root INFO [hosted-plugin: 101568] PLUGIN_HOST(101568): PluginManagerExtImpl/loadPlugin(/tmp/.mount_arduinP9Tjvz/resources/app/plugins/cortex-debug/extension/dist/extension.js)
2026-08-14 16:33:39 2026-08-14T11:03:39.584Z root INFO [hosted-plugin: 101568] Debug configuration provider has been registered: cortex-debug, trigger: 1
2026-08-14 16:33:39 2026-08-14T11:03:39.584Z root INFO [hosted-plugin: 101568] calling activation function on Cortex-Debug
2026-08-14 16:33:39 2026-08-14T11:03:39.589Z root INFO [hosted-plugin: 101568] GDB server console created
2026-08-14 16:33:39 2026-08-14T11:03:39.610Z root INFO [ec17eb43-9451-44fc-a091-3c1857a628d4] Start of 23 plugins: 2152.5 ms [Finished 8.712 s after frontend start]
2026-08-14 16:33:39 2026-08-14T11:03:39.626Z root INFO Starting language server: arduino:avr:uno
2026-08-14 16:33:39 2026-08-14T11:03:39.774Z daemon INFO time="2026-08-14T16:33:39+05:30" level=info msg="Adding libraries dir" dir=/home/raj/.arduino15/libraries isSingleLibrary=false location=ide
2026-08-14 16:33:39 2026-08-14T11:03:39.775Z daemon INFO time="2026-08-14T16:33:39+05:30" level=info msg="Adding libraries dir" dir=/home/raj/.arduino15/libraries isSingleLibrary=false location=ide
time="2026-08-14T16:33:39+05:30" level=info msg="Adding libraries dir" dir=/home/raj/.arduino15/packages/arduino/hardware/avr/1.8.8/libraries isSingleLibrary=false location=platform
time="2026-08-14T16:33:39+05:30" level=info msg="Adding libraries dir" dir=/home/raj/.arduino15/packages/arduino/hardware/avr/1.8.8/libraries isSingleLibrary=false location=platform
time="2026-08-14T16:33:39+05:30" level=info msg="Adding libraries dir" dir=/home/raj/Arduino/libraries isSingleLibrary=false location=user
time="2026-08-14T16:33:39+05:30" level=info msg="Adding libraries dir" dir=/home/raj/Arduino/libraries isSingleLibrary=false location=user
2026-08-14 16:33:39 2026-08-14T11:03:39.960Z daemon INFO time="2026-08-14T16:33:39+05:30" level=info msg="Adding libraries dir" dir=/home/raj/.arduino15/libraries isSingleLibrary=false location=ide
time="2026-08-14T16:33:39+05:30" level=info msg="Adding libraries dir" dir=/home/raj/.arduino15/packages/arduino/hardware/avr/1.8.8/libraries isSingleLibrary=false location=platform
2026-08-14 16:33:39 2026-08-14T11:03:39.960Z daemon INFO time="2026-08-14T16:33:39+05:30" level=info msg="Adding libraries dir" dir=/home/raj/Arduino/libraries isSingleLibrary=false location=user
2026-08-14 16:33:39 2026-08-14T11:03:39.965Z daemon INFO time="2026-08-14T16:33:39+05:30" level=info msg="Adding libraries dir" dir=/home/raj/.arduino15/libraries isSingleLibrary=false location=ide
time="2026-08-14T16:33:39+05:30" level=info msg="Adding libraries dir" dir=/home/raj/.arduino15/packages/arduino/hardware/avr/1.8.8/libraries isSingleLibrary=false location=platform
time="2026-08-14T16:33:39+05:30" level=info msg="Adding libraries dir" dir=/home/raj/Arduino/libraries isSingleLibrary=false location=user
2026-08-14 16:33:40 Found version 2.3.10 (url: arduino-ide_2.3.10_Linux_64bit.AppImage)
2026-08-14 16:33:47 Downloading update from arduino-ide_2.3.10_Linux_64bit.AppImage
2026-08-14 16:33:47 updater cache dir: /home/raj/.cache/arduino-ide-updater
2026-08-14 16:33:48 H5QIvS7kOv3vXgUH+Nf83eeG duplicated in blockmap (same size), it doesn't lead to broken differential downloader, just corresponding block will be skipped)
2026-08-14 16:33:48 KRvATsoUGwSxrSblr0MgKD0a duplicated in blockmap (same size), it doesn't lead to broken differential downloader, just corresponding block will be skipped)
2026-08-14 16:33:48 DCDVkgAbkQCStt3HM6SFb4Ct duplicated in blockmap (same size), it doesn't lead to broken differential downloader, just corresponding block will be skipped)
2026-08-14 16:33:48 DCDVkgAbkQCStt3HM6SFb4Ct duplicated in blockmap (same size), it doesn't lead to broken differential downloader, just corresponding block will be skipped)
2026-08-14 16:33:48 File has 1917 changed blocks
2026-08-14 16:33:48 [
  {
    "kind": 0,
    "start": 0,
    "end": 159006
  },
  {
    "kind": 1,
    "start": 159006,
    "end": 191774
  },
  {
    "kind": 0,
    "start": 191774,
    "end": 76331294
  },
  {
    "kind": 1,
    "start": 76331294,
    "end": 76364062
  },
  {
    "kind": 0,
    "start": 76364062,
    "end": 100209428
  },
  {
    "kind": 1,
    "start": 100209428,
    "end": 101095578
  },
  {
    "kind": 0,
    "start": 108274240,
    "end": 108286471
  },
  {
    "kind": 1,
    "start": 101107809,
    "end": 101408430
  },
  {
    "kind": 0,
    "start": 101407479,
    "end": 101737995
  },
  {
    "kind": 1,
    "start": 101738946,
    "end": 101798473
  },
  {
    "kind": 0,
    "start": 101797522,
    "end": 101831230
  },
  {
    "kind": 1,
    "start": 101832181,
    "end": 104152816
  },
  {
    "kind": 0,
    "start": 104148523,
    "end": 107871548
  },
  {
    "kind": 0,
    "start": 99625144,
    "end": 99655712
  },
  {
    "kind": 0,
    "start": 107902116,
    "end": 112228734
  },
  {
    "kind": 1,
    "start": 112233027,
    "end": 129906135
  },
  {
    "kind": 0,
    "start": 130208038,
    "end": 133256749
  },
  {
    "kind": 0,
    "start": 121448947,
    "end": 121460003
  },
  {
    "kind": 0,
    "start": 133267805,
    "end": 140006388
  },
  {
    "kind": 1,
    "start": 139704485,
    "end": 139776511
  },
  {
    "kind": 0,
    "start": 140078416,
    "end": 142847449
  },
  {
    "kind": 0,
    "start": 121448947,
    "end": 121460003
  },
  {
    "kind": 0,
    "start": 142858505,
    "end": 143126004
  },
  {
    "kind": 1,
    "start": 142824099,
    "end": 142878800
  },
  {
    "kind": 0,
    "start": 143180703,
    "end": 143221765
  },
  {
    "kind": 1,
    "start": 142919862,
    "end": 143153649
  },
  {
    "kind": 0,
    "start": 143455556,
    "end": 143466990
  },
  {
    "kind": 1,
    "start": 143165083,
    "end": 144431570
  },
  {
    "kind": 0,
    "start": 144733528,
    "end": 144799064
  },
  {
    "kind": 1,
    "start": 144497106,
    "end": 149156481
  },
  {
    "kind": 0,
    "start": 149458427,
    "end": 165829856
  },
  {
    "kind": 1,
    "start": 165527910,
    "end": 168976218
  },
  {
    "kind": 0,
    "start": 169276795,
    "end": 169565169
  },
  {
    "kind": 1,
    "start": 169264592,
    "end": 178617776
  },
  {
    "kind": 0,
    "start": 178923306,
    "end": 179816710
  },
  {
    "kind": 1,
    "start": 179511180,
    "end": 179555303
  },
  {
    "kind": 0,
    "start": 179860832,
    "end": 195701145
  },
  {
    "kind": 1,
    "start": 195395616,
    "end": 195428384
  },
  {
    "kind": 0,
    "start": 195733913,
    "end": 201657127
  },
  {
    "kind": 1,
    "start": 201351598,
    "end": 201539560
  }
]
2026-08-14 16:33:48 Full: 197,021.97 KB, To download: 39,705.37 KB (20%)
2026-08-14 16:34:03 2026-08-14T11:04:03.739Z daemon INFO time="2026-08-14T16:34:03+05:30" level=info msg="Checking signature" index=/home/raj/.arduino15/package_index.json signatureFile=/home/raj/.arduino15/package_index.json.sig trusted=true
2026-08-14 16:34:03 2026-08-14T11:04:03.741Z daemon INFO time="2026-08-14T16:34:03+05:30" level=info msg="Loading hardware from: /home/raj/.arduino15/packages"
2026-08-14 16:34:03 2026-08-14T11:04:03.741Z daemon INFO time="2026-08-14T16:34:03+05:30" level=info msg="Loading package arduino from: /home/raj/.arduino15/packages/arduino/hardware"
2026-08-14 16:34:03 2026-08-14T11:04:03.742Z daemon INFO time="2026-08-14T16:34:03+05:30" level=info msg="Missing signature file" index=/home/raj/.arduino15/packages/arduino/hardware/avr/1.8.8/installed.json
2026-08-14 16:34:03 2026-08-14T11:04:03.744Z daemon INFO time="2026-08-14T16:34:03+05:30" level=info msg="Adding monitor tool" protocol=serial tool="builtin:serial-monitor"
time="2026-08-14T16:34:03+05:30" level=info msg="Loaded platform" platform="arduino:avr@1.8.8"
time="2026-08-14T16:34:03+05:30" level=info msg="Checking existence of 'tools' path: /home/raj/.arduino15/packages/arduino/tools"
time="2026-08-14T16:34:03+05:30" level=info msg="Loading tools from dir: /home/raj/.arduino15/packages/arduino/tools"
2026-08-14 16:34:03 2026-08-14T11:04:03.744Z daemon INFO time="2026-08-14T16:34:03+05:30" level=info msg="Loaded tool" tool="arduino:arduinoOTA@1.3.0"
time="2026-08-14T16:34:03+05:30" level=info msg="Loaded tool" tool="arduino:avr-gcc@7.3.0-atmel3.6.1-arduino7"
time="2026-08-14T16:34:03+05:30" level=info msg="Loaded tool" tool="arduino:avrdude@8.0.0-arduino1"
time="2026-08-14T16:34:03+05:30" level=info msg="Loading package builtin from: /home/raj/.arduino15/packages/builtin"
time="2026-08-14T16:34:03+05:30" level=info msg="Checking existence of 'tools' path: /home/raj/.arduino15/packages/builtin/tools"
time="2026-08-14T16:34:03+05:30" level=info msg="Loading tools from dir: /home/raj/.arduino15/packages/builtin/tools"
2026-08-14 16:34:03 2026-08-14T11:04:03.744Z daemon INFO time="2026-08-14T16:34:03+05:30" level=info msg="Loaded tool" tool="builtin:ctags@5.8-arduino11"
time="2026-08-14T16:34:03+05:30" level=info msg="Loaded tool" tool="builtin:dfu-discovery@0.1.2"
time="2026-08-14T16:34:03+05:30" level=info msg="Loaded tool" tool="builtin:mdns-discovery@1.0.12"
2026-08-14 16:34:03 2026-08-14T11:04:03.744Z daemon INFO time="2026-08-14T16:34:03+05:30" level=info msg="Loaded tool" tool="builtin:serial-discovery@1.4.3"
time="2026-08-14T16:34:03+05:30" level=info msg="Loaded tool" tool="builtin:serial-monitor@0.15.0"
2026-08-14 16:34:03 2026-08-14T11:04:03.746Z daemon INFO time="2026-08-14T16:34:03+05:30" level=info msg="Starting download" url="https://downloads.arduino.cc/discovery/mdns-discovery/mdns-discovery_v1.1.0_Linux_64bit.tar.gz"
2026-08-14 16:34:17 2026-08-14T11:04:17.338Z root ERROR ---- !!!SLOW!!! DURATION: search took 706.519 ms. Args: [{"query":"","type":"All","topic":"All"}] ----
2026-08-14 16:34:21 2026-08-14T11:04:21.157Z root ERROR ---- !!!SLOW!!! DURATION: search took 376.196 ms. Args: [{"query":"ad","type":"All","topic":"All"}] ----
2026-08-14 16:34:22 2026-08-14T11:04:22.544Z root ERROR ---- !!!SLOW!!! DURATION: search took 232.402 ms. Args: [{"query":"adafr","type":"All","topic":"All"}] ----
2026-08-14 16:34:23 2026-08-14T11:04:23.655Z root ERROR ---- !!!SLOW!!! DURATION: search took 242.884 ms. Args: [{"query":"adafruit","type":"All","topic":"All"}] ----
2026-08-14 16:34:24 2026-08-14T11:04:24.251Z root ERROR ---- !!!SLOW!!! DURATION: search took 269.943 ms. Args: [{"query":"adafruit ","type":"All","topic":"All"}] ----
2026-08-14 16:34:25 2026-08-14T11:04:25.184Z root ERROR ---- !!!SLOW!!! DURATION: search took 218.761 ms. Args: [{"query":"adafruit ne","type":"All","topic":"All"}] ----
2026-08-14 16:34:26 2026-08-14T11:04:26.525Z root ERROR ---- !!!SLOW!!! DURATION: search took 226.055 ms. Args: [{"query":"adafruit neop","type":"All","topic":"All"}] ----
2026-08-14 16:34:32 2026-08-14T11:04:32.642Z root ERROR ---- !!!SLOW!!! DURATION: search took 234.276 ms. Args: [{"query":"adafruit neopixe","type":"All","topic":"All"}] ----
2026-08-14 16:34:33 2026-08-14T11:04:33.187Z root ERROR ---- !!!SLOW!!! DURATION: search took 222.913 ms. Args: [{"query":"adafruit neopixel","type":"All","topic":"All"}] ----
2026-08-14 16:34:37 2026-08-14T11:04:37.331Z root INFO >>> Starting library package installation... {
  name: 'Adafruit NeoPixel',
  exampleUris: [],
  location: 0,
  installedVersion: undefined,
  author: 'Adafruit',
  availableVersions: [
    '1.15.5', '1.15.4', '1.15.3', '1.15.2', '1.15.1',
    '1.15.0', '1.14.0', '1.13.0', '1.12.5', '1.12.4',
    '1.12.3', '1.12.2', '1.12.1', '1.12.0', '1.11.0',
    '1.10.7', '1.10.6', '1.10.5', '1.10.4', '1.10.3',
    '1.10.2', '1.10.1', '1.10.0', '1.9.0',  '1.8.7',
    '1.8.6',  '1.8.5',  '1.8.4',  '1.8.3',  '1.8.2',
    '1.8.1',  '1.8.0',  '1.7.0',  '1.6.1',  '1.6.0',
    '1.5.0',  '1.4.0',  '1.3.5',  '1.3.4',  '1.3.3',
    '1.3.2',  '1.3.1',  '1.3.0',  '1.2.5',  '1.2.4',
    '1.2.3',  '1.2.2',  '1.2.1',  '1.2.0',  '1.1.8',
    '1.1.7',  '1.1.6',  '1.1.5',  '1.1.4',  '1.1.3',
    '1.1.2',  '1.1.1',  '1.1.0',  '1.0.6',  '1.0.5',
    '1.0.4',  '1.0.3',  '1.0.2',  '1.0.1',  '1.0.0'
  ],
  includes: [ 'Adafruit_NeoPixel.h' ],
  description: 'Arduino library for controlling single-wire-based LED pixels and strip.',
  moreInfoLink: 'https://github.com/adafruit/Adafruit_NeoPixel',
  summary: 'Arduino library for controlling single-wire-based LED pixels and strip.',
  category: 'Display',
  types: [ 'Contributed' ],
  index: 0
}
2026-08-14 16:34:37 2026-08-14T11:04:37.334Z discovery-log INFO stop
2026-08-14 16:34:37 2026-08-14T11:04:37.334Z discovery-log INFO >>> Stopping boards watcher...
2026-08-14 16:34:37 2026-08-14T11:04:37.334Z discovery-log INFO Canceling boards watcher...
2026-08-14 16:34:37 2026-08-14T11:04:37.334Z discovery-log INFO disposing requesting cancel
2026-08-14 16:34:37 2026-08-14T11:04:37.334Z discovery-log INFO disposing canceled
2026-08-14 16:34:37 2026-08-14T11:04:37.336Z discovery-log INFO error received
2026-08-14 16:34:37 2026-08-14T11:04:37.336Z discovery-log INFO cancel error received!
2026-08-14 16:34:37 2026-08-14T11:04:37.336Z discovery-log INFO stop received event: either end or cancel
2026-08-14 16:34:37 2026-08-14T11:04:37.336Z discovery-log INFO stop stopped
2026-08-14 16:34:37 2026-08-14T11:04:37.336Z discovery-log INFO received end
2026-08-14 16:34:37 2026-08-14T11:04:37.352Z daemon INFO time="2026-08-14T16:34:37+05:30" level=info msg="Starting download" url="https://downloads.arduino.cc/libraries/github.com/adafruit/Adafruit_NeoPixel-1.15.5.zip?query=install"
2026-08-14 16:34:40 2026-08-14T11:04:40.572Z daemon INFO time="2026-08-14T16:34:40+05:30" level=info msg="Installing library" library="Adafruit NeoPixel@1.15.5"
2026-08-14 16:34:40 2026-08-14T11:04:40.623Z daemon INFO time="2026-08-14T16:34:40+05:30" level=info msg="Checking signature" index=/home/raj/.arduino15/package_index.json signatureFile=/home/raj/.arduino15/package_index.json.sig trusted=true
2026-08-14 16:34:40 2026-08-14T11:04:40.626Z daemon INFO time="2026-08-14T16:34:40+05:30" level=info msg="Loading hardware from: /home/raj/.arduino15/packages"
2026-08-14 16:34:40 2026-08-14T11:04:40.626Z daemon INFO time="2026-08-14T16:34:40+05:30" level=info msg="Loading package arduino from: /home/raj/.arduino15/packages/arduino/hardware"
2026-08-14 16:34:40 2026-08-14T11:04:40.629Z daemon INFO time="2026-08-14T16:34:40+05:30" level=info msg="Missing signature file" index=/home/raj/.arduino15/packages/arduino/hardware/avr/1.8.8/installed.json
2026-08-14 16:34:40 2026-08-14T11:04:40.636Z daemon INFO time="2026-08-14T16:34:40+05:30" level=info msg="Adding monitor tool" protocol=serial tool="builtin:serial-monitor"
time="2026-08-14T16:34:40+05:30" level=info msg="Loaded platform" platform="arduino:avr@1.8.8"
time="2026-08-14T16:34:40+05:30" level=info msg="Checking existence of 'tools' path: /home/raj/.arduino15/packages/arduino/tools"
time="2026-08-14T16:34:40+05:30" level=info msg="Loading tools from dir: /home/raj/.arduino15/packages/arduino/tools"
time="2026-08-14T16:34:40+05:30" level=info msg="Loaded tool" tool="arduino:arduinoOTA@1.3.0"
time="2026-08-14T16:34:40+05:30" level=info msg="Loaded tool" tool="arduino:avr-gcc@7.3.0-atmel3.6.1-arduino7"
time="2026-08-14T16:34:40+05:30" level=info msg="Loaded tool" tool="arduino:avrdude@8.0.0-arduino1"
time="2026-08-14T16:34:40+05:30" level=info msg="Loading package builtin from: /home/raj/.arduino15/packages/builtin"
time="2026-08-14T16:34:40+05:30" level=info msg="Checking existence of 'tools' path: /home/raj/.arduino15/packages/builtin/tools"
time="2026-08-14T16:34:40+05:30" level=info msg="Loading tools from dir: /home/raj/.arduino15/packages/builtin/tools"
time="2026-08-14T16:34:40+05:30" level=info msg="Loaded tool" tool="builtin:ctags@5.8-arduino11"
time="2026-08-14T16:34:40+05:30" level=info msg="Loaded tool" tool="builtin:dfu-discovery@0.1.2"
time="2026-08-14T16:34:40+05:30" level=info msg="Loaded tool" tool="builtin:mdns-discovery@1.0.12"
time="2026-08-14T16:34:40+05:30" level=info msg="Loaded tool" tool="builtin:serial-discovery@1.4.3"
time="2026-08-14T16:34:40+05:30" level=info msg="Loaded tool" tool="builtin:serial-monitor@0.15.0"
time="2026-08-14T16:34:40+05:30" level=info msg="Starting download" url="https://downloads.arduino.cc/discovery/serial-discovery/serial-discovery_v1.5.2_Linux_64bit.tar.gz"
2026-08-14 16:35:38 2026-08-14T11:05:38.275Z daemon INFO time="2026-08-14T16:35:38+05:30" level=info msg="Installing tool" Tool="builtin:mdns-discovery@1.1.0"
2026-08-14 16:35:38 2026-08-14T11:05:38.354Z daemon INFO time="2026-08-14T16:35:38+05:30" level=info msg="Skipping tool configuration." Tool="builtin:mdns-discovery@1.1.0"
time="2026-08-14T16:35:38+05:30" level=info msg="Tool installed" Tool="builtin:mdns-discovery@1.1.0"
2026-08-14 16:35:38 2026-08-14T11:05:38.355Z daemon INFO time="2026-08-14T16:35:38+05:30" level=warning msg="fetched archive size differs from size specified in index: 1047726 != 2163207"
2026-08-14 16:35:38 2026-08-14T11:05:38.356Z daemon INFO time="2026-08-14T16:35:38+05:30" level=info msg="Starting download" url="https://downloads.arduino.cc/discovery/serial-discovery/serial-discovery_v1.5.2_Linux_64bit.tar.gz"
2026-08-14 16:36:10 2026-08-14T11:06:10.552Z daemon INFO time="2026-08-14T16:36:10+05:30" level=info msg="Installing tool" Tool="builtin:serial-discovery@1.5.2"
2026-08-14 16:36:10 2026-08-14T11:06:10.552Z daemon INFO time="2026-08-14T16:36:10+05:30" level=warning msg="fetched archive size differs from size specified in index: 1047726 != 2163207"
2026-08-14 16:36:10 2026-08-14T11:06:10.554Z daemon INFO time="2026-08-14T16:36:10+05:30" level=warning msg="Cannot install tool" Tool="builtin:serial-discovery@1.5.2" error="testing local archive integrity: testing archive checksum: archive hash differs from hash in index"
2026-08-14 16:36:10 2026-08-14T11:06:10.559Z daemon INFO time="2026-08-14T16:36:10+05:30" level=info msg="Installing tool" Tool="builtin:mdns-discovery@1.1.0"
2026-08-14 16:36:10 2026-08-14T11:06:10.629Z daemon INFO time="2026-08-14T16:36:10+05:30" level=info msg="Skipping tool configuration." Tool="builtin:mdns-discovery@1.1.0"
time="2026-08-14T16:36:10+05:30" level=info msg="Tool installed" Tool="builtin:mdns-discovery@1.1.0"
time="2026-08-14T16:36:10+05:30" level=info msg="Loading tools from dir: /home/raj/.arduino15/packages/builtin/tools"
2026-08-14 16:36:10 2026-08-14T11:06:10.629Z daemon INFO time="2026-08-14T16:36:10+05:30" level=info msg="Loaded tool" tool="builtin:ctags@5.8-arduino11"
time="2026-08-14T16:36:10+05:30" level=info msg="Loaded tool" tool="builtin:dfu-discovery@0.1.2"
time="2026-08-14T16:36:10+05:30" level=info msg="Loaded tool" tool="builtin:mdns-discovery@1.0.12"
time="2026-08-14T16:36:10+05:30" level=info msg="Loaded tool" tool="builtin:mdns-discovery@1.1.0"
time="2026-08-14T16:36:10+05:30" level=info msg="Loaded tool" tool="builtin:serial-discovery@1.4.3"
time="2026-08-14T16:36:10+05:30" level=info msg="Loaded tool" tool="builtin:serial-monitor@0.15.0"
2026-08-14 16:36:10 2026-08-14T11:06:10.637Z daemon INFO time="2026-08-14T16:36:10+05:30" level=info msg="Discovery event channel closed builtin:serial-discovery. Exiting goroutine."
2026-08-14 16:36:10 2026-08-14T11:06:10.638Z daemon INFO time="2026-08-14T16:36:10+05:30" level=info msg="Closed and removed discovery builtin:serial-discovery"
2026-08-14 16:36:10 2026-08-14T11:06:10.638Z daemon INFO time="2026-08-14T16:36:10+05:30" level=error msg="Stopped decode loop: EOF" discovery="builtin:serial-discovery"
2026-08-14 16:36:10 2026-08-14T11:06:10.638Z daemon INFO time="2026-08-14T16:36:10+05:30" level=info msg="Discovery event channel closed builtin:mdns-discovery. Exiting goroutine."
2026-08-14 16:36:10 2026-08-14T11:06:10.639Z daemon INFO time="2026-08-14T16:36:10+05:30" level=info msg="Closed and removed discovery builtin:mdns-discovery"
2026-08-14 16:36:10 2026-08-14T11:06:10.639Z daemon INFO time="2026-08-14T16:36:10+05:30" level=error msg="Stopped decode loop: EOF" discovery="builtin:mdns-discovery"
2026-08-14 16:36:10 2026-08-14T11:06:10.649Z daemon INFO time="2026-08-14T16:36:10+05:30" level=info msg="Adding libraries dir" dir=/home/raj/.arduino15/packages/arduino/hardware/avr/1.8.8/libraries isSingleLibrary=false location=platform
time="2026-08-14T16:36:10+05:30" level=info msg="Loading libraries index file" index=/home/raj/.arduino15/library_index.json
2026-08-14 16:36:11 2026-08-14T11:06:11.157Z daemon INFO time="2026-08-14T16:36:11+05:30" level=info msg="Adding libraries dir" dir=/home/raj/.arduino15/libraries isSingleLibrary=false location=ide
time="2026-08-14T16:36:11+05:30" level=info msg="Adding libraries dir" dir=/home/raj/Arduino/libraries isSingleLibrary=false location=user
2026-08-14 16:36:11 2026-08-14T11:06:11.167Z discovery-log INFO start
2026-08-14 16:36:11 2026-08-14T11:06:11.167Z discovery-log INFO start new deferred
2026-08-14 16:36:11 2026-08-14T11:06:11.167Z discovery-log INFO start resolved watching
2026-08-14 16:36:11 2026-08-14T11:06:11.170Z discovery-log INFO {"eventType":"add","port":{"matchingBoardsList":[],"port":{"address":"/dev/ttyS4","label":"/dev/ttyS4","protocol":"serial","protocolLabel":"Serial Port","propertiesMap":[],"hardwareId":""}},"error":""}
2026-08-14 16:36:11 2026-08-14T11:06:11.171Z discovery-log INFO {"eventType":"add","port":{"matchingBoardsList":[],"port":{"address":"/dev/ttyS5","label":"/dev/ttyS5","protocol":"serial","protocolLabel":"Serial Port","propertiesMap":[],"hardwareId":""}},"error":""}
2026-08-14 16:36:11 2026-08-14T11:06:11.755Z root ERROR ---- !!!SLOW!!! DURATION: search took 586.878 ms. Args: [{}] ----
2026-08-14 16:36:11 2026-08-14T11:06:11.755Z root INFO <<< Library package installation done. {
  name: 'Adafruit NeoPixel',
  exampleUris: [],
  location: 0,
  installedVersion: undefined,
  author: 'Adafruit',
  availableVersions: [
    '1.15.5', '1.15.4', '1.15.3', '1.15.2', '1.15.1',
    '1.15.0', '1.14.0', '1.13.0', '1.12.5', '1.12.4',
    '1.12.3', '1.12.2', '1.12.1', '1.12.0', '1.11.0',
    '1.10.7', '1.10.6', '1.10.5', '1.10.4', '1.10.3',
    '1.10.2', '1.10.1', '1.10.0', '1.9.0',  '1.8.7',
    '1.8.6',  '1.8.5',  '1.8.4',  '1.8.3',  '1.8.2',
    '1.8.1',  '1.8.0',  '1.7.0',  '1.6.1',  '1.6.0',
    '1.5.0',  '1.4.0',  '1.3.5',  '1.3.4',  '1.3.3',
    '1.3.2',  '1.3.1',  '1.3.0',  '1.2.5',  '1.2.4',
    '1.2.3',  '1.2.2',  '1.2.1',  '1.2.0',  '1.1.8',
    '1.1.7',  '1.1.6',  '1.1.5',  '1.1.4',  '1.1.3',
    '1.1.2',  '1.1.1',  '1.1.0',  '1.0.6',  '1.0.5',
    '1.0.4',  '1.0.3',  '1.0.2',  '1.0.1',  '1.0.0'
  ],
  includes: [ 'Adafruit_NeoPixel.h' ],
  description: 'Arduino library for controlling single-wire-based LED pixels and strip.',
  moreInfoLink: 'https://github.com/adafruit/Adafruit_NeoPixel',
  summary: 'Arduino library for controlling single-wire-based LED pixels and strip.',
  category: 'Display',
  types: [ 'Contributed' ],
  index: 0
}
2026-08-14 16:36:11 2026-08-14T11:06:11.787Z daemon INFO time="2026-08-14T16:36:11+05:30" level=info msg="Installing tool" Tool="builtin:serial-discovery@1.5.2"
2026-08-14 16:36:11 2026-08-14T11:06:11.834Z daemon INFO time="2026-08-14T16:36:11+05:30" level=info msg="Skipping tool configuration." Tool="builtin:serial-discovery@1.5.2"
time="2026-08-14T16:36:11+05:30" level=info msg="Tool installed" Tool="builtin:serial-discovery@1.5.2"
time="2026-08-14T16:36:11+05:30" level=info msg="Loading tools from dir: /home/raj/.arduino15/packages/builtin/tools"
time="2026-08-14T16:36:11+05:30" level=info msg="Loaded tool" tool="builtin:ctags@5.8-arduino11"
time="2026-08-14T16:36:11+05:30" level=info msg="Loaded tool" tool="builtin:dfu-discovery@0.1.2"
time="2026-08-14T16:36:11+05:30" level=info msg="Loaded tool" tool="builtin:mdns-discovery@1.0.12"
time="2026-08-14T16:36:11+05:30" level=info msg="Loaded tool" tool="builtin:mdns-discovery@1.1.0"
time="2026-08-14T16:36:11+05:30" level=info msg="Loaded tool" tool="builtin:serial-discovery@1.4.3"
time="2026-08-14T16:36:11+05:30" level=info msg="Loaded tool" tool="builtin:serial-discovery@1.5.2"
time="2026-08-14T16:36:11+05:30" level=info msg="Loaded tool" tool="builtin:serial-monitor@0.15.0"
2026-08-14 16:36:11 2026-08-14T11:06:11.840Z daemon INFO time="2026-08-14T16:36:11+05:30" level=info msg="Discovery event channel closed builtin:serial-discovery. Exiting goroutine."
2026-08-14 16:36:11 2026-08-14T11:06:11.841Z discovery-log INFO {"eventType":"remove","port":{"matchingBoardsList":[],"port":{"address":"/dev/ttyS4","label":"/dev/ttyS4","protocol":"serial","protocolLabel":"Serial Port","propertiesMap":[],"hardwareId":""}},"error":""}
2026-08-14 16:36:11 2026-08-14T11:06:11.841Z discovery-log INFO {"eventType":"remove","port":{"matchingBoardsList":[],"port":{"address":"/dev/ttyS5","label":"/dev/ttyS5","protocol":"serial","protocolLabel":"Serial Port","propertiesMap":[],"hardwareId":""}},"error":""}
2026-08-14 16:36:11 2026-08-14T11:06:11.841Z daemon INFO time="2026-08-14T16:36:11+05:30" level=info msg="Closed and removed discovery builtin:serial-discovery"
2026-08-14 16:36:11 2026-08-14T11:06:11.841Z daemon INFO time="2026-08-14T16:36:11+05:30" level=error msg="Stopped decode loop: EOF" discovery="builtin:serial-discovery"
2026-08-14 16:36:11 2026-08-14T11:06:11.842Z daemon INFO time="2026-08-14T16:36:11+05:30" level=info msg="Discovery event channel closed builtin:mdns-discovery. Exiting goroutine."
2026-08-14 16:36:11 2026-08-14T11:06:11.842Z daemon INFO time="2026-08-14T16:36:11+05:30" level=info msg="Closed and removed discovery builtin:mdns-discovery"
2026-08-14 16:36:11 2026-08-14T11:06:11.843Z daemon INFO time="2026-08-14T16:36:11+05:30" level=error msg="Stopped decode loop: EOF" discovery="builtin:mdns-discovery"
2026-08-14 16:36:11 2026-08-14T11:06:11.850Z discovery-log INFO {"eventType":"add","port":{"matchingBoardsList":[],"port":{"address":"/dev/ttyS4","label":"/dev/ttyS4","protocol":"serial","protocolLabel":"Serial Port","propertiesMap":[],"hardwareId":""}},"error":""}
2026-08-14 16:36:11 2026-08-14T11:06:11.850Z discovery-log INFO {"eventType":"add","port":{"matchingBoardsList":[],"port":{"address":"/dev/ttyS5","label":"/dev/ttyS5","protocol":"serial","protocolLabel":"Serial Port","propertiesMap":[],"hardwareId":""}},"error":""}
2026-08-14 16:36:11 2026-08-14T11:06:11.853Z daemon INFO time="2026-08-14T16:36:11+05:30" level=info msg="Adding libraries dir" dir=/home/raj/.arduino15/packages/arduino/hardware/avr/1.8.8/libraries isSingleLibrary=false location=platform
2026-08-14 16:36:11 2026-08-14T11:06:11.854Z daemon INFO time="2026-08-14T16:36:11+05:30" level=info msg="Loading libraries index file" index=/home/raj/.arduino15/library_index.json
2026-08-14 16:36:11 2026-08-14T11:06:11.861Z root INFO Starting language server: arduino:avr:uno
2026-08-14 16:36:11 2026-08-14T11:06:11.939Z root INFO Starting language server: arduino:avr:uno
2026-08-14 16:36:11 2026-08-14T11:06:11.942Z daemon INFO time="2026-08-14T16:36:11+05:30" level=info msg="Adding libraries dir" dir=/home/raj/.arduino15/libraries isSingleLibrary=false location=ide
time="2026-08-14T16:36:11+05:30" level=info msg="Adding libraries dir" dir=/home/raj/.arduino15/packages/arduino/hardware/avr/1.8.8/libraries isSingleLibrary=false location=platform
time="2026-08-14T16:36:11+05:30" level=info msg="Adding libraries dir" dir=/home/raj/Arduino/libraries isSingleLibrary=false location=user
2026-08-14 16:36:11 2026-08-14T11:06:11.990Z daemon INFO time="2026-08-14T16:36:11+05:30" level=info msg="Adding libraries dir" dir=/home/raj/.arduino15/libraries isSingleLibrary=false location=ide
2026-08-14 16:36:11 2026-08-14T11:06:11.990Z daemon INFO time="2026-08-14T16:36:11+05:30" level=info msg="Adding libraries dir" dir=/home/raj/.arduino15/packages/arduino/hardware/avr/1.8.8/libraries isSingleLibrary=false location=platform
time="2026-08-14T16:36:11+05:30" level=info msg="Adding libraries dir" dir=/home/raj/Arduino/libraries isSingleLibrary=false location=user
2026-08-14 16:36:12 2026-08-14T11:06:12.079Z root ERROR ---- !!!SLOW!!! DURATION: search took 269.604 ms. Args: [{"query":"adafruit neopixel","type":"All","topic":"All"}] ----
2026-08-14 16:36:12 2026-08-14T11:06:12.167Z daemon INFO time="2026-08-14T16:36:12+05:30" level=info msg="Adding libraries dir" dir=/home/raj/.arduino15/libraries isSingleLibrary=false location=ide
time="2026-08-14T16:36:12+05:30" level=info msg="Adding libraries dir" dir=/home/raj/.arduino15/packages/arduino/hardware/avr/1.8.8/libraries isSingleLibrary=false location=platform
time="2026-08-14T16:36:12+05:30" level=info msg="Adding libraries dir" dir=/home/raj/Arduino/libraries isSingleLibrary=false location=user
2026-08-14 16:36:12 2026-08-14T11:06:12.212Z daemon INFO time="2026-08-14T16:36:12+05:30" level=info msg="Adding libraries dir" dir=/home/raj/.arduino15/libraries isSingleLibrary=false location=ide
time="2026-08-14T16:36:12+05:30" level=info msg="Adding libraries dir" dir=/home/raj/.arduino15/packages/arduino/hardware/avr/1.8.8/libraries isSingleLibrary=false location=platform
2026-08-14 16:36:12 2026-08-14T11:06:12.213Z daemon INFO time="2026-08-14T16:36:12+05:30" level=info msg="Adding libraries dir" dir=/home/raj/Arduino/libraries isSingleLibrary=false location=user
2026-08-14 16:36:12 2026-08-14T11:06:12.433Z daemon INFO time="2026-08-14T16:36:12+05:30" level=info msg="Adding libraries dir" dir=/home/raj/.arduino15/libraries isSingleLibrary=false location=ide
time="2026-08-14T16:36:12+05:30" level=info msg="Adding libraries dir" dir=/home/raj/Arduino/libraries isSingleLibrary=false location=user
2026-08-14 16:36:12 2026-08-14T11:06:12.471Z root ERROR ---- !!!SLOW!!! DURATION: search took 181.403 ms. Args: [{"query":"adafruit neopixel","type":"All","topic":"All"}] ----
2026-08-14 16:36:13 2026-08-14T11:06:13.195Z root ERROR ---- !!!SLOW!!! DURATION: search took 236.162 ms. Args: [{"query":"adafruit neopixel","type":"All","topic":"All"}] ----
2026-08-14 16:36:19 New version 2.3.10 has been downloaded to /home/raj/.cache/arduino-ide-updater/pending/arduino-ide_2.3.10_Linux_64bit.AppImage
2026-08-14 16:56:11 2026-08-14T11:26:11.960Z root INFO creating connection for 3
2026-08-14 16:56:13 2026-08-14T11:26:13.091Z root WARN A command editor.action.toggleStickyScroll is already registered.
2026-08-14 16:56:13 Opening channel for service path '/services/electron-window'.
2026-08-14 16:56:13 Opening channel for service path '/services/ide-updater'.
2026-08-14 16:56:13 2026-08-14T11:26:13.251Z root INFO Start frontend contributions: 368.9 ms [Finished 2.179 s after frontend start]
2026-08-14 16:56:13 2026-08-14T11:26:13.252Z root INFO Changed application state from 'init' to 'started_contributions'.
2026-08-14 16:56:13 2026-08-14T11:26:13.263Z root INFO Changed application state from 'started_contributions' to 'attached_shell'.
2026-08-14 16:56:13 2026-08-14T11:26:13.263Z root INFO >>> Restoring the layout state...
2026-08-14 16:56:13 2026-08-14T11:26:13.327Z root INFO [7edcaa13-9344-4740-afaf-b245dceb360d] Waiting for backend deployment: 100.5 ms [Finished 2.272 s after frontend start]
2026-08-14 16:56:13 2026-08-14T11:26:13.576Z root INFO <<< Nothing to restore.
2026-08-14 16:56:13 2026-08-14T11:26:13.577Z root INFO Initialize the workbench layout: 196.8 ms [Finished 2.406 s after frontend start]
2026-08-14 16:56:13 2026-08-14T11:26:13.577Z root INFO Changed application state from 'attached_shell' to 'initialized_layout'.
2026-08-14 16:56:14 2026-08-14T11:26:14.079Z root INFO [hosted-plugin: 106223] PLUGIN_HOST(106223) starting instance
[Object: null prototype] {}
2026-08-14 16:56:14 2026-08-14T11:26:14.990Z root INFO [7edcaa13-9344-4740-afaf-b245dceb360d] Sync of 23 plugins: 1615.3 ms [Finished 3.887 s after frontend start]
2026-08-14 16:56:14 2026-08-14T11:26:14.991Z root INFO [7edcaa13-9344-4740-afaf-b245dceb360d] Loading plugin contributions
2026-08-14 16:56:14 2026-08-14T11:26:14.992Z root INFO [7edcaa13-9344-4740-afaf-b245dceb360d] Load contributions of 23 plugins: 47.9 ms [Finished 3.935 s after frontend start]
2026-08-14 16:56:15 2026-08-14T11:26:15.034Z root WARN 'cpp' language is remapped from 'source.cpp.embedded.macro' to 'source.cpp' scope
2026-08-14 16:56:15 2026-08-14T11:26:15.034Z root WARN a registered grammar configuration for 'cpp' language is overridden
2026-08-14 16:56:15 2026-08-14T11:26:15.309Z root INFO Frontend application start: 2276.3 ms [Finished 1365.483 s after backend start]
2026-08-14 16:56:15 2026-08-14T11:26:15.362Z root INFO Replace loading indicator with ready workbench UI (animation): 1586.2 ms [Finished 4.009 s after frontend start]
2026-08-14 16:56:15 2026-08-14T11:26:15.366Z root INFO Changed application state from 'initialized_layout' to 'ready'.
2026-08-14 16:56:15 2026-08-14T11:26:15.366Z root WARN Linked preference "workbench.colorCustomizations" not found.
2026-08-14 16:56:15 2026-08-14T11:26:15.368Z root INFO Executing startup tasks:
2026-08-14 16:56:15 2026-08-14T11:26:15.368Z root INFO  - 'arduino-use-inherited-boards-data' , args: [{"fqbn":"arduino:avr:uno","data":{"configOptions":[],"programmers":[{"id":"arduinoisp","name":"ArduinoISP","platform":"arduino:avr@1.8.8"},{"id":"jtag3","name":"Atmel JTAGICE3 (JTAG mode)","platform":"arduino:avr@1.8.8"},{"id":"arduinoasisp","name":"Arduino as ISP","platform":"arduino:avr@1.8.8"},{"id":"usbGemma","name":"Arduino Gemma","platform":"arduino:avr@1.8.8"},{"id":"arduinoasispatmega32u4","name":"Arduino as ISP (ATmega32U4)","platform":"arduino:avr@1.8.8"},{"id":"atmel_ice","name":"Atmel-ICE (AVR)","platform":"arduino:avr@1.8.8"},{"id":"parallel","name":"Parallel Programmer","platform":"arduino:avr@1.8.8"},{"id":"stk500","name":"Atmel STK500 development board","platform":"arduino:avr@1.8.8"},{"id":"avrisp","name":"AVR ISP","platform":"arduino:avr@1.8.8"},{"id":"jtag3isp","name":"Atmel JTAGICE3 (ISP mode)","platform":"arduino:avr@1.8.8"},{"id":"usbasp","name":"USBasp","platform":"arduino:avr@1.8.8"},{"id":"avrispmkii","name":"AVRISP mkII","platform":"arduino:avr@1.8.8"},{"id":"arduinoisporg","name":"ArduinoISP.org","platform":"arduino:avr@1.8.8"},{"id":"usbtinyisp","name":"USBtinyISP","platform":"arduino:avr@1.8.8"},{"id":"buspirate","name":"BusPirate as ISP","platform":"arduino:avr@1.8.8"}]}}]
2026-08-14 16:56:15 2026-08-14T11:26:15.368Z root INFO  - 'arduino-use-inherited-boards-config' , args: [{"selectedBoard":{"name":"Arduino UNO","fqbn":"arduino:avr:uno","packageId":{"vendorId":"arduino","arch":"avr"},"packageName":"Arduino AVR Boards","manuallyInstalled":false,"selected":false,"missing":false},"selectedPort":{"protocol":"serial","address":"/dev/ttyUSB0"}},{"arduino+serial:///dev/ttyUSB0":{"name":"Arduino UNO","fqbn":"arduino:avr:uno","packageId":{"vendorId":"arduino","arch":"avr"},"packageName":"Arduino AVR Boards","manuallyInstalled":false,"selected":false,"missing":false}}]
2026-08-14 16:56:15 2026-08-14T11:26:15.759Z daemon INFO time="2026-08-14T16:56:15+05:30" level=info msg="Tool required for debug" tool="arduino:arduinoOTA@1.3.0"
time="2026-08-14T16:56:15+05:30" level=info msg="Tool required for debug" tool="arduino:avr-gcc@7.3.0-atmel3.6.1-arduino7"
time="2026-08-14T16:56:15+05:30" level=info msg="Tool required for debug" tool="arduino:avrdude@8.0.0-arduino1"
time="2026-08-14T16:56:15+05:30" level=info msg="Tool required for debug" tool="builtin:serial-discovery@1.5.2"
2026-08-14 16:56:15 2026-08-14T11:26:15.759Z daemon INFO time="2026-08-14T16:56:15+05:30" level=info msg="Tool required for debug" tool="builtin:serial-monitor@0.15.0"
time="2026-08-14T16:56:15+05:30" level=info msg="Tool required for debug" tool="builtin:ctags@5.8-arduino11"
time="2026-08-14T16:56:15+05:30" level=info msg="Tool required for debug" tool="builtin:dfu-discovery@0.1.2"
time="2026-08-14T16:56:15+05:30" level=info msg="Tool required for debug" tool="builtin:mdns-discovery@1.1.0"
2026-08-14 16:56:15 2026-08-14T11:26:15.760Z root ERROR Failed to get debug config: arduino:avr:uno, undefined Error: Debugging is not supported.
    at Object.callback (/tmp/.mount_arduinP9Tjvz/resources/app/lib/backend/main.js:2:4756202)
    at Object.onReceiveStatus (/tmp/.mount_arduinP9Tjvz/resources/app/lib/backend/main.js:2:3791917)
    at Object.onReceiveStatus (/tmp/.mount_arduinP9Tjvz/resources/app/lib/backend/main.js:2:2225840)
    at Object.onReceiveStatus (/tmp/.mount_arduinP9Tjvz/resources/app/lib/backend/main.js:2:2225285)
    at /tmp/.mount_arduinP9Tjvz/resources/app/lib/backend/main.js:2:4362019
    at process.processTicksAndRejections (node:internal/process/task_queues:77:11)
2026-08-14 16:56:15 2026-08-14T11:26:15.761Z root ERROR Failed to get debug config: arduino:avr:uno, undefined Error: Debugging is not supported.
    at Object.callback (/tmp/.mount_arduinP9Tjvz/resources/app/lib/backend/main.js:2:4756202)
    at Object.onReceiveStatus (/tmp/.mount_arduinP9Tjvz/resources/app/lib/backend/main.js:2:3791917)
    at Object.onReceiveStatus (/tmp/.mount_arduinP9Tjvz/resources/app/lib/backend/main.js:2:2225840)
    at Object.onReceiveStatus (/tmp/.mount_arduinP9Tjvz/resources/app/lib/backend/main.js:2:2225285)
    at /tmp/.mount_arduinP9Tjvz/resources/app/lib/backend/main.js:2:4362019
    at process.processTicksAndRejections (node:internal/process/task_queues:77:11)
2026-08-14 16:56:15 2026-08-14T11:26:15.761Z daemon INFO time="2026-08-14T16:56:15+05:30" level=info msg="Tool required for debug" tool="arduino:arduinoOTA@1.3.0"
time="2026-08-14T16:56:15+05:30" level=info msg="Tool required for debug" tool="arduino:avr-gcc@7.3.0-atmel3.6.1-arduino7"
time="2026-08-14T16:56:15+05:30" level=info msg="Tool required for debug" tool="arduino:avrdude@8.0.0-arduino1"
time="2026-08-14T16:56:15+05:30" level=info msg="Tool required for debug" tool="builtin:mdns-discovery@1.1.0"
time="2026-08-14T16:56:15+05:30" level=info msg="Tool required for debug" tool="builtin:serial-discovery@1.5.2"
time="2026-08-14T16:56:15+05:30" level=info msg="Tool required for debug" tool="builtin:serial-monitor@0.15.0"
time="2026-08-14T16:56:15+05:30" level=info msg="Tool required for debug" tool="builtin:ctags@5.8-arduino11"
time="2026-08-14T16:56:15+05:30" level=info msg="Tool required for debug" tool="builtin:dfu-discovery@0.1.2"
2026-08-14 16:56:15 2026-08-14T11:26:15.957Z daemon INFO time="2026-08-14T16:56:15+05:30" level=info msg="Tool required for debug" tool="arduino:arduinoOTA@1.3.0"
time="2026-08-14T16:56:15+05:30" level=info msg="Tool required for debug" tool="arduino:avr-gcc@7.3.0-atmel3.6.1-arduino7"
time="2026-08-14T16:56:15+05:30" level=info msg="Tool required for debug" tool="arduino:avrdude@8.0.0-arduino1"
time="2026-08-14T16:56:15+05:30" level=info msg="Tool required for debug" tool="builtin:mdns-discovery@1.1.0"
time="2026-08-14T16:56:15+05:30" level=info msg="Tool required for debug" tool="builtin:serial-discovery@1.5.2"
time="2026-08-14T16:56:15+05:30" level=info msg="Tool required for debug" tool="builtin:serial-monitor@0.15.0"
time="2026-08-14T16:56:15+05:30" level=info msg="Tool required for debug" tool="builtin:ctags@5.8-arduino11"
time="2026-08-14T16:56:15+05:30" level=info msg="Tool required for debug" tool="builtin:dfu-discovery@0.1.2"
2026-08-14 16:56:15 2026-08-14T11:26:15.958Z root ERROR Failed to get debug config: arduino:avr:uno, undefined Error: Debugging is not supported.
    at Object.callback (/tmp/.mount_arduinP9Tjvz/resources/app/lib/backend/main.js:2:4756202)
    at Object.onReceiveStatus (/tmp/.mount_arduinP9Tjvz/resources/app/lib/backend/main.js:2:3791917)
    at Object.onReceiveStatus (/tmp/.mount_arduinP9Tjvz/resources/app/lib/backend/main.js:2:2225840)
    at Object.onReceiveStatus (/tmp/.mount_arduinP9Tjvz/resources/app/lib/backend/main.js:2:2225285)
    at /tmp/.mount_arduinP9Tjvz/resources/app/lib/backend/main.js:2:4362019
    at process.processTicksAndRejections (node:internal/process/task_queues:77:11)
2026-08-14 16:56:16 2026-08-14T11:26:16.218Z root ERROR [hosted-plugin: 106223] Conflict in settings file Default: Ignoring cortex-debug.armToolchainPath.linux as cortex-debug.armToolchainPath is null
Conflict in settings file Default: Ignoring cortex-debug.armToolchainPath.osx as cortex-debug.armToolchainPath is null
Conflict in settings file Default: Ignoring cortex-debug.armToolchainPath.windows as cortex-debug.armToolchainPath is null
Conflict in settings file Default: Ignoring cortex-debug.JLinkGDBServerPath.linux as cortex-debug.JLinkGDBServerPath is null
Conflict in settings file Default: Ignoring cortex-debug.JLinkGDBServerPath.osx as cortex-debug.JLinkGDBServerPath is null
Conflict in settings file Default: Ignoring cortex-debug.JLinkGDBServerPath.windows as cortex-debug.JLinkGDBServerPath is null
Conflict in settings file Default: Ignoring cortex-debug.openocdPath.linux as cortex-debug.openocdPath is null
Conflict in settings file Default: Ignoring cortex-debug.openocdPath.osx as cortex-debug.openocdPath is null
Conflict in settings file Default: Ignoring cortex-debug.openocdPath.windows as cortex-debug.openocdPath is null
Conflict in settings file Default: Ignoring cortex-debug.pyocdPath.linux as cortex-debug.pyocdPath is null
Conflict in settings file Default: Ignoring cortex-debug.pyocdPath.osx as cortex-debug.pyocdPath is null
Conflict in settings file Default: Ignoring cortex-debug.pyocdPath.windows as cortex-debug.pyocdPath is null
Conflict in settings file Default: Ignoring cortex-debug.PEGDBServerPath.linux as cortex-debug.PEGDBServerPath is null
Conflict in settings file Default: Ignoring cortex-debug.PEGDBServerPath.osx as cortex-debug.PEGDBServerPath is null
Conflict in settings file Default: Ignoring cortex-debug.PEGDBServerPath.windows as cortex-debug.PEGDBServerPath is null
Conflict in settings file Default: Ignoring cortex-debug.stutilPath.linux as cortex-debug.stutilPath is null
Conflict in settings file Default: Ignoring cortex-debug.stutilPath.osx as cortex-debug.stutilPath is null
Conflict in settings file Default: Ignoring cortex-debug.stutilPath.windows as cortex-debug.stutilPath is null
Conflict in settings file Default: Ignoring cortex-debug.stlinkPath.linux as cortex-debug.stlinkPath is null
Conflict in settings file Default: Ignoring cortex-debug.stlinkPath.osx as cortex-debug.stlinkPath is null
Conflict in settings file Default: Ignoring cortex-debug.stlinkPath.windows as cortex-debug.stlinkPath is null
Conflict in settings file Default: Ignoring cortex-debug.stm32cubeprogrammer.linux as cortex-debug.stm32cubeprogrammer is null
Conflict in settings file Default: Ignoring cortex-debug.stm32cubeprogrammer.osx as cortex-debug.stm32cubeprogrammer is null
Conflict in settings file Default: Ignoring cortex-debug.stm32cubeprogrammer.windows as cortex-debug.stm32cubeprogrammer is null
2026-08-14 16:56:16 2026-08-14T11:26:16.255Z root INFO [hosted-plugin: 106223] PLUGIN_HOST(106223): PluginManagerExtImpl/init()
2026-08-14 16:56:16 2026-08-14T11:26:16.259Z root INFO [hosted-plugin: 106223] PLUGIN_HOST(106223): initializing(vscode-arduino-api@0.1.2 with /tmp/.mount_arduinP9Tjvz/resources/app/lib/backend/plugin-vscode-init)
2026-08-14 16:56:16 2026-08-14T11:26:16.367Z root INFO [hosted-plugin: 106223] PLUGIN_HOST(106223): initializing(json-language-features@1.88.1 with /tmp/.mount_arduinP9Tjvz/resources/app/lib/backend/plugin-vscode-init)
2026-08-14 16:56:16 2026-08-14T11:26:16.376Z root INFO [hosted-plugin: 106223] PLUGIN_HOST(106223): initializing(cortex-debug@1.5.1 with /tmp/.mount_arduinP9Tjvz/resources/app/lib/backend/plugin-vscode-init)
Debugger contribution has been registered: cortex-debug
2026-08-14 16:56:16 2026-08-14T11:26:16.381Z root INFO [hosted-plugin: 106223] PLUGIN_HOST(106223): initializing(vscode-arduino-tools@0.1.3 with /tmp/.mount_arduinP9Tjvz/resources/app/lib/backend/plugin-vscode-init)
2026-08-14 16:56:16 2026-08-14T11:26:16.383Z root INFO [hosted-plugin: 106223] PLUGIN_HOST(106223): initializing(cpp@1.88.1 with /tmp/.mount_arduinP9Tjvz/resources/app/lib/backend/plugin-vscode-init)
2026-08-14 16:56:16 2026-08-14T11:26:16.387Z root INFO [hosted-plugin: 106223] PLUGIN_HOST(106223): initializing(json@1.88.1 with /tmp/.mount_arduinP9Tjvz/resources/app/lib/backend/plugin-vscode-init)
2026-08-14 16:56:16 2026-08-14T11:26:16.394Z root INFO [hosted-plugin: 106223] PLUGIN_HOST(106223): initializing(vscode-language-pack-bg@1.48.3 with /tmp/.mount_arduinP9Tjvz/resources/app/lib/backend/plugin-vscode-init)
2026-08-14 16:56:16 2026-08-14T11:26:16.396Z root INFO [hosted-plugin: 106223] PLUGIN_HOST(106223): initializing(vscode-language-pack-cs@1.96.0 with /tmp/.mount_arduinP9Tjvz/resources/app/lib/backend/plugin-vscode-init)
2026-08-14 16:56:16 2026-08-14T11:26:16.398Z root INFO [hosted-plugin: 106223] PLUGIN_HOST(106223): initializing(vscode-language-pack-de@1.96.0 with /tmp/.mount_arduinP9Tjvz/resources/app/lib/backend/plugin-vscode-init)
2026-08-14 16:56:16 2026-08-14T11:26:16.401Z root INFO [hosted-plugin: 106223] PLUGIN_HOST(106223): initializing(vscode-language-pack-es@1.96.0 with /tmp/.mount_arduinP9Tjvz/resources/app/lib/backend/plugin-vscode-init)
2026-08-14 16:56:16 2026-08-14T11:26:16.403Z root INFO [hosted-plugin: 106223] PLUGIN_HOST(106223): initializing(vscode-language-pack-fr@1.96.0 with /tmp/.mount_arduinP9Tjvz/resources/app/lib/backend/plugin-vscode-init)
2026-08-14 16:56:16 2026-08-14T11:26:16.406Z root INFO [hosted-plugin: 106223] PLUGIN_HOST(106223): initializing(vscode-language-pack-hu@1.48.3 with /tmp/.mount_arduinP9Tjvz/resources/app/lib/backend/plugin-vscode-init)
2026-08-14 16:56:16 2026-08-14T11:26:16.407Z root INFO [hosted-plugin: 106223] PLUGIN_HOST(106223): initializing(vscode-language-pack-it@1.96.0 with /tmp/.mount_arduinP9Tjvz/resources/app/lib/backend/plugin-vscode-init)
2026-08-14 16:56:16 2026-08-14T11:26:16.408Z root INFO [hosted-plugin: 106223] PLUGIN_HOST(106223): initializing(vscode-language-pack-ja@1.96.0 with /tmp/.mount_arduinP9Tjvz/resources/app/lib/backend/plugin-vscode-init)
2026-08-14 16:56:16 2026-08-14T11:26:16.409Z root INFO [hosted-plugin: 106223] PLUGIN_HOST(106223): initializing(vscode-language-pack-ko@1.96.0 with /tmp/.mount_arduinP9Tjvz/resources/app/lib/backend/plugin-vscode-init)
2026-08-14 16:56:16 2026-08-14T11:26:16.411Z root INFO [hosted-plugin: 106223] PLUGIN_HOST(106223): initializing(vscode-language-pack-nl@1.48.3 with /tmp/.mount_arduinP9Tjvz/resources/app/lib/backend/plugin-vscode-init)
2026-08-14 16:56:16 2026-08-14T11:26:16.411Z root INFO [hosted-plugin: 106223] PLUGIN_HOST(106223): initializing(vscode-language-pack-pl@1.96.0 with /tmp/.mount_arduinP9Tjvz/resources/app/lib/backend/plugin-vscode-init)
2026-08-14 16:56:16 2026-08-14T11:26:16.412Z root INFO [hosted-plugin: 106223] PLUGIN_HOST(106223): initializing(vscode-language-pack-pt-BR@1.96.0 with /tmp/.mount_arduinP9Tjvz/resources/app/lib/backend/plugin-vscode-init)
2026-08-14 16:56:16 2026-08-14T11:26:16.412Z root INFO [hosted-plugin: 106223] PLUGIN_HOST(106223): initializing(vscode-language-pack-ru@1.96.0 with /tmp/.mount_arduinP9Tjvz/resources/app/lib/backend/plugin-vscode-init)
2026-08-14 16:56:16 2026-08-14T11:26:16.413Z root INFO [hosted-plugin: 106223] PLUGIN_HOST(106223): initializing(vscode-language-pack-tr@1.96.0 with /tmp/.mount_arduinP9Tjvz/resources/app/lib/backend/plugin-vscode-init)
2026-08-14 16:56:16 2026-08-14T11:26:16.414Z root INFO [hosted-plugin: 106223] PLUGIN_HOST(106223): initializing(vscode-language-pack-uk@1.48.3 with /tmp/.mount_arduinP9Tjvz/resources/app/lib/backend/plugin-vscode-init)
2026-08-14 16:56:16 2026-08-14T11:26:16.415Z root INFO [hosted-plugin: 106223] PLUGIN_HOST(106223): initializing(vscode-language-pack-zh-hans@1.96.0 with /tmp/.mount_arduinP9Tjvz/resources/app/lib/backend/plugin-vscode-init)
2026-08-14 16:56:16 2026-08-14T11:26:16.415Z root INFO [hosted-plugin: 106223] PLUGIN_HOST(106223): initializing(vscode-language-pack-zh-hant@1.96.0 with /tmp/.mount_arduinP9Tjvz/resources/app/lib/backend/plugin-vscode-init)
2026-08-14 16:56:16 2026-08-14T11:26:16.495Z root INFO [hosted-plugin: 106223] PLUGIN_HOST(106223): PluginManagerExtImpl/loadPlugin(/tmp/.mount_arduinP9Tjvz/resources/app/plugins/vscode-builtin-json-language-features/extension/client/dist/node/jsonClientMain)
2026-08-14 16:56:16 2026-08-14T11:26:16.574Z root INFO [hosted-plugin: 106223] PLUGIN_HOST(106223): PluginManagerExtImpl/loadPlugin(/tmp/.mount_arduinP9Tjvz/resources/app/plugins/vscode-arduino-api/extension/dist/extension.js)
2026-08-14 16:56:16 2026-08-14T11:26:16.580Z root INFO [hosted-plugin: 106223] calling activation function on Arduino IDE API for VS Code extensions
2026-08-14 16:56:16 2026-08-14T11:26:16.592Z root INFO [7edcaa13-9344-4740-afaf-b245dceb360d] Starting plugins.
2026-08-14 16:56:16 2026-08-14T11:26:16.633Z root INFO [hosted-plugin: 106223] PLUGIN_HOST(106223): PluginManagerExtImpl/loadPlugin(/tmp/.mount_arduinP9Tjvz/resources/app/plugins/cortex-debug/extension/dist/extension.js)
2026-08-14 16:56:16 2026-08-14T11:26:16.676Z root INFO [hosted-plugin: 106223] Debug configuration provider has been registered: cortex-debug, trigger: 1
2026-08-14 16:56:16 2026-08-14T11:26:16.676Z root INFO [hosted-plugin: 106223] calling activation function on Cortex-Debug
2026-08-14 16:56:16 2026-08-14T11:26:16.680Z root INFO [hosted-plugin: 106223] GDB server console created
2026-08-14 16:56:16 2026-08-14T11:26:16.691Z root INFO [7edcaa13-9344-4740-afaf-b245dceb360d] Start of 23 plugins: 1684.6 ms [Finished 5.635 s after frontend start]
2026-08-14 16:56:16 2026-08-14T11:26:16.713Z root INFO Starting language server: arduino:avr:uno
2026-08-14 16:56:16 2026-08-14T11:26:16.737Z root INFO [hosted-plugin: 106223] PLUGIN_HOST(106223): PluginManagerExtImpl/loadPlugin(/tmp/.mount_arduinP9Tjvz/resources/app/plugins/vscode-arduino-tools/extension/dist/extension.js)
2026-08-14 16:56:16 2026-08-14T11:26:16.771Z root INFO [hosted-plugin: 106223] calling activation function on VS Code Arduino Tools
2026-08-14 16:56:16 2026-08-14T11:26:16.800Z daemon INFO time="2026-08-14T16:56:16+05:30" level=info msg="Adding libraries dir" dir=/home/raj/.arduino15/libraries isSingleLibrary=false location=ide
time="2026-08-14T16:56:16+05:30" level=info msg="Adding libraries dir" dir=/home/raj/.arduino15/packages/arduino/hardware/avr/1.8.8/libraries isSingleLibrary=false location=platform
time="2026-08-14T16:56:16+05:30" level=info msg="Adding libraries dir" dir=/home/raj/Arduino/libraries isSingleLibrary=false location=user
2026-08-14 16:56:16 2026-08-14T11:26:16.880Z root INFO [hosted-plugin: 106223] calling activation function on JSON Language Features (built-in)
2026-08-14 16:56:17 2026-08-14T11:26:17.004Z daemon INFO time="2026-08-14T16:56:17+05:30" level=info msg="Adding libraries dir" dir=/home/raj/.arduino15/libraries isSingleLibrary=false location=ide
time="2026-08-14T16:56:17+05:30" level=info msg="Adding libraries dir" dir=/home/raj/.arduino15/packages/arduino/hardware/avr/1.8.8/libraries isSingleLibrary=false location=platform
2026-08-14 16:56:17 2026-08-14T11:26:17.004Z daemon INFO time="2026-08-14T16:56:17+05:30" level=info msg="Adding libraries dir" dir=/home/raj/Arduino/libraries isSingleLibrary=false location=user
2026-08-14 16:56:21 2026-08-14T11:26:21.763Z daemon INFO time="2026-08-14T16:56:21+05:30" level=info msg="Adding libraries dir" dir=/home/raj/.arduino15/libraries isSingleLibrary=false location=ide
time="2026-08-14T16:56:21+05:30" level=info msg="Adding libraries dir" dir=/home/raj/.arduino15/packages/arduino/hardware/avr/1.8.8/libraries isSingleLibrary=false location=platform
time="2026-08-14T16:56:21+05:30" level=info msg="Adding libraries dir" dir=/home/raj/Arduino/libraries isSingleLibrary=false location=user
2026-08-14 16:56:29 2026-08-14T11:26:29.303Z root ERROR ---- !!!SLOW!!! DURATION: search took 652.054 ms. Args: [{"query":"","type":"All","topic":"All"}] ----
2026-08-14 16:56:32 2026-08-14T11:26:32.832Z root ERROR ---- !!!SLOW!!! DURATION: search took 241.095 ms. Args: [{"query":"wire","type":"All","topic":"All"}] ----
2026-08-14 16:56:42 2026-08-14T11:26:42.189Z root ERROR ---- !!!SLOW!!! DURATION: search took 735.589 ms. Args: [{"query":"","type":"All","topic":"All"}] ----
2026-08-14 16:56:53 2026-08-14T11:26:53.572Z root ERROR ---- !!!SLOW!!! DURATION: search took 698.140 ms. Args: [{"query":"A","type":"All","topic":"All"}] ----
2026-08-14 16:56:53 2026-08-14T11:26:53.948Z root ERROR ---- !!!SLOW!!! DURATION: search took 176.473 ms. Args: [{"query":"Adafruit_PCF8574","type":"All","topic":"All"}] ----
2026-08-14 16:56:59 2026-08-14T11:26:59.338Z root INFO >>> Starting library package installation... {
  name: 'Adafruit PCF8574',
  exampleUris: [],
  location: 0,
  installedVersion: undefined,
  author: 'Adafruit',
  availableVersions: [ '1.1.2', '1.1.1', '1.1.0', '1.0.0' ],
  includes: [],
  description: 'Arduino library for the PCF8574 I2C GPIO expander Adafruit shop',
  moreInfoLink: 'https://github.com/adafruit/Adafruit_PCF8574',
  summary: 'Arduino library for the PCF8574 I2C GPIO expander Adafruit shop',
  category: 'Device Control',
  types: [ 'Contributed' ],
  index: 0
}
2026-08-14 16:56:59 2026-08-14T11:26:59.339Z discovery-log INFO stop
2026-08-14 16:56:59 2026-08-14T11:26:59.339Z discovery-log INFO >>> Stopping boards watcher...
2026-08-14 16:56:59 2026-08-14T11:26:59.339Z discovery-log INFO Canceling boards watcher...
2026-08-14 16:56:59 2026-08-14T11:26:59.339Z discovery-log INFO disposing requesting cancel
2026-08-14 16:56:59 2026-08-14T11:26:59.339Z discovery-log INFO disposing canceled
2026-08-14 16:56:59 2026-08-14T11:26:59.344Z discovery-log INFO error received
2026-08-14 16:56:59 2026-08-14T11:26:59.344Z discovery-log INFO cancel error received!
2026-08-14 16:56:59 2026-08-14T11:26:59.344Z discovery-log INFO stop received event: either end or cancel
2026-08-14 16:56:59 2026-08-14T11:26:59.344Z discovery-log INFO stop stopped
2026-08-14 16:56:59 2026-08-14T11:26:59.345Z discovery-log INFO received end
2026-08-14 16:56:59 2026-08-14T11:26:59.418Z daemon INFO time="2026-08-14T16:56:59+05:30" level=info msg="Starting download" url="https://downloads.arduino.cc/libraries/github.com/adafruit/Adafruit_BusIO-1.17.4.zip?query=depends"
2026-08-14 16:57:00 2026-08-14T11:26:59.999Z daemon INFO time="2026-08-14T16:56:59+05:30" level=info msg="Installing library" library="Adafruit BusIO@1.17.4"
2026-08-14 16:57:00 2026-08-14T11:27:00.008Z daemon INFO time="2026-08-14T16:57:00+05:30" level=info msg="Starting download" url="https://downloads.arduino.cc/libraries/github.com/adafruit/Adafruit_PCF8574-1.1.2.zip?query=install"
2026-08-14 16:57:04 2026-08-14T11:27:04.046Z daemon INFO time="2026-08-14T16:57:04+05:30" level=info msg="Installing library" library="Adafruit PCF8574@1.1.2"
2026-08-14 16:57:04 2026-08-14T11:27:04.086Z daemon INFO time="2026-08-14T16:57:04+05:30" level=info msg="Checking signature" index=/home/raj/.arduino15/package_index.json signatureFile=/home/raj/.arduino15/package_index.json.sig trusted=true
2026-08-14 16:57:04 2026-08-14T11:27:04.089Z daemon INFO time="2026-08-14T16:57:04+05:30" level=info msg="Loading hardware from: /home/raj/.arduino15/packages"
2026-08-14 16:57:04 2026-08-14T11:27:04.089Z daemon INFO time="2026-08-14T16:57:04+05:30" level=info msg="Loading package arduino from: /home/raj/.arduino15/packages/arduino/hardware"
2026-08-14 16:57:04 2026-08-14T11:27:04.091Z daemon INFO time="2026-08-14T16:57:04+05:30" level=info msg="Missing signature file" index=/home/raj/.arduino15/packages/arduino/hardware/avr/1.8.8/installed.json
2026-08-14 16:57:04 2026-08-14T11:27:04.094Z daemon INFO time="2026-08-14T16:57:04+05:30" level=info msg="Adding monitor tool" protocol=serial tool="builtin:serial-monitor"
2026-08-14 16:57:04 2026-08-14T11:27:04.095Z daemon INFO time="2026-08-14T16:57:04+05:30" level=info msg="Loaded platform" platform="arduino:avr@1.8.8"
time="2026-08-14T16:57:04+05:30" level=info msg="Checking existence of 'tools' path: /home/raj/.arduino15/packages/arduino/tools"
time="2026-08-14T16:57:04+05:30" level=info msg="Loading tools from dir: /home/raj/.arduino15/packages/arduino/tools"
time="2026-08-14T16:57:04+05:30" level=info msg="Loaded tool" tool="arduino:arduinoOTA@1.3.0"
time="2026-08-14T16:57:04+05:30" level=info msg="Loaded tool" tool="arduino:avr-gcc@7.3.0-atmel3.6.1-arduino7"
time="2026-08-14T16:57:04+05:30" level=info msg="Loaded tool" tool="arduino:avrdude@8.0.0-arduino1"
2026-08-14 16:57:04 2026-08-14T11:27:04.096Z daemon INFO time="2026-08-14T16:57:04+05:30" level=info msg="Loading package builtin from: /home/raj/.arduino15/packages/builtin"
time="2026-08-14T16:57:04+05:30" level=info msg="Checking existence of 'tools' path: /home/raj/.arduino15/packages/builtin/tools"
time="2026-08-14T16:57:04+05:30" level=info msg="Loading tools from dir: /home/raj/.arduino15/packages/builtin/tools"
time="2026-08-14T16:57:04+05:30" level=info msg="Loaded tool" tool="builtin:ctags@5.8-arduino11"
time="2026-08-14T16:57:04+05:30" level=info msg="Loaded tool" tool="builtin:dfu-discovery@0.1.2"
time="2026-08-14T16:57:04+05:30" level=info msg="Loaded tool" tool="builtin:mdns-discovery@1.0.12"
time="2026-08-14T16:57:04+05:30" level=info msg="Loaded tool" tool="builtin:mdns-discovery@1.1.0"
time="2026-08-14T16:57:04+05:30" level=info msg="Loaded tool" tool="builtin:serial-discovery@1.4.3"
time="2026-08-14T16:57:04+05:30" level=info msg="Loaded tool" tool="builtin:serial-discovery@1.5.2"
time="2026-08-14T16:57:04+05:30" level=info msg="Loaded tool" tool="builtin:serial-monitor@0.15.0"
2026-08-14 16:57:04 2026-08-14T11:27:04.106Z daemon INFO time="2026-08-14T16:57:04+05:30" level=info msg="Discovery event channel closed builtin:serial-discovery. Exiting goroutine."
2026-08-14 16:57:04 2026-08-14T11:27:04.107Z daemon INFO time="2026-08-14T16:57:04+05:30" level=info msg="Closed and removed discovery builtin:serial-discovery"
time="2026-08-14T16:57:04+05:30" level=error msg="Stopped decode loop: EOF" discovery="builtin:serial-discovery"
2026-08-14 16:57:04 2026-08-14T11:27:04.108Z daemon INFO time="2026-08-14T16:57:04+05:30" level=info msg="Discovery event channel closed builtin:mdns-discovery. Exiting goroutine."
2026-08-14 16:57:04 2026-08-14T11:27:04.113Z daemon INFO time="2026-08-14T16:57:04+05:30" level=info msg="Closed and removed discovery builtin:mdns-discovery"
time="2026-08-14T16:57:04+05:30" level=error msg="Stopped decode loop: EOF" discovery="builtin:mdns-discovery"
2026-08-14 16:57:04 2026-08-14T11:27:04.135Z daemon INFO time="2026-08-14T16:57:04+05:30" level=info msg="Adding libraries dir" dir=/home/raj/.arduino15/packages/arduino/hardware/avr/1.8.8/libraries isSingleLibrary=false location=platform
2026-08-14 16:57:04 2026-08-14T11:27:04.135Z daemon INFO time="2026-08-14T16:57:04+05:30" level=info msg="Loading libraries index file" index=/home/raj/.arduino15/library_index.json
2026-08-14 16:57:04 2026-08-14T11:27:04.721Z daemon INFO time="2026-08-14T16:57:04+05:30" level=info msg="Adding libraries dir" dir=/home/raj/.arduino15/libraries isSingleLibrary=false location=ide
time="2026-08-14T16:57:04+05:30" level=info msg="Adding libraries dir" dir=/home/raj/Arduino/libraries isSingleLibrary=false location=user
2026-08-14 16:57:04 2026-08-14T11:27:04.733Z discovery-log INFO start
2026-08-14 16:57:04 2026-08-14T11:27:04.733Z discovery-log INFO start new deferred
2026-08-14 16:57:04 2026-08-14T11:27:04.733Z discovery-log INFO start resolved watching
2026-08-14 16:57:04 2026-08-14T11:27:04.736Z discovery-log INFO {"eventType":"add","port":{"matchingBoardsList":[],"port":{"address":"/dev/ttyS4","label":"/dev/ttyS4","protocol":"serial","protocolLabel":"Serial Port","propertiesMap":[],"hardwareId":""}},"error":""}
2026-08-14 16:57:04 2026-08-14T11:27:04.736Z discovery-log INFO {"eventType":"add","port":{"matchingBoardsList":[],"port":{"address":"/dev/ttyS5","label":"/dev/ttyS5","protocol":"serial","protocolLabel":"Serial Port","propertiesMap":[],"hardwareId":""}},"error":""}
2026-08-14 16:57:05 2026-08-14T11:27:05.290Z root ERROR ---- !!!SLOW!!! DURATION: search took 556.886 ms. Args: [{}] ----
2026-08-14 16:57:05 2026-08-14T11:27:05.290Z root INFO <<< Library package installation done. {
  name: 'Adafruit PCF8574',
  exampleUris: [],
  location: 0,
  installedVersion: undefined,
  author: 'Adafruit',
  availableVersions: [ '1.1.2', '1.1.1', '1.1.0', '1.0.0' ],
  includes: [],
  description: 'Arduino library for the PCF8574 I2C GPIO expander Adafruit shop',
  moreInfoLink: 'https://github.com/adafruit/Adafruit_PCF8574',
  summary: 'Arduino library for the PCF8574 I2C GPIO expander Adafruit shop',
  category: 'Device Control',
  types: [ 'Contributed' ],
  index: 0
}
2026-08-14 16:57:05 2026-08-14T11:27:05.401Z root INFO Starting language server: arduino:avr:uno
2026-08-14 16:57:05 2026-08-14T11:27:05.402Z root INFO Starting language server: arduino:avr:uno
2026-08-14 16:57:05 2026-08-14T11:27:05.424Z root INFO Starting language server: arduino:avr:uno
2026-08-14 16:57:05 2026-08-14T11:27:05.486Z daemon INFO time="2026-08-14T16:57:05+05:30" level=info msg="Adding libraries dir" dir=/home/raj/.arduino15/libraries isSingleLibrary=false location=ide
time="2026-08-14T16:57:05+05:30" level=info msg="Adding libraries dir" dir=/home/raj/.arduino15/packages/arduino/hardware/avr/1.8.8/libraries isSingleLibrary=false location=platform
time="2026-08-14T16:57:05+05:30" level=info msg="Adding libraries dir" dir=/home/raj/Arduino/libraries isSingleLibrary=false location=user
2026-08-14 16:57:05 2026-08-14T11:27:05.500Z daemon INFO time="2026-08-14T16:57:05+05:30" level=info msg="Adding libraries dir" dir=/home/raj/.arduino15/libraries isSingleLibrary=false location=ide
time="2026-08-14T16:57:05+05:30" level=info msg="Adding libraries dir" dir=/home/raj/.arduino15/packages/arduino/hardware/avr/1.8.8/libraries isSingleLibrary=false location=platform
time="2026-08-14T16:57:05+05:30" level=info msg="Adding libraries dir" dir=/home/raj/Arduino/libraries isSingleLibrary=false location=user
2026-08-14 16:57:05 2026-08-14T11:27:05.511Z daemon INFO time="2026-08-14T16:57:05+05:30" level=info msg="Adding libraries dir" dir=/home/raj/.arduino15/libraries isSingleLibrary=false location=ide
time="2026-08-14T16:57:05+05:30" level=info msg="Adding libraries dir" dir=/home/raj/.arduino15/packages/arduino/hardware/avr/1.8.8/libraries isSingleLibrary=false location=platform
time="2026-08-14T16:57:05+05:30" level=info msg="Adding libraries dir" dir=/home/raj/Arduino/libraries isSingleLibrary=false location=user
2026-08-14 16:57:05 2026-08-14T11:27:05.582Z daemon INFO time="2026-08-14T16:57:05+05:30" level=info msg="Resolving include Wire.h for arch avr"
time="2026-08-14T16:57:05+05:30" level=info msg="  found better lib" lib=Wire prio=6B0
2026-08-14 16:57:05 2026-08-14T11:27:05.608Z root ERROR ---- !!!SLOW!!! DURATION: search took 271.945 ms. Args: [{"query":"Adafruit_PCF8574","type":"All","topic":"All"}] ----
2026-08-14 16:57:05 2026-08-14T11:27:05.618Z daemon INFO time="2026-08-14T16:57:05+05:30" level=info msg="Resolving include Adafruit_PCF8574.h for arch avr"
time="2026-08-14T16:57:05+05:30" level=info msg="  found better lib" lib="Adafruit PCF8574" prio=6A7
2026-08-14 16:57:05 2026-08-14T11:27:05.648Z daemon INFO time="2026-08-14T16:57:05+05:30" level=info msg="Resolving include Adafruit_BusIO_Register.h for arch avr"
time="2026-08-14T16:57:05+05:30" level=info msg="  found better lib" lib="Adafruit BusIO" prio=3EB
2026-08-14 16:57:05 2026-08-14T11:27:05.677Z daemon INFO time="2026-08-14T16:57:05+05:30" level=info msg="Resolving include SPI.h for arch avr"
time="2026-08-14T16:57:05+05:30" level=info msg="  found better lib" lib=SPI prio=6B0
2026-08-14 16:57:05 2026-08-14T11:27:05.747Z daemon INFO time="2026-08-14T16:57:05+05:30" level=info msg="Adding libraries dir" dir=/home/raj/.arduino15/libraries isSingleLibrary=false location=ide
2026-08-14 16:57:05 2026-08-14T11:27:05.748Z daemon INFO time="2026-08-14T16:57:05+05:30" level=info msg="Adding libraries dir" dir=/home/raj/.arduino15/libraries isSingleLibrary=false location=ide
time="2026-08-14T16:57:05+05:30" level=info msg="Adding libraries dir" dir=/home/raj/.arduino15/packages/arduino/hardware/avr/1.8.8/libraries isSingleLibrary=false location=platform
time="2026-08-14T16:57:05+05:30" level=info msg="Adding libraries dir" dir=/home/raj/.arduino15/packages/arduino/hardware/avr/1.8.8/libraries isSingleLibrary=false location=platform
time="2026-08-14T16:57:05+05:30" level=info msg="Adding libraries dir" dir=/home/raj/Arduino/libraries isSingleLibrary=false location=user
time="2026-08-14T16:57:05+05:30" level=info msg="Adding libraries dir" dir=/home/raj/Arduino/libraries isSingleLibrary=false location=user
2026-08-14 16:57:06 2026-08-14T11:27:06.023Z daemon INFO time="2026-08-14T16:57:06+05:30" level=info msg="Adding libraries dir" dir=/home/raj/.arduino15/libraries isSingleLibrary=false location=ide
time="2026-08-14T16:57:06+05:30" level=info msg="Adding libraries dir" dir=/home/raj/.arduino15/packages/arduino/hardware/avr/1.8.8/libraries isSingleLibrary=false location=platform
time="2026-08-14T16:57:06+05:30" level=info msg="Adding libraries dir" dir=/home/raj/Arduino/libraries isSingleLibrary=false location=user
2026-08-14 16:57:06 2026-08-14T11:27:06.052Z root ERROR ---- !!!SLOW!!! DURATION: search took 204.587 ms. Args: [{"query":"adafruit neopixel","type":"All","topic":"All"}] ----
2026-08-14 16:57:06 2026-08-14T11:27:06.058Z root ERROR ---- !!!SLOW!!! DURATION: search took 229.039 ms. Args: [{"query":"Adafruit_PCF8574","type":"All","topic":"All"}] ----
2026-08-14 16:57:29 2026-08-14T11:27:29.236Z discovery-log INFO {"eventType":"add","port":{"matchingBoardsList":[],"port":{"address":"/dev/ttyUSB0","label":"/dev/ttyUSB0","protocol":"serial","protocolLabel":"Serial Port (USB)","propertiesMap":[["pid","0xEA60"],["serialNumber","0001"],["vid","0x10C4"]],"hardwareId":"0001"}},"error":""}
2026-08-14 17:00:07 2026-08-14T11:30:07.682Z daemon INFO time="2026-08-14T17:00:07+05:30" level=info msg="Adding libraries dir" dir=/home/raj/.arduino15/libraries isSingleLibrary=false location=ide
time="2026-08-14T17:00:07+05:30" level=info msg="Adding libraries dir" dir=/home/raj/.arduino15/packages/arduino/hardware/avr/1.8.8/libraries isSingleLibrary=false location=platform
2026-08-14 17:00:07 2026-08-14T11:30:07.682Z daemon INFO time="2026-08-14T17:00:07+05:30" level=info msg="Adding libraries dir" dir=/home/raj/Arduino/libraries isSingleLibrary=false location=user
2026-08-14 17:00:08 2026-08-14T11:30:08.906Z daemon INFO time="2026-08-14T17:00:08+05:30" level=info msg="Adding libraries dir" dir=/home/raj/.arduino15/libraries isSingleLibrary=false location=ide
time="2026-08-14T17:00:08+05:30" level=info msg="Adding libraries dir" dir=/home/raj/.arduino15/packages/arduino/hardware/avr/1.8.8/libraries isSingleLibrary=false location=platform
time="2026-08-14T17:00:08+05:30" level=info msg="Adding libraries dir" dir=/home/raj/Arduino/libraries isSingleLibrary=false location=user
2026-08-14 17:00:10 2026-08-14T11:30:10.658Z daemon INFO time="2026-08-14T17:00:10+05:30" level=info msg="Adding libraries dir" dir=/home/raj/.arduino15/libraries isSingleLibrary=false location=ide
time="2026-08-14T17:00:10+05:30" level=info msg="Adding libraries dir" dir=/home/raj/.arduino15/packages/arduino/hardware/avr/1.8.8/libraries isSingleLibrary=false location=platform
time="2026-08-14T17:00:10+05:30" level=info msg="Adding libraries dir" dir=/home/raj/Arduino/libraries isSingleLibrary=false location=user
2026-08-14 17:00:11 2026-08-14T11:30:11.891Z daemon INFO time="2026-08-14T17:00:11+05:30" level=info msg="Adding libraries dir" dir=/home/raj/.arduino15/libraries isSingleLibrary=false location=ide
time="2026-08-14T17:00:11+05:30" level=info msg="Adding libraries dir" dir=/home/raj/.arduino15/packages/arduino/hardware/avr/1.8.8/libraries isSingleLibrary=false location=platform
time="2026-08-14T17:00:11+05:30" level=info msg="Adding libraries dir" dir=/home/raj/Arduino/libraries isSingleLibrary=false location=user
2026-08-14 17:00:32 2026-08-14T11:30:32.184Z daemon INFO time="2026-08-14T17:00:32+05:30" level=info msg="Adding libraries dir" dir=/home/raj/.arduino15/libraries isSingleLibrary=false location=ide
time="2026-08-14T17:00:32+05:30" level=info msg="Adding libraries dir" dir=/home/raj/.arduino15/packages/arduino/hardware/avr/1.8.8/libraries isSingleLibrary=false location=platform
time="2026-08-14T17:00:32+05:30" level=info msg="Adding libraries dir" dir=/home/raj/Arduino/libraries isSingleLibrary=false location=user
2026-08-14 17:00:33 2026-08-14T11:30:33.920Z daemon INFO time="2026-08-14T17:00:33+05:30" level=info msg="Adding libraries dir" dir=/home/raj/.arduino15/libraries isSingleLibrary=false location=ide
time="2026-08-14T17:00:33+05:30" level=info msg="Adding libraries dir" dir=/home/raj/.arduino15/packages/arduino/hardware/avr/1.8.8/libraries isSingleLibrary=false location=platform
time="2026-08-14T17:00:33+05:30" level=info msg="Adding libraries dir" dir=/home/raj/Arduino/libraries isSingleLibrary=false location=user
2026-08-14 17:00:35 2026-08-14T11:30:35.129Z daemon INFO time="2026-08-14T17:00:35+05:30" level=info msg="Adding libraries dir" dir=/home/raj/.arduino15/libraries isSingleLibrary=false location=ide
time="2026-08-14T17:00:35+05:30" level=info msg="Adding libraries dir" dir=/home/raj/.arduino15/packages/arduino/hardware/avr/1.8.8/libraries isSingleLibrary=false location=platform
time="2026-08-14T17:00:35+05:30" level=info msg="Adding libraries dir" dir=/home/raj/Arduino/libraries isSingleLibrary=false location=user
2026-08-14 17:00:42 2026-08-14T11:30:42.915Z daemon INFO time="2026-08-14T17:00:42+05:30" level=info msg="Adding libraries dir" dir=/home/raj/.arduino15/libraries isSingleLibrary=false location=ide
time="2026-08-14T17:00:42+05:30" level=info msg="Adding libraries dir" dir=/home/raj/.arduino15/packages/arduino/hardware/avr/1.8.8/libraries isSingleLibrary=false location=platform
time="2026-08-14T17:00:42+05:30" level=info msg="Adding libraries dir" dir=/home/raj/Arduino/libraries isSingleLibrary=false location=user
2026-08-14 17:00:44 2026-08-14T11:30:44.137Z daemon INFO time="2026-08-14T17:00:44+05:30" level=info msg="Adding libraries dir" dir=/home/raj/.arduino15/libraries isSingleLibrary=false location=ide
time="2026-08-14T17:00:44+05:30" level=info msg="Adding libraries dir" dir=/home/raj/.arduino15/packages/arduino/hardware/avr/1.8.8/libraries isSingleLibrary=false location=platform
time="2026-08-14T17:00:44+05:30" level=info msg="Adding libraries dir" dir=/home/raj/Arduino/libraries isSingleLibrary=false location=user
2026-08-14 17:00:56 2026-08-14T11:30:56.568Z daemon INFO time="2026-08-14T17:00:56+05:30" level=info msg="Adding libraries dir" dir=/home/raj/.arduino15/libraries isSingleLibrary=false location=ide
time="2026-08-14T17:00:56+05:30" level=info msg="Adding libraries dir" dir=/home/raj/.arduino15/packages/arduino/hardware/avr/1.8.8/libraries isSingleLibrary=false location=platform
time="2026-08-14T17:00:56+05:30" level=info msg="Adding libraries dir" dir=/home/raj/Arduino/libraries isSingleLibrary=false location=user
2026-08-14 17:00:58 2026-08-14T11:30:58.699Z daemon INFO time="2026-08-14T17:00:58+05:30" level=info msg="Adding libraries dir" dir=/home/raj/.arduino15/libraries isSingleLibrary=false location=ide
time="2026-08-14T17:00:58+05:30" level=info msg="Adding libraries dir" dir=/home/raj/.arduino15/packages/arduino/hardware/avr/1.8.8/libraries isSingleLibrary=false location=platform
time="2026-08-14T17:00:58+05:30" level=info msg="Adding libraries dir" dir=/home/raj/Arduino/libraries isSingleLibrary=false location=user
2026-08-14 17:01:02 2026-08-14T11:31:02.638Z daemon INFO time="2026-08-14T17:01:02+05:30" level=info msg="Adding libraries dir" dir=/home/raj/.arduino15/libraries isSingleLibrary=false location=ide
time="2026-08-14T17:01:02+05:30" level=info msg="Adding libraries dir" dir=/home/raj/.arduino15/packages/arduino/hardware/avr/1.8.8/libraries isSingleLibrary=false location=platform
2026-08-14 17:01:02 2026-08-14T11:31:02.639Z daemon INFO time="2026-08-14T17:01:02+05:30" level=info msg="Adding libraries dir" dir=/home/raj/Arduino/libraries isSingleLibrary=false location=user
2026-08-14 17:01:04 2026-08-14T11:31:04.378Z daemon INFO time="2026-08-14T17:01:04+05:30" level=info msg="Adding libraries dir" dir=/home/raj/.arduino15/libraries isSingleLibrary=false location=ide
time="2026-08-14T17:01:04+05:30" level=info msg="Adding libraries dir" dir=/home/raj/.arduino15/packages/arduino/hardware/avr/1.8.8/libraries isSingleLibrary=false location=platform
time="2026-08-14T17:01:04+05:30" level=info msg="Adding libraries dir" dir=/home/raj/Arduino/libraries isSingleLibrary=false location=user
2026-08-14 17:01:05 2026-08-14T11:31:05.601Z daemon INFO time="2026-08-14T17:01:05+05:30" level=info msg="Adding libraries dir" dir=/home/raj/.arduino15/libraries isSingleLibrary=false location=ide
time="2026-08-14T17:01:05+05:30" level=info msg="Adding libraries dir" dir=/home/raj/.arduino15/packages/arduino/hardware/avr/1.8.8/libraries isSingleLibrary=false location=platform
time="2026-08-14T17:01:05+05:30" level=info msg="Adding libraries dir" dir=/home/raj/Arduino/libraries isSingleLibrary=false location=user
2026-08-14 17:01:23 2026-08-14T11:31:23.887Z daemon INFO time="2026-08-14T17:01:23+05:30" level=info msg="Adding libraries dir" dir=/home/raj/.arduino15/libraries isSingleLibrary=false location=ide
time="2026-08-14T17:01:23+05:30" level=info msg="Adding libraries dir" dir=/home/raj/.arduino15/packages/arduino/hardware/avr/1.8.8/libraries isSingleLibrary=false location=platform
time="2026-08-14T17:01:23+05:30" level=info msg="Adding libraries dir" dir=/home/raj/Arduino/libraries isSingleLibrary=false location=user
2026-08-14 17:01:26 2026-08-14T11:31:26.151Z daemon INFO time="2026-08-14T17:01:26+05:30" level=info msg="Adding libraries dir" dir=/home/raj/.arduino15/libraries isSingleLibrary=false location=ide
time="2026-08-14T17:01:26+05:30" level=info msg="Adding libraries dir" dir=/home/raj/.arduino15/packages/arduino/hardware/avr/1.8.8/libraries isSingleLibrary=false location=platform
2026-08-14 17:01:26 2026-08-14T11:31:26.151Z daemon INFO time="2026-08-14T17:01:26+05:30" level=info msg="Adding libraries dir" dir=/home/raj/Arduino/libraries isSingleLibrary=false location=user
2026-08-14 17:01:31 2026-08-14T11:31:31.446Z daemon INFO time="2026-08-14T17:01:31+05:30" level=info msg="Adding libraries dir" dir=/home/raj/.arduino15/libraries isSingleLibrary=false location=ide
time="2026-08-14T17:01:31+05:30" level=info msg="Adding libraries dir" dir=/home/raj/.arduino15/packages/arduino/hardware/avr/1.8.8/libraries isSingleLibrary=false location=platform
time="2026-08-14T17:01:31+05:30" level=info msg="Adding libraries dir" dir=/home/raj/Arduino/libraries isSingleLibrary=false location=user
2026-08-14 17:01:33 2026-08-14T11:31:33.619Z daemon INFO time="2026-08-14T17:01:33+05:30" level=info msg="Adding libraries dir" dir=/home/raj/.arduino15/libraries isSingleLibrary=false location=ide
time="2026-08-14T17:01:33+05:30" level=info msg="Adding libraries dir" dir=/home/raj/.arduino15/packages/arduino/hardware/avr/1.8.8/libraries isSingleLibrary=false location=platform
time="2026-08-14T17:01:33+05:30" level=info msg="Adding libraries dir" dir=/home/raj/Arduino/libraries isSingleLibrary=false location=user
2026-08-14 17:01:41 2026-08-14T11:31:41.039Z daemon INFO time="2026-08-14T17:01:41+05:30" level=info msg="Adding libraries dir" dir=/home/raj/.arduino15/libraries isSingleLibrary=false location=ide
time="2026-08-14T17:01:41+05:30" level=info msg="Adding libraries dir" dir=/home/raj/.arduino15/packages/arduino/hardware/avr/1.8.8/libraries isSingleLibrary=false location=platform
time="2026-08-14T17:01:41+05:30" level=info msg="Adding libraries dir" dir=/home/raj/Arduino/libraries isSingleLibrary=false location=user
2026-08-14 17:01:42 2026-08-14T11:31:42.266Z daemon INFO time="2026-08-14T17:01:42+05:30" level=info msg="Adding libraries dir" dir=/home/raj/.arduino15/libraries isSingleLibrary=false location=ide
time="2026-08-14T17:01:42+05:30" level=info msg="Adding libraries dir" dir=/home/raj/.arduino15/packages/arduino/hardware/avr/1.8.8/libraries isSingleLibrary=false location=platform
time="2026-08-14T17:01:42+05:30" level=info msg="Adding libraries dir" dir=/home/raj/Arduino/libraries isSingleLibrary=false location=user
2026-08-14 17:01:51 2026-08-14T11:31:51.012Z daemon INFO time="2026-08-14T17:01:51+05:30" level=info msg="Adding libraries dir" dir=/home/raj/.arduino15/libraries isSingleLibrary=false location=ide
time="2026-08-14T17:01:51+05:30" level=info msg="Adding libraries dir" dir=/home/raj/.arduino15/packages/arduino/hardware/avr/1.8.8/libraries isSingleLibrary=false location=platform
time="2026-08-14T17:01:51+05:30" level=info msg="Adding libraries dir" dir=/home/raj/Arduino/libraries isSingleLibrary=false location=user
2026-08-14 17:01:53 2026-08-14T11:31:53.107Z daemon INFO time="2026-08-14T17:01:53+05:30" level=info msg="Adding libraries dir" dir=/home/raj/.arduino15/libraries isSingleLibrary=false location=ide
2026-08-14 17:01:53 2026-08-14T11:31:53.107Z daemon INFO time="2026-08-14T17:01:53+05:30" level=info msg="Adding libraries dir" dir=/home/raj/.arduino15/packages/arduino/hardware/avr/1.8.8/libraries isSingleLibrary=false location=platform
time="2026-08-14T17:01:53+05:30" level=info msg="Adding libraries dir" dir=/home/raj/Arduino/libraries isSingleLibrary=false location=user
2026-08-14 17:02:00 2026-08-14T11:32:00.370Z daemon INFO time="2026-08-14T17:02:00+05:30" level=info msg="Adding libraries dir" dir=/home/raj/.arduino15/libraries isSingleLibrary=false location=ide
time="2026-08-14T17:02:00+05:30" level=info msg="Adding libraries dir" dir=/home/raj/.arduino15/packages/arduino/hardware/avr/1.8.8/libraries isSingleLibrary=false location=platform
time="2026-08-14T17:02:00+05:30" level=info msg="Adding libraries dir" dir=/home/raj/Arduino/libraries isSingleLibrary=false location=user
2026-08-14 17:02:01 2026-08-14T11:32:01.600Z daemon INFO time="2026-08-14T17:02:01+05:30" level=info msg="Adding libraries dir" dir=/home/raj/.arduino15/libraries isSingleLibrary=false location=ide
time="2026-08-14T17:02:01+05:30" level=info msg="Adding libraries dir" dir=/home/raj/.arduino15/packages/arduino/hardware/avr/1.8.8/libraries isSingleLibrary=false location=platform
time="2026-08-14T17:02:01+05:30" level=info msg="Adding libraries dir" dir=/home/raj/Arduino/libraries isSingleLibrary=false location=user
2026-08-14 17:02:08 2026-08-14T11:32:08.721Z daemon INFO time="2026-08-14T17:02:08+05:30" level=info msg="Adding libraries dir" dir=/home/raj/.arduino15/libraries isSingleLibrary=false location=ide
time="2026-08-14T17:02:08+05:30" level=info msg="Adding libraries dir" dir=/home/raj/.arduino15/packages/arduino/hardware/avr/1.8.8/libraries isSingleLibrary=false location=platform
2026-08-14 17:02:08 2026-08-14T11:32:08.721Z daemon INFO time="2026-08-14T17:02:08+05:30" level=info msg="Adding libraries dir" dir=/home/raj/Arduino/libraries isSingleLibrary=false location=user
2026-08-14 17:02:09 2026-08-14T11:32:09.984Z daemon INFO time="2026-08-14T17:02:09+05:30" level=info msg="Adding libraries dir" dir=/home/raj/.arduino15/libraries isSingleLibrary=false location=ide
time="2026-08-14T17:02:09+05:30" level=info msg="Adding libraries dir" dir=/home/raj/.arduino15/packages/arduino/hardware/avr/1.8.8/libraries isSingleLibrary=false location=platform
2026-08-14 17:02:09 2026-08-14T11:32:09.984Z daemon INFO time="2026-08-14T17:02:09+05:30" level=info msg="Adding libraries dir" dir=/home/raj/Arduino/libraries isSingleLibrary=false location=user
2026-08-14 17:02:11 2026-08-14T11:32:11.208Z daemon INFO time="2026-08-14T17:02:11+05:30" level=info msg="Adding libraries dir" dir=/home/raj/.arduino15/libraries isSingleLibrary=false location=ide
time="2026-08-14T17:02:11+05:30" level=info msg="Adding libraries dir" dir=/home/raj/.arduino15/packages/arduino/hardware/avr/1.8.8/libraries isSingleLibrary=false location=platform
2026-08-14 17:02:11 2026-08-14T11:32:11.208Z daemon INFO time="2026-08-14T17:02:11+05:30" level=info msg="Adding libraries dir" dir=/home/raj/Arduino/libraries isSingleLibrary=false location=user
2026-08-14 17:02:13 2026-08-14T11:32:13.927Z daemon INFO time="2026-08-14T17:02:13+05:30" level=info msg="Adding libraries dir" dir=/home/raj/.arduino15/libraries isSingleLibrary=false location=ide
time="2026-08-14T17:02:13+05:30" level=info msg="Adding libraries dir" dir=/home/raj/.arduino15/packages/arduino/hardware/avr/1.8.8/libraries isSingleLibrary=false location=platform
time="2026-08-14T17:02:13+05:30" level=info msg="Adding libraries dir" dir=/home/raj/Arduino/libraries isSingleLibrary=false location=user
2026-08-14 17:02:13 2026-08-14T11:32:13.943Z root ERROR onWillSave listeners should provide edits, not directly alter the document.
2026-08-14 17:02:15 2026-08-14T11:32:15.615Z daemon INFO time="2026-08-14T17:02:15+05:30" level=info msg="Adding libraries dir" dir=/home/raj/.arduino15/libraries isSingleLibrary=false location=ide
time="2026-08-14T17:02:15+05:30" level=info msg="Adding libraries dir" dir=/home/raj/.arduino15/packages/arduino/hardware/avr/1.8.8/libraries isSingleLibrary=false location=platform
time="2026-08-14T17:02:15+05:30" level=info msg="Adding libraries dir" dir=/home/raj/Arduino/libraries isSingleLibrary=false location=user
2026-08-14 17:02:16 2026-08-14T11:32:16.852Z daemon INFO time="2026-08-14T17:02:16+05:30" level=info msg="Adding libraries dir" dir=/home/raj/.arduino15/libraries isSingleLibrary=false location=ide
time="2026-08-14T17:02:16+05:30" level=info msg="Adding libraries dir" dir=/home/raj/.arduino15/packages/arduino/hardware/avr/1.8.8/libraries isSingleLibrary=false location=platform
2026-08-14 17:02:16 2026-08-14T11:32:16.853Z daemon INFO time="2026-08-14T17:02:16+05:30" level=info msg="Adding libraries dir" dir=/home/raj/Arduino/libraries isSingleLibrary=false location=user
2026-08-14 17:02:21 2026-08-14T11:32:21.807Z daemon INFO time="2026-08-14T17:02:21+05:30" level=info msg="Adding libraries dir" dir=/home/raj/.arduino15/libraries isSingleLibrary=false location=ide
2026-08-14 17:02:21 2026-08-14T11:32:21.807Z daemon INFO time="2026-08-14T17:02:21+05:30" level=info msg="Adding libraries dir" dir=/home/raj/.arduino15/packages/arduino/hardware/avr/1.8.8/libraries isSingleLibrary=false location=platform
time="2026-08-14T17:02:21+05:30" level=info msg="Adding libraries dir" dir=/home/raj/Arduino/libraries isSingleLibrary=false location=user
2026-08-14 17:02:23 2026-08-14T11:32:23.040Z daemon INFO time="2026-08-14T17:02:23+05:30" level=info msg="Adding libraries dir" dir=/home/raj/.arduino15/libraries isSingleLibrary=false location=ide
time="2026-08-14T17:02:23+05:30" level=info msg="Adding libraries dir" dir=/home/raj/.arduino15/packages/arduino/hardware/avr/1.8.8/libraries isSingleLibrary=false location=platform
2026-08-14 17:02:23 2026-08-14T11:32:23.040Z daemon INFO time="2026-08-14T17:02:23+05:30" level=info msg="Adding libraries dir" dir=/home/raj/Arduino/libraries isSingleLibrary=false location=user
2026-08-14 17:04:20 2026-08-14T11:34:20.556Z root INFO New sketch 'sketch_aug14a' was created in sketchbook 'file:///home/raj/Arduino'.
2026-08-14 17:04:20 2026-08-14T11:34:20.597Z root INFO socked closed
2026-08-14 17:04:20 2026-08-14T11:34:20.597Z root INFO closing connection for 3
2026-08-14 17:04:20 2026-08-14T11:34:20.597Z root INFO Closing channel on service path '/localization-server'.
2026-08-14 17:04:20 2026-08-14T11:34:20.597Z root INFO Closing channel on service path '/os'.
2026-08-14 17:04:20 2026-08-14T11:34:20.597Z root INFO Closing channel on service path '/services/commands'.
2026-08-14 17:04:20 2026-08-14T11:34:20.597Z root INFO Closing channel on service path '/services/keyboard'.
2026-08-14 17:04:20 2026-08-14T11:34:20.597Z root INFO Closing channel on service path '/services/logger'.
2026-08-14 17:04:20 2026-08-14T11:34:20.597Z root INFO Closing channel on service path '/services/messageService'.
2026-08-14 17:04:20 2026-08-14T11:34:20.597Z root INFO Closing channel on service path '/services/ChannelCloseService'.
2026-08-14 17:04:20 2026-08-14T11:34:20.597Z root INFO Closing channel on service path '/services/remote-filesystem'.
2026-08-14 17:04:20 2026-08-14T11:34:20.597Z root INFO Closing channel on service path '/services/envs'.
2026-08-14 17:04:20 2026-08-14T11:34:20.597Z root INFO Closing channel on service path '/services/authentication-service'.
2026-08-14 17:04:20 2026-08-14T11:34:20.597Z root INFO Closing channel on service path '/services/sketches-service'.
2026-08-14 17:04:20 2026-08-14T11:34:20.597Z root INFO Closing channel on service path '/services/config-service'.
2026-08-14 17:04:20 2026-08-14T11:34:20.597Z root INFO Closing channel on service path '/services/workspace'.
2026-08-14 17:04:20 2026-08-14T11:34:20.597Z root INFO Closing channel on service path '/services/notification-service'.
2026-08-14 17:04:20 2026-08-14T11:34:20.597Z root INFO Closing channel on service path '/services/arduino-daemon'.
2026-08-14 17:04:20 2026-08-14T11:34:20.597Z root INFO Closing channel on service path '/services/stopwatch'.
2026-08-14 17:04:20 2026-08-14T11:34:20.597Z root INFO Closing channel on service path '/services/application'.
2026-08-14 17:04:20 2026-08-14T11:34:20.597Z root INFO Closing channel on service path '/services/i18n'.
2026-08-14 17:04:20 2026-08-14T11:34:20.597Z root INFO Closing channel on service path '/services/quickInput'.
2026-08-14 17:04:20 2026-08-14T11:34:20.597Z root INFO Closing channel on service path '/services/debug'.
2026-08-14 17:04:20 2026-08-14T11:34:20.597Z root INFO Closing channel on service path '/services/shell-terminal'.
2026-08-14 17:04:20 2026-08-14T11:34:20.597Z root INFO Closing channel on service path '/services/quickPick'.
2026-08-14 17:04:20 2026-08-14T11:34:20.597Z root INFO Closing channel on service path '/services/task'.
2026-08-14 17:04:20 2026-08-14T11:34:20.597Z root INFO Closing channel on service path '/services/search'.
2026-08-14 17:04:20 2026-08-14T11:34:20.597Z root INFO Closing channel on service path '/services/hostedPlugin'.
2026-08-14 17:04:20 2026-08-14T11:34:20.597Z root INFO Closing channel on service path '/services/plugin-ext'.
2026-08-14 17:04:20 2026-08-14T11:34:20.597Z root INFO Closing channel on service path '/services/plugin-paths'.
2026-08-14 17:04:20 2026-08-14T11:34:20.597Z root INFO Closing channel on service path '/services/cli-preferences'.
2026-08-14 17:04:20 2026-08-14T11:34:20.597Z root INFO Closing channel on service path '/services/boards-service'.
2026-08-14 17:04:20 2026-08-14T11:34:20.597Z root INFO Closing channel on service path '/services/response-service'.
2026-08-14 17:04:20 2026-08-14T11:34:20.597Z root INFO Closing channel on service path '/services/file-system-ext'.
2026-08-14 17:04:20 2026-08-14T11:34:20.597Z root INFO Closing channel on service path '/services/core-service'.
2026-08-14 17:04:20 2026-08-14T11:34:20.597Z root INFO Closing channel on service path '/services/example-service'.
2026-08-14 17:04:20 2026-08-14T11:34:20.597Z root INFO Closing channel on service path '/services/library-service'.
2026-08-14 17:04:20 2026-08-14T11:34:20.597Z root INFO Closing channel on service path '/services/executable-service'.
2026-08-14 17:04:20 2026-08-14T11:34:20.597Z root INFO Closing channel on service path '/services/arduino-firmware-uploader'.
2026-08-14 17:04:20 2026-08-14T11:34:20.597Z root INFO Closing channel on service path '/services/formatter'.
2026-08-14 17:04:20 2026-08-14T11:34:20.597Z root INFO Closing channel on service path '/services/search-in-workspace'.
2026-08-14 17:04:20 2026-08-14T11:34:20.597Z root INFO Closing channel on service path '/services/request-service'.
2026-08-14 17:04:20 2026-08-14T11:34:20.597Z root INFO Closing channel on service path '/services/keyStore'.
2026-08-14 17:04:20 2026-08-14T11:34:20.597Z root INFO Closing channel on service path '/services/languagePackService'.
2026-08-14 17:04:20 Closing channel on service path '/services/electron-window'.
2026-08-14 17:04:20 Closing channel on service path '/services/ide-updater'.
2026-08-14 17:04:20 2026-08-14T11:34:20.653Z root INFO New sketch 'sketch_aug14a' was created in sketchbook 'file:///home/raj/Arduino'.
2026-08-14 17:04:20 2026-08-14T11:34:20.661Z root INFO New sketch 'sketch_aug14a' was created in sketchbook 'file:///home/raj/Arduino'.
2026-08-14 17:04:21 2026-08-14T11:34:21.400Z root INFO creating connection for 3
2026-08-14 17:04:22 2026-08-14T11:34:22.413Z root WARN A command editor.action.toggleStickyScroll is already registered.
2026-08-14 17:04:22 Opening channel for service path '/services/electron-window'.
2026-08-14 17:04:22 Opening channel for service path '/services/ide-updater'.
2026-08-14 17:04:22 2026-08-14T11:34:22.533Z root INFO Start frontend contributions: 285.6 ms [Finished 1.956 s after frontend start]
2026-08-14 17:04:22 2026-08-14T11:34:22.533Z root INFO Changed application state from 'init' to 'started_contributions'.
2026-08-14 17:04:22 2026-08-14T11:34:22.542Z root INFO Changed application state from 'started_contributions' to 'attached_shell'.
2026-08-14 17:04:22 2026-08-14T11:34:22.542Z root INFO >>> Restoring the layout state...
2026-08-14 17:04:22 2026-08-14T11:34:22.719Z root INFO [ebdcbb28-b89f-4f60-929d-b04c8831a2fe] Waiting for backend deployment: 205.9 ms [Finished 2.155 s after frontend start]
2026-08-14 17:04:22 2026-08-14T11:34:22.975Z root INFO <<< Nothing to restore.
2026-08-14 17:04:22 2026-08-14T11:34:22.975Z root INFO Initialize the workbench layout: 329.6 ms [Finished 2.309 s after frontend start]
2026-08-14 17:04:22 2026-08-14T11:34:22.975Z root INFO Changed application state from 'attached_shell' to 'initialized_layout'.
2026-08-14 17:04:23 2026-08-14T11:34:23.495Z root INFO [hosted-plugin: 108151] PLUGIN_HOST(108151) starting instance
[Object: null prototype] {}
2026-08-14 17:04:24 2026-08-14T11:34:24.421Z root INFO [ebdcbb28-b89f-4f60-929d-b04c8831a2fe] Sync of 23 plugins: 1653.0 ms [Finished 3.808 s after frontend start]
2026-08-14 17:04:24 2026-08-14T11:34:24.422Z root INFO [ebdcbb28-b89f-4f60-929d-b04c8831a2fe] Loading plugin contributions
2026-08-14 17:04:24 2026-08-14T11:34:24.422Z root INFO [ebdcbb28-b89f-4f60-929d-b04c8831a2fe] Load contributions of 23 plugins: 48.1 ms [Finished 3.856 s after frontend start]
2026-08-14 17:04:24 2026-08-14T11:34:24.456Z root WARN 'cpp' language is remapped from 'source.cpp.embedded.macro' to 'source.cpp' scope
2026-08-14 17:04:24 2026-08-14T11:34:24.457Z root WARN a registered grammar configuration for 'cpp' language is overridden
2026-08-14 17:04:24 2026-08-14T11:34:24.730Z root INFO Frontend application start: 2366.3 ms [Finished 1854.904 s after backend start]
2026-08-14 17:04:24 2026-08-14T11:34:24.778Z root INFO Replace loading indicator with ready workbench UI (animation): 1605.7 ms [Finished 3.930 s after frontend start]
2026-08-14 17:04:24 2026-08-14T11:34:24.780Z root INFO Changed application state from 'initialized_layout' to 'ready'.
2026-08-14 17:04:24 2026-08-14T11:34:24.780Z root WARN Linked preference "workbench.colorCustomizations" not found.
2026-08-14 17:04:24 2026-08-14T11:34:24.821Z root INFO Executing startup tasks:
2026-08-14 17:04:24 2026-08-14T11:34:24.822Z root INFO  - 'arduino-use-inherited-boards-data' , args: [{"fqbn":"arduino:avr:uno","data":{"configOptions":[],"programmers":[{"id":"arduinoisp","name":"ArduinoISP","platform":"arduino:avr@1.8.8"},{"id":"jtag3","name":"Atmel JTAGICE3 (JTAG mode)","platform":"arduino:avr@1.8.8"},{"id":"arduinoasisp","name":"Arduino as ISP","platform":"arduino:avr@1.8.8"},{"id":"usbGemma","name":"Arduino Gemma","platform":"arduino:avr@1.8.8"},{"id":"arduinoasispatmega32u4","name":"Arduino as ISP (ATmega32U4)","platform":"arduino:avr@1.8.8"},{"id":"atmel_ice","name":"Atmel-ICE (AVR)","platform":"arduino:avr@1.8.8"},{"id":"parallel","name":"Parallel Programmer","platform":"arduino:avr@1.8.8"},{"id":"stk500","name":"Atmel STK500 development board","platform":"arduino:avr@1.8.8"},{"id":"avrisp","name":"AVR ISP","platform":"arduino:avr@1.8.8"},{"id":"jtag3isp","name":"Atmel JTAGICE3 (ISP mode)","platform":"arduino:avr@1.8.8"},{"id":"usbasp","name":"USBasp","platform":"arduino:avr@1.8.8"},{"id":"avrispmkii","name":"AVRISP mkII","platform":"arduino:avr@1.8.8"},{"id":"arduinoisporg","name":"ArduinoISP.org","platform":"arduino:avr@1.8.8"},{"id":"usbtinyisp","name":"USBtinyISP","platform":"arduino:avr@1.8.8"},{"id":"buspirate","name":"BusPirate as ISP","platform":"arduino:avr@1.8.8"}]}}]
2026-08-14 17:04:24 2026-08-14T11:34:24.822Z root INFO  - 'arduino-use-inherited-boards-config' , args: [{"selectedBoard":{"name":"Arduino UNO","fqbn":"arduino:avr:uno","packageId":{"vendorId":"arduino","arch":"avr"},"packageName":"Arduino AVR Boards","manuallyInstalled":false,"selected":false,"missing":false},"selectedPort":{"protocol":"serial","address":"/dev/ttyUSB0"}},{"arduino+serial:///dev/ttyUSB0":{"name":"Arduino UNO","fqbn":"arduino:avr:uno","packageId":{"vendorId":"arduino","arch":"avr"},"packageName":"Arduino AVR Boards","manuallyInstalled":false,"selected":false,"missing":false}}]
2026-08-14 17:04:24 2026-08-14T11:34:24.822Z root INFO  - 'arduino-delete-sketch' , args: [{"toDelete":"file:///tmp/.arduinoIDE-unsaved2026714-101406-zpkqvv.ugz7h/sketch_aug14a"}]
2026-08-14 17:04:25 Sketch file:///tmp/.arduinoIDE-unsaved2026714-101406-zpkqvv.ugz7h/sketch_aug14a was scheduled for deletion
2026-08-14 17:04:25 2026-08-14T11:34:25.147Z daemon INFO time="2026-08-14T17:04:25+05:30" level=info msg="Tool required for debug" tool="arduino:arduinoOTA@1.3.0"
2026-08-14 17:04:25 2026-08-14T11:34:25.147Z daemon INFO time="2026-08-14T17:04:25+05:30" level=info msg="Tool required for debug" tool="arduino:avr-gcc@7.3.0-atmel3.6.1-arduino7"
time="2026-08-14T17:04:25+05:30" level=info msg="Tool required for debug" tool="arduino:avrdude@8.0.0-arduino1"
time="2026-08-14T17:04:25+05:30" level=info msg="Tool required for debug" tool="builtin:ctags@5.8-arduino11"
time="2026-08-14T17:04:25+05:30" level=info msg="Tool required for debug" tool="builtin:dfu-discovery@0.1.2"
2026-08-14 17:04:25 2026-08-14T11:34:25.147Z daemon INFO time="2026-08-14T17:04:25+05:30" level=info msg="Tool required for debug" tool="builtin:mdns-discovery@1.1.0"
2026-08-14 17:04:25 2026-08-14T11:34:25.147Z daemon INFO time="2026-08-14T17:04:25+05:30" level=info msg="Tool required for debug" tool="builtin:serial-discovery@1.5.2"
2026-08-14 17:04:25 2026-08-14T11:34:25.147Z daemon INFO time="2026-08-14T17:04:25+05:30" level=info msg="Tool required for debug" tool="builtin:serial-monitor@0.15.0"
2026-08-14 17:04:25 Successfully deleted sketch /tmp/.arduinoIDE-unsaved2026714-101406-zpkqvv.ugz7h/sketch_aug14a
2026-08-14 17:04:25 Successfully completed the scheduled sketch deletion: /tmp/.arduinoIDE-unsaved2026714-101406-zpkqvv.ugz7h/sketch_aug14a
2026-08-14 17:04:25 2026-08-14T11:34:25.149Z root ERROR Failed to get debug config: arduino:avr:uno, undefined Error: Debugging is not supported.
    at Object.callback (/tmp/.mount_arduinP9Tjvz/resources/app/lib/backend/main.js:2:4756202)
    at Object.onReceiveStatus (/tmp/.mount_arduinP9Tjvz/resources/app/lib/backend/main.js:2:3791917)
    at Object.onReceiveStatus (/tmp/.mount_arduinP9Tjvz/resources/app/lib/backend/main.js:2:2225840)
    at Object.onReceiveStatus (/tmp/.mount_arduinP9Tjvz/resources/app/lib/backend/main.js:2:2225285)
    at /tmp/.mount_arduinP9Tjvz/resources/app/lib/backend/main.js:2:4362019
    at process.processTicksAndRejections (node:internal/process/task_queues:77:11)
2026-08-14 17:04:25 2026-08-14T11:34:25.150Z root ERROR Failed to get debug config: arduino:avr:uno, undefined Error: Debugging is not supported.
    at Object.callback (/tmp/.mount_arduinP9Tjvz/resources/app/lib/backend/main.js:2:4756202)
    at Object.onReceiveStatus (/tmp/.mount_arduinP9Tjvz/resources/app/lib/backend/main.js:2:3791917)
    at Object.onReceiveStatus (/tmp/.mount_arduinP9Tjvz/resources/app/lib/backend/main.js:2:2225840)
    at Object.onReceiveStatus (/tmp/.mount_arduinP9Tjvz/resources/app/lib/backend/main.js:2:2225285)
    at /tmp/.mount_arduinP9Tjvz/resources/app/lib/backend/main.js:2:4362019
    at process.processTicksAndRejections (node:internal/process/task_queues:77:11)
2026-08-14 17:04:25 2026-08-14T11:34:25.150Z daemon INFO time="2026-08-14T17:04:25+05:30" level=info msg="Tool required for debug" tool="arduino:arduinoOTA@1.3.0"
time="2026-08-14T17:04:25+05:30" level=info msg="Tool required for debug" tool="arduino:avr-gcc@7.3.0-atmel3.6.1-arduino7"
time="2026-08-14T17:04:25+05:30" level=info msg="Tool required for debug" tool="arduino:avrdude@8.0.0-arduino1"
time="2026-08-14T17:04:25+05:30" level=info msg="Tool required for debug" tool="builtin:ctags@5.8-arduino11"
time="2026-08-14T17:04:25+05:30" level=info msg="Tool required for debug" tool="builtin:dfu-discovery@0.1.2"
time="2026-08-14T17:04:25+05:30" level=info msg="Tool required for debug" tool="builtin:mdns-discovery@1.1.0"
time="2026-08-14T17:04:25+05:30" level=info msg="Tool required for debug" tool="builtin:serial-discovery@1.5.2"
time="2026-08-14T17:04:25+05:30" level=info msg="Tool required for debug" tool="builtin:serial-monitor@0.15.0"
2026-08-14 17:04:25 2026-08-14T11:34:25.278Z daemon INFO time="2026-08-14T17:04:25+05:30" level=info msg="Tool required for debug" tool="arduino:arduinoOTA@1.3.0"
time="2026-08-14T17:04:25+05:30" level=info msg="Tool required for debug" tool="arduino:avr-gcc@7.3.0-atmel3.6.1-arduino7"
time="2026-08-14T17:04:25+05:30" level=info msg="Tool required for debug" tool="arduino:avrdude@8.0.0-arduino1"
time="2026-08-14T17:04:25+05:30" level=info msg="Tool required for debug" tool="builtin:ctags@5.8-arduino11"
time="2026-08-14T17:04:25+05:30" level=info msg="Tool required for debug" tool="builtin:dfu-discovery@0.1.2"
2026-08-14 17:04:25 2026-08-14T11:34:25.278Z daemon INFO time="2026-08-14T17:04:25+05:30" level=info msg="Tool required for debug" tool="builtin:mdns-discovery@1.1.0"
time="2026-08-14T17:04:25+05:30" level=info msg="Tool required for debug" tool="builtin:serial-discovery@1.5.2"
time="2026-08-14T17:04:25+05:30" level=info msg="Tool required for debug" tool="builtin:serial-monitor@0.15.0"
2026-08-14 17:04:25 2026-08-14T11:34:25.279Z root ERROR Failed to get debug config: arduino:avr:uno, undefined Error: Debugging is not supported.
    at Object.callback (/tmp/.mount_arduinP9Tjvz/resources/app/lib/backend/main.js:2:4756202)
    at Object.onReceiveStatus (/tmp/.mount_arduinP9Tjvz/resources/app/lib/backend/main.js:2:3791917)
    at Object.onReceiveStatus (/tmp/.mount_arduinP9Tjvz/resources/app/lib/backend/main.js:2:2225840)
    at Object.onReceiveStatus (/tmp/.mount_arduinP9Tjvz/resources/app/lib/backend/main.js:2:2225285)
    at /tmp/.mount_arduinP9Tjvz/resources/app/lib/backend/main.js:2:4362019
    at process.processTicksAndRejections (node:internal/process/task_queues:77:11)
2026-08-14 17:04:25 2026-08-14T11:34:25.546Z root ERROR [hosted-plugin: 108151] Conflict in settings file Default: Ignoring cortex-debug.armToolchainPath.linux as cortex-debug.armToolchainPath is null
Conflict in settings file Default: Ignoring cortex-debug.armToolchainPath.osx as cortex-debug.armToolchainPath is null
Conflict in settings file Default: Ignoring cortex-debug.armToolchainPath.windows as cortex-debug.armToolchainPath is null
Conflict in settings file Default: Ignoring cortex-debug.JLinkGDBServerPath.linux as cortex-debug.JLinkGDBServerPath is null
Conflict in settings file Default: Ignoring cortex-debug.JLinkGDBServerPath.osx as cortex-debug.JLinkGDBServerPath is null
Conflict in settings file Default: Ignoring cortex-debug.JLinkGDBServerPath.windows as cortex-debug.JLinkGDBServerPath is null
Conflict in settings file Default: Ignoring cortex-debug.openocdPath.linux as cortex-debug.openocdPath is null
Conflict in settings file Default: Ignoring cortex-debug.openocdPath.osx as cortex-debug.openocdPath is null
Conflict in settings file Default: Ignoring cortex-debug.openocdPath.windows as cortex-debug.openocdPath is null
Conflict in settings file Default: Ignoring cortex-debug.pyocdPath.linux as cortex-debug.pyocdPath is null
Conflict in settings file Default: Ignoring cortex-debug.pyocdPath.osx as cortex-debug.pyocdPath is null
Conflict in settings file Default: Ignoring cortex-debug.pyocdPath.windows as cortex-debug.pyocdPath is null
Conflict in settings file Default: Ignoring cortex-debug.PEGDBServerPath.linux as cortex-debug.PEGDBServerPath is null
Conflict in settings file Default: Ignoring cortex-debug.PEGDBServerPath.osx as cortex-debug.PEGDBServerPath is null
Conflict in settings file Default: Ignoring cortex-debug.PEGDBServerPath.windows as cortex-debug.PEGDBServerPath is null
Conflict in settings file Default: Ignoring cortex-debug.stutilPath.linux as cortex-debug.stutilPath is null
Conflict in settings file Default: Ignoring cortex-debug.stutilPath.osx as cortex-debug.stutilPath is null
Conflict in settings file Default: Ignoring cortex-debug.stutilPath.windows as cortex-debug.stutilPath is null
Conflict in settings file Default: Ignoring cortex-debug.stlinkPath.linux as cortex-debug.stlinkPath is null
Conflict in settings file Default: Ignoring cortex-debug.stlinkPath.osx as cortex-debug.stlinkPath is null
Conflict in settings file Default: Ignoring cortex-debug.stlinkPath.windows as cortex-debug.stlinkPath is null
Conflict in settings file Default: Ignoring cortex-debug.stm32cubeprogrammer.linux as cortex-debug.stm32cubeprogrammer is null
Conflict in settings file Default: Ignoring cortex-debug.stm32cubeprogrammer.osx as cortex-debug.stm32cubeprogrammer is null
Conflict in settings file Default: Ignoring cortex-debug.stm32cubeprogrammer.windows as cortex-debug.stm32cubeprogrammer is null
2026-08-14 17:04:25 2026-08-14T11:34:25.629Z root INFO [hosted-plugin: 108151] PLUGIN_HOST(108151): PluginManagerExtImpl/init()
2026-08-14 17:04:25 2026-08-14T11:34:25.634Z root INFO [hosted-plugin: 108151] PLUGIN_HOST(108151): initializing(vscode-arduino-api@0.1.2 with /tmp/.mount_arduinP9Tjvz/resources/app/lib/backend/plugin-vscode-init)
2026-08-14 17:04:25 2026-08-14T11:34:25.730Z root INFO [hosted-plugin: 108151] PLUGIN_HOST(108151): initializing(json-language-features@1.88.1 with /tmp/.mount_arduinP9Tjvz/resources/app/lib/backend/plugin-vscode-init)
2026-08-14 17:04:25 2026-08-14T11:34:25.735Z root INFO [hosted-plugin: 108151] PLUGIN_HOST(108151): initializing(cortex-debug@1.5.1 with /tmp/.mount_arduinP9Tjvz/resources/app/lib/backend/plugin-vscode-init)
2026-08-14 17:04:25 2026-08-14T11:34:25.736Z root INFO [hosted-plugin: 108151] Debugger contribution has been registered: cortex-debug
2026-08-14 17:04:25 2026-08-14T11:34:25.739Z root INFO [hosted-plugin: 108151] PLUGIN_HOST(108151): initializing(vscode-arduino-tools@0.1.3 with /tmp/.mount_arduinP9Tjvz/resources/app/lib/backend/plugin-vscode-init)
2026-08-14 17:04:25 2026-08-14T11:34:25.742Z root INFO [hosted-plugin: 108151] PLUGIN_HOST(108151): initializing(cpp@1.88.1 with /tmp/.mount_arduinP9Tjvz/resources/app/lib/backend/plugin-vscode-init)
2026-08-14 17:04:25 2026-08-14T11:34:25.743Z root INFO [hosted-plugin: 108151] PLUGIN_HOST(108151): initializing(json@1.88.1 with /tmp/.mount_arduinP9Tjvz/resources/app/lib/backend/plugin-vscode-init)
2026-08-14 17:04:25 2026-08-14T11:34:25.748Z root INFO [hosted-plugin: 108151] PLUGIN_HOST(108151): initializing(vscode-language-pack-bg@1.48.3 with /tmp/.mount_arduinP9Tjvz/resources/app/lib/backend/plugin-vscode-init)
2026-08-14 17:04:25 2026-08-14T11:34:25.750Z root INFO [hosted-plugin: 108151] PLUGIN_HOST(108151): initializing(vscode-language-pack-cs@1.96.0 with /tmp/.mount_arduinP9Tjvz/resources/app/lib/backend/plugin-vscode-init)
2026-08-14 17:04:25 2026-08-14T11:34:25.751Z root INFO [hosted-plugin: 108151] PLUGIN_HOST(108151): initializing(vscode-language-pack-de@1.96.0 with /tmp/.mount_arduinP9Tjvz/resources/app/lib/backend/plugin-vscode-init)
2026-08-14 17:04:25 2026-08-14T11:34:25.753Z root INFO [hosted-plugin: 108151] PLUGIN_HOST(108151): initializing(vscode-language-pack-es@1.96.0 with /tmp/.mount_arduinP9Tjvz/resources/app/lib/backend/plugin-vscode-init)
2026-08-14 17:04:25 2026-08-14T11:34:25.755Z root INFO [hosted-plugin: 108151] PLUGIN_HOST(108151): initializing(vscode-language-pack-fr@1.96.0 with /tmp/.mount_arduinP9Tjvz/resources/app/lib/backend/plugin-vscode-init)
2026-08-14 17:04:25 2026-08-14T11:34:25.756Z root INFO [hosted-plugin: 108151] PLUGIN_HOST(108151): initializing(vscode-language-pack-hu@1.48.3 with /tmp/.mount_arduinP9Tjvz/resources/app/lib/backend/plugin-vscode-init)
2026-08-14 17:04:25 2026-08-14T11:34:25.756Z root INFO [hosted-plugin: 108151] PLUGIN_HOST(108151): initializing(vscode-language-pack-it@1.96.0 with /tmp/.mount_arduinP9Tjvz/resources/app/lib/backend/plugin-vscode-init)
2026-08-14 17:04:25 2026-08-14T11:34:25.757Z root INFO [hosted-plugin: 108151] PLUGIN_HOST(108151): initializing(vscode-language-pack-ja@1.96.0 with /tmp/.mount_arduinP9Tjvz/resources/app/lib/backend/plugin-vscode-init)
2026-08-14 17:04:25 2026-08-14T11:34:25.758Z root INFO [hosted-plugin: 108151] PLUGIN_HOST(108151): initializing(vscode-language-pack-ko@1.96.0 with /tmp/.mount_arduinP9Tjvz/resources/app/lib/backend/plugin-vscode-init)
2026-08-14 17:04:25 2026-08-14T11:34:25.759Z root INFO [hosted-plugin: 108151] PLUGIN_HOST(108151): initializing(vscode-language-pack-nl@1.48.3 with /tmp/.mount_arduinP9Tjvz/resources/app/lib/backend/plugin-vscode-init)
2026-08-14 17:04:25 2026-08-14T11:34:25.759Z root INFO [hosted-plugin: 108151] PLUGIN_HOST(108151): initializing(vscode-language-pack-pl@1.96.0 with /tmp/.mount_arduinP9Tjvz/resources/app/lib/backend/plugin-vscode-init)
2026-08-14 17:04:25 2026-08-14T11:34:25.760Z root INFO [hosted-plugin: 108151] PLUGIN_HOST(108151): initializing(vscode-language-pack-pt-BR@1.96.0 with /tmp/.mount_arduinP9Tjvz/resources/app/lib/backend/plugin-vscode-init)
2026-08-14 17:04:25 2026-08-14T11:34:25.761Z root INFO [hosted-plugin: 108151] PLUGIN_HOST(108151): initializing(vscode-language-pack-ru@1.96.0 with /tmp/.mount_arduinP9Tjvz/resources/app/lib/backend/plugin-vscode-init)
2026-08-14 17:04:25 2026-08-14T11:34:25.762Z root INFO [hosted-plugin: 108151] PLUGIN_HOST(108151): initializing(vscode-language-pack-tr@1.96.0 with /tmp/.mount_arduinP9Tjvz/resources/app/lib/backend/plugin-vscode-init)
2026-08-14 17:04:25 2026-08-14T11:34:25.763Z root INFO [hosted-plugin: 108151] PLUGIN_HOST(108151): initializing(vscode-language-pack-uk@1.48.3 with /tmp/.mount_arduinP9Tjvz/resources/app/lib/backend/plugin-vscode-init)
2026-08-14 17:04:25 2026-08-14T11:34:25.763Z root INFO [hosted-plugin: 108151] PLUGIN_HOST(108151): initializing(vscode-language-pack-zh-hans@1.96.0 with /tmp/.mount_arduinP9Tjvz/resources/app/lib/backend/plugin-vscode-init)
2026-08-14 17:04:25 2026-08-14T11:34:25.764Z root INFO [hosted-plugin: 108151] PLUGIN_HOST(108151): initializing(vscode-language-pack-zh-hant@1.96.0 with /tmp/.mount_arduinP9Tjvz/resources/app/lib/backend/plugin-vscode-init)
2026-08-14 17:04:25 2026-08-14T11:34:25.772Z root INFO [hosted-plugin: 108151] PLUGIN_HOST(108151): PluginManagerExtImpl/loadPlugin(/tmp/.mount_arduinP9Tjvz/resources/app/plugins/vscode-builtin-json-language-features/extension/client/dist/node/jsonClientMain)
2026-08-14 17:04:25 2026-08-14T11:34:25.839Z root INFO [hosted-plugin: 108151] PLUGIN_HOST(108151): PluginManagerExtImpl/loadPlugin(/tmp/.mount_arduinP9Tjvz/resources/app/plugins/vscode-arduino-api/extension/dist/extension.js)
2026-08-14 17:04:25 2026-08-14T11:34:25.844Z root INFO [hosted-plugin: 108151] calling activation function on Arduino IDE API for VS Code extensions
2026-08-14 17:04:25 2026-08-14T11:34:25.877Z root INFO [ebdcbb28-b89f-4f60-929d-b04c8831a2fe] Starting plugins.
2026-08-14 17:04:25 2026-08-14T11:34:25.961Z root INFO [hosted-plugin: 108151] PLUGIN_HOST(108151): PluginManagerExtImpl/loadPlugin(/tmp/.mount_arduinP9Tjvz/resources/app/plugins/cortex-debug/extension/dist/extension.js)
2026-08-14 17:04:26 2026-08-14T11:34:26.007Z root INFO [hosted-plugin: 108151] Debug configuration provider has been registered: cortex-debug, trigger: 1
2026-08-14 17:04:26 2026-08-14T11:34:26.007Z root INFO [hosted-plugin: 108151] calling activation function on Cortex-Debug
2026-08-14 17:04:26 2026-08-14T11:34:26.012Z root INFO [hosted-plugin: 108151] GDB server console created
2026-08-14 17:04:26 2026-08-14T11:34:26.064Z root INFO [ebdcbb28-b89f-4f60-929d-b04c8831a2fe] Start of 23 plugins: 1629.6 ms [Finished 5.500 s after frontend start]
2026-08-14 17:04:26 2026-08-14T11:34:26.086Z root INFO Starting language server: arduino:avr:uno
2026-08-14 17:04:26 2026-08-14T11:34:26.145Z root INFO [hosted-plugin: 108151] calling activation function on JSON Language Features (built-in)
2026-08-14 17:04:26 2026-08-14T11:34:26.150Z root INFO [hosted-plugin: 108151] PLUGIN_HOST(108151): PluginManagerExtImpl/loadPlugin(/tmp/.mount_arduinP9Tjvz/resources/app/plugins/vscode-arduino-tools/extension/dist/extension.js)
2026-08-14 17:04:26 2026-08-14T11:34:26.184Z root INFO [hosted-plugin: 108151] calling activation function on VS Code Arduino Tools
2026-08-14 17:04:26 2026-08-14T11:34:26.215Z daemon INFO time="2026-08-14T17:04:26+05:30" level=info msg="Adding libraries dir" dir=/home/raj/.arduino15/libraries isSingleLibrary=false location=ide
time="2026-08-14T17:04:26+05:30" level=info msg="Adding libraries dir" dir=/home/raj/.arduino15/packages/arduino/hardware/avr/1.8.8/libraries isSingleLibrary=false location=platform
time="2026-08-14T17:04:26+05:30" level=info msg="Adding libraries dir" dir=/home/raj/Arduino/libraries isSingleLibrary=false location=user
2026-08-14 17:04:26 2026-08-14T11:34:26.254Z daemon INFO time="2026-08-14T17:04:26+05:30" level=info msg="Resolving include Wire.h for arch avr"
time="2026-08-14T17:04:26+05:30" level=info msg="  found better lib" lib=Wire prio=6B0
2026-08-14 17:04:26 2026-08-14T11:34:26.281Z daemon INFO time="2026-08-14T17:04:26+05:30" level=info msg="Resolving include Adafruit_PCF8574.h for arch avr"
time="2026-08-14T17:04:26+05:30" level=info msg="  found better lib" lib="Adafruit PCF8574" prio=6A7
2026-08-14 17:04:26 2026-08-14T11:34:26.317Z daemon INFO time="2026-08-14T17:04:26+05:30" level=info msg="Resolving include Adafruit_BusIO_Register.h for arch avr"
time="2026-08-14T17:04:26+05:30" level=info msg="  found better lib" lib="Adafruit BusIO" prio=3EB
2026-08-14 17:04:26 2026-08-14T11:34:26.347Z daemon INFO time="2026-08-14T17:04:26+05:30" level=info msg="Resolving include SPI.h for arch avr"
time="2026-08-14T17:04:26+05:30" level=info msg="  found better lib" lib=SPI prio=6B0
2026-08-14 17:04:26 2026-08-14T11:34:26.688Z daemon INFO time="2026-08-14T17:04:26+05:30" level=info msg="Adding libraries dir" dir=/home/raj/.arduino15/libraries isSingleLibrary=false location=ide
time="2026-08-14T17:04:26+05:30" level=info msg="Adding libraries dir" dir=/home/raj/.arduino15/packages/arduino/hardware/avr/1.8.8/libraries isSingleLibrary=false location=platform
2026-08-14 17:04:26 2026-08-14T11:34:26.688Z daemon INFO time="2026-08-14T17:04:26+05:30" level=info msg="Adding libraries dir" dir=/home/raj/Arduino/libraries isSingleLibrary=false location=user
2026-08-14 17:04:36 isTempSketch: false. Input was /home/raj/Arduino/obstacle
2026-08-14 17:04:36 Marking workspace as a closed sketch. Workspace URI: file:///home/raj/Arduino/obstacle. Date: 1786707276806.
2026-08-14 17:04:36 isTempSketch: false. Input was /home/raj/Arduino/obstacle
2026-08-14 17:04:36 Marking workspace as a closed sketch. Workspace URI: file:///home/raj/Arduino/obstacle. Date: 1786707276812.
2026-08-14 17:04:36 2026-08-14T11:34:36.823Z root INFO socked closed
2026-08-14 17:04:36 2026-08-14T11:34:36.824Z root INFO closing connection for 2
2026-08-14 17:04:36 2026-08-14T11:34:36.824Z root INFO Closing channel on service path '/localization-server'.
2026-08-14 17:04:36 2026-08-14T11:34:36.824Z root INFO Closing channel on service path '/os'.
2026-08-14 17:04:36 2026-08-14T11:34:36.824Z root INFO Closing channel on service path '/services/commands'.
2026-08-14 17:04:36 2026-08-14T11:34:36.824Z root INFO Closing channel on service path '/services/keyboard'.
2026-08-14 17:04:36 2026-08-14T11:34:36.824Z root INFO Closing channel on service path '/services/logger'.
2026-08-14 17:04:36 2026-08-14T11:34:36.824Z root INFO Closing channel on service path '/services/messageService'.
2026-08-14 17:04:36 2026-08-14T11:34:36.824Z root INFO Closing channel on service path '/services/ChannelCloseService'.
2026-08-14 17:04:36 2026-08-14T11:34:36.824Z root INFO Closing channel on service path '/services/remote-filesystem'.
2026-08-14 17:04:36 2026-08-14T11:34:36.824Z root INFO Closing channel on service path '/services/envs'.
2026-08-14 17:04:36 2026-08-14T11:34:36.824Z root INFO Closing channel on service path '/services/authentication-service'.
2026-08-14 17:04:36 2026-08-14T11:34:36.824Z root INFO Closing channel on service path '/services/sketches-service'.
2026-08-14 17:04:36 2026-08-14T11:34:36.824Z root INFO Closing channel on service path '/services/config-service'.
2026-08-14 17:04:36 2026-08-14T11:34:36.824Z root INFO Closing channel on service path '/services/workspace'.
2026-08-14 17:04:36 2026-08-14T11:34:36.824Z root INFO Closing channel on service path '/services/notification-service'.
2026-08-14 17:04:36 2026-08-14T11:34:36.824Z root INFO Closing channel on service path '/services/arduino-daemon'.
2026-08-14 17:04:36 2026-08-14T11:34:36.824Z root INFO Closing channel on service path '/services/stopwatch'.
2026-08-14 17:04:36 2026-08-14T11:34:36.824Z root INFO Closing channel on service path '/services/application'.
2026-08-14 17:04:36 2026-08-14T11:34:36.824Z root INFO Closing channel on service path '/services/i18n'.
2026-08-14 17:04:36 2026-08-14T11:34:36.824Z root INFO Closing channel on service path '/services/quickInput'.
2026-08-14 17:04:36 2026-08-14T11:34:36.824Z root INFO Closing channel on service path '/services/debug'.
2026-08-14 17:04:36 2026-08-14T11:34:36.824Z root INFO Closing channel on service path '/services/shell-terminal'.
2026-08-14 17:04:36 2026-08-14T11:34:36.824Z root INFO Closing channel on service path '/services/quickPick'.
2026-08-14 17:04:36 2026-08-14T11:34:36.824Z root INFO Closing channel on service path '/services/task'.
2026-08-14 17:04:36 2026-08-14T11:34:36.824Z root INFO Closing channel on service path '/services/search'.
2026-08-14 17:04:36 2026-08-14T11:34:36.824Z root INFO Closing channel on service path '/services/hostedPlugin'.
2026-08-14 17:04:36 2026-08-14T11:34:36.824Z root INFO Closing channel on service path '/services/plugin-ext'.
2026-08-14 17:04:36 2026-08-14T11:34:36.824Z root INFO Closing channel on service path '/services/plugin-paths'.
2026-08-14 17:04:36 2026-08-14T11:34:36.824Z root INFO Closing channel on service path '/services/cli-preferences'.
2026-08-14 17:04:36 2026-08-14T11:34:36.824Z root INFO Closing channel on service path '/services/boards-service'.
2026-08-14 17:04:36 2026-08-14T11:34:36.824Z root INFO Closing channel on service path '/services/response-service'.
2026-08-14 17:04:36 2026-08-14T11:34:36.824Z root INFO Closing channel on service path '/services/file-system-ext'.
2026-08-14 17:04:36 2026-08-14T11:34:36.824Z root INFO Closing channel on service path '/services/core-service'.
2026-08-14 17:04:36 2026-08-14T11:34:36.824Z root INFO Closing channel on service path '/services/example-service'.
2026-08-14 17:04:36 2026-08-14T11:34:36.824Z root INFO Closing channel on service path '/services/library-service'.
2026-08-14 17:04:36 2026-08-14T11:34:36.824Z root INFO Closing channel on service path '/services/executable-service'.
2026-08-14 17:04:36 2026-08-14T11:34:36.824Z root INFO Closing channel on service path '/services/arduino-firmware-uploader'.
2026-08-14 17:04:36 2026-08-14T11:34:36.824Z root INFO Closing channel on service path '/services/formatter'.
2026-08-14 17:04:36 2026-08-14T11:34:36.824Z root INFO Closing channel on service path '/services/search-in-workspace'.
2026-08-14 17:04:36 2026-08-14T11:34:36.824Z root INFO Closing channel on service path '/services/request-service'.
2026-08-14 17:04:36 2026-08-14T11:34:36.824Z root INFO Closing channel on service path '/services/keyStore'.
2026-08-14 17:04:36 2026-08-14T11:34:36.824Z root INFO Closing channel on service path '/services/languagePackService'.
2026-08-14 17:04:36 Closing channel on service path '/services/electron-window'.
2026-08-14 17:04:36 Closing channel on service path '/services/ide-updater'.
2026-08-14 17:04:39 isTempSketch: false. Input was /home/raj/Arduino/led_on_off
2026-08-14 17:04:39 Marking workspace as a closed sketch. Workspace URI: file:///home/raj/Arduino/led_on_off. Date: 1786707279292.
2026-08-14 17:04:39 isTempSketch: false. Input was /home/raj/Arduino/led_on_off
2026-08-14 17:04:39 Marking workspace as a closed sketch. Workspace URI: file:///home/raj/Arduino/led_on_off. Date: 1786707279297.
2026-08-14 17:04:39 2026-08-14T11:34:39.308Z root INFO socked closed
2026-08-14 17:04:39 2026-08-14T11:34:39.308Z root INFO closing connection for 1
2026-08-14 17:04:39 2026-08-14T11:34:39.308Z root INFO Closing channel on service path '/localization-server'.
2026-08-14 17:04:39 2026-08-14T11:34:39.308Z root INFO Closing channel on service path '/os'.
2026-08-14 17:04:39 2026-08-14T11:34:39.308Z root INFO Closing channel on service path '/services/commands'.
2026-08-14 17:04:39 2026-08-14T11:34:39.308Z root INFO Closing channel on service path '/services/keyboard'.
2026-08-14 17:04:39 2026-08-14T11:34:39.308Z root INFO Closing channel on service path '/services/logger'.
2026-08-14 17:04:39 2026-08-14T11:34:39.308Z root INFO Closing channel on service path '/services/messageService'.
2026-08-14 17:04:39 2026-08-14T11:34:39.308Z root INFO Closing channel on service path '/services/ChannelCloseService'.
2026-08-14 17:04:39 2026-08-14T11:34:39.308Z root INFO Closing channel on service path '/services/remote-filesystem'.
2026-08-14 17:04:39 2026-08-14T11:34:39.308Z root INFO Closing channel on service path '/services/envs'.
2026-08-14 17:04:39 2026-08-14T11:34:39.308Z root INFO Closing channel on service path '/services/authentication-service'.
2026-08-14 17:04:39 2026-08-14T11:34:39.308Z root INFO Closing channel on service path '/services/sketches-service'.
2026-08-14 17:04:39 2026-08-14T11:34:39.308Z root INFO Closing channel on service path '/services/config-service'.
2026-08-14 17:04:39 2026-08-14T11:34:39.308Z root INFO Closing channel on service path '/services/workspace'.
2026-08-14 17:04:39 2026-08-14T11:34:39.308Z root INFO Closing channel on service path '/services/notification-service'.
2026-08-14 17:04:39 2026-08-14T11:34:39.308Z root INFO Closing channel on service path '/services/arduino-daemon'.
2026-08-14 17:04:39 2026-08-14T11:34:39.308Z root INFO Closing channel on service path '/services/stopwatch'.
2026-08-14 17:04:39 2026-08-14T11:34:39.308Z root INFO Closing channel on service path '/services/application'.
2026-08-14 17:04:39 2026-08-14T11:34:39.308Z root INFO Closing channel on service path '/services/i18n'.
2026-08-14 17:04:39 2026-08-14T11:34:39.308Z root INFO Closing channel on service path '/services/quickInput'.
2026-08-14 17:04:39 2026-08-14T11:34:39.308Z root INFO Closing channel on service path '/services/debug'.
2026-08-14 17:04:39 2026-08-14T11:34:39.308Z root INFO Closing channel on service path '/services/shell-terminal'.
2026-08-14 17:04:39 2026-08-14T11:34:39.308Z root INFO Closing channel on service path '/services/quickPick'.
2026-08-14 17:04:39 2026-08-14T11:34:39.308Z root INFO Closing channel on service path '/services/task'.
2026-08-14 17:04:39 2026-08-14T11:34:39.308Z root INFO Closing channel on service path '/services/search'.
2026-08-14 17:04:39 2026-08-14T11:34:39.308Z root INFO Closing channel on service path '/services/hostedPlugin'.
2026-08-14 17:04:39 2026-08-14T11:34:39.308Z root INFO Closing channel on service path '/services/plugin-ext'.
2026-08-14 17:04:39 2026-08-14T11:34:39.308Z root INFO Closing channel on service path '/services/plugin-paths'.
2026-08-14 17:04:39 2026-08-14T11:34:39.308Z root INFO Closing channel on service path '/services/cli-preferences'.
2026-08-14 17:04:39 2026-08-14T11:34:39.308Z root INFO Closing channel on service path '/services/boards-service'.
2026-08-14 17:04:39 2026-08-14T11:34:39.308Z root INFO Closing channel on service path '/services/response-service'.
2026-08-14 17:04:39 2026-08-14T11:34:39.308Z root INFO Closing channel on service path '/services/file-system-ext'.
2026-08-14 17:04:39 2026-08-14T11:34:39.308Z root INFO Closing channel on service path '/services/core-service'.
2026-08-14 17:04:39 2026-08-14T11:34:39.308Z root INFO Closing channel on service path '/services/example-service'.
2026-08-14 17:04:39 2026-08-14T11:34:39.308Z root INFO Closing channel on service path '/services/library-service'.
2026-08-14 17:04:39 2026-08-14T11:34:39.308Z root INFO Closing channel on service path '/services/executable-service'.
2026-08-14 17:04:39 2026-08-14T11:34:39.308Z root INFO Closing channel on service path '/services/arduino-firmware-uploader'.
2026-08-14 17:04:39 2026-08-14T11:34:39.308Z root INFO Closing channel on service path '/services/formatter'.
2026-08-14 17:04:39 2026-08-14T11:34:39.308Z root INFO Closing channel on service path '/services/search-in-workspace'.
2026-08-14 17:04:39 2026-08-14T11:34:39.308Z root INFO Closing channel on service path '/services/request-service'.
2026-08-14 17:04:39 2026-08-14T11:34:39.308Z root INFO Closing channel on service path '/services/keyStore'.
2026-08-14 17:04:39 2026-08-14T11:34:39.308Z root INFO Closing channel on service path '/services/languagePackService'.
2026-08-14 17:04:39 Closing channel on service path '/services/electron-window'.
2026-08-14 17:04:39 Closing channel on service path '/services/ide-updater'.
2026-08-14 17:05:10 2026-08-14T11:35:10.575Z daemon INFO time="2026-08-14T17:05:10+05:30" level=info msg="Adding libraries dir" dir=/home/raj/.arduino15/libraries isSingleLibrary=false location=ide
time="2026-08-14T17:05:10+05:30" level=info msg="Adding libraries dir" dir=/home/raj/.arduino15/packages/arduino/hardware/avr/1.8.8/libraries isSingleLibrary=false location=platform
time="2026-08-14T17:05:10+05:30" level=info msg="Adding libraries dir" dir=/home/raj/Arduino/libraries isSingleLibrary=false location=user
2026-08-14 17:05:10 2026-08-14T11:35:10.628Z daemon INFO time="2026-08-14T17:05:10+05:30" level=info msg="Resolving include Wire.h for arch avr"
time="2026-08-14T17:05:10+05:30" level=info msg="  found better lib" lib=Wire prio=6B0
2026-08-14 17:05:10 2026-08-14T11:35:10.663Z daemon INFO time="2026-08-14T17:05:10+05:30" level=info msg="Resolving include Adafruit_PCF8574.h for arch avr"
time="2026-08-14T17:05:10+05:30" level=info msg="  found better lib" lib="Adafruit PCF8574" prio=6A7
2026-08-14 17:05:10 2026-08-14T11:35:10.697Z daemon INFO time="2026-08-14T17:05:10+05:30" level=info msg="Resolving include Adafruit_BusIO_Register.h for arch avr"
time="2026-08-14T17:05:10+05:30" level=info msg="  found better lib" lib="Adafruit BusIO" prio=3EB
2026-08-14 17:05:10 2026-08-14T11:35:10.742Z daemon INFO time="2026-08-14T17:05:10+05:30" level=info msg="Resolving include SPI.h for arch avr"
time="2026-08-14T17:05:10+05:30" level=info msg="  found better lib" lib=SPI prio=6B0
2026-08-14 17:05:12 2026-08-14T11:35:12.003Z root INFO Executing 'arduino.languageserver.notifyBuildDidComplete' with "file:///home/raj/.cache/arduino/sketches/2411DE0678EDB1846DFE9B0259A57B81"
2026-08-14 17:05:12 2026-08-14T11:35:12.038Z daemon INFO time="2026-08-14T17:05:12+05:30" level=info msg="Tool required for debug" tool="arduino:arduinoOTA@1.3.0"
time="2026-08-14T17:05:12+05:30" level=info msg="Tool required for debug" tool="arduino:avr-gcc@7.3.0-atmel3.6.1-arduino7"
time="2026-08-14T17:05:12+05:30" level=info msg="Tool required for debug" tool="arduino:avrdude@8.0.0-arduino1"
time="2026-08-14T17:05:12+05:30" level=info msg="Tool required for debug" tool="builtin:serial-monitor@0.15.0"
2026-08-14 17:05:12 2026-08-14T11:35:12.039Z daemon INFO time="2026-08-14T17:05:12+05:30" level=info msg="Tool required for debug" tool="builtin:ctags@5.8-arduino11"
time="2026-08-14T17:05:12+05:30" level=info msg="Tool required for debug" tool="builtin:dfu-discovery@0.1.2"
time="2026-08-14T17:05:12+05:30" level=info msg="Tool required for debug" tool="builtin:mdns-discovery@1.1.0"
time="2026-08-14T17:05:12+05:30" level=info msg="Tool required for debug" tool="builtin:serial-discovery@1.5.2"
2026-08-14 17:05:12 2026-08-14T11:35:12.040Z root ERROR Failed to get debug config: arduino:avr:uno, undefined Error: Debugging is not supported.
    at Object.callback (/tmp/.mount_arduinP9Tjvz/resources/app/lib/backend/main.js:2:4756202)
    at Object.onReceiveStatus (/tmp/.mount_arduinP9Tjvz/resources/app/lib/backend/main.js:2:3791917)
    at Object.onReceiveStatus (/tmp/.mount_arduinP9Tjvz/resources/app/lib/backend/main.js:2:2225840)
    at Object.onReceiveStatus (/tmp/.mount_arduinP9Tjvz/resources/app/lib/backend/main.js:2:2225285)
    at /tmp/.mount_arduinP9Tjvz/resources/app/lib/backend/main.js:2:4362019
    at process.processTicksAndRejections (node:internal/process/task_queues:77:11)
2026-08-14 17:05:13 2026-08-14T11:35:13.016Z daemon INFO time="2026-08-14T17:05:13+05:30" level=info msg="Adding libraries dir" dir=/home/raj/.arduino15/libraries isSingleLibrary=false location=ide
time="2026-08-14T17:05:13+05:30" level=info msg="Adding libraries dir" dir=/home/raj/.arduino15/packages/arduino/hardware/avr/1.8.8/libraries isSingleLibrary=false location=platform
time="2026-08-14T17:05:13+05:30" level=info msg="Adding libraries dir" dir=/home/raj/Arduino/libraries isSingleLibrary=false location=user
2026-08-14 17:05:14 2026-08-14T11:35:14.881Z daemon INFO time="2026-08-14T17:05:14+05:30" level=info msg="Adding libraries dir" dir=/home/raj/.arduino15/libraries isSingleLibrary=false location=ide
time="2026-08-14T17:05:14+05:30" level=info msg="Adding libraries dir" dir=/home/raj/.arduino15/packages/arduino/hardware/avr/1.8.8/libraries isSingleLibrary=false location=platform
time="2026-08-14T17:05:14+05:30" level=info msg="Adding libraries dir" dir=/home/raj/Arduino/libraries isSingleLibrary=false location=user
2026-08-14 17:05:14 2026-08-14T11:35:14.948Z daemon INFO time="2026-08-14T17:05:14+05:30" level=info msg="Resolving include Wire.h for arch avr"
time="2026-08-14T17:05:14+05:30" level=info msg="  found better lib" lib=Wire prio=6B0
2026-08-14 17:05:14 2026-08-14T11:35:14.949Z daemon INFO time="2026-08-14T17:05:14+05:30" level=info msg="Resolving include Adafruit_PCF8574.h for arch avr"
time="2026-08-14T17:05:14+05:30" level=info msg="  found better lib" lib="Adafruit PCF8574" prio=6A7
2026-08-14 17:05:14 2026-08-14T11:35:14.950Z daemon INFO time="2026-08-14T17:05:14+05:30" level=info msg="Resolving include Adafruit_BusIO_Register.h for arch avr"
time="2026-08-14T17:05:14+05:30" level=info msg="  found better lib" lib="Adafruit BusIO" prio=3EB
2026-08-14 17:05:14 2026-08-14T11:35:14.950Z daemon INFO time="2026-08-14T17:05:14+05:30" level=info msg="Resolving include SPI.h for arch avr"
time="2026-08-14T17:05:14+05:30" level=info msg="  found better lib" lib=SPI prio=6B0
2026-08-14 17:05:15 2026-08-14T11:35:15.398Z root INFO Executing 'arduino.languageserver.notifyBuildDidComplete' with "file:///home/raj/.cache/arduino/sketches/2411DE0678EDB1846DFE9B0259A57B81"
2026-08-14 17:05:15 2026-08-14T11:35:15.438Z daemon INFO time="2026-08-14T17:05:15+05:30" level=info msg="Tool required for debug" tool="arduino:arduinoOTA@1.3.0"
time="2026-08-14T17:05:15+05:30" level=info msg="Tool required for debug" tool="arduino:avr-gcc@7.3.0-atmel3.6.1-arduino7"
time="2026-08-14T17:05:15+05:30" level=info msg="Tool required for debug" tool="arduino:avrdude@8.0.0-arduino1"
time="2026-08-14T17:05:15+05:30" level=info msg="Tool required for debug" tool="builtin:serial-monitor@0.15.0"
2026-08-14 17:05:15 2026-08-14T11:35:15.438Z daemon INFO time="2026-08-14T17:05:15+05:30" level=info msg="Tool required for debug" tool="builtin:ctags@5.8-arduino11"
time="2026-08-14T17:05:15+05:30" level=info msg="Tool required for debug" tool="builtin:dfu-discovery@0.1.2"
time="2026-08-14T17:05:15+05:30" level=info msg="Tool required for debug" tool="builtin:mdns-discovery@1.1.0"
time="2026-08-14T17:05:15+05:30" level=info msg="Tool required for debug" tool="builtin:serial-discovery@1.5.2"
2026-08-14 17:05:15 2026-08-14T11:35:15.439Z root ERROR Failed to get debug config: arduino:avr:uno, undefined Error: Debugging is not supported.
    at Object.callback (/tmp/.mount_arduinP9Tjvz/resources/app/lib/backend/main.js:2:4756202)
    at Object.onReceiveStatus (/tmp/.mount_arduinP9Tjvz/resources/app/lib/backend/main.js:2:3791917)
    at Object.onReceiveStatus (/tmp/.mount_arduinP9Tjvz/resources/app/lib/backend/main.js:2:2225840)
    at Object.onReceiveStatus (/tmp/.mount_arduinP9Tjvz/resources/app/lib/backend/main.js:2:2225285)
    at /tmp/.mount_arduinP9Tjvz/resources/app/lib/backend/main.js:2:4362019
    at process.processTicksAndRejections (node:internal/process/task_queues:77:11)
2026-08-14 17:05:16 2026-08-14T11:35:16.412Z daemon INFO time="2026-08-14T17:05:16+05:30" level=info msg="Adding libraries dir" dir=/home/raj/.arduino15/libraries isSingleLibrary=false location=ide
time="2026-08-14T17:05:16+05:30" level=info msg="Adding libraries dir" dir=/home/raj/.arduino15/packages/arduino/hardware/avr/1.8.8/libraries isSingleLibrary=false location=platform
time="2026-08-14T17:05:16+05:30" level=info msg="Adding libraries dir" dir=/home/raj/Arduino/libraries isSingleLibrary=false location=user
2026-08-14 17:05:18 2026-08-14T11:35:18.325Z root INFO Received port after upload [arduino+serial:///dev/ttyUSB0, arduino:avr:uno, sketch_aug14a]. Before port: {"protocol":"serial","address":"/dev/ttyUSB0"}, after port: {"address":"/dev/ttyUSB0","addressLabel":"/dev/ttyUSB0","protocol":"serial","protocolLabel":"Serial Port (USB)","properties":{"pid":"0xEA60","serialNumber":"0001","vid":"0x10C4"},"hardwareId":"0001"}
2026-08-14 17:05:35 2026-08-14T11:35:35.265Z root INFO creating connection for 4
2026-08-14 17:05:36 2026-08-14T11:35:36.378Z root WARN A command editor.action.toggleStickyScroll is already registered.
2026-08-14 17:05:36 Opening channel for service path '/services/electron-window'.
2026-08-14 17:05:36 Opening channel for service path '/services/ide-updater'.
2026-08-14 17:05:36 2026-08-14T11:35:36.535Z root INFO Start frontend contributions: 354.2 ms [Finished 2.224 s after frontend start]
2026-08-14 17:05:36 2026-08-14T11:35:36.535Z root INFO Changed application state from 'init' to 'started_contributions'.
2026-08-14 17:05:36 2026-08-14T11:35:36.547Z root INFO Changed application state from 'started_contributions' to 'attached_shell'.
2026-08-14 17:05:36 2026-08-14T11:35:36.547Z root INFO >>> Restoring the layout state...
2026-08-14 17:05:36 2026-08-14T11:35:36.609Z root INFO [fb492046-caac-4236-befb-ff7cb4dbf608] Waiting for backend deployment: 101.1 ms [Finished 2.314 s after frontend start]
2026-08-14 17:05:36 2026-08-14T11:35:36.892Z root INFO <<< Nothing to restore.
2026-08-14 17:05:36 2026-08-14T11:35:36.892Z root INFO Initialize the workbench layout: 213.8 ms [Finished 2.467 s after frontend start]
2026-08-14 17:05:36 2026-08-14T11:35:36.893Z root INFO Changed application state from 'attached_shell' to 'initialized_layout'.
2026-08-14 17:05:37 2026-08-14T11:35:37.435Z root INFO [hosted-plugin: 108806] PLUGIN_HOST(108806) starting instance
[Object: null prototype] {}
2026-08-14 17:05:38 2026-08-14T11:35:38.346Z root INFO [fb492046-caac-4236-befb-ff7cb4dbf608] Sync of 23 plugins: 1686.6 ms [Finished 4.001 s after frontend start]
2026-08-14 17:05:38 2026-08-14T11:35:38.347Z root INFO [fb492046-caac-4236-befb-ff7cb4dbf608] Loading plugin contributions
2026-08-14 17:05:38 2026-08-14T11:35:38.347Z root INFO [fb492046-caac-4236-befb-ff7cb4dbf608] Load contributions of 23 plugins: 49.8 ms [Finished 4.051 s after frontend start]
2026-08-14 17:05:38 2026-08-14T11:35:38.388Z root WARN 'cpp' language is remapped from 'source.cpp.embedded.macro' to 'source.cpp' scope
2026-08-14 17:05:38 2026-08-14T11:35:38.388Z root WARN a registered grammar configuration for 'cpp' language is overridden
2026-08-14 17:05:38 2026-08-14T11:35:38.686Z root INFO Frontend application start: 2342.2 ms [Finished 1928.835 s after backend start]
2026-08-14 17:05:38 2026-08-14T11:35:38.709Z root INFO Replace loading indicator with ready workbench UI (animation): 1643.4 ms [Finished 4.128 s after frontend start]
2026-08-14 17:05:38 2026-08-14T11:35:38.709Z root INFO Changed application state from 'initialized_layout' to 'ready'.
2026-08-14 17:05:38 2026-08-14T11:35:38.709Z root WARN Linked preference "workbench.colorCustomizations" not found.
2026-08-14 17:05:38 2026-08-14T11:35:38.846Z root INFO Executing startup tasks:
2026-08-14 17:05:38 2026-08-14T11:35:38.846Z root INFO  - 'arduino-use-inherited-boards-data' , args: [{"fqbn":"arduino:avr:uno","data":{"configOptions":[],"programmers":[{"id":"arduinoisp","name":"ArduinoISP","platform":"arduino:avr@1.8.8"},{"id":"jtag3","name":"Atmel JTAGICE3 (JTAG mode)","platform":"arduino:avr@1.8.8"},{"id":"arduinoasisp","name":"Arduino as ISP","platform":"arduino:avr@1.8.8"},{"id":"usbGemma","name":"Arduino Gemma","platform":"arduino:avr@1.8.8"},{"id":"arduinoasispatmega32u4","name":"Arduino as ISP (ATmega32U4)","platform":"arduino:avr@1.8.8"},{"id":"atmel_ice","name":"Atmel-ICE (AVR)","platform":"arduino:avr@1.8.8"},{"id":"parallel","name":"Parallel Programmer","platform":"arduino:avr@1.8.8"},{"id":"stk500","name":"Atmel STK500 development board","platform":"arduino:avr@1.8.8"},{"id":"avrisp","name":"AVR ISP","platform":"arduino:avr@1.8.8"},{"id":"jtag3isp","name":"Atmel JTAGICE3 (ISP mode)","platform":"arduino:avr@1.8.8"},{"id":"usbasp","name":"USBasp","platform":"arduino:avr@1.8.8"},{"id":"avrispmkii","name":"AVRISP mkII","platform":"arduino:avr@1.8.8"},{"id":"arduinoisporg","name":"ArduinoISP.org","platform":"arduino:avr@1.8.8"},{"id":"usbtinyisp","name":"USBtinyISP","platform":"arduino:avr@1.8.8"},{"id":"buspirate","name":"BusPirate as ISP","platform":"arduino:avr@1.8.8"}]}}]
2026-08-14 17:05:38 2026-08-14T11:35:38.846Z root INFO  - 'arduino-use-inherited-boards-config' , args: [{"selectedBoard":{"name":"Arduino UNO","fqbn":"arduino:avr:uno","packageId":{"vendorId":"arduino","arch":"avr"},"packageName":"Arduino AVR Boards","manuallyInstalled":false,"selected":false,"missing":false},"selectedPort":{"protocol":"serial","address":"/dev/ttyUSB0"}},{"arduino+serial:///dev/ttyUSB0":{"name":"Arduino UNO","fqbn":"arduino:avr:uno","packageId":{"vendorId":"arduino","arch":"avr"},"packageName":"Arduino AVR Boards","manuallyInstalled":false,"selected":false,"missing":false}}]
2026-08-14 17:05:39 2026-08-14T11:35:39.182Z daemon INFO time="2026-08-14T17:05:39+05:30" level=info msg="Tool required for debug" tool="arduino:arduinoOTA@1.3.0"
time="2026-08-14T17:05:39+05:30" level=info msg="Tool required for debug" tool="arduino:avr-gcc@7.3.0-atmel3.6.1-arduino7"
2026-08-14 17:05:39 2026-08-14T11:35:39.182Z daemon INFO time="2026-08-14T17:05:39+05:30" level=info msg="Tool required for debug" tool="arduino:avrdude@8.0.0-arduino1"
time="2026-08-14T17:05:39+05:30" level=info msg="Tool required for debug" tool="builtin:dfu-discovery@0.1.2"
time="2026-08-14T17:05:39+05:30" level=info msg="Tool required for debug" tool="builtin:mdns-discovery@1.1.0"
time="2026-08-14T17:05:39+05:30" level=info msg="Tool required for debug" tool="builtin:serial-discovery@1.5.2"
time="2026-08-14T17:05:39+05:30" level=info msg="Tool required for debug" tool="builtin:serial-monitor@0.15.0"
time="2026-08-14T17:05:39+05:30" level=info msg="Tool required for debug" tool="builtin:ctags@5.8-arduino11"
2026-08-14 17:05:39 2026-08-14T11:35:39.183Z root ERROR Failed to get debug config: arduino:avr:uno, undefined Error: Debugging is not supported.
    at Object.callback (/tmp/.mount_arduinP9Tjvz/resources/app/lib/backend/main.js:2:4756202)
    at Object.onReceiveStatus (/tmp/.mount_arduinP9Tjvz/resources/app/lib/backend/main.js:2:3791917)
    at Object.onReceiveStatus (/tmp/.mount_arduinP9Tjvz/resources/app/lib/backend/main.js:2:2225840)
    at Object.onReceiveStatus (/tmp/.mount_arduinP9Tjvz/resources/app/lib/backend/main.js:2:2225285)
    at /tmp/.mount_arduinP9Tjvz/resources/app/lib/backend/main.js:2:4362019
    at process.processTicksAndRejections (node:internal/process/task_queues:77:11)
2026-08-14 17:05:39 2026-08-14T11:35:39.184Z root ERROR Failed to get debug config: arduino:avr:uno, undefined Error: Debugging is not supported.
    at Object.callback (/tmp/.mount_arduinP9Tjvz/resources/app/lib/backend/main.js:2:4756202)
    at Object.onReceiveStatus (/tmp/.mount_arduinP9Tjvz/resources/app/lib/backend/main.js:2:3791917)
    at Object.onReceiveStatus (/tmp/.mount_arduinP9Tjvz/resources/app/lib/backend/main.js:2:2225840)
    at Object.onReceiveStatus (/tmp/.mount_arduinP9Tjvz/resources/app/lib/backend/main.js:2:2225285)
    at /tmp/.mount_arduinP9Tjvz/resources/app/lib/backend/main.js:2:4362019
    at process.processTicksAndRejections (node:internal/process/task_queues:77:11)
2026-08-14 17:05:39 2026-08-14T11:35:39.184Z daemon INFO time="2026-08-14T17:05:39+05:30" level=info msg="Tool required for debug" tool="arduino:arduinoOTA@1.3.0"
time="2026-08-14T17:05:39+05:30" level=info msg="Tool required for debug" tool="arduino:avr-gcc@7.3.0-atmel3.6.1-arduino7"
time="2026-08-14T17:05:39+05:30" level=info msg="Tool required for debug" tool="arduino:avrdude@8.0.0-arduino1"
time="2026-08-14T17:05:39+05:30" level=info msg="Tool required for debug" tool="builtin:ctags@5.8-arduino11"
time="2026-08-14T17:05:39+05:30" level=info msg="Tool required for debug" tool="builtin:dfu-discovery@0.1.2"
time="2026-08-14T17:05:39+05:30" level=info msg="Tool required for debug" tool="builtin:mdns-discovery@1.1.0"
time="2026-08-14T17:05:39+05:30" level=info msg="Tool required for debug" tool="builtin:serial-discovery@1.5.2"
time="2026-08-14T17:05:39+05:30" level=info msg="Tool required for debug" tool="builtin:serial-monitor@0.15.0"
2026-08-14 17:05:39 2026-08-14T11:35:39.297Z root ERROR Failed to get debug config: arduino:avr:uno, undefined Error: Debugging is not supported.
    at Object.callback (/tmp/.mount_arduinP9Tjvz/resources/app/lib/backend/main.js:2:4756202)
    at Object.onReceiveStatus (/tmp/.mount_arduinP9Tjvz/resources/app/lib/backend/main.js:2:3791917)
    at Object.onReceiveStatus (/tmp/.mount_arduinP9Tjvz/resources/app/lib/backend/main.js:2:2225840)
    at Object.onReceiveStatus (/tmp/.mount_arduinP9Tjvz/resources/app/lib/backend/main.js:2:2225285)
    at /tmp/.mount_arduinP9Tjvz/resources/app/lib/backend/main.js:2:4362019
    at process.processTicksAndRejections (node:internal/process/task_queues:77:11)
2026-08-14 17:05:39 2026-08-14T11:35:39.297Z daemon INFO time="2026-08-14T17:05:39+05:30" level=info msg="Tool required for debug" tool="arduino:arduinoOTA@1.3.0"
time="2026-08-14T17:05:39+05:30" level=info msg="Tool required for debug" tool="arduino:avr-gcc@7.3.0-atmel3.6.1-arduino7"
time="2026-08-14T17:05:39+05:30" level=info msg="Tool required for debug" tool="arduino:avrdude@8.0.0-arduino1"
time="2026-08-14T17:05:39+05:30" level=info msg="Tool required for debug" tool="builtin:ctags@5.8-arduino11"
time="2026-08-14T17:05:39+05:30" level=info msg="Tool required for debug" tool="builtin:dfu-discovery@0.1.2"
time="2026-08-14T17:05:39+05:30" level=info msg="Tool required for debug" tool="builtin:mdns-discovery@1.1.0"
time="2026-08-14T17:05:39+05:30" level=info msg="Tool required for debug" tool="builtin:serial-discovery@1.5.2"
time="2026-08-14T17:05:39+05:30" level=info msg="Tool required for debug" tool="builtin:serial-monitor@0.15.0"
2026-08-14 17:05:39 2026-08-14T11:35:39.497Z root ERROR [hosted-plugin: 108806] Conflict in settings file Default: Ignoring cortex-debug.armToolchainPath.linux as cortex-debug.armToolchainPath is null
Conflict in settings file Default: Ignoring cortex-debug.armToolchainPath.osx as cortex-debug.armToolchainPath is null
Conflict in settings file Default: Ignoring cortex-debug.armToolchainPath.windows as cortex-debug.armToolchainPath is null
Conflict in settings file Default: Ignoring cortex-debug.JLinkGDBServerPath.linux as cortex-debug.JLinkGDBServerPath is null
2026-08-14 17:05:39 2026-08-14T11:35:39.497Z root ERROR [hosted-plugin: 108806] Conflict in settings file Default: Ignoring cortex-debug.JLinkGDBServerPath.osx as cortex-debug.JLinkGDBServerPath is null
Conflict in settings file Default: Ignoring cortex-debug.JLinkGDBServerPath.windows as cortex-debug.JLinkGDBServerPath is null
Conflict in settings file Default: Ignoring cortex-debug.openocdPath.linux as cortex-debug.openocdPath is null
Conflict in settings file Default: Ignoring cortex-debug.openocdPath.osx as cortex-debug.openocdPath is null
Conflict in settings file Default: Ignoring cortex-debug.openocdPath.windows as cortex-debug.openocdPath is null
Conflict in settings file Default: Ignoring cortex-debug.pyocdPath.linux as cortex-debug.pyocdPath is null
Conflict in settings file Default: Ignoring cortex-debug.pyocdPath.osx as cortex-debug.pyocdPath is null
Conflict in settings file Default: Ignoring cortex-debug.pyocdPath.windows as cortex-debug.pyocdPath is null
Conflict in settings file Default: Ignoring cortex-debug.PEGDBServerPath.linux as cortex-debug.PEGDBServerPath is null
Conflict in settings file Default: Ignoring cortex-debug.PEGDBServerPath.osx as cortex-debug.PEGDBServerPath is null
Conflict in settings file Default: Ignoring cortex-debug.PEGDBServerPath.windows as cortex-debug.PEGDBServerPath is null
Conflict in settings file Default: Ignoring cortex-debug.stutilPath.linux as cortex-debug.stutilPath is null
Conflict in settings file Default: Ignoring cortex-debug.stutilPath.osx as cortex-debug.stutilPath is null
Conflict in settings file Default: Ignoring cortex-debug.stutilPath.windows as cortex-debug.stutilPath is null
Conflict in settings file Default: Ignoring cortex-debug.stlinkPath.linux as cortex-debug.stlinkPath is null
Conflict in settings file Default: Ignoring cortex-debug.stlinkPath.osx as cortex-debug.stlinkPath is null
Conflict in settings file Default: Ignoring cortex-debug.stlinkPath.windows as cortex-debug.stlinkPath is null
Conflict in settings file Default: Ignoring cortex-debug.stm32cubeprogrammer.linux as cortex-debug.stm32cubeprogrammer is null
Conflict in settings file Default: Ignoring cortex-debug.stm32cubeprogrammer.osx as cortex-debug.stm32cubeprogrammer is null
2026-08-14 17:05:39 2026-08-14T11:35:39.497Z root ERROR [hosted-plugin: 108806] Conflict in settings file Default: Ignoring cortex-debug.stm32cubeprogrammer.windows as cortex-debug.stm32cubeprogrammer is null
2026-08-14 17:05:39 2026-08-14T11:35:39.549Z root INFO [hosted-plugin: 108806] PLUGIN_HOST(108806): PluginManagerExtImpl/init()
2026-08-14 17:05:39 2026-08-14T11:35:39.551Z root INFO [hosted-plugin: 108806] PLUGIN_HOST(108806): initializing(vscode-arduino-api@0.1.2 with /tmp/.mount_arduinP9Tjvz/resources/app/lib/backend/plugin-vscode-init)
2026-08-14 17:05:39 2026-08-14T11:35:39.674Z root INFO [hosted-plugin: 108806] PLUGIN_HOST(108806): initializing(json-language-features@1.88.1 with /tmp/.mount_arduinP9Tjvz/resources/app/lib/backend/plugin-vscode-init)
2026-08-14 17:05:39 2026-08-14T11:35:39.682Z root INFO [hosted-plugin: 108806] PLUGIN_HOST(108806): initializing(cortex-debug@1.5.1 with /tmp/.mount_arduinP9Tjvz/resources/app/lib/backend/plugin-vscode-init)
2026-08-14 17:05:39 2026-08-14T11:35:39.683Z root INFO [hosted-plugin: 108806] Debugger contribution has been registered: cortex-debug
2026-08-14 17:05:39 2026-08-14T11:35:39.686Z root INFO [hosted-plugin: 108806] PLUGIN_HOST(108806): initializing(vscode-arduino-tools@0.1.3 with /tmp/.mount_arduinP9Tjvz/resources/app/lib/backend/plugin-vscode-init)
2026-08-14 17:05:39 2026-08-14T11:35:39.690Z root INFO [hosted-plugin: 108806] PLUGIN_HOST(108806): initializing(cpp@1.88.1 with /tmp/.mount_arduinP9Tjvz/resources/app/lib/backend/plugin-vscode-init)
2026-08-14 17:05:39 2026-08-14T11:35:39.696Z root INFO [hosted-plugin: 108806] PLUGIN_HOST(108806): initializing(json@1.88.1 with /tmp/.mount_arduinP9Tjvz/resources/app/lib/backend/plugin-vscode-init)
2026-08-14 17:05:39 2026-08-14T11:35:39.698Z root INFO [hosted-plugin: 108806] PLUGIN_HOST(108806): initializing(vscode-language-pack-bg@1.48.3 with /tmp/.mount_arduinP9Tjvz/resources/app/lib/backend/plugin-vscode-init)
2026-08-14 17:05:39 2026-08-14T11:35:39.699Z root INFO [hosted-plugin: 108806] PLUGIN_HOST(108806): initializing(vscode-language-pack-cs@1.96.0 with /tmp/.mount_arduinP9Tjvz/resources/app/lib/backend/plugin-vscode-init)
2026-08-14 17:05:39 2026-08-14T11:35:39.700Z root INFO [hosted-plugin: 108806] PLUGIN_HOST(108806): initializing(vscode-language-pack-de@1.96.0 with /tmp/.mount_arduinP9Tjvz/resources/app/lib/backend/plugin-vscode-init)
2026-08-14 17:05:39 2026-08-14T11:35:39.704Z root INFO [hosted-plugin: 108806] PLUGIN_HOST(108806): initializing(vscode-language-pack-es@1.96.0 with /tmp/.mount_arduinP9Tjvz/resources/app/lib/backend/plugin-vscode-init)
PLUGIN_HOST(108806): initializing(vscode-language-pack-fr@1.96.0 with /tmp/.mount_arduinP9Tjvz/resources/app/lib/backend/plugin-vscode-init)
2026-08-14 17:05:39 2026-08-14T11:35:39.704Z root INFO [hosted-plugin: 108806] PLUGIN_HOST(108806): initializing(vscode-language-pack-hu@1.48.3 with /tmp/.mount_arduinP9Tjvz/resources/app/lib/backend/plugin-vscode-init)
2026-08-14 17:05:39 2026-08-14T11:35:39.705Z root INFO [hosted-plugin: 108806] PLUGIN_HOST(108806): initializing(vscode-language-pack-it@1.96.0 with /tmp/.mount_arduinP9Tjvz/resources/app/lib/backend/plugin-vscode-init)
2026-08-14 17:05:39 2026-08-14T11:35:39.706Z root INFO [hosted-plugin: 108806] PLUGIN_HOST(108806): initializing(vscode-language-pack-ja@1.96.0 with /tmp/.mount_arduinP9Tjvz/resources/app/lib/backend/plugin-vscode-init)
2026-08-14 17:05:39 2026-08-14T11:35:39.706Z root INFO [hosted-plugin: 108806] PLUGIN_HOST(108806): initializing(vscode-language-pack-ko@1.96.0 with /tmp/.mount_arduinP9Tjvz/resources/app/lib/backend/plugin-vscode-init)
2026-08-14 17:05:39 2026-08-14T11:35:39.707Z root INFO [hosted-plugin: 108806] PLUGIN_HOST(108806): initializing(vscode-language-pack-nl@1.48.3 with /tmp/.mount_arduinP9Tjvz/resources/app/lib/backend/plugin-vscode-init)
2026-08-14 17:05:39 2026-08-14T11:35:39.708Z root INFO [hosted-plugin: 108806] PLUGIN_HOST(108806): initializing(vscode-language-pack-pl@1.96.0 with /tmp/.mount_arduinP9Tjvz/resources/app/lib/backend/plugin-vscode-init)
2026-08-14 17:05:39 2026-08-14T11:35:39.709Z root INFO [hosted-plugin: 108806] PLUGIN_HOST(108806): initializing(vscode-language-pack-pt-BR@1.96.0 with /tmp/.mount_arduinP9Tjvz/resources/app/lib/backend/plugin-vscode-init)
2026-08-14 17:05:39 2026-08-14T11:35:39.709Z root INFO [hosted-plugin: 108806] PLUGIN_HOST(108806): initializing(vscode-language-pack-ru@1.96.0 with /tmp/.mount_arduinP9Tjvz/resources/app/lib/backend/plugin-vscode-init)
2026-08-14 17:05:39 2026-08-14T11:35:39.710Z root INFO [hosted-plugin: 108806] PLUGIN_HOST(108806): initializing(vscode-language-pack-tr@1.96.0 with /tmp/.mount_arduinP9Tjvz/resources/app/lib/backend/plugin-vscode-init)
2026-08-14 17:05:39 2026-08-14T11:35:39.711Z root INFO [hosted-plugin: 108806] PLUGIN_HOST(108806): initializing(vscode-language-pack-uk@1.48.3 with /tmp/.mount_arduinP9Tjvz/resources/app/lib/backend/plugin-vscode-init)
2026-08-14 17:05:39 2026-08-14T11:35:39.711Z root INFO [hosted-plugin: 108806] PLUGIN_HOST(108806): initializing(vscode-language-pack-zh-hans@1.96.0 with /tmp/.mount_arduinP9Tjvz/resources/app/lib/backend/plugin-vscode-init)
2026-08-14 17:05:39 2026-08-14T11:35:39.712Z root INFO [hosted-plugin: 108806] PLUGIN_HOST(108806): initializing(vscode-language-pack-zh-hant@1.96.0 with /tmp/.mount_arduinP9Tjvz/resources/app/lib/backend/plugin-vscode-init)
2026-08-14 17:05:39 2026-08-14T11:35:39.863Z root INFO [hosted-plugin: 108806] PLUGIN_HOST(108806): PluginManagerExtImpl/loadPlugin(/tmp/.mount_arduinP9Tjvz/resources/app/plugins/vscode-builtin-json-language-features/extension/client/dist/node/jsonClientMain)
2026-08-14 17:05:39 2026-08-14T11:35:39.930Z root INFO [hosted-plugin: 108806] PLUGIN_HOST(108806): PluginManagerExtImpl/loadPlugin(/tmp/.mount_arduinP9Tjvz/resources/app/plugins/vscode-arduino-api/extension/dist/extension.js)
2026-08-14 17:05:39 2026-08-14T11:35:39.934Z root INFO [hosted-plugin: 108806] calling activation function on Arduino IDE API for VS Code extensions
2026-08-14 17:05:39 2026-08-14T11:35:39.949Z root INFO [fb492046-caac-4236-befb-ff7cb4dbf608] Starting plugins.
2026-08-14 17:05:39 2026-08-14T11:35:39.990Z root INFO [hosted-plugin: 108806] PLUGIN_HOST(108806): PluginManagerExtImpl/loadPlugin(/tmp/.mount_arduinP9Tjvz/resources/app/plugins/cortex-debug/extension/dist/extension.js)
2026-08-14 17:05:40 2026-08-14T11:35:40.032Z root INFO [hosted-plugin: 108806] Debug configuration provider has been registered: cortex-debug, trigger: 1
2026-08-14 17:05:40 2026-08-14T11:35:40.032Z root INFO [hosted-plugin: 108806] calling activation function on Cortex-Debug
2026-08-14 17:05:40 2026-08-14T11:35:40.035Z root INFO [hosted-plugin: 108806] GDB server console created
2026-08-14 17:05:40 2026-08-14T11:35:40.051Z root INFO [fb492046-caac-4236-befb-ff7cb4dbf608] Start of 23 plugins: 1689.1 ms [Finished 5.754 s after frontend start]
2026-08-14 17:05:40 2026-08-14T11:35:40.068Z root INFO Starting language server: arduino:avr:uno
2026-08-14 17:05:40 2026-08-14T11:35:40.082Z root INFO [hosted-plugin: 108806] PLUGIN_HOST(108806): PluginManagerExtImpl/loadPlugin(/tmp/.mount_arduinP9Tjvz/resources/app/plugins/vscode-arduino-tools/extension/dist/extension.js)
2026-08-14 17:05:40 2026-08-14T11:35:40.115Z root INFO [hosted-plugin: 108806] calling activation function on VS Code Arduino Tools
2026-08-14 17:05:40 2026-08-14T11:35:40.157Z daemon INFO time="2026-08-14T17:05:40+05:30" level=info msg="Adding libraries dir" dir=/home/raj/.arduino15/libraries isSingleLibrary=false location=ide
time="2026-08-14T17:05:40+05:30" level=info msg="Adding libraries dir" dir=/home/raj/.arduino15/packages/arduino/hardware/avr/1.8.8/libraries isSingleLibrary=false location=platform
2026-08-14 17:05:40 2026-08-14T11:35:40.157Z daemon INFO time="2026-08-14T17:05:40+05:30" level=info msg="Adding libraries dir" dir=/home/raj/Arduino/libraries isSingleLibrary=false location=user
2026-08-14 17:05:40 2026-08-14T11:35:40.255Z root INFO [hosted-plugin: 108806] calling activation function on JSON Language Features (built-in)
2026-08-14 17:05:40 2026-08-14T11:35:40.352Z daemon INFO time="2026-08-14T17:05:40+05:30" level=info msg="Adding libraries dir" dir=/home/raj/.arduino15/libraries isSingleLibrary=false location=ide
time="2026-08-14T17:05:40+05:30" level=info msg="Adding libraries dir" dir=/home/raj/.arduino15/packages/arduino/hardware/avr/1.8.8/libraries isSingleLibrary=false location=platform
2026-08-14 17:05:40 2026-08-14T11:35:40.352Z daemon INFO time="2026-08-14T17:05:40+05:30" level=info msg="Adding libraries dir" dir=/home/raj/Arduino/libraries isSingleLibrary=false location=user
2026-08-14 17:05:42 2026-08-14T11:35:42.172Z daemon INFO time="2026-08-14T17:05:42+05:30" level=info msg="Adding libraries dir" dir=/home/raj/.arduino15/libraries isSingleLibrary=false location=ide
time="2026-08-14T17:05:42+05:30" level=info msg="Adding libraries dir" dir=/home/raj/.arduino15/packages/arduino/hardware/avr/1.8.8/libraries isSingleLibrary=false location=platform
2026-08-14 17:05:42 2026-08-14T11:35:42.172Z daemon INFO time="2026-08-14T17:05:42+05:30" level=info msg="Adding libraries dir" dir=/home/raj/Arduino/libraries isSingleLibrary=false location=user
2026-08-14 17:05:42 2026-08-14T11:35:42.493Z root INFO Executing 'arduino.languageserver.notifyBuildDidComplete' with "file:///home/raj/.cache/arduino/sketches/D9434DA5012B0DE0F181ADB34BA9EE3A"
2026-08-14 17:05:42 2026-08-14T11:35:42.530Z daemon INFO time="2026-08-14T17:05:42+05:30" level=info msg="Tool required for debug" tool="arduino:arduinoOTA@1.3.0"
time="2026-08-14T17:05:42+05:30" level=info msg="Tool required for debug" tool="arduino:avr-gcc@7.3.0-atmel3.6.1-arduino7"
time="2026-08-14T17:05:42+05:30" level=info msg="Tool required for debug" tool="arduino:avrdude@8.0.0-arduino1"
time="2026-08-14T17:05:42+05:30" level=info msg="Tool required for debug" tool="builtin:ctags@5.8-arduino11"
time="2026-08-14T17:05:42+05:30" level=info msg="Tool required for debug" tool="builtin:dfu-discovery@0.1.2"
time="2026-08-14T17:05:42+05:30" level=info msg="Tool required for debug" tool="builtin:mdns-discovery@1.1.0"
2026-08-14 17:05:42 2026-08-14T11:35:42.530Z daemon INFO time="2026-08-14T17:05:42+05:30" level=info msg="Tool required for debug" tool="builtin:serial-discovery@1.5.2"
time="2026-08-14T17:05:42+05:30" level=info msg="Tool required for debug" tool="builtin:serial-monitor@0.15.0"
2026-08-14 17:05:42 2026-08-14T11:35:42.531Z root ERROR Failed to get debug config: arduino:avr:uno, undefined Error: Debugging is not supported.
    at Object.callback (/tmp/.mount_arduinP9Tjvz/resources/app/lib/backend/main.js:2:4756202)
    at Object.onReceiveStatus (/tmp/.mount_arduinP9Tjvz/resources/app/lib/backend/main.js:2:3791917)
    at Object.onReceiveStatus (/tmp/.mount_arduinP9Tjvz/resources/app/lib/backend/main.js:2:2225840)
    at Object.onReceiveStatus (/tmp/.mount_arduinP9Tjvz/resources/app/lib/backend/main.js:2:2225285)
    at /tmp/.mount_arduinP9Tjvz/resources/app/lib/backend/main.js:2:4362019
    at process.processTicksAndRejections (node:internal/process/task_queues:77:11)
2026-08-14 17:05:43 2026-08-14T11:35:43.506Z daemon INFO time="2026-08-14T17:05:43+05:30" level=info msg="Adding libraries dir" dir=/home/raj/.arduino15/libraries isSingleLibrary=false location=ide
time="2026-08-14T17:05:43+05:30" level=info msg="Adding libraries dir" dir=/home/raj/.arduino15/packages/arduino/hardware/avr/1.8.8/libraries isSingleLibrary=false location=platform
time="2026-08-14T17:05:43+05:30" level=info msg="Adding libraries dir" dir=/home/raj/Arduino/libraries isSingleLibrary=false location=user
2026-08-14 17:05:44 2026-08-14T11:35:44.961Z root INFO Received port after upload [arduino+serial:///dev/ttyUSB0, arduino:avr:uno, sketch_aug14b]. Before port: {"protocol":"serial","address":"/dev/ttyUSB0"}, after port: {"address":"/dev/ttyUSB0","addressLabel":"/dev/ttyUSB0","protocol":"serial","protocolLabel":"Serial Port (USB)","properties":{"pid":"0xEA60","serialNumber":"0001","vid":"0x10C4"},"hardwareId":"0001"}
2026-08-14 17:09:28 2026-08-14T11:39:28.905Z daemon INFO time="2026-08-14T17:09:28+05:30" level=info msg="Adding libraries dir" dir=/home/raj/.arduino15/libraries isSingleLibrary=false location=ide
time="2026-08-14T17:09:28+05:30" level=info msg="Adding libraries dir" dir=/home/raj/.arduino15/packages/arduino/hardware/avr/1.8.8/libraries isSingleLibrary=false location=platform
time="2026-08-14T17:09:28+05:30" level=info msg="Adding libraries dir" dir=/home/raj/Arduino/libraries isSingleLibrary=false location=user
2026-08-14 17:10:52 2026-08-14T11:40:52.532Z daemon INFO time="2026-08-14T17:10:52+05:30" level=info msg="Adding libraries dir" dir=/home/raj/.arduino15/libraries isSingleLibrary=false location=ide
time="2026-08-14T17:10:52+05:30" level=info msg="Adding libraries dir" dir=/home/raj/.arduino15/packages/arduino/hardware/avr/1.8.8/libraries isSingleLibrary=false location=platform
time="2026-08-14T17:10:52+05:30" level=info msg="Adding libraries dir" dir=/home/raj/Arduino/libraries isSingleLibrary=false location=user
2026-08-14 17:10:53 2026-08-14T11:40:53.738Z daemon INFO time="2026-08-14T17:10:53+05:30" level=info msg="Adding libraries dir" dir=/home/raj/.arduino15/libraries isSingleLibrary=false location=ide
time="2026-08-14T17:10:53+05:30" level=info msg="Adding libraries dir" dir=/home/raj/.arduino15/packages/arduino/hardware/avr/1.8.8/libraries isSingleLibrary=false location=platform
2026-08-14 17:10:53 2026-08-14T11:40:53.739Z daemon INFO time="2026-08-14T17:10:53+05:30" level=info msg="Adding libraries dir" dir=/home/raj/Arduino/libraries isSingleLibrary=false location=user
2026-08-14 17:11:01 2026-08-14T11:41:01.408Z daemon INFO time="2026-08-14T17:11:01+05:30" level=info msg="Adding libraries dir" dir=/home/raj/.arduino15/libraries isSingleLibrary=false location=ide
time="2026-08-14T17:11:01+05:30" level=info msg="Adding libraries dir" dir=/home/raj/.arduino15/packages/arduino/hardware/avr/1.8.8/libraries isSingleLibrary=false location=platform
2026-08-14 17:11:01 2026-08-14T11:41:01.408Z daemon INFO time="2026-08-14T17:11:01+05:30" level=info msg="Adding libraries dir" dir=/home/raj/Arduino/libraries isSingleLibrary=false location=user
2026-08-14 17:11:03 2026-08-14T11:41:03.279Z daemon INFO time="2026-08-14T17:11:03+05:30" level=info msg="Adding libraries dir" dir=/home/raj/.arduino15/libraries isSingleLibrary=false location=ide
time="2026-08-14T17:11:03+05:30" level=info msg="Adding libraries dir" dir=/home/raj/.arduino15/packages/arduino/hardware/avr/1.8.8/libraries isSingleLibrary=false location=platform
time="2026-08-14T17:11:03+05:30" level=info msg="Adding libraries dir" dir=/home/raj/Arduino/libraries isSingleLibrary=false location=user
2026-08-14 17:11:04 2026-08-14T11:41:04.504Z daemon INFO time="2026-08-14T17:11:04+05:30" level=info msg="Adding libraries dir" dir=/home/raj/.arduino15/libraries isSingleLibrary=false location=ide
time="2026-08-14T17:11:04+05:30" level=info msg="Adding libraries dir" dir=/home/raj/.arduino15/packages/arduino/hardware/avr/1.8.8/libraries isSingleLibrary=false location=platform
2026-08-14 17:11:04 2026-08-14T11:41:04.504Z daemon INFO time="2026-08-14T17:11:04+05:30" level=info msg="Adding libraries dir" dir=/home/raj/Arduino/libraries isSingleLibrary=false location=user
2026-08-14 17:11:16 2026-08-14T11:41:16.399Z daemon INFO time="2026-08-14T17:11:16+05:30" level=info msg="Adding libraries dir" dir=/home/raj/.arduino15/libraries isSingleLibrary=false location=ide
time="2026-08-14T17:11:16+05:30" level=info msg="Adding libraries dir" dir=/home/raj/.arduino15/packages/arduino/hardware/avr/1.8.8/libraries isSingleLibrary=false location=platform
time="2026-08-14T17:11:16+05:30" level=info msg="Adding libraries dir" dir=/home/raj/Arduino/libraries isSingleLibrary=false location=user
2026-08-14 17:11:18 2026-08-14T11:41:18.948Z daemon INFO time="2026-08-14T17:11:18+05:30" level=info msg="Adding libraries dir" dir=/home/raj/.arduino15/libraries isSingleLibrary=false location=ide
time="2026-08-14T17:11:18+05:30" level=info msg="Adding libraries dir" dir=/home/raj/.arduino15/packages/arduino/hardware/avr/1.8.8/libraries isSingleLibrary=false location=platform
time="2026-08-14T17:11:18+05:30" level=info msg="Adding libraries dir" dir=/home/raj/Arduino/libraries isSingleLibrary=false location=user
2026-08-14 17:11:21 2026-08-14T11:41:21.625Z daemon INFO time="2026-08-14T17:11:21+05:30" level=info msg="Adding libraries dir" dir=/home/raj/.arduino15/libraries isSingleLibrary=false location=ide
time="2026-08-14T17:11:21+05:30" level=info msg="Adding libraries dir" dir=/home/raj/.arduino15/packages/arduino/hardware/avr/1.8.8/libraries isSingleLibrary=false location=platform
time="2026-08-14T17:11:21+05:30" level=info msg="Adding libraries dir" dir=/home/raj/Arduino/libraries isSingleLibrary=false location=user
2026-08-14 17:11:22 2026-08-14T11:41:22.850Z daemon INFO time="2026-08-14T17:11:22+05:30" level=info msg="Adding libraries dir" dir=/home/raj/.arduino15/libraries isSingleLibrary=false location=ide
time="2026-08-14T17:11:22+05:30" level=info msg="Adding libraries dir" dir=/home/raj/.arduino15/packages/arduino/hardware/avr/1.8.8/libraries isSingleLibrary=false location=platform
time="2026-08-14T17:11:22+05:30" level=info msg="Adding libraries dir" dir=/home/raj/Arduino/libraries isSingleLibrary=false location=user
2026-08-14 17:11:28 2026-08-14T11:41:28.318Z daemon INFO time="2026-08-14T17:11:28+05:30" level=info msg="Adding libraries dir" dir=/home/raj/.arduino15/libraries isSingleLibrary=false location=ide
time="2026-08-14T17:11:28+05:30" level=info msg="Adding libraries dir" dir=/home/raj/.arduino15/packages/arduino/hardware/avr/1.8.8/libraries isSingleLibrary=false location=platform
2026-08-14 17:11:28 2026-08-14T11:41:28.319Z daemon INFO time="2026-08-14T17:11:28+05:30" level=info msg="Adding libraries dir" dir=/home/raj/Arduino/libraries isSingleLibrary=false location=user
2026-08-14 17:11:31 2026-08-14T11:41:31.963Z daemon INFO time="2026-08-14T17:11:31+05:30" level=info msg="Adding libraries dir" dir=/home/raj/.arduino15/libraries isSingleLibrary=false location=ide
2026-08-14 17:11:31 2026-08-14T11:41:31.963Z daemon INFO time="2026-08-14T17:11:31+05:30" level=info msg="Adding libraries dir" dir=/home/raj/.arduino15/packages/arduino/hardware/avr/1.8.8/libraries isSingleLibrary=false location=platform
time="2026-08-14T17:11:31+05:30" level=info msg="Adding libraries dir" dir=/home/raj/Arduino/libraries isSingleLibrary=false location=user
2026-08-14 17:11:33 2026-08-14T11:41:33.194Z daemon INFO time="2026-08-14T17:11:33+05:30" level=info msg="Adding libraries dir" dir=/home/raj/.arduino15/libraries isSingleLibrary=false location=ide
time="2026-08-14T17:11:33+05:30" level=info msg="Adding libraries dir" dir=/home/raj/.arduino15/packages/arduino/hardware/avr/1.8.8/libraries isSingleLibrary=false location=platform
time="2026-08-14T17:11:33+05:30" level=info msg="Adding libraries dir" dir=/home/raj/Arduino/libraries isSingleLibrary=false location=user
2026-08-14 17:11:40 2026-08-14T11:41:40.644Z daemon INFO time="2026-08-14T17:11:40+05:30" level=info msg="Adding libraries dir" dir=/home/raj/.arduino15/libraries isSingleLibrary=false location=ide
time="2026-08-14T17:11:40+05:30" level=info msg="Adding libraries dir" dir=/home/raj/.arduino15/packages/arduino/hardware/avr/1.8.8/libraries isSingleLibrary=false location=platform
time="2026-08-14T17:11:40+05:30" level=info msg="Adding libraries dir" dir=/home/raj/Arduino/libraries isSingleLibrary=false location=user
2026-08-14 17:11:41 2026-08-14T11:41:41.855Z daemon INFO time="2026-08-14T17:11:41+05:30" level=info msg="Adding libraries dir" dir=/home/raj/.arduino15/libraries isSingleLibrary=false location=ide
time="2026-08-14T17:11:41+05:30" level=info msg="Adding libraries dir" dir=/home/raj/.arduino15/packages/arduino/hardware/avr/1.8.8/libraries isSingleLibrary=false location=platform
time="2026-08-14T17:11:41+05:30" level=info msg="Adding libraries dir" dir=/home/raj/Arduino/libraries isSingleLibrary=false location=user
2026-08-14 17:11:47 2026-08-14T11:41:47.810Z daemon INFO time="2026-08-14T17:11:47+05:30" level=info msg="Adding libraries dir" dir=/home/raj/.arduino15/libraries isSingleLibrary=false location=ide
time="2026-08-14T17:11:47+05:30" level=info msg="Adding libraries dir" dir=/home/raj/.arduino15/packages/arduino/hardware/avr/1.8.8/libraries isSingleLibrary=false location=platform
time="2026-08-14T17:11:47+05:30" level=info msg="Adding libraries dir" dir=/home/raj/Arduino/libraries isSingleLibrary=false location=user
2026-08-14 17:11:49 2026-08-14T11:41:49.029Z daemon INFO time="2026-08-14T17:11:49+05:30" level=info msg="Adding libraries dir" dir=/home/raj/.arduino15/libraries isSingleLibrary=false location=ide
time="2026-08-14T17:11:49+05:30" level=info msg="Adding libraries dir" dir=/home/raj/.arduino15/packages/arduino/hardware/avr/1.8.8/libraries isSingleLibrary=false location=platform
time="2026-08-14T17:11:49+05:30" level=info msg="Adding libraries dir" dir=/home/raj/Arduino/libraries isSingleLibrary=false location=user
2026-08-14 17:12:11 2026-08-14T11:42:11.241Z daemon INFO time="2026-08-14T17:12:11+05:30" level=info msg="Adding libraries dir" dir=/home/raj/.arduino15/libraries isSingleLibrary=false location=ide
time="2026-08-14T17:12:11+05:30" level=info msg="Adding libraries dir" dir=/home/raj/.arduino15/packages/arduino/hardware/avr/1.8.8/libraries isSingleLibrary=false location=platform
time="2026-08-14T17:12:11+05:30" level=info msg="Adding libraries dir" dir=/home/raj/Arduino/libraries isSingleLibrary=false location=user
2026-08-14 17:12:11 2026-08-14T11:42:11.323Z daemon INFO time="2026-08-14T17:12:11+05:30" level=info msg="Resolving include Adafruit_NeoPixel.h for arch avr"
time="2026-08-14T17:12:11+05:30" level=info msg="  found better lib" lib="Adafruit NeoPixel" prio=6A7
2026-08-14 17:12:11 2026-08-14T11:42:11.813Z root INFO Executing 'arduino.languageserver.notifyBuildDidComplete' with "file:///home/raj/.cache/arduino/sketches/D9434DA5012B0DE0F181ADB34BA9EE3A"
2026-08-14 17:12:11 2026-08-14T11:42:11.847Z daemon INFO time="2026-08-14T17:12:11+05:30" level=info msg="Tool required for debug" tool="arduino:arduinoOTA@1.3.0"
time="2026-08-14T17:12:11+05:30" level=info msg="Tool required for debug" tool="arduino:avr-gcc@7.3.0-atmel3.6.1-arduino7"
2026-08-14 17:12:11 2026-08-14T11:42:11.847Z daemon INFO time="2026-08-14T17:12:11+05:30" level=info msg="Tool required for debug" tool="arduino:avrdude@8.0.0-arduino1"
time="2026-08-14T17:12:11+05:30" level=info msg="Tool required for debug" tool="builtin:ctags@5.8-arduino11"
time="2026-08-14T17:12:11+05:30" level=info msg="Tool required for debug" tool="builtin:dfu-discovery@0.1.2"
time="2026-08-14T17:12:11+05:30" level=info msg="Tool required for debug" tool="builtin:mdns-discovery@1.1.0"
time="2026-08-14T17:12:11+05:30" level=info msg="Tool required for debug" tool="builtin:serial-discovery@1.5.2"
time="2026-08-14T17:12:11+05:30" level=info msg="Tool required for debug" tool="builtin:serial-monitor@0.15.0"
2026-08-14 17:12:11 2026-08-14T11:42:11.847Z root ERROR Failed to get debug config: arduino:avr:uno, undefined Error: Debugging is not supported.
    at Object.callback (/tmp/.mount_arduinP9Tjvz/resources/app/lib/backend/main.js:2:4756202)
    at Object.onReceiveStatus (/tmp/.mount_arduinP9Tjvz/resources/app/lib/backend/main.js:2:3791917)
    at Object.onReceiveStatus (/tmp/.mount_arduinP9Tjvz/resources/app/lib/backend/main.js:2:2225840)
    at Object.onReceiveStatus (/tmp/.mount_arduinP9Tjvz/resources/app/lib/backend/main.js:2:2225285)
    at /tmp/.mount_arduinP9Tjvz/resources/app/lib/backend/main.js:2:4362019
    at process.processTicksAndRejections (node:internal/process/task_queues:77:11)
2026-08-14 17:12:12 2026-08-14T11:42:12.825Z daemon INFO time="2026-08-14T17:12:12+05:30" level=info msg="Adding libraries dir" dir=/home/raj/.arduino15/libraries isSingleLibrary=false location=ide
time="2026-08-14T17:12:12+05:30" level=info msg="Adding libraries dir" dir=/home/raj/.arduino15/packages/arduino/hardware/avr/1.8.8/libraries isSingleLibrary=false location=platform
2026-08-14 17:12:12 2026-08-14T11:42:12.825Z daemon INFO time="2026-08-14T17:12:12+05:30" level=info msg="Adding libraries dir" dir=/home/raj/Arduino/libraries isSingleLibrary=false location=user
2026-08-14 17:12:14 2026-08-14T11:42:14.406Z daemon INFO time="2026-08-14T17:12:14+05:30" level=info msg="Adding libraries dir" dir=/home/raj/.arduino15/libraries isSingleLibrary=false location=ide
time="2026-08-14T17:12:14+05:30" level=info msg="Adding libraries dir" dir=/home/raj/.arduino15/packages/arduino/hardware/avr/1.8.8/libraries isSingleLibrary=false location=platform
time="2026-08-14T17:12:14+05:30" level=info msg="Adding libraries dir" dir=/home/raj/Arduino/libraries isSingleLibrary=false location=user
2026-08-14 17:12:14 2026-08-14T11:42:14.487Z daemon INFO time="2026-08-14T17:12:14+05:30" level=info msg="Resolving include Adafruit_NeoPixel.h for arch avr"
time="2026-08-14T17:12:14+05:30" level=info msg="  found better lib" lib="Adafruit NeoPixel" prio=6A7
2026-08-14 17:12:14 2026-08-14T11:42:14.855Z root INFO Executing 'arduino.languageserver.notifyBuildDidComplete' with "file:///home/raj/.cache/arduino/sketches/D9434DA5012B0DE0F181ADB34BA9EE3A"
2026-08-14 17:12:14 2026-08-14T11:42:14.899Z daemon INFO time="2026-08-14T17:12:14+05:30" level=info msg="Tool required for debug" tool="arduino:arduinoOTA@1.3.0"
time="2026-08-14T17:12:14+05:30" level=info msg="Tool required for debug" tool="arduino:avr-gcc@7.3.0-atmel3.6.1-arduino7"
time="2026-08-14T17:12:14+05:30" level=info msg="Tool required for debug" tool="arduino:avrdude@8.0.0-arduino1"
time="2026-08-14T17:12:14+05:30" level=info msg="Tool required for debug" tool="builtin:serial-discovery@1.5.2"
2026-08-14 17:12:14 2026-08-14T11:42:14.899Z daemon INFO time="2026-08-14T17:12:14+05:30" level=info msg="Tool required for debug" tool="builtin:ctags@5.8-arduino11"
time="2026-08-14T17:12:14+05:30" level=info msg="Tool required for debug" tool="builtin:mdns-discovery@1.1.0"
time="2026-08-14T17:12:14+05:30" level=info msg="Tool required for debug" tool="builtin:serial-monitor@0.15.0"
time="2026-08-14T17:12:14+05:30" level=info msg="Tool required for debug" tool="builtin:dfu-discovery@0.1.2"
2026-08-14 17:12:14 2026-08-14T11:42:14.900Z root ERROR Failed to get debug config: arduino:avr:uno, undefined Error: Debugging is not supported.
    at Object.callback (/tmp/.mount_arduinP9Tjvz/resources/app/lib/backend/main.js:2:4756202)
    at Object.onReceiveStatus (/tmp/.mount_arduinP9Tjvz/resources/app/lib/backend/main.js:2:3791917)
    at Object.onReceiveStatus (/tmp/.mount_arduinP9Tjvz/resources/app/lib/backend/main.js:2:2225840)
    at Object.onReceiveStatus (/tmp/.mount_arduinP9Tjvz/resources/app/lib/backend/main.js:2:2225285)
    at /tmp/.mount_arduinP9Tjvz/resources/app/lib/backend/main.js:2:4362019
    at process.processTicksAndRejections (node:internal/process/task_queues:77:11)
2026-08-14 17:12:15 2026-08-14T11:42:15.873Z daemon INFO time="2026-08-14T17:12:15+05:30" level=info msg="Adding libraries dir" dir=/home/raj/.arduino15/libraries isSingleLibrary=false location=ide
time="2026-08-14T17:12:15+05:30" level=info msg="Adding libraries dir" dir=/home/raj/.arduino15/packages/arduino/hardware/avr/1.8.8/libraries isSingleLibrary=false location=platform
2026-08-14 17:12:15 2026-08-14T11:42:15.873Z daemon INFO time="2026-08-14T17:12:15+05:30" level=info msg="Adding libraries dir" dir=/home/raj/Arduino/libraries isSingleLibrary=false location=user
2026-08-14 17:12:17 2026-08-14T11:42:17.627Z root INFO Received port after upload [arduino+serial:///dev/ttyUSB0, arduino:avr:uno, sketch_aug14b]. Before port: {"protocol":"serial","address":"/dev/ttyUSB0"}, after port: {"address":"/dev/ttyUSB0","addressLabel":"/dev/ttyUSB0","protocol":"serial","protocolLabel":"Serial Port (USB)","properties":{"pid":"0xEA60","serialNumber":"0001","vid":"0x10C4"},"hardwareId":"0001"}
2026-08-14 17:15:32 2026-08-14T11:45:32.082Z daemon INFO time="2026-08-14T17:15:32+05:30" level=info msg="Adding libraries dir" dir=/home/raj/.arduino15/libraries isSingleLibrary=false location=ide
time="2026-08-14T17:15:32+05:30" level=info msg="Adding libraries dir" dir=/home/raj/.arduino15/packages/arduino/hardware/avr/1.8.8/libraries isSingleLibrary=false location=platform
2026-08-14 17:15:32 2026-08-14T11:45:32.082Z daemon INFO time="2026-08-14T17:15:32+05:30" level=info msg="Adding libraries dir" dir=/home/raj/Arduino/libraries isSingleLibrary=false location=user
2026-08-14 17:15:33 2026-08-14T11:45:33.313Z daemon INFO time="2026-08-14T17:15:33+05:30" level=info msg="Adding libraries dir" dir=/home/raj/.arduino15/libraries isSingleLibrary=false location=ide
time="2026-08-14T17:15:33+05:30" level=info msg="Adding libraries dir" dir=/home/raj/.arduino15/packages/arduino/hardware/avr/1.8.8/libraries isSingleLibrary=false location=platform
2026-08-14 17:15:33 2026-08-14T11:45:33.313Z daemon INFO time="2026-08-14T17:15:33+05:30" level=info msg="Adding libraries dir" dir=/home/raj/Arduino/libraries isSingleLibrary=false location=user
2026-08-14 17:15:36 2026-08-14T11:45:36.782Z daemon INFO time="2026-08-14T17:15:36+05:30" level=info msg="Adding libraries dir" dir=/home/raj/.arduino15/libraries isSingleLibrary=false location=ide
2026-08-14 17:15:36 2026-08-14T11:45:36.782Z daemon INFO time="2026-08-14T17:15:36+05:30" level=info msg="Adding libraries dir" dir=/home/raj/.arduino15/packages/arduino/hardware/avr/1.8.8/libraries isSingleLibrary=false location=platform
time="2026-08-14T17:15:36+05:30" level=info msg="Adding libraries dir" dir=/home/raj/Arduino/libraries isSingleLibrary=false location=user
2026-08-14 17:15:38 2026-08-14T11:45:38.007Z daemon INFO time="2026-08-14T17:15:38+05:30" level=info msg="Adding libraries dir" dir=/home/raj/.arduino15/libraries isSingleLibrary=false location=ide
time="2026-08-14T17:15:38+05:30" level=info msg="Adding libraries dir" dir=/home/raj/.arduino15/packages/arduino/hardware/avr/1.8.8/libraries isSingleLibrary=false location=platform
time="2026-08-14T17:15:38+05:30" level=info msg="Adding libraries dir" dir=/home/raj/Arduino/libraries isSingleLibrary=false location=user
2026-08-14 17:15:48 2026-08-14T11:45:48.753Z daemon INFO time="2026-08-14T17:15:48+05:30" level=info msg="Adding libraries dir" dir=/home/raj/.arduino15/libraries isSingleLibrary=false location=ide
time="2026-08-14T17:15:48+05:30" level=info msg="Adding libraries dir" dir=/home/raj/.arduino15/packages/arduino/hardware/avr/1.8.8/libraries isSingleLibrary=false location=platform
time="2026-08-14T17:15:48+05:30" level=info msg="Adding libraries dir" dir=/home/raj/Arduino/libraries isSingleLibrary=false location=user
2026-08-14 17:15:52 2026-08-14T11:45:52.971Z daemon INFO time="2026-08-14T17:15:52+05:30" level=info msg="Adding libraries dir" dir=/home/raj/.arduino15/libraries isSingleLibrary=false location=ide
time="2026-08-14T17:15:52+05:30" level=info msg="Adding libraries dir" dir=/home/raj/.arduino15/packages/arduino/hardware/avr/1.8.8/libraries isSingleLibrary=false location=platform
time="2026-08-14T17:15:52+05:30" level=info msg="Adding libraries dir" dir=/home/raj/Arduino/libraries isSingleLibrary=false location=user
2026-08-14 17:15:54 2026-08-14T11:45:54.183Z daemon INFO time="2026-08-14T17:15:54+05:30" level=info msg="Adding libraries dir" dir=/home/raj/.arduino15/libraries isSingleLibrary=false location=ide
2026-08-14 17:15:54 2026-08-14T11:45:54.184Z daemon INFO time="2026-08-14T17:15:54+05:30" level=info msg="Adding libraries dir" dir=/home/raj/.arduino15/packages/arduino/hardware/avr/1.8.8/libraries isSingleLibrary=false location=platform
time="2026-08-14T17:15:54+05:30" level=info msg="Adding libraries dir" dir=/home/raj/Arduino/libraries isSingleLibrary=false location=user
2026-08-14 17:15:56 2026-08-14T11:45:56.812Z daemon INFO time="2026-08-14T17:15:56+05:30" level=info msg="Adding libraries dir" dir=/home/raj/.arduino15/libraries isSingleLibrary=false location=ide
time="2026-08-14T17:15:56+05:30" level=info msg="Adding libraries dir" dir=/home/raj/.arduino15/packages/arduino/hardware/avr/1.8.8/libraries isSingleLibrary=false location=platform
2026-08-14 17:15:56 2026-08-14T11:45:56.812Z daemon INFO time="2026-08-14T17:15:56+05:30" level=info msg="Adding libraries dir" dir=/home/raj/Arduino/libraries isSingleLibrary=false location=user
2026-08-14 17:16:03 2026-08-14T11:46:03.931Z daemon INFO time="2026-08-14T17:16:03+05:30" level=info msg="Adding libraries dir" dir=/home/raj/.arduino15/libraries isSingleLibrary=false location=ide
time="2026-08-14T17:16:03+05:30" level=info msg="Adding libraries dir" dir=/home/raj/.arduino15/packages/arduino/hardware/avr/1.8.8/libraries isSingleLibrary=false location=platform
time="2026-08-14T17:16:03+05:30" level=info msg="Adding libraries dir" dir=/home/raj/Arduino/libraries isSingleLibrary=false location=user
2026-08-14 17:16:05 2026-08-14T11:46:05.161Z daemon INFO time="2026-08-14T17:16:05+05:30" level=info msg="Adding libraries dir" dir=/home/raj/.arduino15/libraries isSingleLibrary=false location=ide
2026-08-14 17:16:05 2026-08-14T11:46:05.161Z daemon INFO time="2026-08-14T17:16:05+05:30" level=info msg="Adding libraries dir" dir=/home/raj/.arduino15/packages/arduino/hardware/avr/1.8.8/libraries isSingleLibrary=false location=platform
time="2026-08-14T17:16:05+05:30" level=info msg="Adding libraries dir" dir=/home/raj/Arduino/libraries isSingleLibrary=false location=user
2026-08-14 17:16:05 2026-08-14T11:46:05.871Z daemon INFO time="2026-08-14T17:16:05+05:30" level=info msg="Adding libraries dir" dir=/home/raj/.arduino15/libraries isSingleLibrary=false location=ide
time="2026-08-14T17:16:05+05:30" level=info msg="Adding libraries dir" dir=/home/raj/.arduino15/packages/arduino/hardware/avr/1.8.8/libraries isSingleLibrary=false location=platform
time="2026-08-14T17:16:05+05:30" level=info msg="Adding libraries dir" dir=/home/raj/Arduino/libraries isSingleLibrary=false location=user
2026-08-14 17:16:05 2026-08-14T11:46:05.947Z daemon INFO time="2026-08-14T17:16:05+05:30" level=info msg="Resolving include Adafruit_NeoPixel.h for arch avr"
time="2026-08-14T17:16:05+05:30" level=info msg="  found better lib" lib="Adafruit NeoPixel" prio=6A7
2026-08-14 17:16:06 2026-08-14T11:46:06.231Z root INFO compiler-errors Current error changed to c;452
2026-08-14 17:16:06 2026-08-14T11:46:06.258Z root INFO compiler-errors Handling selection change in editor file:///tmp/.arduinoIDE-unsaved2026714-101406-1jakgpk.u714/sketch_aug14b/sketch_aug14b.ino. New (monaco) selection: [54,3 -> 54,3]
2026-08-14 17:16:18 2026-08-14T11:46:18.097Z root INFO compiler-errors Handling selection change in editor file:///tmp/.arduinoIDE-unsaved2026714-101406-1jakgpk.u714/sketch_aug14b/sketch_aug14b.ino. New (monaco) selection: [53,14 -> 53,14]
2026-08-14 17:16:18 2026-08-14T11:46:18.097Z root INFO compiler-errors New (monaco) selection [53,14 -> 53,14] does not intersect any error locations. Skipping.
2026-08-14 17:16:18 2026-08-14T11:46:18.842Z root INFO compiler-errors decoration range: [54,3 -> 54,3], change range: [53,14 -> 53,14], affects: false
2026-08-14 17:16:18 2026-08-14T11:46:18.843Z root INFO compiler-errors Handling selection change in editor file:///tmp/.arduinoIDE-unsaved2026714-101406-1jakgpk.u714/sketch_aug14b/sketch_aug14b.ino. New (monaco) selection: [53,15 -> 53,15]
2026-08-14 17:16:18 2026-08-14T11:46:18.843Z root INFO compiler-errors New (monaco) selection [53,15 -> 53,15] does not intersect any error locations. Skipping.
2026-08-14 17:16:19 2026-08-14T11:46:19.867Z daemon INFO time="2026-08-14T17:16:19+05:30" level=info msg="Adding libraries dir" dir=/home/raj/.arduino15/libraries isSingleLibrary=false location=ide
time="2026-08-14T17:16:19+05:30" level=info msg="Adding libraries dir" dir=/home/raj/.arduino15/packages/arduino/hardware/avr/1.8.8/libraries isSingleLibrary=false location=platform
time="2026-08-14T17:16:19+05:30" level=info msg="Adding libraries dir" dir=/home/raj/Arduino/libraries isSingleLibrary=false location=user
2026-08-14 17:16:20 2026-08-14T11:46:20.986Z daemon INFO time="2026-08-14T17:16:20+05:30" level=info msg="Adding libraries dir" dir=/home/raj/.arduino15/libraries isSingleLibrary=false location=ide
time="2026-08-14T17:16:20+05:30" level=info msg="Adding libraries dir" dir=/home/raj/.arduino15/packages/arduino/hardware/avr/1.8.8/libraries isSingleLibrary=false location=platform
time="2026-08-14T17:16:20+05:30" level=info msg="Adding libraries dir" dir=/home/raj/Arduino/libraries isSingleLibrary=false location=user
2026-08-14 17:16:21 2026-08-14T11:46:21.067Z daemon INFO time="2026-08-14T17:16:21+05:30" level=info msg="Resolving include Adafruit_NeoPixel.h for arch avr"
time="2026-08-14T17:16:21+05:30" level=info msg="  found better lib" lib="Adafruit NeoPixel" prio=6A7
2026-08-14 17:16:21 2026-08-14T11:46:21.092Z daemon INFO time="2026-08-14T17:16:21+05:30" level=info msg="Adding libraries dir" dir=/home/raj/.arduino15/libraries isSingleLibrary=false location=ide
time="2026-08-14T17:16:21+05:30" level=info msg="Adding libraries dir" dir=/home/raj/.arduino15/packages/arduino/hardware/avr/1.8.8/libraries isSingleLibrary=false location=platform
time="2026-08-14T17:16:21+05:30" level=info msg="Adding libraries dir" dir=/home/raj/Arduino/libraries isSingleLibrary=false location=user
2026-08-14 17:16:21 2026-08-14T11:46:21.412Z root INFO Executing 'arduino.languageserver.notifyBuildDidComplete' with "file:///home/raj/.cache/arduino/sketches/D9434DA5012B0DE0F181ADB34BA9EE3A"
2026-08-14 17:16:21 2026-08-14T11:46:21.443Z daemon INFO time="2026-08-14T17:16:21+05:30" level=info msg="Tool required for debug" tool="arduino:arduinoOTA@1.3.0"
time="2026-08-14T17:16:21+05:30" level=info msg="Tool required for debug" tool="arduino:avr-gcc@7.3.0-atmel3.6.1-arduino7"
time="2026-08-14T17:16:21+05:30" level=info msg="Tool required for debug" tool="arduino:avrdude@8.0.0-arduino1"
time="2026-08-14T17:16:21+05:30" level=info msg="Tool required for debug" tool="builtin:dfu-discovery@0.1.2"
2026-08-14 17:16:21 2026-08-14T11:46:21.443Z daemon INFO time="2026-08-14T17:16:21+05:30" level=info msg="Tool required for debug" tool="builtin:mdns-discovery@1.1.0"
time="2026-08-14T17:16:21+05:30" level=info msg="Tool required for debug" tool="builtin:serial-discovery@1.5.2"
time="2026-08-14T17:16:21+05:30" level=info msg="Tool required for debug" tool="builtin:serial-monitor@0.15.0"
time="2026-08-14T17:16:21+05:30" level=info msg="Tool required for debug" tool="builtin:ctags@5.8-arduino11"
2026-08-14 17:16:21 2026-08-14T11:46:21.444Z root ERROR Failed to get debug config: arduino:avr:uno, undefined Error: Debugging is not supported.
    at Object.callback (/tmp/.mount_arduinP9Tjvz/resources/app/lib/backend/main.js:2:4756202)
    at Object.onReceiveStatus (/tmp/.mount_arduinP9Tjvz/resources/app/lib/backend/main.js:2:3791917)
    at Object.onReceiveStatus (/tmp/.mount_arduinP9Tjvz/resources/app/lib/backend/main.js:2:2225840)
    at Object.onReceiveStatus (/tmp/.mount_arduinP9Tjvz/resources/app/lib/backend/main.js:2:2225285)
    at /tmp/.mount_arduinP9Tjvz/resources/app/lib/backend/main.js:2:4362019
    at process.processTicksAndRejections (node:internal/process/task_queues:77:11)
2026-08-14 17:16:22 2026-08-14T11:46:22.425Z daemon INFO time="2026-08-14T17:16:22+05:30" level=info msg="Adding libraries dir" dir=/home/raj/.arduino15/libraries isSingleLibrary=false location=ide
time="2026-08-14T17:16:22+05:30" level=info msg="Adding libraries dir" dir=/home/raj/.arduino15/packages/arduino/hardware/avr/1.8.8/libraries isSingleLibrary=false location=platform
time="2026-08-14T17:16:22+05:30" level=info msg="Adding libraries dir" dir=/home/raj/Arduino/libraries isSingleLibrary=false location=user
2026-08-14 17:16:23 2026-08-14T11:46:23.457Z daemon INFO time="2026-08-14T17:16:23+05:30" level=info msg="Adding libraries dir" dir=/home/raj/.arduino15/libraries isSingleLibrary=false location=ide
time="2026-08-14T17:16:23+05:30" level=info msg="Adding libraries dir" dir=/home/raj/.arduino15/packages/arduino/hardware/avr/1.8.8/libraries isSingleLibrary=false location=platform
time="2026-08-14T17:16:23+05:30" level=info msg="Adding libraries dir" dir=/home/raj/Arduino/libraries isSingleLibrary=false location=user
2026-08-14 17:16:23 2026-08-14T11:46:23.533Z daemon INFO time="2026-08-14T17:16:23+05:30" level=info msg="Resolving include Adafruit_NeoPixel.h for arch avr"
time="2026-08-14T17:16:23+05:30" level=info msg="  found better lib" lib="Adafruit NeoPixel" prio=6A7
2026-08-14 17:16:23 2026-08-14T11:46:23.893Z root INFO Executing 'arduino.languageserver.notifyBuildDidComplete' with "file:///home/raj/.cache/arduino/sketches/D9434DA5012B0DE0F181ADB34BA9EE3A"
2026-08-14 17:16:23 2026-08-14T11:46:23.921Z daemon INFO time="2026-08-14T17:16:23+05:30" level=info msg="Tool required for debug" tool="arduino:arduinoOTA@1.3.0"
time="2026-08-14T17:16:23+05:30" level=info msg="Tool required for debug" tool="arduino:avr-gcc@7.3.0-atmel3.6.1-arduino7"
time="2026-08-14T17:16:23+05:30" level=info msg="Tool required for debug" tool="arduino:avrdude@8.0.0-arduino1"
2026-08-14 17:16:23 2026-08-14T11:46:23.922Z daemon INFO time="2026-08-14T17:16:23+05:30" level=info msg="Tool required for debug" tool="builtin:serial-monitor@0.15.0"
time="2026-08-14T17:16:23+05:30" level=info msg="Tool required for debug" tool="builtin:ctags@5.8-arduino11"
time="2026-08-14T17:16:23+05:30" level=info msg="Tool required for debug" tool="builtin:dfu-discovery@0.1.2"
time="2026-08-14T17:16:23+05:30" level=info msg="Tool required for debug" tool="builtin:mdns-discovery@1.1.0"
time="2026-08-14T17:16:23+05:30" level=info msg="Tool required for debug" tool="builtin:serial-discovery@1.5.2"
2026-08-14 17:16:23 2026-08-14T11:46:23.922Z root ERROR Failed to get debug config: arduino:avr:uno, undefined Error: Debugging is not supported.
    at Object.callback (/tmp/.mount_arduinP9Tjvz/resources/app/lib/backend/main.js:2:4756202)
    at Object.onReceiveStatus (/tmp/.mount_arduinP9Tjvz/resources/app/lib/backend/main.js:2:3791917)
    at Object.onReceiveStatus (/tmp/.mount_arduinP9Tjvz/resources/app/lib/backend/main.js:2:2225840)
    at Object.onReceiveStatus (/tmp/.mount_arduinP9Tjvz/resources/app/lib/backend/main.js:2:2225285)
    at /tmp/.mount_arduinP9Tjvz/resources/app/lib/backend/main.js:2:4362019
    at process.processTicksAndRejections (node:internal/process/task_queues:77:11)
2026-08-14 17:16:24 2026-08-14T11:46:24.905Z daemon INFO time="2026-08-14T17:16:24+05:30" level=info msg="Adding libraries dir" dir=/home/raj/.arduino15/libraries isSingleLibrary=false location=ide
time="2026-08-14T17:16:24+05:30" level=info msg="Adding libraries dir" dir=/home/raj/.arduino15/packages/arduino/hardware/avr/1.8.8/libraries isSingleLibrary=false location=platform
time="2026-08-14T17:16:24+05:30" level=info msg="Adding libraries dir" dir=/home/raj/Arduino/libraries isSingleLibrary=false location=user
2026-08-14 17:16:26 2026-08-14T11:46:26.676Z root INFO Received port after upload [arduino+serial:///dev/ttyUSB0, arduino:avr:uno, sketch_aug14b]. Before port: {"protocol":"serial","address":"/dev/ttyUSB0"}, after port: {"address":"/dev/ttyUSB0","addressLabel":"/dev/ttyUSB0","protocol":"serial","protocolLabel":"Serial Port (USB)","properties":{"pid":"0xEA60","serialNumber":"0001","vid":"0x10C4"},"hardwareId":"0001"}
2026-08-14 17:17:21 2026-08-14T11:47:21.266Z daemon INFO time="2026-08-14T17:17:21+05:30" level=info msg="Adding libraries dir" dir=/home/raj/.arduino15/libraries isSingleLibrary=false location=ide
time="2026-08-14T17:17:21+05:30" level=info msg="Adding libraries dir" dir=/home/raj/.arduino15/packages/arduino/hardware/avr/1.8.8/libraries isSingleLibrary=false location=platform
time="2026-08-14T17:17:21+05:30" level=info msg="Adding libraries dir" dir=/home/raj/Arduino/libraries isSingleLibrary=false location=user
2026-08-14 17:17:22 2026-08-14T11:47:22.485Z daemon INFO time="2026-08-14T17:17:22+05:30" level=info msg="Adding libraries dir" dir=/home/raj/.arduino15/libraries isSingleLibrary=false location=ide
time="2026-08-14T17:17:22+05:30" level=info msg="Adding libraries dir" dir=/home/raj/.arduino15/packages/arduino/hardware/avr/1.8.8/libraries isSingleLibrary=false location=platform
time="2026-08-14T17:17:22+05:30" level=info msg="Adding libraries dir" dir=/home/raj/Arduino/libraries isSingleLibrary=false location=user
2026-08-14 17:17:28 2026-08-14T11:47:28.365Z daemon INFO time="2026-08-14T17:17:28+05:30" level=info msg="Adding libraries dir" dir=/home/raj/.arduino15/libraries isSingleLibrary=false location=ide
time="2026-08-14T17:17:28+05:30" level=info msg="Adding libraries dir" dir=/home/raj/.arduino15/packages/arduino/hardware/avr/1.8.8/libraries isSingleLibrary=false location=platform
2026-08-14 17:17:28 2026-08-14T11:47:28.366Z daemon INFO time="2026-08-14T17:17:28+05:30" level=info msg="Adding libraries dir" dir=/home/raj/Arduino/libraries isSingleLibrary=false location=user
2026-08-14 17:17:28 2026-08-14T11:47:28.436Z daemon INFO time="2026-08-14T17:17:28+05:30" level=info msg="Resolving include Adafruit_NeoPixel.h for arch avr"
time="2026-08-14T17:17:28+05:30" level=info msg="  found better lib" lib="Adafruit NeoPixel" prio=6A7
2026-08-14 17:17:28 2026-08-14T11:47:28.792Z root INFO Executing 'arduino.languageserver.notifyBuildDidComplete' with "file:///home/raj/.cache/arduino/sketches/D9434DA5012B0DE0F181ADB34BA9EE3A"
2026-08-14 17:17:28 2026-08-14T11:47:28.828Z daemon INFO time="2026-08-14T17:17:28+05:30" level=info msg="Tool required for debug" tool="arduino:arduinoOTA@1.3.0"
time="2026-08-14T17:17:28+05:30" level=info msg="Tool required for debug" tool="arduino:avr-gcc@7.3.0-atmel3.6.1-arduino7"
time="2026-08-14T17:17:28+05:30" level=info msg="Tool required for debug" tool="arduino:avrdude@8.0.0-arduino1"
2026-08-14 17:17:28 2026-08-14T11:47:28.828Z daemon INFO time="2026-08-14T17:17:28+05:30" level=info msg="Tool required for debug" tool="builtin:serial-monitor@0.15.0"
time="2026-08-14T17:17:28+05:30" level=info msg="Tool required for debug" tool="builtin:mdns-discovery@1.1.0"
time="2026-08-14T17:17:28+05:30" level=info msg="Tool required for debug" tool="builtin:serial-discovery@1.5.2"
time="2026-08-14T17:17:28+05:30" level=info msg="Tool required for debug" tool="builtin:ctags@5.8-arduino11"
time="2026-08-14T17:17:28+05:30" level=info msg="Tool required for debug" tool="builtin:dfu-discovery@0.1.2"
2026-08-14 17:17:28 2026-08-14T11:47:28.829Z root ERROR Failed to get debug config: arduino:avr:uno, undefined Error: Debugging is not supported.
    at Object.callback (/tmp/.mount_arduinP9Tjvz/resources/app/lib/backend/main.js:2:4756202)
    at Object.onReceiveStatus (/tmp/.mount_arduinP9Tjvz/resources/app/lib/backend/main.js:2:3791917)
    at Object.onReceiveStatus (/tmp/.mount_arduinP9Tjvz/resources/app/lib/backend/main.js:2:2225840)
    at Object.onReceiveStatus (/tmp/.mount_arduinP9Tjvz/resources/app/lib/backend/main.js:2:2225285)
    at /tmp/.mount_arduinP9Tjvz/resources/app/lib/backend/main.js:2:4362019
    at process.processTicksAndRejections (node:internal/process/task_queues:77:11)
2026-08-14 17:17:29 2026-08-14T11:47:29.804Z daemon INFO time="2026-08-14T17:17:29+05:30" level=info msg="Adding libraries dir" dir=/home/raj/.arduino15/libraries isSingleLibrary=false location=ide
2026-08-14 17:17:29 2026-08-14T11:47:29.804Z daemon INFO time="2026-08-14T17:17:29+05:30" level=info msg="Adding libraries dir" dir=/home/raj/.arduino15/packages/arduino/hardware/avr/1.8.8/libraries isSingleLibrary=false location=platform
time="2026-08-14T17:17:29+05:30" level=info msg="Adding libraries dir" dir=/home/raj/Arduino/libraries isSingleLibrary=false location=user
2026-08-14 17:17:31 2026-08-14T11:47:31.561Z root INFO Received port after upload [arduino+serial:///dev/ttyUSB0, arduino:avr:uno, sketch_aug14b]. Before port: {"protocol":"serial","address":"/dev/ttyUSB0"}, after port: {"address":"/dev/ttyUSB0","addressLabel":"/dev/ttyUSB0","protocol":"serial","protocolLabel":"Serial Port (USB)","properties":{"pid":"0xEA60","serialNumber":"0001","vid":"0x10C4"},"hardwareId":"0001"}
2026-08-14 17:18:16 2026-08-14T11:48:16.628Z daemon INFO time="2026-08-14T17:18:16+05:30" level=info msg="Adding libraries dir" dir=/home/raj/.arduino15/libraries isSingleLibrary=false location=ide
time="2026-08-14T17:18:16+05:30" level=info msg="Adding libraries dir" dir=/home/raj/.arduino15/packages/arduino/hardware/avr/1.8.8/libraries isSingleLibrary=false location=platform
time="2026-08-14T17:18:16+05:30" level=info msg="Adding libraries dir" dir=/home/raj/Arduino/libraries isSingleLibrary=false location=user
2026-08-14 17:18:18 2026-08-14T11:48:18.175Z daemon INFO time="2026-08-14T17:18:18+05:30" level=info msg="Adding libraries dir" dir=/home/raj/.arduino15/libraries isSingleLibrary=false location=ide
time="2026-08-14T17:18:18+05:30" level=info msg="Adding libraries dir" dir=/home/raj/.arduino15/packages/arduino/hardware/avr/1.8.8/libraries isSingleLibrary=false location=platform
time="2026-08-14T17:18:18+05:30" level=info msg="Adding libraries dir" dir=/home/raj/Arduino/libraries isSingleLibrary=false location=user
2026-08-14 17:18:19 2026-08-14T11:48:19.384Z daemon INFO time="2026-08-14T17:18:19+05:30" level=info msg="Adding libraries dir" dir=/home/raj/.arduino15/libraries isSingleLibrary=false location=ide
time="2026-08-14T17:18:19+05:30" level=info msg="Adding libraries dir" dir=/home/raj/.arduino15/packages/arduino/hardware/avr/1.8.8/libraries isSingleLibrary=false location=platform
2026-08-14 17:18:19 2026-08-14T11:48:19.384Z daemon INFO time="2026-08-14T17:18:19+05:30" level=info msg="Adding libraries dir" dir=/home/raj/Arduino/libraries isSingleLibrary=false location=user
2026-08-14 17:18:24 2026-08-14T11:48:24.575Z daemon INFO time="2026-08-14T17:18:24+05:30" level=info msg="Adding libraries dir" dir=/home/raj/.arduino15/libraries isSingleLibrary=false location=ide
time="2026-08-14T17:18:24+05:30" level=info msg="Adding libraries dir" dir=/home/raj/.arduino15/packages/arduino/hardware/avr/1.8.8/libraries isSingleLibrary=false location=platform
time="2026-08-14T17:18:24+05:30" level=info msg="Adding libraries dir" dir=/home/raj/Arduino/libraries isSingleLibrary=false location=user
2026-08-14 17:18:24 2026-08-14T11:48:24.654Z daemon INFO time="2026-08-14T17:18:24+05:30" level=info msg="Resolving include Adafruit_NeoPixel.h for arch avr"
time="2026-08-14T17:18:24+05:30" level=info msg="  found better lib" lib="Adafruit NeoPixel" prio=6A7
2026-08-14 17:18:25 2026-08-14T11:48:25.024Z root INFO Executing 'arduino.languageserver.notifyBuildDidComplete' with "file:///home/raj/.cache/arduino/sketches/D9434DA5012B0DE0F181ADB34BA9EE3A"
2026-08-14 17:18:25 2026-08-14T11:48:25.072Z daemon INFO time="2026-08-14T17:18:25+05:30" level=info msg="Tool required for debug" tool="arduino:arduinoOTA@1.3.0"
time="2026-08-14T17:18:25+05:30" level=info msg="Tool required for debug" tool="arduino:avr-gcc@7.3.0-atmel3.6.1-arduino7"
time="2026-08-14T17:18:25+05:30" level=info msg="Tool required for debug" tool="arduino:avrdude@8.0.0-arduino1"
time="2026-08-14T17:18:25+05:30" level=info msg="Tool required for debug" tool="builtin:mdns-discovery@1.1.0"
2026-08-14 17:18:25 2026-08-14T11:48:25.072Z daemon INFO time="2026-08-14T17:18:25+05:30" level=info msg="Tool required for debug" tool="builtin:serial-discovery@1.5.2"
time="2026-08-14T17:18:25+05:30" level=info msg="Tool required for debug" tool="builtin:serial-monitor@0.15.0"
time="2026-08-14T17:18:25+05:30" level=info msg="Tool required for debug" tool="builtin:ctags@5.8-arduino11"
time="2026-08-14T17:18:25+05:30" level=info msg="Tool required for debug" tool="builtin:dfu-discovery@0.1.2"
2026-08-14 17:18:25 2026-08-14T11:48:25.073Z root ERROR Failed to get debug config: arduino:avr:uno, undefined Error: Debugging is not supported.
    at Object.callback (/tmp/.mount_arduinP9Tjvz/resources/app/lib/backend/main.js:2:4756202)
    at Object.onReceiveStatus (/tmp/.mount_arduinP9Tjvz/resources/app/lib/backend/main.js:2:3791917)
    at Object.onReceiveStatus (/tmp/.mount_arduinP9Tjvz/resources/app/lib/backend/main.js:2:2225840)
    at Object.onReceiveStatus (/tmp/.mount_arduinP9Tjvz/resources/app/lib/backend/main.js:2:2225285)
    at /tmp/.mount_arduinP9Tjvz/resources/app/lib/backend/main.js:2:4362019
    at process.processTicksAndRejections (node:internal/process/task_queues:77:11)
2026-08-14 17:18:26 2026-08-14T11:48:26.040Z daemon INFO time="2026-08-14T17:18:26+05:30" level=info msg="Adding libraries dir" dir=/home/raj/.arduino15/libraries isSingleLibrary=false location=ide
time="2026-08-14T17:18:26+05:30" level=info msg="Adding libraries dir" dir=/home/raj/.arduino15/packages/arduino/hardware/avr/1.8.8/libraries isSingleLibrary=false location=platform
2026-08-14 17:18:26 2026-08-14T11:48:26.040Z daemon INFO time="2026-08-14T17:18:26+05:30" level=info msg="Adding libraries dir" dir=/home/raj/Arduino/libraries isSingleLibrary=false location=user
2026-08-14 17:18:27 2026-08-14T11:48:27.789Z root INFO Received port after upload [arduino+serial:///dev/ttyUSB0, arduino:avr:uno, sketch_aug14b]. Before port: {"protocol":"serial","address":"/dev/ttyUSB0"}, after port: {"address":"/dev/ttyUSB0","addressLabel":"/dev/ttyUSB0","protocol":"serial","protocolLabel":"Serial Port (USB)","properties":{"pid":"0xEA60","serialNumber":"0001","vid":"0x10C4"},"hardwareId":"0001"}
2026-08-14 17:48:26 Arduino IDE 2.3.8
2026-08-14 17:48:26 Checking for frontend application configuration customizations. Module path: /tmp/.mount_arduinrFJWab/resources/app/lib/backend/electron-main.js, destination 'package.json': /tmp/.mount_arduinrFJWab/resources/app/package.json
2026-08-14 17:48:27 Setting 'theia.frontend.config.appVersion' application configuration value to: "2.3.8" (type of string)
2026-08-14 17:48:27 Setting 'theia.frontend.config.cliVersion' application configuration value to: "1.4.1" (type of string)
2026-08-14 17:48:27 Setting 'theia.frontend.config.buildDate' application configuration value to: "2026-02-25T15:15:50.003Z" (type of string)
2026-08-14 17:48:27 Frontend application configuration after modifications: {"applicationName":"Arduino IDE","defaultTheme":{"light":"arduino-theme","dark":"arduino-theme-dark"},"defaultIconTheme":"none","electron":{"windowOptions":{},"showWindowEarly":true,"splashScreenOptions":{},"uriScheme":"arduino-ide"},"defaultLocale":"","validatePreferencesSchema":false,"reloadOnReconnect":true,"uriScheme":"theia","preferences":{"window.title":"${rootName}${activeEditorShort}${appName}","files.autoSave":"afterDelay","editor.minimap.enabled":false,"editor.tabSize":2,"editor.scrollBeyondLastLine":false,"editor.quickSuggestions":{"other":false,"comments":false,"strings":false},"editor.maxTokenizationLineLength":500,"editor.bracketPairColorization.enabled":false,"breadcrumbs.enabled":false,"workbench.tree.renderIndentGuides":"none","explorer.compactFolders":false},"appVersion":"2.3.8","cliVersion":"1.4.1","buildDate":"2026-02-25T15:15:50.003Z"}
2026-08-14 17:48:27 Starting backend process. PID: 4685
2026-08-14 17:48:27 Showing main window early
2026-08-14 17:48:28 Using browser-only version of superagent in non-browser environment
2026-08-14 17:48:28 Configuration directory URI: 'file:///home/raj/.arduinoIDE'
2026-08-14 17:48:28 Configuring to accept webviews on '^.+\.webview\..+$' hostname.
2026-08-14 17:48:28 2026-08-14T12:18:28.398Z root WARN Backend u.initialize took longer than the expected maximum 50 milliseconds: 66.0 ms [Finished 1.117 s after backend start]
2026-08-14 17:48:28 2026-08-14T12:18:28.410Z root WARN Backend Object.initialize took longer than the expected maximum 50 milliseconds: 57.8 ms [Finished 1.117 s after backend start]
2026-08-14 17:48:28 2026-08-14T12:18:28.411Z root INFO Backend a.initialize: 1.7 ms [Finished 1.117 s after backend start]
2026-08-14 17:48:28 2026-08-14T12:18:28.411Z root INFO Backend a.initialize: 1.4 ms [Finished 1.117 s after backend start]
2026-08-14 17:48:28 2026-08-14T12:18:28.411Z root INFO Backend u.initialize: 1.7 ms [Finished 1.118 s after backend start]
2026-08-14 17:48:28 2026-08-14T12:18:28.414Z root WARN Backend l.initialize took longer than the expected maximum 50 milliseconds: 59.5 ms [Finished 1.119 s after backend start]
2026-08-14 17:48:28 2026-08-14T12:18:28.424Z root INFO configured all backend app contributions
2026-08-14 17:48:28 2026-08-14T12:18:28.424Z root INFO Backend l.onStart: 2.3 ms [Finished 1.145 s after backend start]
2026-08-14 17:48:28 2026-08-14T12:18:28.425Z root INFO Backend d.onStart: 0.2 ms [Finished 1.145 s after backend start]
2026-08-14 17:48:28 2026-08-14T12:18:28.426Z root INFO Backend a.onStart: 0.5 ms [Finished 1.146 s after backend start]
2026-08-14 17:48:28 2026-08-14T12:18:28.427Z config INFO >>> Initializing CLI configuration...
2026-08-14 17:48:28 2026-08-14T12:18:28.427Z root INFO Backend x.onStart: 0.4 ms [Finished 1.146 s after backend start]
2026-08-14 17:48:28 2026-08-14T12:18:28.427Z config INFO Loading CLI configuration from /home/raj/.arduinoIDE/arduino-cli.yaml...
2026-08-14 17:48:28 2026-08-14T12:18:28.427Z daemon INFO Starting daemon from /tmp/.mount_arduinrFJWab/resources/app/lib/backend/resources/arduino-cli...
2026-08-14 17:48:28 2026-08-14T12:18:28.427Z root INFO Backend w.onStart: 1.1 ms [Finished 1.148 s after backend start]
2026-08-14 17:48:28 2026-08-14T12:18:28.427Z discovery-log INFO start
2026-08-14 17:48:28 2026-08-14T12:18:28.427Z discovery-log INFO start new deferred
2026-08-14 17:48:28 2026-08-14T12:18:28.427Z root INFO Backend v.onStart: 0.3 ms [Finished 1.148 s after backend start]
2026-08-14 17:48:28 2026-08-14T12:18:28.427Z root INFO Backend a.onStart: 0.1 ms [Finished 1.148 s after backend start]
2026-08-14 17:48:28 2026-08-14T12:18:28.431Z root INFO Theia app listening on http://127.0.0.1:36391.
2026-08-14 17:48:28 2026-08-14T12:18:28.432Z root INFO Finished starting backend application: 4.6 ms [Finished 1.153 s after backend start]
2026-08-14 17:48:28 Restoring workspace roots: /home/raj/Arduino/led_on_off,/home/raj/Arduino/obstacle
2026-08-14 17:48:28 2026-08-14T12:18:28.435Z root WARN The local plugin referenced by local-dir:/home/raj/.arduinoIDE/plugins does not exist.
2026-08-14 17:48:28 2026-08-14T12:18:28.435Z root WARN The local plugin referenced by local-dir:/home/raj/.arduinoIDE/deployedPlugins does not exist.
2026-08-14 17:48:28 isTempSketch: false. Input was /home/raj/Arduino/led_on_off/led_on_off.ino
2026-08-14 17:48:28 2026-08-14T12:18:28.471Z config INFO Loaded CLI configuration: {"board_manager":{"additional_urls":[]}}
2026-08-14 17:48:28 2026-08-14T12:18:28.471Z config INFO Loading fallback CLI configuration to get 'directories.data' and 'directories.user'
2026-08-14 17:48:28 isTempSketch: false. Input was /home/raj/Arduino/obstacle/obstacle.ino
2026-08-14 17:48:28 2026-08-14T12:18:28.697Z root INFO Resolve plugins list: 268.1 ms [Finished 1.418 s after backend start]
2026-08-14 17:48:28 2026-08-14T12:18:28.959Z daemon INFO time="2026-08-14T17:48:28+05:30" level=info msg="arduino-cli version 1.4.1"
2026-08-14 17:48:28 2026-08-14T12:18:28.971Z daemon INFO time="2026-08-14T17:48:28+05:30" level=info msg="Using config file: /home/raj/.arduinoIDE/arduino-cli.yaml"
time="2026-08-14T17:48:28+05:30" level=info msg="Executing `arduino-cli daemon`"
2026-08-14 17:48:28 2026-08-14T12:18:28.984Z config INFO Loaded fallback CLI configuration: {"directories":{"user":"/home/raj/Arduino","data":"/home/raj/.arduino15"}}
2026-08-14 17:48:28 2026-08-14T12:18:28.984Z config INFO Merged CLI configuration with the fallback: {"directories":{"user":"/home/raj/Arduino","data":"/home/raj/.arduino15"},"board_manager":{"additional_urls":[]}}
2026-08-14 17:48:28 2026-08-14T12:18:28.984Z config INFO Loaded the CLI configuration.
2026-08-14 17:48:28 2026-08-14T12:18:28.997Z daemon INFO Daemon is now listening on 127.0.0.1:37759
{"IP":"127.0.0.1","Port":"37759"}
2026-08-14 17:48:28 2026-08-14T12:18:28.997Z daemon INFO Daemon is running.
2026-08-14 17:48:29 2026-08-14T12:18:29.023Z config INFO Mapped the CLI configuration: {"dataDirUri":"file:///home/raj/.arduino15","sketchDirUri":"file:///home/raj/Arduino","additionalUrls":[],"network":"none","locale":"en"}
2026-08-14 17:48:29 2026-08-14T12:18:29.023Z config INFO Validating the CLI configuration...
2026-08-14 17:48:29 2026-08-14T12:18:29.034Z config INFO The CLI config is valid.
2026-08-14 17:48:29 2026-08-14T12:18:29.034Z config INFO <<< Initialized the CLI configuration.
2026-08-14 17:48:29 2026-08-14T12:18:29.145Z daemon INFO time="2026-08-14T17:48:29+05:30" level=info msg="Checking signature" index=/home/raj/.arduino15/package_index.json signatureFile=/home/raj/.arduino15/package_index.json.sig trusted=true
2026-08-14 17:48:29 2026-08-14T12:18:29.151Z daemon INFO time="2026-08-14T17:48:29+05:30" level=info msg="Loading hardware from: /home/raj/.arduino15/packages"
2026-08-14 17:48:29 2026-08-14T12:18:29.152Z daemon INFO time="2026-08-14T17:48:29+05:30" level=info msg="Loading package arduino from: /home/raj/.arduino15/packages/arduino/hardware"
2026-08-14 17:48:29 2026-08-14T12:18:29.173Z daemon INFO time="2026-08-14T17:48:29+05:30" level=info msg="Missing signature file" index=/home/raj/.arduino15/packages/arduino/hardware/avr/1.8.8/installed.json
time="2026-08-14T17:48:29+05:30" level=info msg="Adding monitor tool" protocol=serial tool="builtin:serial-monitor"
time="2026-08-14T17:48:29+05:30" level=info msg="Loaded platform" platform="arduino:avr@1.8.8"
time="2026-08-14T17:48:29+05:30" level=info msg="Checking existence of 'tools' path: /home/raj/.arduino15/packages/arduino/tools"
time="2026-08-14T17:48:29+05:30" level=info msg="Loading tools from dir: /home/raj/.arduino15/packages/arduino/tools"
time="2026-08-14T17:48:29+05:30" level=info msg="Loaded tool" tool="arduino:arduinoOTA@1.3.0"
time="2026-08-14T17:48:29+05:30" level=info msg="Loaded tool" tool="arduino:avr-gcc@7.3.0-atmel3.6.1-arduino7"
time="2026-08-14T17:48:29+05:30" level=info msg="Loaded tool" tool="arduino:avrdude@8.0.0-arduino1"
time="2026-08-14T17:48:29+05:30" level=info msg="Loading package builtin from: /home/raj/.arduino15/packages/builtin"
time="2026-08-14T17:48:29+05:30" level=info msg="Checking existence of 'tools' path: /home/raj/.arduino15/packages/builtin/tools"
time="2026-08-14T17:48:29+05:30" level=info msg="Loading tools from dir: /home/raj/.arduino15/packages/builtin/tools"
time="2026-08-14T17:48:29+05:30" level=info msg="Loaded tool" tool="builtin:ctags@5.8-arduino11"
time="2026-08-14T17:48:29+05:30" level=info msg="Loaded tool" tool="builtin:dfu-discovery@0.1.2"
time="2026-08-14T17:48:29+05:30" level=info msg="Loaded tool" tool="builtin:mdns-discovery@1.0.12"
time="2026-08-14T17:48:29+05:30" level=info msg="Loaded tool" tool="builtin:mdns-discovery@1.1.0"
time="2026-08-14T17:48:29+05:30" level=info msg="Loaded tool" tool="builtin:serial-discovery@1.4.3"
time="2026-08-14T17:48:29+05:30" level=info msg="Loaded tool" tool="builtin:serial-discovery@1.5.2"
time="2026-08-14T17:48:29+05:30" level=info msg="Loaded tool" tool="builtin:serial-monitor@0.15.0"
2026-08-14 17:48:29 2026-08-14T12:18:29.214Z daemon INFO time="2026-08-14T17:48:29+05:30" level=info msg="Adding libraries dir" dir=/home/raj/.arduino15/packages/arduino/hardware/avr/1.8.8/libraries isSingleLibrary=false location=platform
time="2026-08-14T17:48:29+05:30" level=info msg="Loading libraries index file" index=/home/raj/.arduino15/library_index.json
2026-08-14 17:48:29 2026-08-14T12:18:29.719Z daemon INFO time="2026-08-14T17:48:29+05:30" level=info msg="Adding libraries dir" dir=/home/raj/.arduino15/libraries isSingleLibrary=false location=ide
2026-08-14 17:48:29 2026-08-14T12:18:29.719Z daemon INFO time="2026-08-14T17:48:29+05:30" level=info msg="Adding libraries dir" dir=/home/raj/Arduino/libraries isSingleLibrary=false location=user
2026-08-14 17:48:29 2026-08-14T12:18:29.751Z discovery-log INFO start resolved watching
2026-08-14 17:48:29 2026-08-14T12:18:29.779Z discovery-log INFO {"eventType":"add","port":{"matchingBoardsList":[],"port":{"address":"/dev/ttyS4","label":"/dev/ttyS4","protocol":"serial","protocolLabel":"Serial Port","propertiesMap":[],"hardwareId":""}},"error":""}
2026-08-14 17:48:29 2026-08-14T12:18:29.779Z discovery-log INFO {"eventType":"add","port":{"matchingBoardsList":[],"port":{"address":"/dev/ttyS5","label":"/dev/ttyS5","protocol":"serial","protocolLabel":"Serial Port","propertiesMap":[],"hardwareId":""}},"error":""}
2026-08-14 17:48:29 2026-08-14T12:18:29.780Z discovery-log INFO {"eventType":"add","port":{"matchingBoardsList":[],"port":{"address":"/dev/ttyUSB0","label":"/dev/ttyUSB0","protocol":"serial","protocolLabel":"Serial Port (USB)","propertiesMap":[["pid","0xEA60"],["serialNumber","0001"],["vid","0x10C4"]],"hardwareId":"0001"}},"error":""}
2026-08-14 17:48:30 2026-08-14T12:18:30.164Z root INFO Deploy plugins list: 1735.9 ms [Finished 2.885 s after backend start]
2026-08-14 17:48:30 2026-08-14T12:18:30.588Z root INFO creating connection for 2
2026-08-14 17:48:30 2026-08-14T12:18:30.594Z root INFO creating connection for 1
2026-08-14 17:48:31 2026-08-14T12:18:31.840Z root WARN Frontend a.configure took longer than the expected maximum 100 milliseconds: 123.2 ms [Finished 3.387 s after frontend start]
2026-08-14 17:48:31 2026-08-14T12:18:31.881Z root WARN A command editor.action.toggleStickyScroll is already registered.
2026-08-14 17:48:31 2026-08-14T12:18:31.898Z root WARN Frontend a.configure took longer than the expected maximum 100 milliseconds: 182.0 ms [Finished 3.295 s after frontend start]
2026-08-14 17:48:31 2026-08-14T12:18:31.924Z sketches-service WARN Warning! The request sketch path was different than the response sketch path from the CLI. This could be a potential bug. Request: </home/raj/Arduino/led_on_off/led_on_off.ino>, response: </home/raj/Arduino/led_on_off>.
2026-08-14 17:48:31 2026-08-14T12:18:31.938Z root WARN A command editor.action.toggleStickyScroll is already registered.
2026-08-14 17:48:31 2026-08-14T12:18:31.966Z sketches-service WARN Warning! The request sketch path was different than the response sketch path from the CLI. This could be a potential bug. Request: </home/raj/Arduino/obstacle/obstacle.ino>, response: </home/raj/Arduino/obstacle>.
2026-08-14 17:48:31 Opening channel for service path '/services/electron-window'.
2026-08-14 17:48:31 Opening channel for service path '/services/ide-updater'.
2026-08-14 17:48:32 Opening channel for service path '/services/electron-window'.
2026-08-14 17:48:32 Opening channel for service path '/services/ide-updater'.
2026-08-14 17:48:32 2026-08-14T12:18:32.060Z root INFO Start frontend contributions: 440.8 ms [Finished 3.581 s after frontend start]
2026-08-14 17:48:32 2026-08-14T12:18:32.060Z root INFO Changed application state from 'init' to 'started_contributions'.
2026-08-14 17:48:32 2026-08-14T12:18:32.074Z root INFO Changed application state from 'started_contributions' to 'attached_shell'.
2026-08-14 17:48:32 2026-08-14T12:18:32.076Z root INFO >>> Restoring the layout state...
2026-08-14 17:48:32 2026-08-14T12:18:32.119Z root INFO Start frontend contributions: 488.7 ms [Finished 3.490 s after frontend start]
2026-08-14 17:48:32 2026-08-14T12:18:32.120Z root INFO Changed application state from 'init' to 'started_contributions'.
2026-08-14 17:48:32 2026-08-14T12:18:32.140Z root INFO Changed application state from 'started_contributions' to 'attached_shell'.
2026-08-14 17:48:32 2026-08-14T12:18:32.140Z root INFO >>> Restoring the layout state...
2026-08-14 17:48:32 2026-08-14T12:18:32.145Z root INFO [b277ccad-b163-4d4c-9b65-ffb3a45b8320] Waiting for backend deployment: 120.5 ms [Finished 3.691 s after frontend start]
2026-08-14 17:48:32 2026-08-14T12:18:32.459Z root INFO [94690017-a885-487d-95cb-60d5f724805d] Waiting for backend deployment: 187.1 ms [Finished 3.663 s after frontend start]
2026-08-14 17:48:32 2026-08-14T12:18:32.674Z root INFO [hosted-plugin: 4868] PLUGIN_HOST(4868) starting instance
[Object: null prototype] {}
2026-08-14 17:48:32 2026-08-14T12:18:32.674Z root INFO [hosted-plugin: 4860] PLUGIN_HOST(4860) starting instance
[Object: null prototype] {}
2026-08-14 17:48:34 2026-08-14T12:18:34.690Z root INFO [94690017-a885-487d-95cb-60d5f724805d] Sync of 23 plugins: 2424.2 ms [Finished 6.088 s after frontend start]
2026-08-14 17:48:34 2026-08-14T12:18:34.709Z root INFO [b277ccad-b163-4d4c-9b65-ffb3a45b8320] Sync of 23 plugins: 2564.8 ms [Finished 6.256 s after frontend start]
2026-08-14 17:48:34 2026-08-14T12:18:34.727Z root INFO ------- SERIALIZED LAYOUT DATA -------
2026-08-14 17:48:34 2026-08-14T12:18:34.727Z root INFO {"version":5,"mainPanel":{"main":{"type":"tab-area","widgets":[{"constructionOptions":{"factoryId":"code-editor-opener","options":{"counter":0,"kind":"navigatable","uri":"file:///home/raj/Arduino/obstacle/obstacle.ino"}},"innerWidgetState":"{\"cursorState\":[{\"inSelectionMode\":false,\"selectionStart\":{\"lineNumber\":89,\"column\":6},\"position\":{\"lineNumber\":89,\"column\":6}}],\"viewState\":{\"scrollLeft\":0,\"firstPosition\":{\"lineNumber\":45,\"column\":1},\"firstPositionDeltaTop\":-2},\"contributionsState\":{\"editor.contrib.folding\":{\"lineCount\":112,\"provider\":\"indent\",\"foldedImports\":false},\"editor.contrib.wordHighlighter\":true}}"}],"currentIndex":0}},"mainPanelPinned":[false],"bottomPanel":{"config":{"main":{"type":"tab-area","widgets":[{"constructionOptions":{"factoryId":"outputView"},"innerWidgetState":"{\"locked\":false}"}],"currentIndex":0}},"pinned":[false],"size":230,"expanded":true},"leftPanel":{"type":"sidepanel","items":[{"widget":{"constructionOptions":{"factoryId":"arduino-sketchbook-widget"}},"rank":1,"expanded":false,"pinned":false},{"widget":{"constructionOptions":{"factoryId":"boards-list-widget"}},"rank":2,"expanded":false,"pinned":false},{"widget":{"constructionOptions":{"factoryId":"library-list-widget"}},"rank":3,"expanded":false,"pinned":false},{"widget":{"constructionOptions":{"factoryId":"debug"},"innerWidgetState":"{\"parts\":[{\"partId\":\"debug:threads:-1\",\"collapsed\":false,\"hidden\":false,\"originalContainerId\":\"debug:view-container:-1\",\"originalContainerTitle\":{\"label\":\"debug\",\"iconClass\":\"codicon codicon-debug-alt\",\"closeable\":true},\"widget\":{\"constructionOptions\":{\"factoryId\":\"debug:threads\"},\"innerWidgetState\":\"{}\"}},{\"partId\":\"debug:frames:-1\",\"collapsed\":false,\"hidden\":false,\"originalContainerId\":\"debug:view-container:-1\",\"originalContainerTitle\":{\"label\":\"debug\",\"iconClass\":\"codicon codicon-debug-alt\",\"closeable\":true},\"widget\":{\"constructionOptions\":{\"factoryId\":\"debug:frames\"},\"innerWidgetState\":\"{}\"}},{\"partId\":\"debug:variables:-1\",\"collapsed\":false,\"hidden\":false,\"originalContainerId\":\"debug:view-container:-1\",\"originalContainerTitle\":{\"label\":\"debug\",\"iconClass\":\"codicon codicon-debug-alt\",\"closeable\":true},\"widget\":{\"constructionOptions\":{\"factoryId\":\"debug:variables\"},\"innerWidgetState\":\"{}\"}},{\"partId\":\"debug:watch:-1\",\"collapsed\":false,\"hidden\":false,\"originalContainerId\":\"debug:view-container:-1\",\"originalContainerTitle\":{\"label\":\"debug\",\"iconClass\":\"codicon codicon-debug-alt\",\"closeable\":true},\"widget\":{\"constructionOptions\":{\"factoryId\":\"debug:watch\"},\"innerWidgetState\":\"{}\"}},{\"partId\":\"debug:breakpoints:-1\",\"collapsed\":false,\"hidden\":false,\"originalContainerId\":\"debug:view-container:-1\",\"originalContainerTitle\":{\"label\":\"debug\",\"iconClass\":\"codicon codicon-debug-alt\",\"closeable\":true},\"widget\":{\"constructionOptions\":{\"factoryId\":\"debug:breakpoints\"},\"innerWidgetState\":\"{}\"}},{\"partId\":\"plugin-view:cortex-debug.peripherals\",\"collapsed\":true,\"hidden\":true,\"originalContainerId\":\"debug:view-container:-1\",\"originalContainerTitle\":{\"label\":\"debug\",\"iconClass\":\"codicon codicon-debug-alt\",\"closeable\":true},\"widget\":{\"constructionOptions\":{\"factoryId\":\"plugin-view\",\"options\":{\"id\":\"plugin-view:cortex-debug.peripherals\",\"viewId\":\"cortex-debug.peripherals\"}},\"innerWidgetState\":\"{\\\"label\\\":\\\"Cortex Peripherals\\\",\\\"widgets\\\":[],\\\"suppressUpdateViewVisibility\\\":false,\\\"currentViewContainerId\\\":\\\"debug\\\"}\"}},{\"partId\":\"plugin-view:cortex-debug.registers\",\"collapsed\":true,\"hidden\":true,\"originalContainerId\":\"debug:view-container:-1\",\"originalContainerTitle\":{\"label\":\"debug\",\"iconClass\":\"codicon codicon-debug-alt\",\"closeable\":true},\"widget\":{\"constructionOptions\":{\"factoryId\":\"plugin-view\",\"options\":{\"id\":\"plugin-view:cortex-debug.registers\",\"viewId\":\"cortex-debug.registers\"}},\"innerWidgetState\":\"{\\\"label\\\":\\\"Cortex Registers\\\",\\\"widgets\\\":[],\\\"suppressUpdateViewVisibility\\\":false,\\\"currentViewContainerId\\\":\\\"debug\\\"}\"}}],\"title\":{\"label\":\"debug\",\"iconClass\":\"codicon codicon-debug-alt\",\"closeable\":true}}"},"rank":4,"expanded":false,"pinned":false},{"widget":{"constructionOptions":{"factoryId":"search-view-container"},"innerWidgetState":"{\"parts\":[{\"partId\":\"search-in-workspace\",\"collapsed\":false,\"hidden\":false,\"originalContainerId\":\"search-view-container\",\"originalContainerTitle\":{\"label\":\"Search\",\"iconClass\":\"codicon codicon-search\",\"closeable\":true},\"widget\":{\"constructionOptions\":{\"factoryId\":\"search-in-workspace\"},\"innerWidgetState\":\"{\\\"matchCaseState\\\":{\\\"className\\\":\\\"codicon codicon-case-sensitive\\\",\\\"enabled\\\":false,\\\"title\\\":\\\"Match Case\\\"},\\\"wholeWordState\\\":{\\\"className\\\":\\\"codicon codicon-whole-word\\\",\\\"enabled\\\":false,\\\"title\\\":\\\"Match Whole Word\\\"},\\\"regExpState\\\":{\\\"className\\\":\\\"codicon codicon-regex\\\",\\\"enabled\\\":false,\\\"title\\\":\\\"Use Regular Expression\\\"},\\\"includeIgnoredState\\\":{\\\"className\\\":\\\"codicon codicon-eye\\\",\\\"enabled\\\":false,\\\"title\\\":\\\"Include Ignored Files\\\"},\\\"showSearchDetails\\\":false,\\\"searchInWorkspaceOptions\\\":{\\\"matchCase\\\":false,\\\"matchWholeWord\\\":false,\\\"useRegExp\\\":false,\\\"multiline\\\":false,\\\"includeIgnored\\\":false,\\\"include\\\":[],\\\"exclude\\\":[],\\\"maxResults\\\":2000},\\\"searchTerm\\\":\\\"\\\",\\\"replaceTerm\\\":\\\"\\\",\\\"showReplaceField\\\":false,\\\"searchHistoryState\\\":{\\\"history\\\":[],\\\"index\\\":0},\\\"replaceHistoryState\\\":{\\\"history\\\":[],\\\"index\\\":0},\\\"includeHistoryState\\\":{\\\"history\\\":[],\\\"index\\\":0},\\\"excludeHistoryState\\\":{\\\"history\\\":[],\\\"index\\\":0}}\"}}],\"title\":{\"label\":\"Search\",\"iconClass\":\"fa fa-arduino-search\",\"closeable\":true}}"},"rank":5,"expanded":false,"pinned":false}]},"rightPanel":{"type":"sidepanel","items":[]}}
2026-08-14 17:48:34 2026-08-14T12:18:34.727Z root INFO ------- END SERIALIZED LAYOUT DATA -------
2026-08-14 17:48:34 2026-08-14T12:18:34.744Z root INFO ------- SERIALIZED LAYOUT DATA -------
2026-08-14 17:48:34 2026-08-14T12:18:34.744Z root INFO {"version":5,"mainPanel":{"main":{"type":"tab-area","widgets":[{"constructionOptions":{"factoryId":"code-editor-opener","options":{"counter":0,"kind":"navigatable","uri":"file:///home/raj/Arduino/led_on_off/led_on_off.ino"}},"innerWidgetState":"{\"cursorState\":[{\"inSelectionMode\":false,\"selectionStart\":{\"lineNumber\":36,\"column\":15},\"position\":{\"lineNumber\":36,\"column\":15}}],\"viewState\":{\"scrollLeft\":0,\"firstPosition\":{\"lineNumber\":1,\"column\":1},\"firstPositionDeltaTop\":0},\"contributionsState\":{\"editor.contrib.folding\":{\"lineCount\":38,\"provider\":\"indent\",\"foldedImports\":false},\"editor.contrib.wordHighlighter\":false}}"}],"currentIndex":0}},"mainPanelPinned":[false],"bottomPanel":{"config":{"main":{"type":"tab-area","widgets":[{"constructionOptions":{"factoryId":"outputView"},"innerWidgetState":"{\"locked\":false}"}],"currentIndex":0}},"pinned":[false],"size":159,"expanded":true},"leftPanel":{"type":"sidepanel","items":[{"widget":{"constructionOptions":{"factoryId":"arduino-sketchbook-widget"}},"rank":1,"expanded":false,"pinned":false},{"widget":{"constructionOptions":{"factoryId":"boards-list-widget"}},"rank":2,"expanded":false,"pinned":false},{"widget":{"constructionOptions":{"factoryId":"library-list-widget"}},"rank":3,"expanded":false,"pinned":false},{"widget":{"constructionOptions":{"factoryId":"debug"},"innerWidgetState":"{\"parts\":[{\"partId\":\"debug:threads:-1\",\"collapsed\":false,\"hidden\":false,\"originalContainerId\":\"debug:view-container:-1\",\"originalContainerTitle\":{\"label\":\"debug\",\"iconClass\":\"codicon codicon-debug-alt\",\"closeable\":true},\"widget\":{\"constructionOptions\":{\"factoryId\":\"debug:threads\"},\"innerWidgetState\":\"{}\"}},{\"partId\":\"debug:frames:-1\",\"collapsed\":false,\"hidden\":false,\"originalContainerId\":\"debug:view-container:-1\",\"originalContainerTitle\":{\"label\":\"debug\",\"iconClass\":\"codicon codicon-debug-alt\",\"closeable\":true},\"widget\":{\"constructionOptions\":{\"factoryId\":\"debug:frames\"},\"innerWidgetState\":\"{}\"}},{\"partId\":\"debug:variables:-1\",\"collapsed\":false,\"hidden\":false,\"originalContainerId\":\"debug:view-container:-1\",\"originalContainerTitle\":{\"label\":\"debug\",\"iconClass\":\"codicon codicon-debug-alt\",\"closeable\":true},\"widget\":{\"constructionOptions\":{\"factoryId\":\"debug:variables\"},\"innerWidgetState\":\"{}\"}},{\"partId\":\"debug:watch:-1\",\"collapsed\":false,\"hidden\":false,\"originalContainerId\":\"debug:view-container:-1\",\"originalContainerTitle\":{\"label\":\"debug\",\"iconClass\":\"codicon codicon-debug-alt\",\"closeable\":true},\"widget\":{\"constructionOptions\":{\"factoryId\":\"debug:watch\"},\"innerWidgetState\":\"{}\"}},{\"partId\":\"debug:breakpoints:-1\",\"collapsed\":false,\"hidden\":false,\"originalContainerId\":\"debug:view-container:-1\",\"originalContainerTitle\":{\"label\":\"debug\",\"iconClass\":\"codicon codicon-debug-alt\",\"closeable\":true},\"widget\":{\"constructionOptions\":{\"factoryId\":\"debug:breakpoints\"},\"innerWidgetState\":\"{}\"}},{\"partId\":\"plugin-view:cortex-debug.peripherals\",\"collapsed\":true,\"hidden\":true,\"originalContainerId\":\"debug:view-container:-1\",\"originalContainerTitle\":{\"label\":\"debug\",\"iconClass\":\"codicon codicon-debug-alt\",\"closeable\":true},\"widget\":{\"constructionOptions\":{\"factoryId\":\"plugin-view\",\"options\":{\"id\":\"plugin-view:cortex-debug.peripherals\",\"viewId\":\"cortex-debug.peripherals\"}},\"innerWidgetState\":\"{\\\"label\\\":\\\"Cortex Peripherals\\\",\\\"widgets\\\":[],\\\"suppressUpdateViewVisibility\\\":false,\\\"currentViewContainerId\\\":\\\"debug\\\"}\"}},{\"partId\":\"plugin-view:cortex-debug.registers\",\"collapsed\":true,\"hidden\":true,\"originalContainerId\":\"debug:view-container:-1\",\"originalContainerTitle\":{\"label\":\"debug\",\"iconClass\":\"codicon codicon-debug-alt\",\"closeable\":true},\"widget\":{\"constructionOptions\":{\"factoryId\":\"plugin-view\",\"options\":{\"id\":\"plugin-view:cortex-debug.registers\",\"viewId\":\"cortex-debug.registers\"}},\"innerWidgetState\":\"{\\\"label\\\":\\\"Cortex Registers\\\",\\\"widgets\\\":[],\\\"suppressUpdateViewVisibility\\\":false,\\\"currentViewContainerId\\\":\\\"debug\\\"}\"}}],\"title\":{\"label\":\"debug\",\"iconClass\":\"codicon codicon-debug-alt\",\"closeable\":true}}"},"rank":4,"expanded":false,"pinned":false},{"widget":{"constructionOptions":{"factoryId":"search-view-container"},"innerWidgetState":"{\"parts\":[{\"partId\":\"search-in-workspace\",\"collapsed\":false,\"hidden\":false,\"originalContainerId\":\"search-view-container\",\"originalContainerTitle\":{\"label\":\"Search\",\"iconClass\":\"codicon codicon-search\",\"closeable\":true},\"widget\":{\"constructionOptions\":{\"factoryId\":\"search-in-workspace\"},\"innerWidgetState\":\"{\\\"matchCaseState\\\":{\\\"className\\\":\\\"codicon codicon-case-sensitive\\\",\\\"enabled\\\":false,\\\"title\\\":\\\"Match Case\\\"},\\\"wholeWordState\\\":{\\\"className\\\":\\\"codicon codicon-whole-word\\\",\\\"enabled\\\":false,\\\"title\\\":\\\"Match Whole Word\\\"},\\\"regExpState\\\":{\\\"className\\\":\\\"codicon codicon-regex\\\",\\\"enabled\\\":false,\\\"title\\\":\\\"Use Regular Expression\\\"},\\\"includeIgnoredState\\\":{\\\"className\\\":\\\"codicon codicon-eye\\\",\\\"enabled\\\":false,\\\"title\\\":\\\"Include Ignored Files\\\"},\\\"showSearchDetails\\\":false,\\\"searchInWorkspaceOptions\\\":{\\\"matchCase\\\":false,\\\"matchWholeWord\\\":false,\\\"useRegExp\\\":false,\\\"multiline\\\":false,\\\"includeIgnored\\\":false,\\\"include\\\":[],\\\"exclude\\\":[],\\\"maxResults\\\":2000},\\\"searchTerm\\\":\\\"\\\",\\\"replaceTerm\\\":\\\"\\\",\\\"showReplaceField\\\":false,\\\"searchHistoryState\\\":{\\\"history\\\":[],\\\"index\\\":0},\\\"replaceHistoryState\\\":{\\\"history\\\":[],\\\"index\\\":0},\\\"includeHistoryState\\\":{\\\"history\\\":[],\\\"index\\\":0},\\\"excludeHistoryState\\\":{\\\"history\\\":[],\\\"index\\\":0}}\"}}],\"title\":{\"label\":\"Search\",\"iconClass\":\"fa fa-arduino-search\",\"closeable\":true}}"},"rank":5,"expanded":false,"pinned":false}],"size":268},"rightPanel":{"type":"sidepanel","items":[]},"activeWidgetId":"code-editor-opener:file:///home/raj/Arduino/led_on_off/led_on_off.ino:0"}
2026-08-14 17:48:34 2026-08-14T12:18:34.744Z root INFO ------- END SERIALIZED LAYOUT DATA -------
2026-08-14 17:48:35 2026-08-14T12:18:35.115Z root INFO <<< The layout has been successfully restored.
2026-08-14 17:48:35 2026-08-14T12:18:35.162Z root INFO <<< The layout has been successfully restored.
2026-08-14 17:48:35 2026-08-14T12:18:35.223Z root INFO Initialize the workbench layout: 2975.4 ms [Finished 6.514 s after frontend start]
2026-08-14 17:48:35 2026-08-14T12:18:35.224Z root INFO Changed application state from 'attached_shell' to 'initialized_layout'.
2026-08-14 17:48:35 2026-08-14T12:18:35.226Z root INFO [94690017-a885-487d-95cb-60d5f724805d] Loading plugin contributions
2026-08-14 17:48:35 2026-08-14T12:18:35.226Z root INFO [94690017-a885-487d-95cb-60d5f724805d] Load contributions of 23 plugins: 103.8 ms [Finished 6.620 s after frontend start]
2026-08-14 17:48:35 2026-08-14T12:18:35.259Z root INFO Initialize the workbench layout: 3087.7 ms [Finished 6.710 s after frontend start]
2026-08-14 17:48:35 2026-08-14T12:18:35.260Z root INFO Changed application state from 'attached_shell' to 'initialized_layout'.
2026-08-14 17:48:35 2026-08-14T12:18:35.261Z root INFO [b277ccad-b163-4d4c-9b65-ffb3a45b8320] Loading plugin contributions
2026-08-14 17:48:35 2026-08-14T12:18:35.262Z root INFO [b277ccad-b163-4d4c-9b65-ffb3a45b8320] Load contributions of 23 plugins: 92.4 ms [Finished 6.806 s after frontend start]
2026-08-14 17:48:35 2026-08-14T12:18:35.290Z root WARN 'cpp' language is remapped from 'source.cpp.embedded.macro' to 'source.cpp' scope
2026-08-14 17:48:35 2026-08-14T12:18:35.290Z root WARN a registered grammar configuration for 'cpp' language is overridden
2026-08-14 17:48:35 2026-08-14T12:18:35.339Z root WARN 'cpp' language is remapped from 'source.cpp.embedded.macro' to 'source.cpp' scope
2026-08-14 17:48:35 2026-08-14T12:18:35.339Z root WARN a registered grammar configuration for 'cpp' language is overridden
2026-08-14 17:48:35 2026-08-14T12:18:35.579Z root ERROR [hosted-plugin: 4860] Conflict in settings file Default: Ignoring cortex-debug.armToolchainPath.linux as cortex-debug.armToolchainPath is null
Conflict in settings file Default: Ignoring cortex-debug.armToolchainPath.osx as cortex-debug.armToolchainPath is null
Conflict in settings file Default: Ignoring cortex-debug.armToolchainPath.windows as cortex-debug.armToolchainPath is null
2026-08-14 17:48:35 2026-08-14T12:18:35.579Z root ERROR [hosted-plugin: 4860] Conflict in settings file Default: Ignoring cortex-debug.JLinkGDBServerPath.linux as cortex-debug.JLinkGDBServerPath is null
Conflict in settings file Default: Ignoring cortex-debug.JLinkGDBServerPath.osx as cortex-debug.JLinkGDBServerPath is null
Conflict in settings file Default: Ignoring cortex-debug.JLinkGDBServerPath.windows as cortex-debug.JLinkGDBServerPath is null
Conflict in settings file Default: Ignoring cortex-debug.openocdPath.linux as cortex-debug.openocdPath is null
Conflict in settings file Default: Ignoring cortex-debug.openocdPath.osx as cortex-debug.openocdPath is null
Conflict in settings file Default: Ignoring cortex-debug.openocdPath.windows as cortex-debug.openocdPath is null
Conflict in settings file Default: Ignoring cortex-debug.pyocdPath.linux as cortex-debug.pyocdPath is null
Conflict in settings file Default: Ignoring cortex-debug.pyocdPath.osx as cortex-debug.pyocdPath is null
Conflict in settings file Default: Ignoring cortex-debug.pyocdPath.windows as cortex-debug.pyocdPath is null
Conflict in settings file Default: Ignoring cortex-debug.PEGDBServerPath.linux as cortex-debug.PEGDBServerPath is null
Conflict in settings file Default: Ignoring cortex-debug.PEGDBServerPath.osx as cortex-debug.PEGDBServerPath is null
Conflict in settings file Default: Ignoring cortex-debug.PEGDBServerPath.windows as cortex-debug.PEGDBServerPath is null
Conflict in settings file Default: Ignoring cortex-debug.stutilPath.linux as cortex-debug.stutilPath is null
Conflict in settings file Default: Ignoring cortex-debug.stutilPath.osx as cortex-debug.stutilPath is null
Conflict in settings file Default: Ignoring cortex-debug.stutilPath.windows as cortex-debug.stutilPath is null
Conflict in settings file Default: Ignoring cortex-debug.stlinkPath.linux as cortex-debug.stlinkPath is null
Conflict in settings file Default: Ignoring cortex-debug.stlinkPath.osx as cortex-debug.stlinkPath is null
Conflict in settings file Default: Ignoring cortex-debug.stlinkPath.windows as cortex-debug.stlinkPath is null
2026-08-14 17:48:35 2026-08-14T12:18:35.579Z root ERROR [hosted-plugin: 4860] Conflict in settings file Default: Ignoring cortex-debug.stm32cubeprogrammer.linux as cortex-debug.stm32cubeprogrammer is null
Conflict in settings file Default: Ignoring cortex-debug.stm32cubeprogrammer.osx as cortex-debug.stm32cubeprogrammer is null
Conflict in settings file Default: Ignoring cortex-debug.stm32cubeprogrammer.windows as cortex-debug.stm32cubeprogrammer is null
2026-08-14 17:48:35 2026-08-14T12:18:35.634Z root INFO [hosted-plugin: 4860] PLUGIN_HOST(4860): PluginManagerExtImpl/init()
2026-08-14 17:48:35 2026-08-14T12:18:35.637Z root INFO [hosted-plugin: 4860] PLUGIN_HOST(4860): initializing(vscode-arduino-api@0.1.2 with /tmp/.mount_arduinrFJWab/resources/app/lib/backend/plugin-vscode-init)
2026-08-14 17:48:35 2026-08-14T12:18:35.746Z root INFO [hosted-plugin: 4860] PLUGIN_HOST(4860): initializing(json-language-features@1.88.1 with /tmp/.mount_arduinrFJWab/resources/app/lib/backend/plugin-vscode-init)
2026-08-14 17:48:35 2026-08-14T12:18:35.753Z root INFO [hosted-plugin: 4860] PLUGIN_HOST(4860): initializing(cortex-debug@1.5.1 with /tmp/.mount_arduinrFJWab/resources/app/lib/backend/plugin-vscode-init)
2026-08-14 17:48:35 2026-08-14T12:18:35.755Z root INFO [hosted-plugin: 4860] Debugger contribution has been registered: cortex-debug
2026-08-14 17:48:35 2026-08-14T12:18:35.761Z root INFO [hosted-plugin: 4860] PLUGIN_HOST(4860): initializing(vscode-arduino-tools@0.1.3 with /tmp/.mount_arduinrFJWab/resources/app/lib/backend/plugin-vscode-init)
2026-08-14 17:48:35 2026-08-14T12:18:35.767Z root INFO [hosted-plugin: 4860] PLUGIN_HOST(4860): initializing(cpp@1.88.1 with /tmp/.mount_arduinrFJWab/resources/app/lib/backend/plugin-vscode-init)
2026-08-14 17:48:35 2026-08-14T12:18:35.773Z root INFO [hosted-plugin: 4860] PLUGIN_HOST(4860): initializing(json@1.88.1 with /tmp/.mount_arduinrFJWab/resources/app/lib/backend/plugin-vscode-init)
2026-08-14 17:48:35 2026-08-14T12:18:35.782Z root INFO [hosted-plugin: 4860] PLUGIN_HOST(4860): initializing(vscode-language-pack-bg@1.48.3 with /tmp/.mount_arduinrFJWab/resources/app/lib/backend/plugin-vscode-init)
2026-08-14 17:48:35 2026-08-14T12:18:35.787Z root INFO [hosted-plugin: 4860] PLUGIN_HOST(4860): initializing(vscode-language-pack-cs@1.96.0 with /tmp/.mount_arduinrFJWab/resources/app/lib/backend/plugin-vscode-init)
2026-08-14 17:48:35 2026-08-14T12:18:35.792Z root INFO [hosted-plugin: 4860] PLUGIN_HOST(4860): initializing(vscode-language-pack-de@1.96.0 with /tmp/.mount_arduinrFJWab/resources/app/lib/backend/plugin-vscode-init)
2026-08-14 17:48:35 2026-08-14T12:18:35.796Z root INFO [hosted-plugin: 4860] PLUGIN_HOST(4860): initializing(vscode-language-pack-es@1.96.0 with /tmp/.mount_arduinrFJWab/resources/app/lib/backend/plugin-vscode-init)
2026-08-14 17:48:35 2026-08-14T12:18:35.802Z root INFO [hosted-plugin: 4860] PLUGIN_HOST(4860): initializing(vscode-language-pack-fr@1.96.0 with /tmp/.mount_arduinrFJWab/resources/app/lib/backend/plugin-vscode-init)
2026-08-14 17:48:35 2026-08-14T12:18:35.805Z root INFO [hosted-plugin: 4860] PLUGIN_HOST(4860): initializing(vscode-language-pack-hu@1.48.3 with /tmp/.mount_arduinrFJWab/resources/app/lib/backend/plugin-vscode-init)
2026-08-14 17:48:35 2026-08-14T12:18:35.810Z root INFO [hosted-plugin: 4860] PLUGIN_HOST(4860): initializing(vscode-language-pack-it@1.96.0 with /tmp/.mount_arduinrFJWab/resources/app/lib/backend/plugin-vscode-init)
PLUGIN_HOST(4860): initializing(vscode-language-pack-ja@1.96.0 with /tmp/.mount_arduinrFJWab/resources/app/lib/backend/plugin-vscode-init)
PLUGIN_HOST(4860): initializing(vscode-language-pack-ko@1.96.0 with /tmp/.mount_arduinrFJWab/resources/app/lib/backend/plugin-vscode-init)
PLUGIN_HOST(4860): initializing(vscode-language-pack-nl@1.48.3 with /tmp/.mount_arduinrFJWab/resources/app/lib/backend/plugin-vscode-init)
2026-08-14 17:48:35 2026-08-14T12:18:35.811Z root INFO [hosted-plugin: 4860] PLUGIN_HOST(4860): initializing(vscode-language-pack-pl@1.96.0 with /tmp/.mount_arduinrFJWab/resources/app/lib/backend/plugin-vscode-init)
2026-08-14 17:48:35 2026-08-14T12:18:35.814Z root INFO [hosted-plugin: 4860] PLUGIN_HOST(4860): initializing(vscode-language-pack-pt-BR@1.96.0 with /tmp/.mount_arduinrFJWab/resources/app/lib/backend/plugin-vscode-init)
2026-08-14 17:48:35 2026-08-14T12:18:35.816Z root INFO [hosted-plugin: 4860] PLUGIN_HOST(4860): initializing(vscode-language-pack-ru@1.96.0 with /tmp/.mount_arduinrFJWab/resources/app/lib/backend/plugin-vscode-init)
2026-08-14 17:48:35 2026-08-14T12:18:35.820Z root INFO [hosted-plugin: 4860] PLUGIN_HOST(4860): initializing(vscode-language-pack-tr@1.96.0 with /tmp/.mount_arduinrFJWab/resources/app/lib/backend/plugin-vscode-init)
2026-08-14 17:48:35 2026-08-14T12:18:35.821Z root INFO [hosted-plugin: 4860] PLUGIN_HOST(4860): initializing(vscode-language-pack-uk@1.48.3 with /tmp/.mount_arduinrFJWab/resources/app/lib/backend/plugin-vscode-init)
2026-08-14 17:48:35 2026-08-14T12:18:35.823Z root INFO [hosted-plugin: 4860] PLUGIN_HOST(4860): initializing(vscode-language-pack-zh-hans@1.96.0 with /tmp/.mount_arduinrFJWab/resources/app/lib/backend/plugin-vscode-init)
2026-08-14 17:48:35 2026-08-14T12:18:35.824Z root INFO [hosted-plugin: 4860] PLUGIN_HOST(4860): initializing(vscode-language-pack-zh-hant@1.96.0 with /tmp/.mount_arduinrFJWab/resources/app/lib/backend/plugin-vscode-init)
2026-08-14 17:48:35 2026-08-14T12:18:35.833Z root ERROR [hosted-plugin: 4868] Conflict in settings file Default: Ignoring cortex-debug.armToolchainPath.linux as cortex-debug.armToolchainPath is null
2026-08-14 17:48:35 2026-08-14T12:18:35.833Z root ERROR [hosted-plugin: 4868] Conflict in settings file Default: Ignoring cortex-debug.armToolchainPath.osx as cortex-debug.armToolchainPath is null
Conflict in settings file Default: Ignoring cortex-debug.armToolchainPath.windows as cortex-debug.armToolchainPath is null
Conflict in settings file Default: Ignoring cortex-debug.JLinkGDBServerPath.linux as cortex-debug.JLinkGDBServerPath is null
Conflict in settings file Default: Ignoring cortex-debug.JLinkGDBServerPath.osx as cortex-debug.JLinkGDBServerPath is null
Conflict in settings file Default: Ignoring cortex-debug.JLinkGDBServerPath.windows as cortex-debug.JLinkGDBServerPath is null
Conflict in settings file Default: Ignoring cortex-debug.openocdPath.linux as cortex-debug.openocdPath is null
Conflict in settings file Default: Ignoring cortex-debug.openocdPath.osx as cortex-debug.openocdPath is null
2026-08-14 17:48:35 2026-08-14T12:18:35.833Z root ERROR [hosted-plugin: 4868] Conflict in settings file Default: Ignoring cortex-debug.openocdPath.windows as cortex-debug.openocdPath is null
2026-08-14 17:48:35 2026-08-14T12:18:35.833Z root ERROR [hosted-plugin: 4868] Conflict in settings file Default: Ignoring cortex-debug.pyocdPath.linux as cortex-debug.pyocdPath is null
Conflict in settings file Default: Ignoring cortex-debug.pyocdPath.osx as cortex-debug.pyocdPath is null
2026-08-14 17:48:35 2026-08-14T12:18:35.833Z root ERROR [hosted-plugin: 4868] Conflict in settings file Default: Ignoring cortex-debug.pyocdPath.windows as cortex-debug.pyocdPath is null
Conflict in settings file Default: Ignoring cortex-debug.PEGDBServerPath.linux as cortex-debug.PEGDBServerPath is null
2026-08-14 17:48:35 2026-08-14T12:18:35.834Z root ERROR [hosted-plugin: 4868] Conflict in settings file Default: Ignoring cortex-debug.PEGDBServerPath.osx as cortex-debug.PEGDBServerPath is null
Conflict in settings file Default: Ignoring cortex-debug.PEGDBServerPath.windows as cortex-debug.PEGDBServerPath is null
2026-08-14 17:48:35 2026-08-14T12:18:35.834Z root ERROR [hosted-plugin: 4868] Conflict in settings file Default: Ignoring cortex-debug.stutilPath.linux as cortex-debug.stutilPath is null
Conflict in settings file Default: Ignoring cortex-debug.stutilPath.osx as cortex-debug.stutilPath is null
2026-08-14 17:48:35 2026-08-14T12:18:35.834Z root ERROR [hosted-plugin: 4868] Conflict in settings file Default: Ignoring cortex-debug.stutilPath.windows as cortex-debug.stutilPath is null
2026-08-14 17:48:35 2026-08-14T12:18:35.834Z root ERROR [hosted-plugin: 4868] Conflict in settings file Default: Ignoring cortex-debug.stlinkPath.linux as cortex-debug.stlinkPath is null
2026-08-14 17:48:35 2026-08-14T12:18:35.834Z root ERROR [hosted-plugin: 4868] Conflict in settings file Default: Ignoring cortex-debug.stlinkPath.osx as cortex-debug.stlinkPath is null
Conflict in settings file Default: Ignoring cortex-debug.stlinkPath.windows as cortex-debug.stlinkPath is null
Conflict in settings file Default: Ignoring cortex-debug.stm32cubeprogrammer.linux as cortex-debug.stm32cubeprogrammer is null
Conflict in settings file Default: Ignoring cortex-debug.stm32cubeprogrammer.osx as cortex-debug.stm32cubeprogrammer is null
Conflict in settings file Default: Ignoring cortex-debug.stm32cubeprogrammer.windows as cortex-debug.stm32cubeprogrammer is null
2026-08-14 17:48:35 2026-08-14T12:18:35.856Z root INFO [hosted-plugin: 4868] PLUGIN_HOST(4868): PluginManagerExtImpl/init()
2026-08-14 17:48:35 2026-08-14T12:18:35.860Z root INFO [hosted-plugin: 4868] PLUGIN_HOST(4868): initializing(vscode-arduino-api@0.1.2 with /tmp/.mount_arduinrFJWab/resources/app/lib/backend/plugin-vscode-init)
2026-08-14 17:48:35 2026-08-14T12:18:35.889Z root INFO [hosted-plugin: 4860] PLUGIN_HOST(4860): PluginManagerExtImpl/loadPlugin(/tmp/.mount_arduinrFJWab/resources/app/plugins/vscode-builtin-json-language-features/extension/client/dist/node/jsonClientMain)
2026-08-14 17:48:35 2026-08-14T12:18:35.943Z root INFO [hosted-plugin: 4868] PLUGIN_HOST(4868): initializing(json-language-features@1.88.1 with /tmp/.mount_arduinrFJWab/resources/app/lib/backend/plugin-vscode-init)
2026-08-14 17:48:35 2026-08-14T12:18:35.948Z root INFO [hosted-plugin: 4868] PLUGIN_HOST(4868): initializing(cortex-debug@1.5.1 with /tmp/.mount_arduinrFJWab/resources/app/lib/backend/plugin-vscode-init)
2026-08-14 17:48:35 2026-08-14T12:18:35.949Z root INFO [hosted-plugin: 4868] Debugger contribution has been registered: cortex-debug
2026-08-14 17:48:35 2026-08-14T12:18:35.954Z root INFO [hosted-plugin: 4868] PLUGIN_HOST(4868): initializing(vscode-arduino-tools@0.1.3 with /tmp/.mount_arduinrFJWab/resources/app/lib/backend/plugin-vscode-init)
2026-08-14 17:48:35 2026-08-14T12:18:35.958Z root INFO [hosted-plugin: 4868] PLUGIN_HOST(4868): initializing(cpp@1.88.1 with /tmp/.mount_arduinrFJWab/resources/app/lib/backend/plugin-vscode-init)
2026-08-14 17:48:35 2026-08-14T12:18:35.958Z root INFO [hosted-plugin: 4860] PLUGIN_HOST(4860): PluginManagerExtImpl/loadPlugin(/tmp/.mount_arduinrFJWab/resources/app/plugins/vscode-arduino-tools/extension/dist/extension.js)
2026-08-14 17:48:35 2026-08-14T12:18:35.964Z root INFO [hosted-plugin: 4868] PLUGIN_HOST(4868): initializing(json@1.88.1 with /tmp/.mount_arduinrFJWab/resources/app/lib/backend/plugin-vscode-init)
2026-08-14 17:48:35 2026-08-14T12:18:35.967Z root INFO [hosted-plugin: 4868] PLUGIN_HOST(4868): initializing(vscode-language-pack-bg@1.48.3 with /tmp/.mount_arduinrFJWab/resources/app/lib/backend/plugin-vscode-init)
2026-08-14 17:48:35 2026-08-14T12:18:35.968Z root INFO [hosted-plugin: 4868] PLUGIN_HOST(4868): initializing(vscode-language-pack-cs@1.96.0 with /tmp/.mount_arduinrFJWab/resources/app/lib/backend/plugin-vscode-init)
2026-08-14 17:48:35 2026-08-14T12:18:35.969Z root INFO [hosted-plugin: 4868] PLUGIN_HOST(4868): initializing(vscode-language-pack-de@1.96.0 with /tmp/.mount_arduinrFJWab/resources/app/lib/backend/plugin-vscode-init)
2026-08-14 17:48:35 2026-08-14T12:18:35.970Z root INFO [hosted-plugin: 4868] PLUGIN_HOST(4868): initializing(vscode-language-pack-es@1.96.0 with /tmp/.mount_arduinrFJWab/resources/app/lib/backend/plugin-vscode-init)
2026-08-14 17:48:35 2026-08-14T12:18:35.972Z root INFO [hosted-plugin: 4868] PLUGIN_HOST(4868): initializing(vscode-language-pack-fr@1.96.0 with /tmp/.mount_arduinrFJWab/resources/app/lib/backend/plugin-vscode-init)
2026-08-14 17:48:35 2026-08-14T12:18:35.973Z root INFO [hosted-plugin: 4868] PLUGIN_HOST(4868): initializing(vscode-language-pack-hu@1.48.3 with /tmp/.mount_arduinrFJWab/resources/app/lib/backend/plugin-vscode-init)
2026-08-14 17:48:35 2026-08-14T12:18:35.974Z root INFO [hosted-plugin: 4868] PLUGIN_HOST(4868): initializing(vscode-language-pack-it@1.96.0 with /tmp/.mount_arduinrFJWab/resources/app/lib/backend/plugin-vscode-init)
2026-08-14 17:48:35 2026-08-14T12:18:35.974Z root INFO [hosted-plugin: 4868] PLUGIN_HOST(4868): initializing(vscode-language-pack-ja@1.96.0 with /tmp/.mount_arduinrFJWab/resources/app/lib/backend/plugin-vscode-init)
2026-08-14 17:48:35 2026-08-14T12:18:35.975Z root INFO [hosted-plugin: 4868] PLUGIN_HOST(4868): initializing(vscode-language-pack-ko@1.96.0 with /tmp/.mount_arduinrFJWab/resources/app/lib/backend/plugin-vscode-init)
2026-08-14 17:48:35 2026-08-14T12:18:35.976Z root INFO [hosted-plugin: 4868] PLUGIN_HOST(4868): initializing(vscode-language-pack-nl@1.48.3 with /tmp/.mount_arduinrFJWab/resources/app/lib/backend/plugin-vscode-init)
2026-08-14 17:48:35 2026-08-14T12:18:35.976Z root INFO [hosted-plugin: 4868] PLUGIN_HOST(4868): initializing(vscode-language-pack-pl@1.96.0 with /tmp/.mount_arduinrFJWab/resources/app/lib/backend/plugin-vscode-init)
2026-08-14 17:48:35 2026-08-14T12:18:35.977Z root INFO [hosted-plugin: 4868] PLUGIN_HOST(4868): initializing(vscode-language-pack-pt-BR@1.96.0 with /tmp/.mount_arduinrFJWab/resources/app/lib/backend/plugin-vscode-init)
2026-08-14 17:48:35 2026-08-14T12:18:35.978Z root INFO [hosted-plugin: 4868] PLUGIN_HOST(4868): initializing(vscode-language-pack-ru@1.96.0 with /tmp/.mount_arduinrFJWab/resources/app/lib/backend/plugin-vscode-init)
2026-08-14 17:48:35 2026-08-14T12:18:35.978Z root INFO [hosted-plugin: 4868] PLUGIN_HOST(4868): initializing(vscode-language-pack-tr@1.96.0 with /tmp/.mount_arduinrFJWab/resources/app/lib/backend/plugin-vscode-init)
2026-08-14 17:48:35 2026-08-14T12:18:35.979Z root INFO [hosted-plugin: 4868] PLUGIN_HOST(4868): initializing(vscode-language-pack-uk@1.48.3 with /tmp/.mount_arduinrFJWab/resources/app/lib/backend/plugin-vscode-init)
2026-08-14 17:48:35 2026-08-14T12:18:35.979Z root INFO [hosted-plugin: 4868] PLUGIN_HOST(4868): initializing(vscode-language-pack-zh-hans@1.96.0 with /tmp/.mount_arduinrFJWab/resources/app/lib/backend/plugin-vscode-init)
2026-08-14 17:48:35 2026-08-14T12:18:35.980Z root INFO [hosted-plugin: 4868] PLUGIN_HOST(4868): initializing(vscode-language-pack-zh-hant@1.96.0 with /tmp/.mount_arduinrFJWab/resources/app/lib/backend/plugin-vscode-init)
2026-08-14 17:48:35 2026-08-14T12:18:35.990Z root INFO [hosted-plugin: 4860] PLUGIN_HOST(4860): PluginManagerExtImpl/loadPlugin(/tmp/.mount_arduinrFJWab/resources/app/plugins/vscode-arduino-api/extension/dist/extension.js)
2026-08-14 17:48:35 2026-08-14T12:18:35.992Z root INFO [hosted-plugin: 4868] PLUGIN_HOST(4868): PluginManagerExtImpl/loadPlugin(/tmp/.mount_arduinrFJWab/resources/app/plugins/vscode-builtin-json-language-features/extension/client/dist/node/jsonClientMain)
2026-08-14 17:48:35 2026-08-14T12:18:35.995Z root INFO [hosted-plugin: 4860] calling activation function on VS Code Arduino Tools
calling activation function on Arduino IDE API for VS Code extensions
2026-08-14 17:48:36 2026-08-14T12:18:36.013Z root INFO [b277ccad-b163-4d4c-9b65-ffb3a45b8320] Starting plugins.
2026-08-14 17:48:36 2026-08-14T12:18:36.043Z root INFO [hosted-plugin: 4860] PLUGIN_HOST(4860): PluginManagerExtImpl/loadPlugin(/tmp/.mount_arduinrFJWab/resources/app/plugins/cortex-debug/extension/dist/extension.js)
2026-08-14 17:48:36 2026-08-14T12:18:36.056Z root INFO [hosted-plugin: 4868] PLUGIN_HOST(4868): PluginManagerExtImpl/loadPlugin(/tmp/.mount_arduinrFJWab/resources/app/plugins/vscode-arduino-tools/extension/dist/extension.js)
2026-08-14 17:48:36 2026-08-14T12:18:36.089Z root INFO [hosted-plugin: 4868] PLUGIN_HOST(4868): PluginManagerExtImpl/loadPlugin(/tmp/.mount_arduinrFJWab/resources/app/plugins/vscode-arduino-api/extension/dist/extension.js)
2026-08-14 17:48:36 2026-08-14T12:18:36.094Z root INFO [hosted-plugin: 4868] calling activation function on VS Code Arduino Tools
calling activation function on Arduino IDE API for VS Code extensions
2026-08-14 17:48:36 2026-08-14T12:18:36.097Z root INFO [hosted-plugin: 4860] Debug configuration provider has been registered: cortex-debug, trigger: 1
2026-08-14 17:48:36 2026-08-14T12:18:36.097Z root INFO [hosted-plugin: 4860] calling activation function on Cortex-Debug
2026-08-14 17:48:36 2026-08-14T12:18:36.101Z root INFO [hosted-plugin: 4860] GDB server console created
2026-08-14 17:48:36 2026-08-14T12:18:36.112Z root INFO [b277ccad-b163-4d4c-9b65-ffb3a45b8320] Start of 23 plugins: 847.8 ms [Finished 7.659 s after frontend start]
2026-08-14 17:48:36 2026-08-14T12:18:36.316Z root INFO [hosted-plugin: 4860] calling activation function on JSON Language Features (built-in)
2026-08-14 17:48:36 2026-08-14T12:18:36.338Z root INFO [hosted-plugin: 4868] calling activation function on JSON Language Features (built-in)
2026-08-14 17:48:36 Checking for update
2026-08-14 17:48:36 2026-08-14T12:18:36.404Z root INFO Replace loading indicator with ready workbench UI (animation): 847.1 ms [Finished 7.472 s after frontend start]
2026-08-14 17:48:36 2026-08-14T12:18:36.404Z root INFO Changed application state from 'initialized_layout' to 'ready'.
2026-08-14 17:48:36 2026-08-14T12:18:36.404Z root WARN Linked preference "workbench.colorCustomizations" not found.
2026-08-14 17:48:36 2026-08-14T12:18:36.405Z root INFO Frontend application start: 4507.8 ms [Finished 9.090 s after backend start]
2026-08-14 17:48:36 2026-08-14T12:18:36.460Z root INFO [94690017-a885-487d-95cb-60d5f724805d] Starting plugins.
2026-08-14 17:48:36 2026-08-14T12:18:36.504Z root INFO Replace loading indicator with ready workbench UI (animation): 873.1 ms [Finished 7.683 s after frontend start]
2026-08-14 17:48:36 2026-08-14T12:18:36.504Z root INFO Changed application state from 'initialized_layout' to 'ready'.
2026-08-14 17:48:36 2026-08-14T12:18:36.504Z root WARN Linked preference "workbench.colorCustomizations" not found.
2026-08-14 17:48:36 2026-08-14T12:18:36.506Z root INFO Frontend application start: 4663.5 ms [Finished 9.200 s after backend start]
2026-08-14 17:48:36 2026-08-14T12:18:36.714Z root ERROR Failed to get debug config: arduino:avr:uno, undefined Error: Debugging is not supported.
    at Object.callback (/tmp/.mount_arduinrFJWab/resources/app/lib/backend/main.js:2:4756202)
    at Object.onReceiveStatus (/tmp/.mount_arduinrFJWab/resources/app/lib/backend/main.js:2:3791917)
    at Object.onReceiveStatus (/tmp/.mount_arduinrFJWab/resources/app/lib/backend/main.js:2:2225840)
    at Object.onReceiveStatus (/tmp/.mount_arduinrFJWab/resources/app/lib/backend/main.js:2:2225285)
    at /tmp/.mount_arduinrFJWab/resources/app/lib/backend/main.js:2:4362019
    at process.processTicksAndRejections (node:internal/process/task_queues:77:11)
2026-08-14 17:48:36 2026-08-14T12:18:36.716Z daemon INFO time="2026-08-14T17:48:36+05:30" level=info msg="Tool required for debug" tool="arduino:arduinoOTA@1.3.0"
time="2026-08-14T17:48:36+05:30" level=info msg="Tool required for debug" tool="arduino:avr-gcc@7.3.0-atmel3.6.1-arduino7"
time="2026-08-14T17:48:36+05:30" level=info msg="Tool required for debug" tool="arduino:avrdude@8.0.0-arduino1"
time="2026-08-14T17:48:36+05:30" level=info msg="Tool required for debug" tool="builtin:ctags@5.8-arduino11"
time="2026-08-14T17:48:36+05:30" level=info msg="Tool required for debug" tool="builtin:dfu-discovery@0.1.2"
time="2026-08-14T17:48:36+05:30" level=info msg="Tool required for debug" tool="builtin:mdns-discovery@1.1.0"
time="2026-08-14T17:48:36+05:30" level=info msg="Tool required for debug" tool="builtin:serial-discovery@1.5.2"
time="2026-08-14T17:48:36+05:30" level=info msg="Tool required for debug" tool="builtin:serial-monitor@0.15.0"
2026-08-14 17:48:36 2026-08-14T12:18:36.757Z root INFO [hosted-plugin: 4868] PLUGIN_HOST(4868): PluginManagerExtImpl/loadPlugin(/tmp/.mount_arduinrFJWab/resources/app/plugins/cortex-debug/extension/dist/extension.js)
2026-08-14 17:48:36 2026-08-14T12:18:36.814Z root INFO [hosted-plugin: 4868] Debug configuration provider has been registered: cortex-debug, trigger: 1
2026-08-14 17:48:36 2026-08-14T12:18:36.814Z root INFO [hosted-plugin: 4868] calling activation function on Cortex-Debug
2026-08-14 17:48:36 2026-08-14T12:18:36.819Z root INFO [hosted-plugin: 4868] GDB server console created
2026-08-14 17:48:36 2026-08-14T12:18:36.855Z root INFO [94690017-a885-487d-95cb-60d5f724805d] Start of 23 plugins: 1625.1 ms [Finished 8.251 s after frontend start]
2026-08-14 17:48:36 2026-08-14T12:18:36.860Z root ERROR Failed to get debug config: arduino:avr:uno, undefined Error: Debugging is not supported.
    at Object.callback (/tmp/.mount_arduinrFJWab/resources/app/lib/backend/main.js:2:4756202)
    at Object.onReceiveStatus (/tmp/.mount_arduinrFJWab/resources/app/lib/backend/main.js:2:3791917)
    at Object.onReceiveStatus (/tmp/.mount_arduinrFJWab/resources/app/lib/backend/main.js:2:2225840)
    at Object.onReceiveStatus (/tmp/.mount_arduinrFJWab/resources/app/lib/backend/main.js:2:2225285)
    at /tmp/.mount_arduinrFJWab/resources/app/lib/backend/main.js:2:4362019
    at process.processTicksAndRejections (node:internal/process/task_queues:77:11)
2026-08-14 17:48:36 2026-08-14T12:18:36.862Z daemon INFO time="2026-08-14T17:48:36+05:30" level=info msg="Tool required for debug" tool="arduino:arduinoOTA@1.3.0"
time="2026-08-14T17:48:36+05:30" level=info msg="Tool required for debug" tool="arduino:avr-gcc@7.3.0-atmel3.6.1-arduino7"
time="2026-08-14T17:48:36+05:30" level=info msg="Tool required for debug" tool="arduino:avrdude@8.0.0-arduino1"
time="2026-08-14T17:48:36+05:30" level=info msg="Tool required for debug" tool="builtin:ctags@5.8-arduino11"
time="2026-08-14T17:48:36+05:30" level=info msg="Tool required for debug" tool="builtin:dfu-discovery@0.1.2"
time="2026-08-14T17:48:36+05:30" level=info msg="Tool required for debug" tool="builtin:mdns-discovery@1.1.0"
time="2026-08-14T17:48:36+05:30" level=info msg="Tool required for debug" tool="builtin:serial-discovery@1.5.2"
time="2026-08-14T17:48:36+05:30" level=info msg="Tool required for debug" tool="builtin:serial-monitor@0.15.0"
2026-08-14 17:48:37 2026-08-14T12:18:37.153Z root ERROR ---- !!!SLOW!!! DURATION: search took 643.665 ms. Args: [{"type":"Updatable"}] ----
2026-08-14 17:48:37 2026-08-14T12:18:37.154Z root INFO Starting language server: arduino:avr:uno
2026-08-14 17:48:37 2026-08-14T12:18:37.156Z root INFO Starting language server: arduino:avr:uno
2026-08-14 17:48:37 2026-08-14T12:18:37.329Z daemon INFO time="2026-08-14T17:48:37+05:30" level=info msg="Adding libraries dir" dir=/home/raj/.arduino15/libraries isSingleLibrary=false location=ide
2026-08-14 17:48:37 2026-08-14T12:18:37.329Z daemon INFO time="2026-08-14T17:48:37+05:30" level=info msg="Adding libraries dir" dir=/home/raj/.arduino15/libraries isSingleLibrary=false location=ide
time="2026-08-14T17:48:37+05:30" level=info msg="Adding libraries dir" dir=/home/raj/.arduino15/packages/arduino/hardware/avr/1.8.8/libraries isSingleLibrary=false location=platform
time="2026-08-14T17:48:37+05:30" level=info msg="Adding libraries dir" dir=/home/raj/.arduino15/packages/arduino/hardware/avr/1.8.8/libraries isSingleLibrary=false location=platform
time="2026-08-14T17:48:37+05:30" level=info msg="Adding libraries dir" dir=/home/raj/Arduino/libraries isSingleLibrary=false location=user
time="2026-08-14T17:48:37+05:30" level=info msg="Adding libraries dir" dir=/home/raj/Arduino/libraries isSingleLibrary=false location=user
2026-08-14 17:48:37 2026-08-14T12:18:37.544Z daemon INFO time="2026-08-14T17:48:37+05:30" level=info msg="Adding libraries dir" dir=/home/raj/.arduino15/libraries isSingleLibrary=false location=ide
time="2026-08-14T17:48:37+05:30" level=info msg="Adding libraries dir" dir=/home/raj/.arduino15/packages/arduino/hardware/avr/1.8.8/libraries isSingleLibrary=false location=platform
time="2026-08-14T17:48:37+05:30" level=info msg="Adding libraries dir" dir=/home/raj/Arduino/libraries isSingleLibrary=false location=user
2026-08-14 17:48:37 2026-08-14T12:18:37.544Z daemon INFO time="2026-08-14T17:48:37+05:30" level=info msg="Adding libraries dir" dir=/home/raj/.arduino15/libraries isSingleLibrary=false location=ide
time="2026-08-14T17:48:37+05:30" level=info msg="Adding libraries dir" dir=/home/raj/.arduino15/packages/arduino/hardware/avr/1.8.8/libraries isSingleLibrary=false location=platform
time="2026-08-14T17:48:37+05:30" level=info msg="Adding libraries dir" dir=/home/raj/Arduino/libraries isSingleLibrary=false location=user
2026-08-14 17:48:38 Found version 2.3.10 (url: arduino-ide_2.3.10_Linux_64bit.AppImage)
2026-08-14 17:48:47 isTempSketch: false. Input was /home/raj/Arduino/led_on_off
2026-08-14 17:48:47 Marking workspace as a closed sketch. Workspace URI: file:///home/raj/Arduino/led_on_off. Date: 1786709927205.
2026-08-14 17:48:47 isTempSketch: false. Input was /home/raj/Arduino/led_on_off
2026-08-14 17:48:47 Marking workspace as a closed sketch. Workspace URI: file:///home/raj/Arduino/led_on_off. Date: 1786709927212.
2026-08-14 17:48:47 Closing channel on service path '/services/electron-window'.
2026-08-14 17:48:47 Closing channel on service path '/services/ide-updater'.
2026-08-14 17:48:47 2026-08-14T12:18:47.226Z root INFO socked closed
2026-08-14 17:48:47 2026-08-14T12:18:47.226Z root INFO closing connection for 1
2026-08-14 17:48:47 2026-08-14T12:18:47.226Z root INFO Closing channel on service path '/localization-server'.
2026-08-14 17:48:47 2026-08-14T12:18:47.226Z root INFO Closing channel on service path '/os'.
2026-08-14 17:48:47 2026-08-14T12:18:47.226Z root INFO Closing channel on service path '/services/commands'.
2026-08-14 17:48:47 2026-08-14T12:18:47.226Z root INFO Closing channel on service path '/services/keyboard'.
2026-08-14 17:48:47 2026-08-14T12:18:47.226Z root INFO Closing channel on service path '/services/logger'.
2026-08-14 17:48:47 2026-08-14T12:18:47.226Z root INFO Closing channel on service path '/services/messageService'.
2026-08-14 17:48:47 2026-08-14T12:18:47.226Z root INFO Closing channel on service path '/services/ChannelCloseService'.
2026-08-14 17:48:47 2026-08-14T12:18:47.226Z root INFO Closing channel on service path '/services/remote-filesystem'.
2026-08-14 17:48:47 2026-08-14T12:18:47.226Z root INFO Closing channel on service path '/services/envs'.
2026-08-14 17:48:47 2026-08-14T12:18:47.226Z root INFO Closing channel on service path '/services/authentication-service'.
2026-08-14 17:48:47 2026-08-14T12:18:47.226Z root INFO Closing channel on service path '/services/sketches-service'.
2026-08-14 17:48:47 2026-08-14T12:18:47.226Z root INFO Closing channel on service path '/services/config-service'.
2026-08-14 17:48:47 2026-08-14T12:18:47.226Z root INFO Closing channel on service path '/services/workspace'.
2026-08-14 17:48:47 2026-08-14T12:18:47.226Z root INFO Closing channel on service path '/services/notification-service'.
2026-08-14 17:48:47 2026-08-14T12:18:47.226Z root INFO Closing channel on service path '/services/arduino-daemon'.
2026-08-14 17:48:47 2026-08-14T12:18:47.226Z root INFO Closing channel on service path '/services/stopwatch'.
2026-08-14 17:48:47 2026-08-14T12:18:47.226Z root INFO Closing channel on service path '/services/application'.
2026-08-14 17:48:47 2026-08-14T12:18:47.226Z root INFO Closing channel on service path '/services/i18n'.
2026-08-14 17:48:47 2026-08-14T12:18:47.226Z root INFO Closing channel on service path '/services/quickInput'.
2026-08-14 17:48:47 2026-08-14T12:18:47.226Z root INFO Closing channel on service path '/services/debug'.
2026-08-14 17:48:47 2026-08-14T12:18:47.226Z root INFO Closing channel on service path '/services/shell-terminal'.
2026-08-14 17:48:47 2026-08-14T12:18:47.226Z root INFO Closing channel on service path '/services/quickPick'.
2026-08-14 17:48:47 2026-08-14T12:18:47.226Z root INFO Closing channel on service path '/services/task'.
2026-08-14 17:48:47 2026-08-14T12:18:47.226Z root INFO Closing channel on service path '/services/search'.
2026-08-14 17:48:47 2026-08-14T12:18:47.226Z root INFO Closing channel on service path '/services/hostedPlugin'.
2026-08-14 17:48:47 2026-08-14T12:18:47.226Z root INFO Closing channel on service path '/services/plugin-ext'.
2026-08-14 17:48:47 2026-08-14T12:18:47.226Z root INFO Closing channel on service path '/services/plugin-paths'.
2026-08-14 17:48:47 2026-08-14T12:18:47.226Z root INFO Closing channel on service path '/services/cli-preferences'.
2026-08-14 17:48:47 2026-08-14T12:18:47.226Z root INFO Closing channel on service path '/services/boards-service'.
2026-08-14 17:48:47 2026-08-14T12:18:47.226Z root INFO Closing channel on service path '/services/response-service'.
2026-08-14 17:48:47 2026-08-14T12:18:47.226Z root INFO Closing channel on service path '/services/file-system-ext'.
2026-08-14 17:48:47 2026-08-14T12:18:47.226Z root INFO Closing channel on service path '/services/core-service'.
2026-08-14 17:48:47 2026-08-14T12:18:47.226Z root INFO Closing channel on service path '/services/example-service'.
2026-08-14 17:48:47 2026-08-14T12:18:47.226Z root INFO Closing channel on service path '/services/library-service'.
2026-08-14 17:48:47 2026-08-14T12:18:47.226Z root INFO Closing channel on service path '/services/executable-service'.
2026-08-14 17:48:47 2026-08-14T12:18:47.226Z root INFO Closing channel on service path '/services/arduino-firmware-uploader'.
2026-08-14 17:48:47 2026-08-14T12:18:47.226Z root INFO Closing channel on service path '/services/formatter'.
2026-08-14 17:48:47 2026-08-14T12:18:47.226Z root INFO Closing channel on service path '/services/search-in-workspace'.
2026-08-14 17:48:47 2026-08-14T12:18:47.226Z root INFO Closing channel on service path '/services/request-service'.
2026-08-14 17:48:47 2026-08-14T12:18:47.226Z root INFO Closing channel on service path '/services/keyStore'.
2026-08-14 17:48:47 2026-08-14T12:18:47.226Z root INFO Closing channel on service path '/services/languagePackService'.
2026-08-14 17:49:05 2026-08-14T12:19:05.445Z root INFO creating connection for 3
2026-08-14 17:49:06 2026-08-14T12:19:06.563Z root WARN A command editor.action.toggleStickyScroll is already registered.
2026-08-14 17:49:06 Opening channel for service path '/services/electron-window'.
2026-08-14 17:49:06 Opening channel for service path '/services/ide-updater'.
2026-08-14 17:49:06 2026-08-14T12:19:06.721Z root INFO Start frontend contributions: 357.4 ms [Finished 2.166 s after frontend start]
2026-08-14 17:49:06 2026-08-14T12:19:06.721Z root INFO Changed application state from 'init' to 'started_contributions'.
2026-08-14 17:49:06 2026-08-14T12:19:06.734Z root INFO Changed application state from 'started_contributions' to 'attached_shell'.
2026-08-14 17:49:06 2026-08-14T12:19:06.734Z root INFO >>> Restoring the layout state...
2026-08-14 17:49:06 2026-08-14T12:19:06.801Z root INFO [f5c67cf3-db26-4fa6-a218-786e6b8aa046] Waiting for backend deployment: 105.5 ms [Finished 2.261 s after frontend start]
2026-08-14 17:49:06 2026-08-14T12:19:06.989Z root INFO <<< Nothing to restore.
2026-08-14 17:49:06 2026-08-14T12:19:06.989Z root INFO Initialize the workbench layout: 212.3 ms [Finished 2.408 s after frontend start]
2026-08-14 17:49:06 2026-08-14T12:19:06.989Z root INFO Changed application state from 'attached_shell' to 'initialized_layout'.
2026-08-14 17:49:07 2026-08-14T12:19:07.555Z root INFO [hosted-plugin: 5173] PLUGIN_HOST(5173) starting instance
[Object: null prototype] {}
2026-08-14 17:49:08 2026-08-14T12:19:08.486Z root INFO [f5c67cf3-db26-4fa6-a218-786e6b8aa046] Sync of 23 plugins: 1628.3 ms [Finished 3.889 s after frontend start]
2026-08-14 17:49:08 2026-08-14T12:19:08.487Z root INFO [f5c67cf3-db26-4fa6-a218-786e6b8aa046] Loading plugin contributions
2026-08-14 17:49:08 2026-08-14T12:19:08.487Z root INFO [f5c67cf3-db26-4fa6-a218-786e6b8aa046] Load contributions of 23 plugins: 56.7 ms [Finished 3.946 s after frontend start]
2026-08-14 17:49:08 2026-08-14T12:19:08.528Z root WARN 'cpp' language is remapped from 'source.cpp.embedded.macro' to 'source.cpp' scope
2026-08-14 17:49:08 2026-08-14T12:19:08.528Z root WARN a registered grammar configuration for 'cpp' language is overridden
2026-08-14 17:49:08 2026-08-14T12:19:08.835Z root INFO Frontend application start: 2316.2 ms [Finished 41.541 s after backend start]
2026-08-14 17:49:08 2026-08-14T12:19:08.854Z root INFO Replace loading indicator with ready workbench UI (animation): 1591.2 ms [Finished 4.019 s after frontend start]
2026-08-14 17:49:08 2026-08-14T12:19:08.854Z root INFO Changed application state from 'initialized_layout' to 'ready'.
2026-08-14 17:49:08 2026-08-14T12:19:08.854Z root WARN Linked preference "workbench.colorCustomizations" not found.
2026-08-14 17:49:09 2026-08-14T12:19:09.004Z root INFO Executing startup tasks:
2026-08-14 17:49:09 2026-08-14T12:19:09.004Z root INFO  - 'arduino-use-inherited-boards-data' , args: [{"fqbn":"arduino:avr:uno","data":{"configOptions":[],"programmers":[{"id":"arduinoisp","name":"ArduinoISP","platform":"arduino:avr@1.8.8"},{"id":"jtag3","name":"Atmel JTAGICE3 (JTAG mode)","platform":"arduino:avr@1.8.8"},{"id":"arduinoasisp","name":"Arduino as ISP","platform":"arduino:avr@1.8.8"},{"id":"usbGemma","name":"Arduino Gemma","platform":"arduino:avr@1.8.8"},{"id":"arduinoasispatmega32u4","name":"Arduino as ISP (ATmega32U4)","platform":"arduino:avr@1.8.8"},{"id":"atmel_ice","name":"Atmel-ICE (AVR)","platform":"arduino:avr@1.8.8"},{"id":"parallel","name":"Parallel Programmer","platform":"arduino:avr@1.8.8"},{"id":"stk500","name":"Atmel STK500 development board","platform":"arduino:avr@1.8.8"},{"id":"avrisp","name":"AVR ISP","platform":"arduino:avr@1.8.8"},{"id":"jtag3isp","name":"Atmel JTAGICE3 (ISP mode)","platform":"arduino:avr@1.8.8"},{"id":"usbasp","name":"USBasp","platform":"arduino:avr@1.8.8"},{"id":"avrispmkii","name":"AVRISP mkII","platform":"arduino:avr@1.8.8"},{"id":"arduinoisporg","name":"ArduinoISP.org","platform":"arduino:avr@1.8.8"},{"id":"usbtinyisp","name":"USBtinyISP","platform":"arduino:avr@1.8.8"},{"id":"buspirate","name":"BusPirate as ISP","platform":"arduino:avr@1.8.8"}]}}]
2026-08-14 17:49:09 2026-08-14T12:19:09.004Z root INFO  - 'arduino-use-inherited-boards-config' , args: [{"selectedBoard":{"name":"Arduino UNO","fqbn":"arduino:avr:uno","packageId":{"vendorId":"arduino","arch":"avr"},"packageName":"Arduino AVR Boards","manuallyInstalled":false,"selected":false,"missing":false},"selectedPort":{"protocol":"serial","address":"/dev/ttyUSB0"}},{"arduino+serial:///dev/ttyUSB0":{"name":"Arduino UNO","fqbn":"arduino:avr:uno","packageId":{"vendorId":"arduino","arch":"avr"},"packageName":"Arduino AVR Boards","manuallyInstalled":false,"selected":false,"missing":false}}]
2026-08-14 17:49:09 2026-08-14T12:19:09.434Z root ERROR Failed to get debug config: arduino:avr:uno, undefined Error: Debugging is not supported.
    at Object.callback (/tmp/.mount_arduinrFJWab/resources/app/lib/backend/main.js:2:4756202)
    at Object.onReceiveStatus (/tmp/.mount_arduinrFJWab/resources/app/lib/backend/main.js:2:3791917)
    at Object.onReceiveStatus (/tmp/.mount_arduinrFJWab/resources/app/lib/backend/main.js:2:2225840)
    at Object.onReceiveStatus (/tmp/.mount_arduinrFJWab/resources/app/lib/backend/main.js:2:2225285)
    at /tmp/.mount_arduinrFJWab/resources/app/lib/backend/main.js:2:4362019
    at process.processTicksAndRejections (node:internal/process/task_queues:77:11)
2026-08-14 17:49:09 2026-08-14T12:19:09.435Z daemon INFO time="2026-08-14T17:49:09+05:30" level=info msg="Tool required for debug" tool="arduino:arduinoOTA@1.3.0"
time="2026-08-14T17:49:09+05:30" level=info msg="Tool required for debug" tool="arduino:avr-gcc@7.3.0-atmel3.6.1-arduino7"
time="2026-08-14T17:49:09+05:30" level=info msg="Tool required for debug" tool="arduino:avrdude@8.0.0-arduino1"
time="2026-08-14T17:49:09+05:30" level=info msg="Tool required for debug" tool="builtin:ctags@5.8-arduino11"
time="2026-08-14T17:49:09+05:30" level=info msg="Tool required for debug" tool="builtin:dfu-discovery@0.1.2"
time="2026-08-14T17:49:09+05:30" level=info msg="Tool required for debug" tool="builtin:mdns-discovery@1.1.0"
time="2026-08-14T17:49:09+05:30" level=info msg="Tool required for debug" tool="builtin:serial-discovery@1.5.2"
time="2026-08-14T17:49:09+05:30" level=info msg="Tool required for debug" tool="builtin:serial-monitor@0.15.0"
2026-08-14 17:49:09 2026-08-14T12:19:09.446Z root ERROR Failed to get debug config: arduino:avr:uno, undefined Error: Debugging is not supported.
    at Object.callback (/tmp/.mount_arduinrFJWab/resources/app/lib/backend/main.js:2:4756202)
    at Object.onReceiveStatus (/tmp/.mount_arduinrFJWab/resources/app/lib/backend/main.js:2:3791917)
    at Object.onReceiveStatus (/tmp/.mount_arduinrFJWab/resources/app/lib/backend/main.js:2:2225840)
    at Object.onReceiveStatus (/tmp/.mount_arduinrFJWab/resources/app/lib/backend/main.js:2:2225285)
    at /tmp/.mount_arduinrFJWab/resources/app/lib/backend/main.js:2:4362019
    at process.processTicksAndRejections (node:internal/process/task_queues:77:11)
2026-08-14 17:49:09 2026-08-14T12:19:09.447Z daemon INFO time="2026-08-14T17:49:09+05:30" level=info msg="Tool required for debug" tool="arduino:arduinoOTA@1.3.0"
time="2026-08-14T17:49:09+05:30" level=info msg="Tool required for debug" tool="arduino:avr-gcc@7.3.0-atmel3.6.1-arduino7"
time="2026-08-14T17:49:09+05:30" level=info msg="Tool required for debug" tool="arduino:avrdude@8.0.0-arduino1"
time="2026-08-14T17:49:09+05:30" level=info msg="Tool required for debug" tool="builtin:dfu-discovery@0.1.2"
time="2026-08-14T17:49:09+05:30" level=info msg="Tool required for debug" tool="builtin:mdns-discovery@1.1.0"
time="2026-08-14T17:49:09+05:30" level=info msg="Tool required for debug" tool="builtin:serial-discovery@1.5.2"
time="2026-08-14T17:49:09+05:30" level=info msg="Tool required for debug" tool="builtin:serial-monitor@0.15.0"
time="2026-08-14T17:49:09+05:30" level=info msg="Tool required for debug" tool="builtin:ctags@5.8-arduino11"
2026-08-14 17:49:09 2026-08-14T12:19:09.490Z root ERROR Failed to get debug config: arduino:avr:uno, undefined Error: Debugging is not supported.
    at Object.callback (/tmp/.mount_arduinrFJWab/resources/app/lib/backend/main.js:2:4756202)
    at Object.onReceiveStatus (/tmp/.mount_arduinrFJWab/resources/app/lib/backend/main.js:2:3791917)
    at Object.onReceiveStatus (/tmp/.mount_arduinrFJWab/resources/app/lib/backend/main.js:2:2225840)
    at Object.onReceiveStatus (/tmp/.mount_arduinrFJWab/resources/app/lib/backend/main.js:2:2225285)
    at /tmp/.mount_arduinrFJWab/resources/app/lib/backend/main.js:2:4362019
    at process.processTicksAndRejections (node:internal/process/task_queues:77:11)
2026-08-14 17:49:09 2026-08-14T12:19:09.490Z daemon INFO time="2026-08-14T17:49:09+05:30" level=info msg="Tool required for debug" tool="arduino:arduinoOTA@1.3.0"
time="2026-08-14T17:49:09+05:30" level=info msg="Tool required for debug" tool="arduino:avr-gcc@7.3.0-atmel3.6.1-arduino7"
time="2026-08-14T17:49:09+05:30" level=info msg="Tool required for debug" tool="arduino:avrdude@8.0.0-arduino1"
time="2026-08-14T17:49:09+05:30" level=info msg="Tool required for debug" tool="builtin:ctags@5.8-arduino11"
time="2026-08-14T17:49:09+05:30" level=info msg="Tool required for debug" tool="builtin:dfu-discovery@0.1.2"
time="2026-08-14T17:49:09+05:30" level=info msg="Tool required for debug" tool="builtin:mdns-discovery@1.1.0"
time="2026-08-14T17:49:09+05:30" level=info msg="Tool required for debug" tool="builtin:serial-discovery@1.5.2"
time="2026-08-14T17:49:09+05:30" level=info msg="Tool required for debug" tool="builtin:serial-monitor@0.15.0"
2026-08-14 17:49:09 isTempSketch: true. Input was /tmp/.arduinoIDE-unsaved2026714-4685-1v3v0il.5v3wl/sketch_aug14b
2026-08-14 17:49:09 Ignored marking workspace as a closed sketch. The sketch was detected as temporary. Workspace URI: file:///tmp/.arduinoIDE-unsaved2026714-4685-1v3v0il.5v3wl/sketch_aug14b.
2026-08-14 17:49:09 2026-08-14T12:19:09.704Z root ERROR [hosted-plugin: 5173] Conflict in settings file Default: Ignoring cortex-debug.armToolchainPath.linux as cortex-debug.armToolchainPath is null
2026-08-14 17:49:09 2026-08-14T12:19:09.704Z root ERROR [hosted-plugin: 5173] Conflict in settings file Default: Ignoring cortex-debug.armToolchainPath.osx as cortex-debug.armToolchainPath is null
Conflict in settings file Default: Ignoring cortex-debug.armToolchainPath.windows as cortex-debug.armToolchainPath is null
Conflict in settings file Default: Ignoring cortex-debug.JLinkGDBServerPath.linux as cortex-debug.JLinkGDBServerPath is null
2026-08-14 17:49:09 2026-08-14T12:19:09.704Z root ERROR [hosted-plugin: 5173] Conflict in settings file Default: Ignoring cortex-debug.JLinkGDBServerPath.osx as cortex-debug.JLinkGDBServerPath is null
Conflict in settings file Default: Ignoring cortex-debug.JLinkGDBServerPath.windows as cortex-debug.JLinkGDBServerPath is null
Conflict in settings file Default: Ignoring cortex-debug.openocdPath.linux as cortex-debug.openocdPath is null
2026-08-14 17:49:09 2026-08-14T12:19:09.704Z root ERROR [hosted-plugin: 5173] Conflict in settings file Default: Ignoring cortex-debug.openocdPath.osx as cortex-debug.openocdPath is null
Conflict in settings file Default: Ignoring cortex-debug.openocdPath.windows as cortex-debug.openocdPath is null
Conflict in settings file Default: Ignoring cortex-debug.pyocdPath.linux as cortex-debug.pyocdPath is null
Conflict in settings file Default: Ignoring cortex-debug.pyocdPath.osx as cortex-debug.pyocdPath is null
Conflict in settings file Default: Ignoring cortex-debug.pyocdPath.windows as cortex-debug.pyocdPath is null
Conflict in settings file Default: Ignoring cortex-debug.PEGDBServerPath.linux as cortex-debug.PEGDBServerPath is null
Conflict in settings file Default: Ignoring cortex-debug.PEGDBServerPath.osx as cortex-debug.PEGDBServerPath is null
Conflict in settings file Default: Ignoring cortex-debug.PEGDBServerPath.windows as cortex-debug.PEGDBServerPath is null
Conflict in settings file Default: Ignoring cortex-debug.stutilPath.linux as cortex-debug.stutilPath is null
Conflict in settings file Default: Ignoring cortex-debug.stutilPath.osx as cortex-debug.stutilPath is null
Conflict in settings file Default: Ignoring cortex-debug.stutilPath.windows as cortex-debug.stutilPath is null
Conflict in settings file Default: Ignoring cortex-debug.stlinkPath.linux as cortex-debug.stlinkPath is null
Conflict in settings file Default: Ignoring cortex-debug.stlinkPath.osx as cortex-debug.stlinkPath is null
Conflict in settings file Default: Ignoring cortex-debug.stlinkPath.windows as cortex-debug.stlinkPath is null
Conflict in settings file Default: Ignoring cortex-debug.stm32cubeprogrammer.linux as cortex-debug.stm32cubeprogrammer is null
Conflict in settings file Default: Ignoring cortex-debug.stm32cubeprogrammer.osx as cortex-debug.stm32cubeprogrammer is null
Conflict in settings file Default: Ignoring cortex-debug.stm32cubeprogrammer.windows as cortex-debug.stm32cubeprogrammer is null
2026-08-14 17:49:09 isTempSketch: true. Input was /tmp/.arduinoIDE-unsaved2026714-4685-1v3v0il.5v3wl/sketch_aug14b
2026-08-14 17:49:09 Ignored marking workspace as a closed sketch. The sketch was detected as temporary. Workspace URI: file:///tmp/.arduinoIDE-unsaved2026714-4685-1v3v0il.5v3wl/sketch_aug14b.
2026-08-14 17:49:09 2026-08-14T12:19:09.753Z root INFO [hosted-plugin: 5173] PLUGIN_HOST(5173): PluginManagerExtImpl/init()
2026-08-14 17:49:09 2026-08-14T12:19:09.756Z root INFO [hosted-plugin: 5173] PLUGIN_HOST(5173): initializing(vscode-arduino-api@0.1.2 with /tmp/.mount_arduinrFJWab/resources/app/lib/backend/plugin-vscode-init)
2026-08-14 17:49:09 2026-08-14T12:19:09.758Z root INFO socked closed
2026-08-14 17:49:09 2026-08-14T12:19:09.758Z root INFO closing connection for 3
2026-08-14 17:49:09 2026-08-14T12:19:09.758Z root INFO Closing channel on service path '/localization-server'.
2026-08-14 17:49:09 2026-08-14T12:19:09.758Z root INFO Closing channel on service path '/os'.
2026-08-14 17:49:09 2026-08-14T12:19:09.758Z root INFO Closing channel on service path '/services/commands'.
2026-08-14 17:49:09 2026-08-14T12:19:09.758Z root INFO Closing channel on service path '/services/keyboard'.
2026-08-14 17:49:09 2026-08-14T12:19:09.758Z root INFO Closing channel on service path '/services/logger'.
2026-08-14 17:49:09 2026-08-14T12:19:09.758Z root INFO Closing channel on service path '/services/messageService'.
2026-08-14 17:49:09 2026-08-14T12:19:09.758Z root INFO Closing channel on service path '/services/ChannelCloseService'.
2026-08-14 17:49:09 2026-08-14T12:19:09.758Z root INFO Closing channel on service path '/services/remote-filesystem'.
2026-08-14 17:49:09 2026-08-14T12:19:09.758Z root INFO Closing channel on service path '/services/envs'.
2026-08-14 17:49:09 2026-08-14T12:19:09.758Z root INFO Closing channel on service path '/services/authentication-service'.
2026-08-14 17:49:09 2026-08-14T12:19:09.758Z root INFO Closing channel on service path '/services/sketches-service'.
2026-08-14 17:49:09 2026-08-14T12:19:09.758Z root INFO Closing channel on service path '/services/config-service'.
2026-08-14 17:49:09 2026-08-14T12:19:09.758Z root INFO Closing channel on service path '/services/workspace'.
2026-08-14 17:49:09 2026-08-14T12:19:09.758Z root INFO Closing channel on service path '/services/notification-service'.
2026-08-14 17:49:09 2026-08-14T12:19:09.758Z root INFO Closing channel on service path '/services/arduino-daemon'.
2026-08-14 17:49:09 2026-08-14T12:19:09.758Z root INFO Closing channel on service path '/services/stopwatch'.
2026-08-14 17:49:09 2026-08-14T12:19:09.758Z root INFO Closing channel on service path '/services/application'.
2026-08-14 17:49:09 2026-08-14T12:19:09.758Z root INFO Closing channel on service path '/services/i18n'.
2026-08-14 17:49:09 2026-08-14T12:19:09.758Z root INFO Closing channel on service path '/services/quickInput'.
2026-08-14 17:49:09 2026-08-14T12:19:09.758Z root INFO Closing channel on service path '/services/debug'.
2026-08-14 17:49:09 2026-08-14T12:19:09.758Z root INFO Closing channel on service path '/services/shell-terminal'.
2026-08-14 17:49:09 2026-08-14T12:19:09.758Z root INFO Closing channel on service path '/services/quickPick'.
2026-08-14 17:49:09 2026-08-14T12:19:09.758Z root INFO Closing channel on service path '/services/task'.
2026-08-14 17:49:09 2026-08-14T12:19:09.758Z root INFO Closing channel on service path '/services/search'.
2026-08-14 17:49:09 2026-08-14T12:19:09.758Z root INFO Closing channel on service path '/services/hostedPlugin'.
2026-08-14 17:49:09 2026-08-14T12:19:09.758Z root INFO Closing channel on service path '/services/plugin-ext'.
2026-08-14 17:49:09 2026-08-14T12:19:09.758Z root INFO Closing channel on service path '/services/plugin-paths'.
2026-08-14 17:49:09 2026-08-14T12:19:09.758Z root INFO Closing channel on service path '/services/cli-preferences'.
2026-08-14 17:49:09 2026-08-14T12:19:09.758Z root INFO Closing channel on service path '/services/boards-service'.
2026-08-14 17:49:09 2026-08-14T12:19:09.758Z root INFO Closing channel on service path '/services/response-service'.
2026-08-14 17:49:09 2026-08-14T12:19:09.758Z root INFO Closing channel on service path '/services/file-system-ext'.
2026-08-14 17:49:09 2026-08-14T12:19:09.758Z root INFO Closing channel on service path '/services/core-service'.
2026-08-14 17:49:09 2026-08-14T12:19:09.758Z root INFO Closing channel on service path '/services/example-service'.
2026-08-14 17:49:09 2026-08-14T12:19:09.758Z root INFO Closing channel on service path '/services/library-service'.
2026-08-14 17:49:09 2026-08-14T12:19:09.758Z root INFO Closing channel on service path '/services/executable-service'.
2026-08-14 17:49:09 2026-08-14T12:19:09.758Z root INFO Closing channel on service path '/services/arduino-firmware-uploader'.
2026-08-14 17:49:09 2026-08-14T12:19:09.758Z root INFO Closing channel on service path '/services/formatter'.
2026-08-14 17:49:09 2026-08-14T12:19:09.758Z root INFO Closing channel on service path '/services/search-in-workspace'.
2026-08-14 17:49:09 2026-08-14T12:19:09.758Z root INFO Closing channel on service path '/services/request-service'.
2026-08-14 17:49:09 2026-08-14T12:19:09.758Z root INFO Closing channel on service path '/services/keyStore'.
2026-08-14 17:49:09 2026-08-14T12:19:09.758Z root INFO Closing channel on service path '/services/languagePackService'.
2026-08-14 17:49:09 2026-08-14T12:19:09.759Z root ERROR Uncaught Exception:  Error: client namespace disconnect
2026-08-14 17:49:09 2026-08-14T12:19:09.759Z root ERROR Error: client namespace disconnect
    at /tmp/.mount_arduinrFJWab/resources/app/lib/backend/main.js:2:528781
    at Map.forEach (<anonymous>)
    at /tmp/.mount_arduinrFJWab/resources/app/lib/backend/main.js:2:528760
    at /tmp/.mount_arduinrFJWab/resources/app/lib/backend/main.js:2:6425069
    at s.invoke (/tmp/.mount_arduinrFJWab/resources/app/lib/backend/main.js:2:6425159)
    at a.fire (/tmp/.mount_arduinrFJWab/resources/app/lib/backend/main.js:2:6426962)
    at /tmp/.mount_arduinrFJWab/resources/app/lib/backend/main.js:2:1878978
    at Map.forEach (<anonymous>)
    at Object.<anonymous> (/tmp/.mount_arduinrFJWab/resources/app/lib/backend/main.js:2:1878948)
    at e.dispose (/tmp/.mount_arduinrFJWab/resources/app/lib/backend/main.js:2:4856174)
2026-08-14 17:49:09 Closing channel on service path '/services/electron-window'.
2026-08-14 17:49:09 Closing channel on service path '/services/ide-updater'.
2026-08-14 17:49:09 2026-08-14T12:19:09.873Z root INFO [hosted-plugin: 5173] PLUGIN_HOST(5173): initializing(json-language-features@1.88.1 with /tmp/.mount_arduinrFJWab/resources/app/lib/backend/plugin-vscode-init)
PLUGIN_HOST(5173): initializing(cortex-debug@1.5.1 with /tmp/.mount_arduinrFJWab/resources/app/lib/backend/plugin-vscode-init)
Debugger contribution has been registered: cortex-debug
PLUGIN_HOST(5173): initializing(vscode-arduino-tools@0.1.3 with /tmp/.mount_arduinrFJWab/resources/app/lib/backend/plugin-vscode-init)
PLUGIN_HOST(5173): initializing(cpp@1.88.1 with /tmp/.mount_arduinrFJWab/resources/app/lib/backend/plugin-vscode-init)
PLUGIN_HOST(5173): initializing(json@1.88.1 with /tmp/.mount_arduinrFJWab/resources/app/lib/backend/plugin-vscode-init)
2026-08-14 17:49:09 2026-08-14T12:19:09.877Z root INFO [hosted-plugin: 5173] PLUGIN_HOST(5173): initializing(vscode-language-pack-bg@1.48.3 with /tmp/.mount_arduinrFJWab/resources/app/lib/backend/plugin-vscode-init)
2026-08-14 17:49:09 2026-08-14T12:19:09.879Z root INFO [hosted-plugin: 5173] PLUGIN_HOST(5173): initializing(vscode-language-pack-cs@1.96.0 with /tmp/.mount_arduinrFJWab/resources/app/lib/backend/plugin-vscode-init)
2026-08-14 17:49:09 2026-08-14T12:19:09.880Z root INFO [hosted-plugin: 5173] PLUGIN_HOST(5173): initializing(vscode-language-pack-de@1.96.0 with /tmp/.mount_arduinrFJWab/resources/app/lib/backend/plugin-vscode-init)
2026-08-14 17:49:09 2026-08-14T12:19:09.881Z root INFO [hosted-plugin: 5173] PLUGIN_HOST(5173): initializing(vscode-language-pack-es@1.96.0 with /tmp/.mount_arduinrFJWab/resources/app/lib/backend/plugin-vscode-init)
2026-08-14 17:49:09 2026-08-14T12:19:09.883Z root INFO [hosted-plugin: 5173] PLUGIN_HOST(5173): initializing(vscode-language-pack-fr@1.96.0 with /tmp/.mount_arduinrFJWab/resources/app/lib/backend/plugin-vscode-init)
2026-08-14 17:49:09 2026-08-14T12:19:09.884Z root INFO [hosted-plugin: 5173] PLUGIN_HOST(5173): initializing(vscode-language-pack-hu@1.48.3 with /tmp/.mount_arduinrFJWab/resources/app/lib/backend/plugin-vscode-init)
2026-08-14 17:49:09 2026-08-14T12:19:09.884Z root INFO [hosted-plugin: 5173] PLUGIN_HOST(5173): initializing(vscode-language-pack-it@1.96.0 with /tmp/.mount_arduinrFJWab/resources/app/lib/backend/plugin-vscode-init)
2026-08-14 17:49:09 2026-08-14T12:19:09.885Z root INFO [hosted-plugin: 5173] PLUGIN_HOST(5173): initializing(vscode-language-pack-ja@1.96.0 with /tmp/.mount_arduinrFJWab/resources/app/lib/backend/plugin-vscode-init)
2026-08-14 17:49:09 2026-08-14T12:19:09.886Z root INFO [hosted-plugin: 5173] PLUGIN_HOST(5173): initializing(vscode-language-pack-ko@1.96.0 with /tmp/.mount_arduinrFJWab/resources/app/lib/backend/plugin-vscode-init)
2026-08-14 17:49:09 2026-08-14T12:19:09.886Z root INFO [hosted-plugin: 5173] PLUGIN_HOST(5173): initializing(vscode-language-pack-nl@1.48.3 with /tmp/.mount_arduinrFJWab/resources/app/lib/backend/plugin-vscode-init)
2026-08-14 17:49:09 2026-08-14T12:19:09.887Z root INFO [hosted-plugin: 5173] PLUGIN_HOST(5173): initializing(vscode-language-pack-pl@1.96.0 with /tmp/.mount_arduinrFJWab/resources/app/lib/backend/plugin-vscode-init)
2026-08-14 17:49:09 2026-08-14T12:19:09.887Z root INFO [hosted-plugin: 5173] PLUGIN_HOST(5173): initializing(vscode-language-pack-pt-BR@1.96.0 with /tmp/.mount_arduinrFJWab/resources/app/lib/backend/plugin-vscode-init)
2026-08-14 17:49:09 2026-08-14T12:19:09.888Z root INFO [hosted-plugin: 5173] PLUGIN_HOST(5173): initializing(vscode-language-pack-ru@1.96.0 with /tmp/.mount_arduinrFJWab/resources/app/lib/backend/plugin-vscode-init)
2026-08-14 17:49:09 2026-08-14T12:19:09.889Z root INFO [hosted-plugin: 5173] PLUGIN_HOST(5173): initializing(vscode-language-pack-tr@1.96.0 with /tmp/.mount_arduinrFJWab/resources/app/lib/backend/plugin-vscode-init)
2026-08-14 17:49:09 2026-08-14T12:19:09.889Z root INFO [hosted-plugin: 5173] PLUGIN_HOST(5173): initializing(vscode-language-pack-uk@1.48.3 with /tmp/.mount_arduinrFJWab/resources/app/lib/backend/plugin-vscode-init)
2026-08-14 17:49:09 2026-08-14T12:19:09.890Z root INFO [hosted-plugin: 5173] PLUGIN_HOST(5173): initializing(vscode-language-pack-zh-hans@1.96.0 with /tmp/.mount_arduinrFJWab/resources/app/lib/backend/plugin-vscode-init)
2026-08-14 17:49:09 2026-08-14T12:19:09.890Z root INFO [hosted-plugin: 5173] PLUGIN_HOST(5173): initializing(vscode-language-pack-zh-hant@1.96.0 with /tmp/.mount_arduinrFJWab/resources/app/lib/backend/plugin-vscode-init)
2026-08-14 17:49:10 isTempSketch: false. Input was /home/raj/Arduino/obstacle
2026-08-14 17:49:10 Marking workspace as a closed sketch. Workspace URI: file:///home/raj/Arduino/obstacle. Date: 1786709950701.
2026-08-14 17:49:10 isTempSketch: false. Input was /home/raj/Arduino/obstacle
2026-08-14 17:49:10 Marking workspace as a closed sketch. Workspace URI: file:///home/raj/Arduino/obstacle. Date: 1786709950707.
2026-08-14 17:49:10 2026-08-14T12:19:10.719Z root INFO socked closed
2026-08-14 17:49:10 2026-08-14T12:19:10.719Z root INFO closing connection for 2
2026-08-14 17:49:10 2026-08-14T12:19:10.719Z root INFO Closing channel on service path '/localization-server'.
2026-08-14 17:49:10 2026-08-14T12:19:10.719Z root INFO Closing channel on service path '/os'.
2026-08-14 17:49:10 2026-08-14T12:19:10.719Z root INFO Closing channel on service path '/services/commands'.
2026-08-14 17:49:10 2026-08-14T12:19:10.719Z root INFO Closing channel on service path '/services/keyboard'.
2026-08-14 17:49:10 2026-08-14T12:19:10.719Z root INFO Closing channel on service path '/services/logger'.
2026-08-14 17:49:10 2026-08-14T12:19:10.719Z root INFO Closing channel on service path '/services/messageService'.
2026-08-14 17:49:10 2026-08-14T12:19:10.719Z root INFO Closing channel on service path '/services/ChannelCloseService'.
2026-08-14 17:49:10 2026-08-14T12:19:10.719Z root INFO Closing channel on service path '/services/remote-filesystem'.
2026-08-14 17:49:10 2026-08-14T12:19:10.719Z root INFO Closing channel on service path '/services/envs'.
2026-08-14 17:49:10 2026-08-14T12:19:10.719Z root INFO Closing channel on service path '/services/authentication-service'.
2026-08-14 17:49:10 2026-08-14T12:19:10.719Z root INFO Closing channel on service path '/services/sketches-service'.
2026-08-14 17:49:10 2026-08-14T12:19:10.719Z root INFO Closing channel on service path '/services/config-service'.
2026-08-14 17:49:10 2026-08-14T12:19:10.719Z root INFO Closing channel on service path '/services/workspace'.
2026-08-14 17:49:10 2026-08-14T12:19:10.719Z root INFO Closing channel on service path '/services/notification-service'.
2026-08-14 17:49:10 2026-08-14T12:19:10.719Z root INFO Closing channel on service path '/services/arduino-daemon'.
2026-08-14 17:49:10 2026-08-14T12:19:10.719Z root INFO Closing channel on service path '/services/stopwatch'.
2026-08-14 17:49:10 2026-08-14T12:19:10.719Z root INFO Closing channel on service path '/services/application'.
2026-08-14 17:49:10 2026-08-14T12:19:10.719Z root INFO Closing channel on service path '/services/i18n'.
2026-08-14 17:49:10 2026-08-14T12:19:10.719Z root INFO Closing channel on service path '/services/quickInput'.
2026-08-14 17:49:10 2026-08-14T12:19:10.719Z root INFO Closing channel on service path '/services/debug'.
2026-08-14 17:49:10 2026-08-14T12:19:10.719Z root INFO Closing channel on service path '/services/shell-terminal'.
2026-08-14 17:49:10 2026-08-14T12:19:10.719Z root INFO Closing channel on service path '/services/quickPick'.
2026-08-14 17:49:10 2026-08-14T12:19:10.719Z root INFO Closing channel on service path '/services/task'.
2026-08-14 17:49:10 2026-08-14T12:19:10.719Z root INFO Closing channel on service path '/services/search'.
2026-08-14 17:49:10 2026-08-14T12:19:10.719Z root INFO Closing channel on service path '/services/hostedPlugin'.
2026-08-14 17:49:10 2026-08-14T12:19:10.720Z root INFO Closing channel on service path '/services/plugin-ext'.
2026-08-14 17:49:10 2026-08-14T12:19:10.720Z root INFO Closing channel on service path '/services/plugin-paths'.
2026-08-14 17:49:10 2026-08-14T12:19:10.720Z root INFO Closing channel on service path '/services/cli-preferences'.
2026-08-14 17:49:10 2026-08-14T12:19:10.720Z root INFO Closing channel on service path '/services/boards-service'.
2026-08-14 17:49:10 2026-08-14T12:19:10.720Z root INFO Closing channel on service path '/services/response-service'.
2026-08-14 17:49:10 2026-08-14T12:19:10.720Z root INFO Closing channel on service path '/services/file-system-ext'.
2026-08-14 17:49:10 2026-08-14T12:19:10.720Z root INFO Closing channel on service path '/services/core-service'.
2026-08-14 17:49:10 2026-08-14T12:19:10.720Z root INFO Closing channel on service path '/services/example-service'.
2026-08-14 17:49:10 2026-08-14T12:19:10.720Z root INFO Closing channel on service path '/services/library-service'.
2026-08-14 17:49:10 2026-08-14T12:19:10.720Z root INFO Closing channel on service path '/services/executable-service'.
2026-08-14 17:49:10 2026-08-14T12:19:10.720Z root INFO Closing channel on service path '/services/arduino-firmware-uploader'.
2026-08-14 17:49:10 2026-08-14T12:19:10.720Z root INFO Closing channel on service path '/services/formatter'.
2026-08-14 17:49:10 2026-08-14T12:19:10.720Z root INFO Closing channel on service path '/services/search-in-workspace'.
2026-08-14 17:49:10 2026-08-14T12:19:10.720Z root INFO Closing channel on service path '/services/request-service'.
2026-08-14 17:49:10 2026-08-14T12:19:10.720Z root INFO Closing channel on service path '/services/keyStore'.
2026-08-14 17:49:10 2026-08-14T12:19:10.720Z root INFO Closing channel on service path '/services/languagePackService'.
2026-08-14 17:49:10 Closing channel on service path '/services/electron-window'.
2026-08-14 17:49:10 Closing channel on service path '/services/ide-updater'.
2026-08-14 17:49:10 Skipped storing sketch as workspace root. Expected minimum threshold: <1786709949746>. Was: <1786709927205>.
2026-08-14 17:49:10 Skipped storing sketch as workspace root. Expected minimum threshold: <1786709949746>. Was: <1786709927212>.
2026-08-14 17:49:10 Storing the sketch as a workspace root: </home/raj/Arduino/obstacle>.
2026-08-14 17:49:10 Skipped storing sketch as workspace root. Already visited: </home/raj/Arduino/obstacle>.
2026-08-14 17:49:10 Stored workspaces roots: /home/raj/Arduino/obstacle
2026-08-14 17:49:10 No sketches were scheduled for deletion.
2026-08-14 17:49:15 Arduino IDE 2.3.8
2026-08-14 17:49:15 Checking for frontend application configuration customizations. Module path: /tmp/.mount_arduin5hHsT2/resources/app/lib/backend/electron-main.js, destination 'package.json': /tmp/.mount_arduin5hHsT2/resources/app/package.json
2026-08-14 17:49:15 Setting 'theia.frontend.config.appVersion' application configuration value to: "2.3.8" (type of string)
2026-08-14 17:49:15 Setting 'theia.frontend.config.cliVersion' application configuration value to: "1.4.1" (type of string)
2026-08-14 17:49:15 Setting 'theia.frontend.config.buildDate' application configuration value to: "2026-02-25T15:15:50.003Z" (type of string)
2026-08-14 17:49:15 Frontend application configuration after modifications: {"applicationName":"Arduino IDE","defaultTheme":{"light":"arduino-theme","dark":"arduino-theme-dark"},"defaultIconTheme":"none","electron":{"windowOptions":{},"showWindowEarly":true,"splashScreenOptions":{},"uriScheme":"arduino-ide"},"defaultLocale":"","validatePreferencesSchema":false,"reloadOnReconnect":true,"uriScheme":"theia","preferences":{"window.title":"${rootName}${activeEditorShort}${appName}","files.autoSave":"afterDelay","editor.minimap.enabled":false,"editor.tabSize":2,"editor.scrollBeyondLastLine":false,"editor.quickSuggestions":{"other":false,"comments":false,"strings":false},"editor.maxTokenizationLineLength":500,"editor.bracketPairColorization.enabled":false,"breadcrumbs.enabled":false,"workbench.tree.renderIndentGuides":"none","explorer.compactFolders":false},"appVersion":"2.3.8","cliVersion":"1.4.1","buildDate":"2026-02-25T15:15:50.003Z"}
2026-08-14 17:49:15 Starting backend process. PID: 5322
2026-08-14 17:49:16 Showing main window early
2026-08-14 17:49:16 Using browser-only version of superagent in non-browser environment
2026-08-14 17:49:16 Configuration directory URI: 'file:///home/raj/.arduinoIDE'
2026-08-14 17:49:17 Configuring to accept webviews on '^.+\.webview\..+$' hostname.
2026-08-14 17:49:17 2026-08-14T12:19:17.104Z root WARN Backend u.initialize took longer than the expected maximum 50 milliseconds: 64.9 ms [Finished 1.105 s after backend start]
2026-08-14 17:49:17 2026-08-14T12:19:17.115Z root WARN Backend Object.initialize took longer than the expected maximum 50 milliseconds: 62.8 ms [Finished 1.105 s after backend start]
2026-08-14 17:49:17 2026-08-14T12:19:17.116Z root INFO Backend a.initialize: 1.6 ms [Finished 1.105 s after backend start]
2026-08-14 17:49:17 2026-08-14T12:19:17.116Z root INFO Backend a.initialize: 1.2 ms [Finished 1.105 s after backend start]
2026-08-14 17:49:17 2026-08-14T12:19:17.116Z root INFO Backend u.initialize: 1.6 ms [Finished 1.105 s after backend start]
2026-08-14 17:49:17 2026-08-14T12:19:17.119Z root WARN Backend l.initialize took longer than the expected maximum 50 milliseconds: 64.5 ms [Finished 1.107 s after backend start]
2026-08-14 17:49:17 2026-08-14T12:19:17.129Z root INFO configured all backend app contributions
2026-08-14 17:49:17 2026-08-14T12:19:17.129Z root INFO Backend l.onStart: 2.0 ms [Finished 1.132 s after backend start]
2026-08-14 17:49:17 2026-08-14T12:19:17.130Z root INFO Backend d.onStart: 0.2 ms [Finished 1.132 s after backend start]
2026-08-14 17:49:17 2026-08-14T12:19:17.131Z root INFO Backend a.onStart: 0.6 ms [Finished 1.133 s after backend start]
2026-08-14 17:49:17 2026-08-14T12:19:17.131Z config INFO >>> Initializing CLI configuration...
2026-08-14 17:49:17 2026-08-14T12:19:17.131Z root INFO Backend x.onStart: 0.5 ms [Finished 1.133 s after backend start]
2026-08-14 17:49:17 2026-08-14T12:19:17.132Z config INFO Loading CLI configuration from /home/raj/.arduinoIDE/arduino-cli.yaml...
2026-08-14 17:49:17 2026-08-14T12:19:17.132Z daemon INFO Starting daemon from /tmp/.mount_arduin5hHsT2/resources/app/lib/backend/resources/arduino-cli...
2026-08-14 17:49:17 2026-08-14T12:19:17.132Z root INFO Backend w.onStart: 0.5 ms [Finished 1.134 s after backend start]
2026-08-14 17:49:17 2026-08-14T12:19:17.132Z discovery-log INFO start
2026-08-14 17:49:17 2026-08-14T12:19:17.132Z discovery-log INFO start new deferred
2026-08-14 17:49:17 2026-08-14T12:19:17.132Z root INFO Backend v.onStart: 0.3 ms [Finished 1.135 s after backend start]
2026-08-14 17:49:17 2026-08-14T12:19:17.132Z root INFO Backend a.onStart: 0.7 ms [Finished 1.135 s after backend start]
2026-08-14 17:49:17 2026-08-14T12:19:17.137Z root INFO Theia app listening on http://127.0.0.1:41873.
2026-08-14 17:49:17 2026-08-14T12:19:17.137Z root INFO Finished starting backend application: 4.7 ms [Finished 1.140 s after backend start]
2026-08-14 17:49:17 Restoring workspace roots: /home/raj/Arduino/obstacle
2026-08-14 17:49:17 2026-08-14T12:19:17.140Z root WARN The local plugin referenced by local-dir:/home/raj/.arduinoIDE/plugins does not exist.
2026-08-14 17:49:17 2026-08-14T12:19:17.140Z root WARN The local plugin referenced by local-dir:/home/raj/.arduinoIDE/deployedPlugins does not exist.
2026-08-14 17:49:17 isTempSketch: false. Input was /home/raj/Arduino/obstacle/obstacle.ino
2026-08-14 17:49:17 2026-08-14T12:19:17.174Z config INFO Loaded CLI configuration: {"board_manager":{"additional_urls":[]}}
2026-08-14 17:49:17 2026-08-14T12:19:17.175Z config INFO Loading fallback CLI configuration to get 'directories.data' and 'directories.user'
2026-08-14 17:49:17 2026-08-14T12:19:17.372Z root INFO Resolve plugins list: 237.5 ms [Finished 1.375 s after backend start]
2026-08-14 17:49:17 2026-08-14T12:19:17.621Z daemon INFO time="2026-08-14T17:49:17+05:30" level=info msg="arduino-cli version 1.4.1"
2026-08-14 17:49:17 2026-08-14T12:19:17.629Z daemon INFO time="2026-08-14T17:49:17+05:30" level=info msg="Using config file: /home/raj/.arduinoIDE/arduino-cli.yaml"
time="2026-08-14T17:49:17+05:30" level=info msg="Executing `arduino-cli daemon`"
2026-08-14 17:49:17 2026-08-14T12:19:17.636Z config INFO Loaded fallback CLI configuration: {"directories":{"user":"/home/raj/Arduino","data":"/home/raj/.arduino15"}}
2026-08-14 17:49:17 2026-08-14T12:19:17.636Z config INFO Merged CLI configuration with the fallback: {"directories":{"user":"/home/raj/Arduino","data":"/home/raj/.arduino15"},"board_manager":{"additional_urls":[]}}
2026-08-14 17:49:17 2026-08-14T12:19:17.636Z config INFO Loaded the CLI configuration.
2026-08-14 17:49:17 2026-08-14T12:19:17.659Z daemon INFO Daemon is now listening on 127.0.0.1:43745
{"IP":"127.0.0.1","Port":"43745"}
2026-08-14 17:49:17 2026-08-14T12:19:17.659Z daemon INFO Daemon is running.
2026-08-14 17:49:17 2026-08-14T12:19:17.660Z config INFO Mapped the CLI configuration: {"dataDirUri":"file:///home/raj/.arduino15","sketchDirUri":"file:///home/raj/Arduino","additionalUrls":[],"network":"none","locale":"en"}
2026-08-14 17:49:17 2026-08-14T12:19:17.660Z config INFO Validating the CLI configuration...
2026-08-14 17:49:17 2026-08-14T12:19:17.675Z config INFO The CLI config is valid.
2026-08-14 17:49:17 2026-08-14T12:19:17.676Z config INFO <<< Initialized the CLI configuration.
2026-08-14 17:49:17 2026-08-14T12:19:17.813Z daemon INFO time="2026-08-14T17:49:17+05:30" level=info msg="Checking signature" index=/home/raj/.arduino15/package_index.json signatureFile=/home/raj/.arduino15/package_index.json.sig trusted=true
time="2026-08-14T17:49:17+05:30" level=info msg="Loading hardware from: /home/raj/.arduino15/packages"
time="2026-08-14T17:49:17+05:30" level=info msg="Loading package arduino from: /home/raj/.arduino15/packages/arduino/hardware"
time="2026-08-14T17:49:17+05:30" level=info msg="Missing signature file" index=/home/raj/.arduino15/packages/arduino/hardware/avr/1.8.8/installed.json
time="2026-08-14T17:49:17+05:30" level=info msg="Adding monitor tool" protocol=serial tool="builtin:serial-monitor"
time="2026-08-14T17:49:17+05:30" level=info msg="Loaded platform" platform="arduino:avr@1.8.8"
time="2026-08-14T17:49:17+05:30" level=info msg="Checking existence of 'tools' path: /home/raj/.arduino15/packages/arduino/tools"
time="2026-08-14T17:49:17+05:30" level=info msg="Loading tools from dir: /home/raj/.arduino15/packages/arduino/tools"
time="2026-08-14T17:49:17+05:30" level=info msg="Loaded tool" tool="arduino:arduinoOTA@1.3.0"
time="2026-08-14T17:49:17+05:30" level=info msg="Loaded tool" tool="arduino:avr-gcc@7.3.0-atmel3.6.1-arduino7"
time="2026-08-14T17:49:17+05:30" level=info msg="Loaded tool" tool="arduino:avrdude@8.0.0-arduino1"
time="2026-08-14T17:49:17+05:30" level=info msg="Loading package builtin from: /home/raj/.arduino15/packages/builtin"
time="2026-08-14T17:49:17+05:30" level=info msg="Checking existence of 'tools' path: /home/raj/.arduino15/packages/builtin/tools"
time="2026-08-14T17:49:17+05:30" level=info msg="Loading tools from dir: /home/raj/.arduino15/packages/builtin/tools"
time="2026-08-14T17:49:17+05:30" level=info msg="Loaded tool" tool="builtin:ctags@5.8-arduino11"
time="2026-08-14T17:49:17+05:30" level=info msg="Loaded tool" tool="builtin:dfu-discovery@0.1.2"
time="2026-08-14T17:49:17+05:30" level=info msg="Loaded tool" tool="builtin:mdns-discovery@1.0.12"
time="2026-08-14T17:49:17+05:30" level=info msg="Loaded tool" tool="builtin:mdns-discovery@1.1.0"
time="2026-08-14T17:49:17+05:30" level=info msg="Loaded tool" tool="builtin:serial-discovery@1.4.3"
time="2026-08-14T17:49:17+05:30" level=info msg="Loaded tool" tool="builtin:serial-discovery@1.5.2"
time="2026-08-14T17:49:17+05:30" level=info msg="Loaded tool" tool="builtin:serial-monitor@0.15.0"
2026-08-14 17:49:17 2026-08-14T12:19:17.821Z daemon INFO time="2026-08-14T17:49:17+05:30" level=info msg="Adding libraries dir" dir=/home/raj/.arduino15/packages/arduino/hardware/avr/1.8.8/libraries isSingleLibrary=false location=platform
time="2026-08-14T17:49:17+05:30" level=info msg="Loading libraries index file" index=/home/raj/.arduino15/library_index.json
2026-08-14 17:49:18 2026-08-14T12:19:18.285Z daemon INFO time="2026-08-14T17:49:18+05:30" level=info msg="Adding libraries dir" dir=/home/raj/.arduino15/libraries isSingleLibrary=false location=ide
time="2026-08-14T17:49:18+05:30" level=info msg="Adding libraries dir" dir=/home/raj/Arduino/libraries isSingleLibrary=false location=user
2026-08-14 17:49:18 2026-08-14T12:19:18.298Z discovery-log INFO start resolved watching
2026-08-14 17:49:18 2026-08-14T12:19:18.311Z discovery-log INFO {"eventType":"add","port":{"matchingBoardsList":[],"port":{"address":"/dev/ttyS4","label":"/dev/ttyS4","protocol":"serial","protocolLabel":"Serial Port","propertiesMap":[],"hardwareId":""}},"error":""}
2026-08-14 17:49:18 2026-08-14T12:19:18.312Z discovery-log INFO {"eventType":"add","port":{"matchingBoardsList":[],"port":{"address":"/dev/ttyS5","label":"/dev/ttyS5","protocol":"serial","protocolLabel":"Serial Port","propertiesMap":[],"hardwareId":""}},"error":""}
2026-08-14 17:49:18 2026-08-14T12:19:18.313Z discovery-log INFO {"eventType":"add","port":{"matchingBoardsList":[],"port":{"address":"/dev/ttyUSB0","label":"/dev/ttyUSB0","protocol":"serial","protocolLabel":"Serial Port (USB)","propertiesMap":[["pid","0xEA60"],["serialNumber","0001"],["vid","0x10C4"]],"hardwareId":"0001"}},"error":""}
2026-08-14 17:49:18 2026-08-14T12:19:18.699Z root INFO Deploy plugins list: 1564.9 ms [Finished 2.702 s after backend start]
2026-08-14 17:49:19 2026-08-14T12:19:19.208Z root INFO creating connection for 1
2026-08-14 17:49:20 2026-08-14T12:19:20.489Z root WARN Frontend a.configure took longer than the expected maximum 100 milliseconds: 146.2 ms [Finished 3.324 s after frontend start]
2026-08-14 17:49:20 2026-08-14T12:19:20.529Z root WARN A command editor.action.toggleStickyScroll is already registered.
2026-08-14 17:49:20 2026-08-14T12:19:20.575Z sketches-service WARN Warning! The request sketch path was different than the response sketch path from the CLI. This could be a potential bug. Request: </home/raj/Arduino/obstacle/obstacle.ino>, response: </home/raj/Arduino/obstacle>.
2026-08-14 17:49:20 Opening channel for service path '/services/electron-window'.
2026-08-14 17:49:20 Opening channel for service path '/services/ide-updater'.
2026-08-14 17:49:20 2026-08-14T12:19:20.696Z root INFO Start frontend contributions: 445.4 ms [Finished 3.499 s after frontend start]
2026-08-14 17:49:20 2026-08-14T12:19:20.696Z root INFO Changed application state from 'init' to 'started_contributions'.
2026-08-14 17:49:20 2026-08-14T12:19:20.712Z root INFO Changed application state from 'started_contributions' to 'attached_shell'.
2026-08-14 17:49:20 2026-08-14T12:19:20.712Z root INFO >>> Restoring the layout state...
2026-08-14 17:49:20 2026-08-14T12:19:20.810Z root INFO [ca1ada77-3f36-4444-bf31-98ad5c5bc614] Waiting for backend deployment: 150.7 ms [Finished 3.643 s after frontend start]
2026-08-14 17:49:21 2026-08-14T12:19:21.595Z root INFO [hosted-plugin: 5457] PLUGIN_HOST(5457) starting instance
[Object: null prototype] {}
2026-08-14 17:49:22 2026-08-14T12:19:22.409Z root INFO [ca1ada77-3f36-4444-bf31-98ad5c5bc614] Sync of 23 plugins: 1602.2 ms [Finished 5.245 s after frontend start]
2026-08-14 17:49:22 2026-08-14T12:19:22.438Z root INFO ------- SERIALIZED LAYOUT DATA -------
2026-08-14 17:49:22 2026-08-14T12:19:22.438Z root INFO {"version":5,"mainPanel":{"main":{"type":"tab-area","widgets":[{"constructionOptions":{"factoryId":"code-editor-opener","options":{"counter":0,"kind":"navigatable","uri":"file:///home/raj/Arduino/obstacle/obstacle.ino"}},"innerWidgetState":"{\"cursorState\":[{\"inSelectionMode\":false,\"selectionStart\":{\"lineNumber\":89,\"column\":6},\"position\":{\"lineNumber\":89,\"column\":6}}],\"viewState\":{\"scrollLeft\":0,\"firstPosition\":{\"lineNumber\":45,\"column\":1},\"firstPositionDeltaTop\":-2},\"contributionsState\":{\"editor.contrib.folding\":{\"lineCount\":112,\"provider\":\"indent\",\"foldedImports\":false},\"editor.contrib.wordHighlighter\":true}}"}],"currentIndex":0}},"mainPanelPinned":[false],"bottomPanel":{"config":{"main":{"type":"tab-area","widgets":[{"constructionOptions":{"factoryId":"outputView"},"innerWidgetState":"{\"locked\":false}"}],"currentIndex":0}},"pinned":[false],"size":230,"expanded":true},"leftPanel":{"type":"sidepanel","items":[{"widget":{"constructionOptions":{"factoryId":"arduino-sketchbook-widget"}},"rank":1,"expanded":false,"pinned":false},{"widget":{"constructionOptions":{"factoryId":"boards-list-widget"}},"rank":2,"expanded":false,"pinned":false},{"widget":{"constructionOptions":{"factoryId":"library-list-widget"}},"rank":3,"expanded":false,"pinned":false},{"widget":{"constructionOptions":{"factoryId":"debug"},"innerWidgetState":"{\"parts\":[{\"partId\":\"debug:threads:-1\",\"collapsed\":false,\"hidden\":false,\"originalContainerId\":\"debug:view-container:-1\",\"originalContainerTitle\":{\"label\":\"debug\",\"iconClass\":\"codicon codicon-debug-alt\",\"closeable\":true},\"widget\":{\"constructionOptions\":{\"factoryId\":\"debug:threads\"},\"innerWidgetState\":\"{}\"}},{\"partId\":\"debug:frames:-1\",\"collapsed\":false,\"hidden\":false,\"originalContainerId\":\"debug:view-container:-1\",\"originalContainerTitle\":{\"label\":\"debug\",\"iconClass\":\"codicon codicon-debug-alt\",\"closeable\":true},\"widget\":{\"constructionOptions\":{\"factoryId\":\"debug:frames\"},\"innerWidgetState\":\"{}\"}},{\"partId\":\"debug:variables:-1\",\"collapsed\":false,\"hidden\":false,\"originalContainerId\":\"debug:view-container:-1\",\"originalContainerTitle\":{\"label\":\"debug\",\"iconClass\":\"codicon codicon-debug-alt\",\"closeable\":true},\"widget\":{\"constructionOptions\":{\"factoryId\":\"debug:variables\"},\"innerWidgetState\":\"{}\"}},{\"partId\":\"debug:watch:-1\",\"collapsed\":false,\"hidden\":false,\"originalContainerId\":\"debug:view-container:-1\",\"originalContainerTitle\":{\"label\":\"debug\",\"iconClass\":\"codicon codicon-debug-alt\",\"closeable\":true},\"widget\":{\"constructionOptions\":{\"factoryId\":\"debug:watch\"},\"innerWidgetState\":\"{}\"}},{\"partId\":\"debug:breakpoints:-1\",\"collapsed\":false,\"hidden\":false,\"originalContainerId\":\"debug:view-container:-1\",\"originalContainerTitle\":{\"label\":\"debug\",\"iconClass\":\"codicon codicon-debug-alt\",\"closeable\":true},\"widget\":{\"constructionOptions\":{\"factoryId\":\"debug:breakpoints\"},\"innerWidgetState\":\"{}\"}},{\"partId\":\"plugin-view:cortex-debug.peripherals\",\"collapsed\":true,\"hidden\":true,\"originalContainerId\":\"debug:view-container:-1\",\"originalContainerTitle\":{\"label\":\"debug\",\"iconClass\":\"codicon codicon-debug-alt\",\"closeable\":true},\"widget\":{\"constructionOptions\":{\"factoryId\":\"plugin-view\",\"options\":{\"id\":\"plugin-view:cortex-debug.peripherals\",\"viewId\":\"cortex-debug.peripherals\"}},\"innerWidgetState\":\"{\\\"label\\\":\\\"Cortex Peripherals\\\",\\\"widgets\\\":[],\\\"suppressUpdateViewVisibility\\\":false,\\\"currentViewContainerId\\\":\\\"debug\\\"}\"}},{\"partId\":\"plugin-view:cortex-debug.registers\",\"collapsed\":true,\"hidden\":true,\"originalContainerId\":\"debug:view-container:-1\",\"originalContainerTitle\":{\"label\":\"debug\",\"iconClass\":\"codicon codicon-debug-alt\",\"closeable\":true},\"widget\":{\"constructionOptions\":{\"factoryId\":\"plugin-view\",\"options\":{\"id\":\"plugin-view:cortex-debug.registers\",\"viewId\":\"cortex-debug.registers\"}},\"innerWidgetState\":\"{\\\"label\\\":\\\"Cortex Registers\\\",\\\"widgets\\\":[],\\\"suppressUpdateViewVisibility\\\":false,\\\"currentViewContainerId\\\":\\\"debug\\\"}\"}}],\"title\":{\"label\":\"debug\",\"iconClass\":\"codicon codicon-debug-alt\",\"closeable\":true}}"},"rank":4,"expanded":false,"pinned":false},{"widget":{"constructionOptions":{"factoryId":"search-view-container"},"innerWidgetState":"{\"parts\":[{\"partId\":\"search-in-workspace\",\"collapsed\":false,\"hidden\":false,\"originalContainerId\":\"search-view-container\",\"originalContainerTitle\":{\"label\":\"Search\",\"iconClass\":\"codicon codicon-search\",\"closeable\":true},\"widget\":{\"constructionOptions\":{\"factoryId\":\"search-in-workspace\"},\"innerWidgetState\":\"{\\\"matchCaseState\\\":{\\\"className\\\":\\\"codicon codicon-case-sensitive\\\",\\\"enabled\\\":false,\\\"title\\\":\\\"Match Case\\\"},\\\"wholeWordState\\\":{\\\"className\\\":\\\"codicon codicon-whole-word\\\",\\\"enabled\\\":false,\\\"title\\\":\\\"Match Whole Word\\\"},\\\"regExpState\\\":{\\\"className\\\":\\\"codicon codicon-regex\\\",\\\"enabled\\\":false,\\\"title\\\":\\\"Use Regular Expression\\\"},\\\"includeIgnoredState\\\":{\\\"className\\\":\\\"codicon codicon-eye\\\",\\\"enabled\\\":false,\\\"title\\\":\\\"Include Ignored Files\\\"},\\\"showSearchDetails\\\":false,\\\"searchInWorkspaceOptions\\\":{\\\"matchCase\\\":false,\\\"matchWholeWord\\\":false,\\\"useRegExp\\\":false,\\\"multiline\\\":false,\\\"includeIgnored\\\":false,\\\"include\\\":[],\\\"exclude\\\":[],\\\"maxResults\\\":2000},\\\"searchTerm\\\":\\\"\\\",\\\"replaceTerm\\\":\\\"\\\",\\\"showReplaceField\\\":false,\\\"searchHistoryState\\\":{\\\"history\\\":[],\\\"index\\\":0},\\\"replaceHistoryState\\\":{\\\"history\\\":[],\\\"index\\\":0},\\\"includeHistoryState\\\":{\\\"history\\\":[],\\\"index\\\":0},\\\"excludeHistoryState\\\":{\\\"history\\\":[],\\\"index\\\":0}}\"}}],\"title\":{\"label\":\"Search\",\"iconClass\":\"fa fa-arduino-search\",\"closeable\":true}}"},"rank":5,"expanded":false,"pinned":false}]},"rightPanel":{"type":"sidepanel","items":[]}}
2026-08-14 17:49:22 2026-08-14T12:19:22.441Z root INFO ------- END SERIALIZED LAYOUT DATA -------
2026-08-14 17:49:22 2026-08-14T12:19:22.814Z root INFO <<< The layout has been successfully restored.
2026-08-14 17:49:22 2026-08-14T12:19:22.893Z root INFO Initialize the workbench layout: 2102.7 ms [Finished 5.651 s after frontend start]
2026-08-14 17:49:22 2026-08-14T12:19:22.894Z root INFO Changed application state from 'attached_shell' to 'initialized_layout'.
2026-08-14 17:49:22 2026-08-14T12:19:22.895Z root INFO [ca1ada77-3f36-4444-bf31-98ad5c5bc614] Loading plugin contributions
2026-08-14 17:49:22 2026-08-14T12:19:22.895Z root INFO [ca1ada77-3f36-4444-bf31-98ad5c5bc614] Load contributions of 23 plugins: 73.3 ms [Finished 5.726 s after frontend start]
2026-08-14 17:49:22 2026-08-14T12:19:22.953Z root WARN 'cpp' language is remapped from 'source.cpp.embedded.macro' to 'source.cpp' scope
2026-08-14 17:49:22 2026-08-14T12:19:22.953Z root WARN a registered grammar configuration for 'cpp' language is overridden
2026-08-14 17:49:23 2026-08-14T12:19:23.305Z root ERROR [hosted-plugin: 5457] Conflict in settings file Default: Ignoring cortex-debug.armToolchainPath.linux as cortex-debug.armToolchainPath is null
2026-08-14 17:49:23 2026-08-14T12:19:23.305Z root ERROR [hosted-plugin: 5457] Conflict in settings file Default: Ignoring cortex-debug.armToolchainPath.osx as cortex-debug.armToolchainPath is null
Conflict in settings file Default: Ignoring cortex-debug.armToolchainPath.windows as cortex-debug.armToolchainPath is null
Conflict in settings file Default: Ignoring cortex-debug.JLinkGDBServerPath.linux as cortex-debug.JLinkGDBServerPath is null
Conflict in settings file Default: Ignoring cortex-debug.JLinkGDBServerPath.osx as cortex-debug.JLinkGDBServerPath is null
Conflict in settings file Default: Ignoring cortex-debug.JLinkGDBServerPath.windows as cortex-debug.JLinkGDBServerPath is null
Conflict in settings file Default: Ignoring cortex-debug.openocdPath.linux as cortex-debug.openocdPath is null
Conflict in settings file Default: Ignoring cortex-debug.openocdPath.osx as cortex-debug.openocdPath is null
Conflict in settings file Default: Ignoring cortex-debug.openocdPath.windows as cortex-debug.openocdPath is null
Conflict in settings file Default: Ignoring cortex-debug.pyocdPath.linux as cortex-debug.pyocdPath is null
Conflict in settings file Default: Ignoring cortex-debug.pyocdPath.osx as cortex-debug.pyocdPath is null
2026-08-14 17:49:23 2026-08-14T12:19:23.305Z root ERROR [hosted-plugin: 5457] Conflict in settings file Default: Ignoring cortex-debug.pyocdPath.windows as cortex-debug.pyocdPath is null
Conflict in settings file Default: Ignoring cortex-debug.PEGDBServerPath.linux as cortex-debug.PEGDBServerPath is null
Conflict in settings file Default: Ignoring cortex-debug.PEGDBServerPath.osx as cortex-debug.PEGDBServerPath is null
Conflict in settings file Default: Ignoring cortex-debug.PEGDBServerPath.windows as cortex-debug.PEGDBServerPath is null
2026-08-14 17:49:23 2026-08-14T12:19:23.305Z root ERROR [hosted-plugin: 5457] Conflict in settings file Default: Ignoring cortex-debug.stutilPath.linux as cortex-debug.stutilPath is null
Conflict in settings file Default: Ignoring cortex-debug.stutilPath.osx as cortex-debug.stutilPath is null
2026-08-14 17:49:23 2026-08-14T12:19:23.305Z root ERROR [hosted-plugin: 5457] Conflict in settings file Default: Ignoring cortex-debug.stutilPath.windows as cortex-debug.stutilPath is null
Conflict in settings file Default: Ignoring cortex-debug.stlinkPath.linux as cortex-debug.stlinkPath is null
2026-08-14 17:49:23 2026-08-14T12:19:23.305Z root ERROR [hosted-plugin: 5457] Conflict in settings file Default: Ignoring cortex-debug.stlinkPath.osx as cortex-debug.stlinkPath is null
2026-08-14 17:49:23 2026-08-14T12:19:23.305Z root ERROR [hosted-plugin: 5457] Conflict in settings file Default: Ignoring cortex-debug.stlinkPath.windows as cortex-debug.stlinkPath is null
Conflict in settings file Default: Ignoring cortex-debug.stm32cubeprogrammer.linux as cortex-debug.stm32cubeprogrammer is null
Conflict in settings file Default: Ignoring cortex-debug.stm32cubeprogrammer.osx as cortex-debug.stm32cubeprogrammer is null
2026-08-14 17:49:23 2026-08-14T12:19:23.306Z root ERROR [hosted-plugin: 5457] Conflict in settings file Default: Ignoring cortex-debug.stm32cubeprogrammer.windows as cortex-debug.stm32cubeprogrammer is null
2026-08-14 17:49:23 2026-08-14T12:19:23.341Z root INFO [hosted-plugin: 5457] PLUGIN_HOST(5457): PluginManagerExtImpl/init()
2026-08-14 17:49:23 2026-08-14T12:19:23.345Z root INFO [hosted-plugin: 5457] PLUGIN_HOST(5457): initializing(vscode-arduino-api@0.1.2 with /tmp/.mount_arduin5hHsT2/resources/app/lib/backend/plugin-vscode-init)
2026-08-14 17:49:23 2026-08-14T12:19:23.439Z root INFO [hosted-plugin: 5457] PLUGIN_HOST(5457): initializing(json-language-features@1.88.1 with /tmp/.mount_arduin5hHsT2/resources/app/lib/backend/plugin-vscode-init)
2026-08-14 17:49:23 2026-08-14T12:19:23.445Z root INFO [hosted-plugin: 5457] PLUGIN_HOST(5457): initializing(cortex-debug@1.5.1 with /tmp/.mount_arduin5hHsT2/resources/app/lib/backend/plugin-vscode-init)
2026-08-14 17:49:23 2026-08-14T12:19:23.445Z root INFO [hosted-plugin: 5457] Debugger contribution has been registered: cortex-debug
2026-08-14 17:49:23 2026-08-14T12:19:23.448Z root INFO [hosted-plugin: 5457] PLUGIN_HOST(5457): initializing(vscode-arduino-tools@0.1.3 with /tmp/.mount_arduin5hHsT2/resources/app/lib/backend/plugin-vscode-init)
2026-08-14 17:49:23 2026-08-14T12:19:23.449Z root INFO [hosted-plugin: 5457] PLUGIN_HOST(5457): initializing(cpp@1.88.1 with /tmp/.mount_arduin5hHsT2/resources/app/lib/backend/plugin-vscode-init)
2026-08-14 17:49:23 2026-08-14T12:19:23.451Z root INFO [hosted-plugin: 5457] PLUGIN_HOST(5457): initializing(json@1.88.1 with /tmp/.mount_arduin5hHsT2/resources/app/lib/backend/plugin-vscode-init)
2026-08-14 17:49:23 2026-08-14T12:19:23.452Z root INFO [hosted-plugin: 5457] PLUGIN_HOST(5457): initializing(vscode-language-pack-bg@1.48.3 with /tmp/.mount_arduin5hHsT2/resources/app/lib/backend/plugin-vscode-init)
2026-08-14 17:49:23 2026-08-14T12:19:23.460Z root INFO [hosted-plugin: 5457] PLUGIN_HOST(5457): initializing(vscode-language-pack-cs@1.96.0 with /tmp/.mount_arduin5hHsT2/resources/app/lib/backend/plugin-vscode-init)
2026-08-14 17:49:23 2026-08-14T12:19:23.460Z root INFO [hosted-plugin: 5457] PLUGIN_HOST(5457): initializing(vscode-language-pack-de@1.96.0 with /tmp/.mount_arduin5hHsT2/resources/app/lib/backend/plugin-vscode-init)
2026-08-14 17:49:23 2026-08-14T12:19:23.461Z root INFO [hosted-plugin: 5457] PLUGIN_HOST(5457): initializing(vscode-language-pack-es@1.96.0 with /tmp/.mount_arduin5hHsT2/resources/app/lib/backend/plugin-vscode-init)
2026-08-14 17:49:23 2026-08-14T12:19:23.462Z root INFO [hosted-plugin: 5457] PLUGIN_HOST(5457): initializing(vscode-language-pack-fr@1.96.0 with /tmp/.mount_arduin5hHsT2/resources/app/lib/backend/plugin-vscode-init)
2026-08-14 17:49:23 2026-08-14T12:19:23.463Z root INFO [hosted-plugin: 5457] PLUGIN_HOST(5457): initializing(vscode-language-pack-hu@1.48.3 with /tmp/.mount_arduin5hHsT2/resources/app/lib/backend/plugin-vscode-init)
2026-08-14 17:49:23 2026-08-14T12:19:23.463Z root INFO [hosted-plugin: 5457] PLUGIN_HOST(5457): initializing(vscode-language-pack-it@1.96.0 with /tmp/.mount_arduin5hHsT2/resources/app/lib/backend/plugin-vscode-init)
2026-08-14 17:49:23 2026-08-14T12:19:23.463Z root INFO [hosted-plugin: 5457] PLUGIN_HOST(5457): initializing(vscode-language-pack-ja@1.96.0 with /tmp/.mount_arduin5hHsT2/resources/app/lib/backend/plugin-vscode-init)
2026-08-14 17:49:23 2026-08-14T12:19:23.464Z root INFO [hosted-plugin: 5457] PLUGIN_HOST(5457): initializing(vscode-language-pack-ko@1.96.0 with /tmp/.mount_arduin5hHsT2/resources/app/lib/backend/plugin-vscode-init)
2026-08-14 17:49:23 2026-08-14T12:19:23.464Z root INFO [hosted-plugin: 5457] PLUGIN_HOST(5457): initializing(vscode-language-pack-nl@1.48.3 with /tmp/.mount_arduin5hHsT2/resources/app/lib/backend/plugin-vscode-init)
2026-08-14 17:49:23 2026-08-14T12:19:23.465Z root INFO [hosted-plugin: 5457] PLUGIN_HOST(5457): initializing(vscode-language-pack-pl@1.96.0 with /tmp/.mount_arduin5hHsT2/resources/app/lib/backend/plugin-vscode-init)
2026-08-14 17:49:23 2026-08-14T12:19:23.466Z root INFO [hosted-plugin: 5457] PLUGIN_HOST(5457): initializing(vscode-language-pack-pt-BR@1.96.0 with /tmp/.mount_arduin5hHsT2/resources/app/lib/backend/plugin-vscode-init)
2026-08-14 17:49:23 2026-08-14T12:19:23.466Z root INFO [hosted-plugin: 5457] PLUGIN_HOST(5457): initializing(vscode-language-pack-ru@1.96.0 with /tmp/.mount_arduin5hHsT2/resources/app/lib/backend/plugin-vscode-init)
2026-08-14 17:49:23 2026-08-14T12:19:23.467Z root INFO [hosted-plugin: 5457] PLUGIN_HOST(5457): initializing(vscode-language-pack-tr@1.96.0 with /tmp/.mount_arduin5hHsT2/resources/app/lib/backend/plugin-vscode-init)
2026-08-14 17:49:23 2026-08-14T12:19:23.467Z root INFO [hosted-plugin: 5457] PLUGIN_HOST(5457): initializing(vscode-language-pack-uk@1.48.3 with /tmp/.mount_arduin5hHsT2/resources/app/lib/backend/plugin-vscode-init)
2026-08-14 17:49:23 2026-08-14T12:19:23.467Z root INFO [hosted-plugin: 5457] PLUGIN_HOST(5457): initializing(vscode-language-pack-zh-hans@1.96.0 with /tmp/.mount_arduin5hHsT2/resources/app/lib/backend/plugin-vscode-init)
2026-08-14 17:49:23 2026-08-14T12:19:23.468Z root INFO [hosted-plugin: 5457] PLUGIN_HOST(5457): initializing(vscode-language-pack-zh-hant@1.96.0 with /tmp/.mount_arduin5hHsT2/resources/app/lib/backend/plugin-vscode-init)
2026-08-14 17:49:23 2026-08-14T12:19:23.498Z root INFO [hosted-plugin: 5457] PLUGIN_HOST(5457): PluginManagerExtImpl/loadPlugin(/tmp/.mount_arduin5hHsT2/resources/app/plugins/vscode-builtin-json-language-features/extension/client/dist/node/jsonClientMain)
2026-08-14 17:49:23 2026-08-14T12:19:23.545Z root INFO [hosted-plugin: 5457] PLUGIN_HOST(5457): PluginManagerExtImpl/loadPlugin(/tmp/.mount_arduin5hHsT2/resources/app/plugins/vscode-arduino-tools/extension/dist/extension.js)
2026-08-14 17:49:23 2026-08-14T12:19:23.570Z root INFO [hosted-plugin: 5457] PLUGIN_HOST(5457): PluginManagerExtImpl/loadPlugin(/tmp/.mount_arduin5hHsT2/resources/app/plugins/vscode-arduino-api/extension/dist/extension.js)
2026-08-14 17:49:23 2026-08-14T12:19:23.574Z root INFO [hosted-plugin: 5457] calling activation function on VS Code Arduino Tools
calling activation function on Arduino IDE API for VS Code extensions
2026-08-14 17:49:23 2026-08-14T12:19:23.606Z root INFO [ca1ada77-3f36-4444-bf31-98ad5c5bc614] Starting plugins.
2026-08-14 17:49:23 2026-08-14T12:19:23.617Z root INFO [hosted-plugin: 5457] PLUGIN_HOST(5457): PluginManagerExtImpl/loadPlugin(/tmp/.mount_arduin5hHsT2/resources/app/plugins/cortex-debug/extension/dist/extension.js)
2026-08-14 17:49:23 2026-08-14T12:19:23.649Z root INFO [hosted-plugin: 5457] Debug configuration provider has been registered: cortex-debug, trigger: 1
2026-08-14 17:49:23 2026-08-14T12:19:23.649Z root INFO [hosted-plugin: 5457] calling activation function on Cortex-Debug
2026-08-14 17:49:23 2026-08-14T12:19:23.651Z root INFO [hosted-plugin: 5457] GDB server console created
2026-08-14 17:49:23 2026-08-14T12:19:23.656Z root INFO [ca1ada77-3f36-4444-bf31-98ad5c5bc614] Start of 23 plugins: 759.6 ms [Finished 6.492 s after frontend start]
2026-08-14 17:49:23 2026-08-14T12:19:23.779Z root INFO [hosted-plugin: 5457] calling activation function on JSON Language Features (built-in)
2026-08-14 17:49:23 2026-08-14T12:19:23.945Z root INFO Frontend application start: 3498.2 ms [Finished 7.948 s after backend start]
2026-08-14 17:49:23 Checking for update
2026-08-14 17:49:23 2026-08-14T12:19:23.977Z root INFO Replace loading indicator with ready workbench UI (animation): 843.6 ms [Finished 6.575 s after frontend start]
2026-08-14 17:49:23 2026-08-14T12:19:23.982Z root INFO Changed application state from 'initialized_layout' to 'ready'.
2026-08-14 17:49:23 2026-08-14T12:19:23.982Z root WARN Linked preference "workbench.colorCustomizations" not found.
2026-08-14 17:49:24 2026-08-14T12:19:24.204Z daemon INFO time="2026-08-14T17:49:24+05:30" level=info msg="Tool required for debug" tool="arduino:arduinoOTA@1.3.0"
time="2026-08-14T17:49:24+05:30" level=info msg="Tool required for debug" tool="arduino:avr-gcc@7.3.0-atmel3.6.1-arduino7"
time="2026-08-14T17:49:24+05:30" level=info msg="Tool required for debug" tool="arduino:avrdude@8.0.0-arduino1"
time="2026-08-14T17:49:24+05:30" level=info msg="Tool required for debug" tool="builtin:serial-discovery@1.5.2"
time="2026-08-14T17:49:24+05:30" level=info msg="Tool required for debug" tool="builtin:serial-monitor@0.15.0"
time="2026-08-14T17:49:24+05:30" level=info msg="Tool required for debug" tool="builtin:ctags@5.8-arduino11"
time="2026-08-14T17:49:24+05:30" level=info msg="Tool required for debug" tool="builtin:dfu-discovery@0.1.2"
2026-08-14 17:49:24 2026-08-14T12:19:24.204Z daemon INFO time="2026-08-14T17:49:24+05:30" level=info msg="Tool required for debug" tool="builtin:mdns-discovery@1.1.0"
2026-08-14 17:49:24 2026-08-14T12:19:24.205Z root ERROR Failed to get debug config: arduino:avr:uno, undefined Error: Debugging is not supported.
    at Object.callback (/tmp/.mount_arduin5hHsT2/resources/app/lib/backend/main.js:2:4756202)
    at Object.onReceiveStatus (/tmp/.mount_arduin5hHsT2/resources/app/lib/backend/main.js:2:3791917)
    at Object.onReceiveStatus (/tmp/.mount_arduin5hHsT2/resources/app/lib/backend/main.js:2:2225840)
    at Object.onReceiveStatus (/tmp/.mount_arduin5hHsT2/resources/app/lib/backend/main.js:2:2225285)
    at /tmp/.mount_arduin5hHsT2/resources/app/lib/backend/main.js:2:4362019
    at process.processTicksAndRejections (node:internal/process/task_queues:77:11)
2026-08-14 17:49:24 2026-08-14T12:19:24.242Z root INFO Starting language server: arduino:avr:uno
2026-08-14 17:49:24 2026-08-14T12:19:24.511Z root ERROR ---- !!!SLOW!!! DURATION: search took 529.313 ms. Args: [{"type":"Updatable"}] ----
2026-08-14 17:49:24 2026-08-14T12:19:24.700Z daemon INFO time="2026-08-14T17:49:24+05:30" level=info msg="Adding libraries dir" dir=/home/raj/.arduino15/libraries isSingleLibrary=false location=ide
2026-08-14 17:49:24 2026-08-14T12:19:24.700Z daemon INFO time="2026-08-14T17:49:24+05:30" level=info msg="Adding libraries dir" dir=/home/raj/.arduino15/packages/arduino/hardware/avr/1.8.8/libraries isSingleLibrary=false location=platform
time="2026-08-14T17:49:24+05:30" level=info msg="Adding libraries dir" dir=/home/raj/Arduino/libraries isSingleLibrary=false location=user
2026-08-14 17:49:24 2026-08-14T12:19:24.872Z daemon INFO time="2026-08-14T17:49:24+05:30" level=info msg="Adding libraries dir" dir=/home/raj/.arduino15/libraries isSingleLibrary=false location=ide
time="2026-08-14T17:49:24+05:30" level=info msg="Adding libraries dir" dir=/home/raj/.arduino15/packages/arduino/hardware/avr/1.8.8/libraries isSingleLibrary=false location=platform
2026-08-14 17:49:24 2026-08-14T12:19:24.873Z daemon INFO time="2026-08-14T17:49:24+05:30" level=info msg="Adding libraries dir" dir=/home/raj/Arduino/libraries isSingleLibrary=false location=user
2026-08-14 17:49:25 Found version 2.3.10 (url: arduino-ide_2.3.10_Linux_64bit.AppImage)
2026-08-14 17:49:42 2026-08-14T12:19:42.542Z root INFO creating connection for 2
2026-08-14 17:49:43 2026-08-14T12:19:43.689Z root WARN A command editor.action.toggleStickyScroll is already registered.
2026-08-14 17:49:43 Opening channel for service path '/services/electron-window'.
2026-08-14 17:49:43 Opening channel for service path '/services/ide-updater'.
2026-08-14 17:49:43 2026-08-14T12:19:43.848Z root INFO Start frontend contributions: 361.4 ms [Finished 2.217 s after frontend start]
2026-08-14 17:49:43 2026-08-14T12:19:43.849Z root INFO Changed application state from 'init' to 'started_contributions'.
2026-08-14 17:49:43 2026-08-14T12:19:43.861Z root INFO Changed application state from 'started_contributions' to 'attached_shell'.
2026-08-14 17:49:43 2026-08-14T12:19:43.861Z root INFO >>> Restoring the layout state...
2026-08-14 17:49:43 2026-08-14T12:19:43.921Z root INFO [d108cf65-82f5-48b0-bf95-046db6257ab7] Waiting for backend deployment: 99.4 ms [Finished 2.305 s after frontend start]
2026-08-14 17:49:44 2026-08-14T12:19:44.161Z root INFO <<< Nothing to restore.
2026-08-14 17:49:44 2026-08-14T12:19:44.161Z root INFO Initialize the workbench layout: 201.2 ms [Finished 2.448 s after frontend start]
2026-08-14 17:49:44 2026-08-14T12:19:44.161Z root INFO Changed application state from 'attached_shell' to 'initialized_layout'.
2026-08-14 17:49:44 2026-08-14T12:19:44.682Z root INFO [hosted-plugin: 5660] PLUGIN_HOST(5660) starting instance
[Object: null prototype] {}
2026-08-14 17:49:45 2026-08-14T12:19:45.612Z root INFO [d108cf65-82f5-48b0-bf95-046db6257ab7] Sync of 23 plugins: 1637.3 ms [Finished 3.942 s after frontend start]
2026-08-14 17:49:45 2026-08-14T12:19:45.614Z root INFO [d108cf65-82f5-48b0-bf95-046db6257ab7] Loading plugin contributions
2026-08-14 17:49:45 2026-08-14T12:19:45.614Z root INFO [d108cf65-82f5-48b0-bf95-046db6257ab7] Load contributions of 23 plugins: 53.9 ms [Finished 3.997 s after frontend start]
2026-08-14 17:49:45 2026-08-14T12:19:45.649Z root WARN 'cpp' language is remapped from 'source.cpp.embedded.macro' to 'source.cpp' scope
2026-08-14 17:49:45 2026-08-14T12:19:45.649Z root WARN a registered grammar configuration for 'cpp' language is overridden
2026-08-14 17:49:45 2026-08-14T12:19:45.957Z root INFO Frontend application start: 2329.3 ms [Finished 29.959 s after backend start]
2026-08-14 17:49:45 2026-08-14T12:19:45.991Z root INFO Replace loading indicator with ready workbench UI (animation): 1617.8 ms [Finished 4.081 s after frontend start]
2026-08-14 17:49:45 2026-08-14T12:19:45.993Z root INFO Changed application state from 'initialized_layout' to 'ready'.
2026-08-14 17:49:45 2026-08-14T12:19:45.993Z root WARN Linked preference "workbench.colorCustomizations" not found.
2026-08-14 17:49:46 2026-08-14T12:19:46.143Z root INFO Executing startup tasks:
2026-08-14 17:49:46 2026-08-14T12:19:46.143Z root INFO  - 'arduino-use-inherited-boards-data' , args: [{"fqbn":"arduino:avr:uno","data":{"configOptions":[],"programmers":[{"id":"arduinoisp","name":"ArduinoISP","platform":"arduino:avr@1.8.8"},{"id":"jtag3","name":"Atmel JTAGICE3 (JTAG mode)","platform":"arduino:avr@1.8.8"},{"id":"arduinoasisp","name":"Arduino as ISP","platform":"arduino:avr@1.8.8"},{"id":"usbGemma","name":"Arduino Gemma","platform":"arduino:avr@1.8.8"},{"id":"arduinoasispatmega32u4","name":"Arduino as ISP (ATmega32U4)","platform":"arduino:avr@1.8.8"},{"id":"atmel_ice","name":"Atmel-ICE (AVR)","platform":"arduino:avr@1.8.8"},{"id":"parallel","name":"Parallel Programmer","platform":"arduino:avr@1.8.8"},{"id":"stk500","name":"Atmel STK500 development board","platform":"arduino:avr@1.8.8"},{"id":"avrisp","name":"AVR ISP","platform":"arduino:avr@1.8.8"},{"id":"jtag3isp","name":"Atmel JTAGICE3 (ISP mode)","platform":"arduino:avr@1.8.8"},{"id":"usbasp","name":"USBasp","platform":"arduino:avr@1.8.8"},{"id":"avrispmkii","name":"AVRISP mkII","platform":"arduino:avr@1.8.8"},{"id":"arduinoisporg","name":"ArduinoISP.org","platform":"arduino:avr@1.8.8"},{"id":"usbtinyisp","name":"USBtinyISP","platform":"arduino:avr@1.8.8"},{"id":"buspirate","name":"BusPirate as ISP","platform":"arduino:avr@1.8.8"}]}}]
2026-08-14 17:49:46 2026-08-14T12:19:46.143Z root INFO  - 'arduino-use-inherited-boards-config' , args: [{"selectedBoard":{"name":"Arduino UNO","fqbn":"arduino:avr:uno","packageId":{"vendorId":"arduino","arch":"avr"},"packageName":"Arduino AVR Boards","manuallyInstalled":false,"selected":false,"missing":false},"selectedPort":{"protocol":"serial","address":"/dev/ttyUSB0"}},{"arduino+serial:///dev/ttyUSB0":{"name":"Arduino UNO","fqbn":"arduino:avr:uno","packageId":{"vendorId":"arduino","arch":"avr"},"packageName":"Arduino AVR Boards","manuallyInstalled":false,"selected":false,"missing":false}}]
2026-08-14 17:49:46 2026-08-14T12:19:46.483Z root ERROR Failed to get debug config: arduino:avr:uno, undefined Error: Debugging is not supported.
    at Object.callback (/tmp/.mount_arduin5hHsT2/resources/app/lib/backend/main.js:2:4756202)
    at Object.onReceiveStatus (/tmp/.mount_arduin5hHsT2/resources/app/lib/backend/main.js:2:3791917)
    at Object.onReceiveStatus (/tmp/.mount_arduin5hHsT2/resources/app/lib/backend/main.js:2:2225840)
    at Object.onReceiveStatus (/tmp/.mount_arduin5hHsT2/resources/app/lib/backend/main.js:2:2225285)
    at /tmp/.mount_arduin5hHsT2/resources/app/lib/backend/main.js:2:4362019
    at process.processTicksAndRejections (node:internal/process/task_queues:77:11)
2026-08-14 17:49:46 2026-08-14T12:19:46.484Z daemon INFO time="2026-08-14T17:49:46+05:30" level=info msg="Tool required for debug" tool="arduino:arduinoOTA@1.3.0"
time="2026-08-14T17:49:46+05:30" level=info msg="Tool required for debug" tool="arduino:avr-gcc@7.3.0-atmel3.6.1-arduino7"
time="2026-08-14T17:49:46+05:30" level=info msg="Tool required for debug" tool="arduino:avrdude@8.0.0-arduino1"
time="2026-08-14T17:49:46+05:30" level=info msg="Tool required for debug" tool="builtin:serial-discovery@1.5.2"
time="2026-08-14T17:49:46+05:30" level=info msg="Tool required for debug" tool="builtin:serial-monitor@0.15.0"
time="2026-08-14T17:49:46+05:30" level=info msg="Tool required for debug" tool="builtin:ctags@5.8-arduino11"
time="2026-08-14T17:49:46+05:30" level=info msg="Tool required for debug" tool="builtin:dfu-discovery@0.1.2"
time="2026-08-14T17:49:46+05:30" level=info msg="Tool required for debug" tool="builtin:mdns-discovery@1.1.0"
2026-08-14 17:49:46 2026-08-14T12:19:46.494Z daemon INFO time="2026-08-14T17:49:46+05:30" level=info msg="Tool required for debug" tool="arduino:arduinoOTA@1.3.0"
time="2026-08-14T17:49:46+05:30" level=info msg="Tool required for debug" tool="arduino:avr-gcc@7.3.0-atmel3.6.1-arduino7"
2026-08-14 17:49:46 2026-08-14T12:19:46.494Z daemon INFO time="2026-08-14T17:49:46+05:30" level=info msg="Tool required for debug" tool="arduino:avrdude@8.0.0-arduino1"
time="2026-08-14T17:49:46+05:30" level=info msg="Tool required for debug" tool="builtin:ctags@5.8-arduino11"
time="2026-08-14T17:49:46+05:30" level=info msg="Tool required for debug" tool="builtin:dfu-discovery@0.1.2"
time="2026-08-14T17:49:46+05:30" level=info msg="Tool required for debug" tool="builtin:mdns-discovery@1.1.0"
time="2026-08-14T17:49:46+05:30" level=info msg="Tool required for debug" tool="builtin:serial-discovery@1.5.2"
time="2026-08-14T17:49:46+05:30" level=info msg="Tool required for debug" tool="builtin:serial-monitor@0.15.0"
2026-08-14 17:49:46 2026-08-14T12:19:46.495Z root ERROR Failed to get debug config: arduino:avr:uno, undefined Error: Debugging is not supported.
    at Object.callback (/tmp/.mount_arduin5hHsT2/resources/app/lib/backend/main.js:2:4756202)
    at Object.onReceiveStatus (/tmp/.mount_arduin5hHsT2/resources/app/lib/backend/main.js:2:3791917)
    at Object.onReceiveStatus (/tmp/.mount_arduin5hHsT2/resources/app/lib/backend/main.js:2:2225840)
    at Object.onReceiveStatus (/tmp/.mount_arduin5hHsT2/resources/app/lib/backend/main.js:2:2225285)
    at /tmp/.mount_arduin5hHsT2/resources/app/lib/backend/main.js:2:4362019
    at process.processTicksAndRejections (node:internal/process/task_queues:77:11)
2026-08-14 17:49:46 2026-08-14T12:19:46.605Z root ERROR Failed to get debug config: arduino:avr:uno, undefined Error: Debugging is not supported.
    at Object.callback (/tmp/.mount_arduin5hHsT2/resources/app/lib/backend/main.js:2:4756202)
    at Object.onReceiveStatus (/tmp/.mount_arduin5hHsT2/resources/app/lib/backend/main.js:2:3791917)
    at Object.onReceiveStatus (/tmp/.mount_arduin5hHsT2/resources/app/lib/backend/main.js:2:2225840)
    at Object.onReceiveStatus (/tmp/.mount_arduin5hHsT2/resources/app/lib/backend/main.js:2:2225285)
    at /tmp/.mount_arduin5hHsT2/resources/app/lib/backend/main.js:2:4362019
    at process.processTicksAndRejections (node:internal/process/task_queues:77:11)
2026-08-14 17:49:46 2026-08-14T12:19:46.606Z daemon INFO time="2026-08-14T17:49:46+05:30" level=info msg="Tool required for debug" tool="arduino:arduinoOTA@1.3.0"
time="2026-08-14T17:49:46+05:30" level=info msg="Tool required for debug" tool="arduino:avr-gcc@7.3.0-atmel3.6.1-arduino7"
time="2026-08-14T17:49:46+05:30" level=info msg="Tool required for debug" tool="arduino:avrdude@8.0.0-arduino1"
time="2026-08-14T17:49:46+05:30" level=info msg="Tool required for debug" tool="builtin:ctags@5.8-arduino11"
time="2026-08-14T17:49:46+05:30" level=info msg="Tool required for debug" tool="builtin:dfu-discovery@0.1.2"
time="2026-08-14T17:49:46+05:30" level=info msg="Tool required for debug" tool="builtin:mdns-discovery@1.1.0"
time="2026-08-14T17:49:46+05:30" level=info msg="Tool required for debug" tool="builtin:serial-discovery@1.5.2"
time="2026-08-14T17:49:46+05:30" level=info msg="Tool required for debug" tool="builtin:serial-monitor@0.15.0"
2026-08-14 17:49:46 2026-08-14T12:19:46.771Z root ERROR [hosted-plugin: 5660] Conflict in settings file Default: Ignoring cortex-debug.armToolchainPath.linux as cortex-debug.armToolchainPath is null
2026-08-14 17:49:46 2026-08-14T12:19:46.771Z root ERROR [hosted-plugin: 5660] Conflict in settings file Default: Ignoring cortex-debug.armToolchainPath.osx as cortex-debug.armToolchainPath is null
Conflict in settings file Default: Ignoring cortex-debug.armToolchainPath.windows as cortex-debug.armToolchainPath is null
2026-08-14 17:49:46 2026-08-14T12:19:46.771Z root ERROR [hosted-plugin: 5660] Conflict in settings file Default: Ignoring cortex-debug.JLinkGDBServerPath.linux as cortex-debug.JLinkGDBServerPath is null
2026-08-14 17:49:46 2026-08-14T12:19:46.771Z root ERROR [hosted-plugin: 5660] Conflict in settings file Default: Ignoring cortex-debug.JLinkGDBServerPath.osx as cortex-debug.JLinkGDBServerPath is null
2026-08-14 17:49:46 2026-08-14T12:19:46.771Z root ERROR [hosted-plugin: 5660] Conflict in settings file Default: Ignoring cortex-debug.JLinkGDBServerPath.windows as cortex-debug.JLinkGDBServerPath is null
2026-08-14 17:49:46 2026-08-14T12:19:46.772Z root ERROR [hosted-plugin: 5660] Conflict in settings file Default: Ignoring cortex-debug.openocdPath.linux as cortex-debug.openocdPath is null
2026-08-14 17:49:46 2026-08-14T12:19:46.772Z root ERROR [hosted-plugin: 5660] Conflict in settings file Default: Ignoring cortex-debug.openocdPath.osx as cortex-debug.openocdPath is null
2026-08-14 17:49:46 2026-08-14T12:19:46.772Z root ERROR [hosted-plugin: 5660] Conflict in settings file Default: Ignoring cortex-debug.openocdPath.windows as cortex-debug.openocdPath is null
2026-08-14 17:49:46 2026-08-14T12:19:46.772Z root ERROR [hosted-plugin: 5660] Conflict in settings file Default: Ignoring cortex-debug.pyocdPath.linux as cortex-debug.pyocdPath is null
2026-08-14 17:49:46 2026-08-14T12:19:46.772Z root ERROR [hosted-plugin: 5660] Conflict in settings file Default: Ignoring cortex-debug.pyocdPath.osx as cortex-debug.pyocdPath is null
2026-08-14 17:49:46 2026-08-14T12:19:46.772Z root ERROR [hosted-plugin: 5660] Conflict in settings file Default: Ignoring cortex-debug.pyocdPath.windows as cortex-debug.pyocdPath is null
Conflict in settings file Default: Ignoring cortex-debug.PEGDBServerPath.linux as cortex-debug.PEGDBServerPath is null
2026-08-14 17:49:46 2026-08-14T12:19:46.772Z root ERROR [hosted-plugin: 5660] Conflict in settings file Default: Ignoring cortex-debug.PEGDBServerPath.osx as cortex-debug.PEGDBServerPath is null
2026-08-14 17:49:46 2026-08-14T12:19:46.772Z root ERROR [hosted-plugin: 5660] Conflict in settings file Default: Ignoring cortex-debug.PEGDBServerPath.windows as cortex-debug.PEGDBServerPath is null
2026-08-14 17:49:46 2026-08-14T12:19:46.772Z root ERROR [hosted-plugin: 5660] Conflict in settings file Default: Ignoring cortex-debug.stutilPath.linux as cortex-debug.stutilPath is null
2026-08-14 17:49:46 2026-08-14T12:19:46.772Z root ERROR [hosted-plugin: 5660] Conflict in settings file Default: Ignoring cortex-debug.stutilPath.osx as cortex-debug.stutilPath is null
2026-08-14 17:49:46 2026-08-14T12:19:46.772Z root ERROR [hosted-plugin: 5660] Conflict in settings file Default: Ignoring cortex-debug.stutilPath.windows as cortex-debug.stutilPath is null
2026-08-14 17:49:46 2026-08-14T12:19:46.772Z root ERROR [hosted-plugin: 5660] Conflict in settings file Default: Ignoring cortex-debug.stlinkPath.linux as cortex-debug.stlinkPath is null
2026-08-14 17:49:46 2026-08-14T12:19:46.772Z root ERROR [hosted-plugin: 5660] Conflict in settings file Default: Ignoring cortex-debug.stlinkPath.osx as cortex-debug.stlinkPath is null
2026-08-14 17:49:46 2026-08-14T12:19:46.772Z root ERROR [hosted-plugin: 5660] Conflict in settings file Default: Ignoring cortex-debug.stlinkPath.windows as cortex-debug.stlinkPath is null
2026-08-14 17:49:46 2026-08-14T12:19:46.772Z root ERROR [hosted-plugin: 5660] Conflict in settings file Default: Ignoring cortex-debug.stm32cubeprogrammer.linux as cortex-debug.stm32cubeprogrammer is null
2026-08-14 17:49:46 2026-08-14T12:19:46.772Z root ERROR [hosted-plugin: 5660] Conflict in settings file Default: Ignoring cortex-debug.stm32cubeprogrammer.osx as cortex-debug.stm32cubeprogrammer is null
2026-08-14 17:49:46 2026-08-14T12:19:46.772Z root ERROR [hosted-plugin: 5660] Conflict in settings file Default: Ignoring cortex-debug.stm32cubeprogrammer.windows as cortex-debug.stm32cubeprogrammer is null
2026-08-14 17:49:46 2026-08-14T12:19:46.839Z root INFO [hosted-plugin: 5660] PLUGIN_HOST(5660): PluginManagerExtImpl/init()
2026-08-14 17:49:46 2026-08-14T12:19:46.842Z root INFO [hosted-plugin: 5660] PLUGIN_HOST(5660): initializing(vscode-arduino-api@0.1.2 with /tmp/.mount_arduin5hHsT2/resources/app/lib/backend/plugin-vscode-init)
2026-08-14 17:49:46 2026-08-14T12:19:46.933Z root INFO [hosted-plugin: 5660] PLUGIN_HOST(5660): initializing(json-language-features@1.88.1 with /tmp/.mount_arduin5hHsT2/resources/app/lib/backend/plugin-vscode-init)
2026-08-14 17:49:46 2026-08-14T12:19:46.938Z root INFO [hosted-plugin: 5660] PLUGIN_HOST(5660): initializing(cortex-debug@1.5.1 with /tmp/.mount_arduin5hHsT2/resources/app/lib/backend/plugin-vscode-init)
2026-08-14 17:49:46 2026-08-14T12:19:46.939Z root INFO [hosted-plugin: 5660] Debugger contribution has been registered: cortex-debug
2026-08-14 17:49:46 2026-08-14T12:19:46.942Z root INFO [hosted-plugin: 5660] PLUGIN_HOST(5660): initializing(vscode-arduino-tools@0.1.3 with /tmp/.mount_arduin5hHsT2/resources/app/lib/backend/plugin-vscode-init)
2026-08-14 17:49:46 2026-08-14T12:19:46.945Z root INFO [hosted-plugin: 5660] PLUGIN_HOST(5660): initializing(cpp@1.88.1 with /tmp/.mount_arduin5hHsT2/resources/app/lib/backend/plugin-vscode-init)
2026-08-14 17:49:46 2026-08-14T12:19:46.948Z root INFO [hosted-plugin: 5660] PLUGIN_HOST(5660): initializing(json@1.88.1 with /tmp/.mount_arduin5hHsT2/resources/app/lib/backend/plugin-vscode-init)
2026-08-14 17:49:46 2026-08-14T12:19:46.956Z root INFO [hosted-plugin: 5660] PLUGIN_HOST(5660): initializing(vscode-language-pack-bg@1.48.3 with /tmp/.mount_arduin5hHsT2/resources/app/lib/backend/plugin-vscode-init)
2026-08-14 17:49:46 2026-08-14T12:19:46.958Z root INFO [hosted-plugin: 5660] PLUGIN_HOST(5660): initializing(vscode-language-pack-cs@1.96.0 with /tmp/.mount_arduin5hHsT2/resources/app/lib/backend/plugin-vscode-init)
2026-08-14 17:49:46 2026-08-14T12:19:46.959Z root INFO [hosted-plugin: 5660] PLUGIN_HOST(5660): initializing(vscode-language-pack-de@1.96.0 with /tmp/.mount_arduin5hHsT2/resources/app/lib/backend/plugin-vscode-init)
2026-08-14 17:49:46 2026-08-14T12:19:46.961Z root INFO [hosted-plugin: 5660] PLUGIN_HOST(5660): initializing(vscode-language-pack-es@1.96.0 with /tmp/.mount_arduin5hHsT2/resources/app/lib/backend/plugin-vscode-init)
2026-08-14 17:49:46 2026-08-14T12:19:46.962Z root INFO [hosted-plugin: 5660] PLUGIN_HOST(5660): initializing(vscode-language-pack-fr@1.96.0 with /tmp/.mount_arduin5hHsT2/resources/app/lib/backend/plugin-vscode-init)
2026-08-14 17:49:46 2026-08-14T12:19:46.963Z root INFO [hosted-plugin: 5660] PLUGIN_HOST(5660): initializing(vscode-language-pack-hu@1.48.3 with /tmp/.mount_arduin5hHsT2/resources/app/lib/backend/plugin-vscode-init)
2026-08-14 17:49:46 2026-08-14T12:19:46.964Z root INFO [hosted-plugin: 5660] PLUGIN_HOST(5660): initializing(vscode-language-pack-it@1.96.0 with /tmp/.mount_arduin5hHsT2/resources/app/lib/backend/plugin-vscode-init)
2026-08-14 17:49:46 2026-08-14T12:19:46.964Z root INFO [hosted-plugin: 5660] PLUGIN_HOST(5660): initializing(vscode-language-pack-ja@1.96.0 with /tmp/.mount_arduin5hHsT2/resources/app/lib/backend/plugin-vscode-init)
2026-08-14 17:49:46 2026-08-14T12:19:46.965Z root INFO [hosted-plugin: 5660] PLUGIN_HOST(5660): initializing(vscode-language-pack-ko@1.96.0 with /tmp/.mount_arduin5hHsT2/resources/app/lib/backend/plugin-vscode-init)
2026-08-14 17:49:46 2026-08-14T12:19:46.965Z root INFO [hosted-plugin: 5660] PLUGIN_HOST(5660): initializing(vscode-language-pack-nl@1.48.3 with /tmp/.mount_arduin5hHsT2/resources/app/lib/backend/plugin-vscode-init)
2026-08-14 17:49:46 2026-08-14T12:19:46.966Z root INFO [hosted-plugin: 5660] PLUGIN_HOST(5660): initializing(vscode-language-pack-pl@1.96.0 with /tmp/.mount_arduin5hHsT2/resources/app/lib/backend/plugin-vscode-init)
2026-08-14 17:49:46 2026-08-14T12:19:46.966Z root INFO [hosted-plugin: 5660] PLUGIN_HOST(5660): initializing(vscode-language-pack-pt-BR@1.96.0 with /tmp/.mount_arduin5hHsT2/resources/app/lib/backend/plugin-vscode-init)
2026-08-14 17:49:46 2026-08-14T12:19:46.967Z root INFO [hosted-plugin: 5660] PLUGIN_HOST(5660): initializing(vscode-language-pack-ru@1.96.0 with /tmp/.mount_arduin5hHsT2/resources/app/lib/backend/plugin-vscode-init)
2026-08-14 17:49:46 2026-08-14T12:19:46.967Z root INFO [hosted-plugin: 5660] PLUGIN_HOST(5660): initializing(vscode-language-pack-tr@1.96.0 with /tmp/.mount_arduin5hHsT2/resources/app/lib/backend/plugin-vscode-init)
2026-08-14 17:49:46 2026-08-14T12:19:46.967Z root INFO [hosted-plugin: 5660] PLUGIN_HOST(5660): initializing(vscode-language-pack-uk@1.48.3 with /tmp/.mount_arduin5hHsT2/resources/app/lib/backend/plugin-vscode-init)
2026-08-14 17:49:46 2026-08-14T12:19:46.968Z root INFO [hosted-plugin: 5660] PLUGIN_HOST(5660): initializing(vscode-language-pack-zh-hans@1.96.0 with /tmp/.mount_arduin5hHsT2/resources/app/lib/backend/plugin-vscode-init)
2026-08-14 17:49:46 2026-08-14T12:19:46.970Z root INFO [hosted-plugin: 5660] PLUGIN_HOST(5660): initializing(vscode-language-pack-zh-hant@1.96.0 with /tmp/.mount_arduin5hHsT2/resources/app/lib/backend/plugin-vscode-init)
2026-08-14 17:49:47 2026-08-14T12:19:47.130Z root INFO [hosted-plugin: 5660] PLUGIN_HOST(5660): PluginManagerExtImpl/loadPlugin(/tmp/.mount_arduin5hHsT2/resources/app/plugins/vscode-builtin-json-language-features/extension/client/dist/node/jsonClientMain)
2026-08-14 17:49:47 2026-08-14T12:19:47.211Z root INFO [hosted-plugin: 5660] PLUGIN_HOST(5660): PluginManagerExtImpl/loadPlugin(/tmp/.mount_arduin5hHsT2/resources/app/plugins/vscode-arduino-api/extension/dist/extension.js)
2026-08-14 17:49:47 2026-08-14T12:19:47.215Z root INFO [hosted-plugin: 5660] calling activation function on Arduino IDE API for VS Code extensions
2026-08-14 17:49:47 2026-08-14T12:19:47.219Z root INFO [d108cf65-82f5-48b0-bf95-046db6257ab7] Starting plugins.
2026-08-14 17:49:47 2026-08-14T12:19:47.268Z root INFO [hosted-plugin: 5660] PLUGIN_HOST(5660): PluginManagerExtImpl/loadPlugin(/tmp/.mount_arduin5hHsT2/resources/app/plugins/cortex-debug/extension/dist/extension.js)
2026-08-14 17:49:47 2026-08-14T12:19:47.310Z root INFO [hosted-plugin: 5660] Debug configuration provider has been registered: cortex-debug, trigger: 1
2026-08-14 17:49:47 2026-08-14T12:19:47.310Z root INFO [hosted-plugin: 5660] calling activation function on Cortex-Debug
2026-08-14 17:49:47 2026-08-14T12:19:47.314Z root INFO [hosted-plugin: 5660] GDB server console created
2026-08-14 17:49:47 2026-08-14T12:19:47.325Z root INFO [d108cf65-82f5-48b0-bf95-046db6257ab7] Start of 23 plugins: 1696.0 ms [Finished 5.708 s after frontend start]
2026-08-14 17:49:47 2026-08-14T12:19:47.346Z root INFO Starting language server: arduino:avr:uno
2026-08-14 17:49:47 2026-08-14T12:19:47.354Z root INFO [hosted-plugin: 5660] PLUGIN_HOST(5660): PluginManagerExtImpl/loadPlugin(/tmp/.mount_arduin5hHsT2/resources/app/plugins/vscode-arduino-tools/extension/dist/extension.js)
2026-08-14 17:49:47 2026-08-14T12:19:47.389Z root INFO [hosted-plugin: 5660] calling activation function on VS Code Arduino Tools
2026-08-14 17:49:47 2026-08-14T12:19:47.431Z daemon INFO time="2026-08-14T17:49:47+05:30" level=info msg="Adding libraries dir" dir=/home/raj/.arduino15/libraries isSingleLibrary=false location=ide
time="2026-08-14T17:49:47+05:30" level=info msg="Adding libraries dir" dir=/home/raj/.arduino15/packages/arduino/hardware/avr/1.8.8/libraries isSingleLibrary=false location=platform
2026-08-14 17:49:47 2026-08-14T12:19:47.431Z daemon INFO time="2026-08-14T17:49:47+05:30" level=info msg="Adding libraries dir" dir=/home/raj/Arduino/libraries isSingleLibrary=false location=user
2026-08-14 17:49:47 2026-08-14T12:19:47.520Z root INFO [hosted-plugin: 5660] calling activation function on JSON Language Features (built-in)
2026-08-14 17:49:47 2026-08-14T12:19:47.634Z daemon INFO time="2026-08-14T17:49:47+05:30" level=info msg="Adding libraries dir" dir=/home/raj/.arduino15/libraries isSingleLibrary=false location=ide
time="2026-08-14T17:49:47+05:30" level=info msg="Adding libraries dir" dir=/home/raj/.arduino15/packages/arduino/hardware/avr/1.8.8/libraries isSingleLibrary=false location=platform
time="2026-08-14T17:49:47+05:30" level=info msg="Adding libraries dir" dir=/home/raj/Arduino/libraries isSingleLibrary=false location=user
2026-08-14 17:49:48 isTempSketch: false. Input was /home/raj/Arduino/obstacle
2026-08-14 17:49:48 Marking workspace as a closed sketch. Workspace URI: file:///home/raj/Arduino/obstacle. Date: 1786709988667.
2026-08-14 17:49:48 isTempSketch: false. Input was /home/raj/Arduino/obstacle
2026-08-14 17:49:48 Marking workspace as a closed sketch. Workspace URI: file:///home/raj/Arduino/obstacle. Date: 1786709988674.
2026-08-14 17:49:48 2026-08-14T12:19:48.683Z root INFO socked closed
2026-08-14 17:49:48 2026-08-14T12:19:48.683Z root INFO closing connection for 1
2026-08-14 17:49:48 2026-08-14T12:19:48.683Z root INFO Closing channel on service path '/localization-server'.
2026-08-14 17:49:48 2026-08-14T12:19:48.683Z root INFO Closing channel on service path '/os'.
2026-08-14 17:49:48 2026-08-14T12:19:48.683Z root INFO Closing channel on service path '/services/commands'.
2026-08-14 17:49:48 2026-08-14T12:19:48.683Z root INFO Closing channel on service path '/services/keyboard'.
2026-08-14 17:49:48 2026-08-14T12:19:48.683Z root INFO Closing channel on service path '/services/logger'.
2026-08-14 17:49:48 2026-08-14T12:19:48.683Z root INFO Closing channel on service path '/services/messageService'.
2026-08-14 17:49:48 2026-08-14T12:19:48.683Z root INFO Closing channel on service path '/services/ChannelCloseService'.
2026-08-14 17:49:48 2026-08-14T12:19:48.683Z root INFO Closing channel on service path '/services/remote-filesystem'.
2026-08-14 17:49:48 2026-08-14T12:19:48.683Z root INFO Closing channel on service path '/services/envs'.
2026-08-14 17:49:48 2026-08-14T12:19:48.683Z root INFO Closing channel on service path '/services/authentication-service'.
2026-08-14 17:49:48 2026-08-14T12:19:48.683Z root INFO Closing channel on service path '/services/sketches-service'.
2026-08-14 17:49:48 2026-08-14T12:19:48.683Z root INFO Closing channel on service path '/services/config-service'.
2026-08-14 17:49:48 2026-08-14T12:19:48.683Z root INFO Closing channel on service path '/services/workspace'.
2026-08-14 17:49:48 2026-08-14T12:19:48.683Z root INFO Closing channel on service path '/services/notification-service'.
2026-08-14 17:49:48 2026-08-14T12:19:48.683Z root INFO Closing channel on service path '/services/arduino-daemon'.
2026-08-14 17:49:48 2026-08-14T12:19:48.683Z root INFO Closing channel on service path '/services/stopwatch'.
2026-08-14 17:49:48 2026-08-14T12:19:48.683Z root INFO Closing channel on service path '/services/application'.
2026-08-14 17:49:48 2026-08-14T12:19:48.683Z root INFO Closing channel on service path '/services/i18n'.
2026-08-14 17:49:48 2026-08-14T12:19:48.683Z root INFO Closing channel on service path '/services/quickInput'.
2026-08-14 17:49:48 2026-08-14T12:19:48.683Z root INFO Closing channel on service path '/services/debug'.
2026-08-14 17:49:48 2026-08-14T12:19:48.684Z root INFO Closing channel on service path '/services/shell-terminal'.
2026-08-14 17:49:48 2026-08-14T12:19:48.684Z root INFO Closing channel on service path '/services/quickPick'.
2026-08-14 17:49:48 2026-08-14T12:19:48.684Z root INFO Closing channel on service path '/services/task'.
2026-08-14 17:49:48 2026-08-14T12:19:48.684Z root INFO Closing channel on service path '/services/search'.
2026-08-14 17:49:48 2026-08-14T12:19:48.684Z root INFO Closing channel on service path '/services/hostedPlugin'.
2026-08-14 17:49:48 2026-08-14T12:19:48.684Z root INFO Closing channel on service path '/services/plugin-ext'.
2026-08-14 17:49:48 2026-08-14T12:19:48.684Z root INFO Closing channel on service path '/services/plugin-paths'.
2026-08-14 17:49:48 2026-08-14T12:19:48.684Z root INFO Closing channel on service path '/services/cli-preferences'.
2026-08-14 17:49:48 2026-08-14T12:19:48.684Z root INFO Closing channel on service path '/services/boards-service'.
2026-08-14 17:49:48 2026-08-14T12:19:48.684Z root INFO Closing channel on service path '/services/response-service'.
2026-08-14 17:49:48 2026-08-14T12:19:48.684Z root INFO Closing channel on service path '/services/file-system-ext'.
2026-08-14 17:49:48 2026-08-14T12:19:48.684Z root INFO Closing channel on service path '/services/core-service'.
2026-08-14 17:49:48 2026-08-14T12:19:48.684Z root INFO Closing channel on service path '/services/example-service'.
2026-08-14 17:49:48 2026-08-14T12:19:48.684Z root INFO Closing channel on service path '/services/library-service'.
2026-08-14 17:49:48 2026-08-14T12:19:48.684Z root INFO Closing channel on service path '/services/executable-service'.
2026-08-14 17:49:48 2026-08-14T12:19:48.684Z root INFO Closing channel on service path '/services/arduino-firmware-uploader'.
2026-08-14 17:49:48 2026-08-14T12:19:48.684Z root INFO Closing channel on service path '/services/formatter'.
2026-08-14 17:49:48 2026-08-14T12:19:48.684Z root INFO Closing channel on service path '/services/search-in-workspace'.
2026-08-14 17:49:48 2026-08-14T12:19:48.684Z root INFO Closing channel on service path '/services/request-service'.
2026-08-14 17:49:48 2026-08-14T12:19:48.684Z root INFO Closing channel on service path '/services/keyStore'.
2026-08-14 17:49:48 2026-08-14T12:19:48.684Z root INFO Closing channel on service path '/services/languagePackService'.
2026-08-14 17:49:48 Closing channel on service path '/services/electron-window'.
2026-08-14 17:49:48 Closing channel on service path '/services/ide-updater'.
2026-08-14 17:55:42 2026-08-14T12:25:42.529Z discovery-log INFO {"eventType":"remove","port":{"matchingBoardsList":[],"port":{"address":"/dev/ttyUSB0","label":"","protocol":"serial","protocolLabel":"","propertiesMap":[],"hardwareId":""}},"error":""}
2026-08-14 17:55:42 2026-08-14T12:25:42.969Z discovery-log INFO {"eventType":"add","port":{"matchingBoardsList":[],"port":{"address":"/dev/ttyUSB0","label":"/dev/ttyUSB0","protocol":"serial","protocolLabel":"Serial Port (USB)","propertiesMap":[["pid","0xEA60"],["serialNumber","0001"],["vid","0x10C4"]],"hardwareId":"0001"}},"error":""}
2026-08-14 18:17:26 2026-08-14T12:47:26.852Z daemon INFO time="2026-08-14T18:17:26+05:30" level=info msg="Adding libraries dir" dir=/home/raj/.arduino15/libraries isSingleLibrary=false location=ide
time="2026-08-14T18:17:26+05:30" level=info msg="Adding libraries dir" dir=/home/raj/.arduino15/packages/arduino/hardware/avr/1.8.8/libraries isSingleLibrary=false location=platform
2026-08-14 18:17:26 2026-08-14T12:47:26.852Z daemon INFO time="2026-08-14T18:17:26+05:30" level=info msg="Adding libraries dir" dir=/home/raj/Arduino/libraries isSingleLibrary=false location=user
2026-08-14 18:18:36 2026-08-14T12:48:36.260Z daemon INFO time="2026-08-14T18:18:36+05:30" level=info msg="Adding libraries dir" dir=/home/raj/.arduino15/libraries isSingleLibrary=false location=ide
time="2026-08-14T18:18:36+05:30" level=info msg="Adding libraries dir" dir=/home/raj/.arduino15/packages/arduino/hardware/avr/1.8.8/libraries isSingleLibrary=false location=platform
time="2026-08-14T18:18:36+05:30" level=info msg="Adding libraries dir" dir=/home/raj/Arduino/libraries isSingleLibrary=false location=user
2026-08-14 18:18:37 2026-08-14T12:48:37.708Z daemon INFO time="2026-08-14T18:18:37+05:30" level=info msg="Adding libraries dir" dir=/home/raj/.arduino15/libraries isSingleLibrary=false location=ide
time="2026-08-14T18:18:37+05:30" level=info msg="Adding libraries dir" dir=/home/raj/.arduino15/packages/arduino/hardware/avr/1.8.8/libraries isSingleLibrary=false location=platform
2026-08-14 18:18:37 2026-08-14T12:48:37.709Z daemon INFO time="2026-08-14T18:18:37+05:30" level=info msg="Adding libraries dir" dir=/home/raj/Arduino/libraries isSingleLibrary=false location=user
2026-08-14 18:18:40 2026-08-14T12:48:40.184Z daemon INFO time="2026-08-14T18:18:40+05:30" level=info msg="Adding libraries dir" dir=/home/raj/.arduino15/libraries isSingleLibrary=false location=ide
time="2026-08-14T18:18:40+05:30" level=info msg="Adding libraries dir" dir=/home/raj/.arduino15/packages/arduino/hardware/avr/1.8.8/libraries isSingleLibrary=false location=platform
time="2026-08-14T18:18:40+05:30" level=info msg="Adding libraries dir" dir=/home/raj/Arduino/libraries isSingleLibrary=false location=user
2026-08-14 18:18:41 2026-08-14T12:48:41.404Z daemon INFO time="2026-08-14T18:18:41+05:30" level=info msg="Adding libraries dir" dir=/home/raj/.arduino15/libraries isSingleLibrary=false location=ide
time="2026-08-14T18:18:41+05:30" level=info msg="Adding libraries dir" dir=/home/raj/.arduino15/packages/arduino/hardware/avr/1.8.8/libraries isSingleLibrary=false location=platform
2026-08-14 18:18:41 2026-08-14T12:48:41.404Z daemon INFO time="2026-08-14T18:18:41+05:30" level=info msg="Adding libraries dir" dir=/home/raj/Arduino/libraries isSingleLibrary=false location=user
2026-08-14 18:18:43 2026-08-14T12:48:43.844Z daemon INFO time="2026-08-14T18:18:43+05:30" level=info msg="Adding libraries dir" dir=/home/raj/.arduino15/libraries isSingleLibrary=false location=ide
time="2026-08-14T18:18:43+05:30" level=info msg="Adding libraries dir" dir=/home/raj/.arduino15/packages/arduino/hardware/avr/1.8.8/libraries isSingleLibrary=false location=platform
2026-08-14 18:18:43 2026-08-14T12:48:43.844Z daemon INFO time="2026-08-14T18:18:43+05:30" level=info msg="Adding libraries dir" dir=/home/raj/Arduino/libraries isSingleLibrary=false location=user
2026-08-14 18:18:47 2026-08-14T12:48:47.147Z daemon INFO time="2026-08-14T18:18:47+05:30" level=info msg="Adding libraries dir" dir=/home/raj/.arduino15/libraries isSingleLibrary=false location=ide
time="2026-08-14T18:18:47+05:30" level=info msg="Adding libraries dir" dir=/home/raj/.arduino15/packages/arduino/hardware/avr/1.8.8/libraries isSingleLibrary=false location=platform
time="2026-08-14T18:18:47+05:30" level=info msg="Adding libraries dir" dir=/home/raj/Arduino/libraries isSingleLibrary=false location=user
2026-08-14 18:18:48 2026-08-14T12:48:48.364Z daemon INFO time="2026-08-14T18:18:48+05:30" level=info msg="Adding libraries dir" dir=/home/raj/.arduino15/libraries isSingleLibrary=false location=ide
time="2026-08-14T18:18:48+05:30" level=info msg="Adding libraries dir" dir=/home/raj/.arduino15/packages/arduino/hardware/avr/1.8.8/libraries isSingleLibrary=false location=platform
time="2026-08-14T18:18:48+05:30" level=info msg="Adding libraries dir" dir=/home/raj/Arduino/libraries isSingleLibrary=false location=user
2026-08-14 18:19:58 2026-08-14T12:49:58.709Z daemon INFO time="2026-08-14T18:19:58+05:30" level=info msg="Adding libraries dir" dir=/home/raj/.arduino15/libraries isSingleLibrary=false location=ide
time="2026-08-14T18:19:58+05:30" level=info msg="Adding libraries dir" dir=/home/raj/.arduino15/packages/arduino/hardware/avr/1.8.8/libraries isSingleLibrary=false location=platform
time="2026-08-14T18:19:58+05:30" level=info msg="Adding libraries dir" dir=/home/raj/Arduino/libraries isSingleLibrary=false location=user
2026-08-14 18:19:59 2026-08-14T12:49:59.925Z daemon INFO time="2026-08-14T18:19:59+05:30" level=info msg="Adding libraries dir" dir=/home/raj/.arduino15/libraries isSingleLibrary=false location=ide
time="2026-08-14T18:19:59+05:30" level=info msg="Adding libraries dir" dir=/home/raj/.arduino15/packages/arduino/hardware/avr/1.8.8/libraries isSingleLibrary=false location=platform
time="2026-08-14T18:19:59+05:30" level=info msg="Adding libraries dir" dir=/home/raj/Arduino/libraries isSingleLibrary=false location=user
2026-08-14 18:20:06 2026-08-14T12:50:06.426Z daemon INFO time="2026-08-14T18:20:06+05:30" level=info msg="Adding libraries dir" dir=/home/raj/.arduino15/libraries isSingleLibrary=false location=ide
time="2026-08-14T18:20:06+05:30" level=info msg="Adding libraries dir" dir=/home/raj/.arduino15/packages/arduino/hardware/avr/1.8.8/libraries isSingleLibrary=false location=platform
time="2026-08-14T18:20:06+05:30" level=info msg="Adding libraries dir" dir=/home/raj/Arduino/libraries isSingleLibrary=false location=user
2026-08-14 18:20:08 2026-08-14T12:50:08.411Z daemon INFO time="2026-08-14T18:20:08+05:30" level=info msg="Adding libraries dir" dir=/home/raj/.arduino15/libraries isSingleLibrary=false location=ide
2026-08-14 18:20:08 2026-08-14T12:50:08.411Z daemon INFO time="2026-08-14T18:20:08+05:30" level=info msg="Adding libraries dir" dir=/home/raj/.arduino15/packages/arduino/hardware/avr/1.8.8/libraries isSingleLibrary=false location=platform
time="2026-08-14T18:20:08+05:30" level=info msg="Adding libraries dir" dir=/home/raj/Arduino/libraries isSingleLibrary=false location=user
2026-08-14 18:20:10 2026-08-14T12:50:10.070Z daemon INFO time="2026-08-14T18:20:10+05:30" level=info msg="Adding libraries dir" dir=/home/raj/.arduino15/libraries isSingleLibrary=false location=ide
time="2026-08-14T18:20:10+05:30" level=info msg="Adding libraries dir" dir=/home/raj/.arduino15/packages/arduino/hardware/avr/1.8.8/libraries isSingleLibrary=false location=platform
time="2026-08-14T18:20:10+05:30" level=info msg="Adding libraries dir" dir=/home/raj/Arduino/libraries isSingleLibrary=false location=user
2026-08-14 18:20:11 2026-08-14T12:50:11.293Z daemon INFO time="2026-08-14T18:20:11+05:30" level=info msg="Adding libraries dir" dir=/home/raj/.arduino15/libraries isSingleLibrary=false location=ide
2026-08-14 18:20:11 2026-08-14T12:50:11.293Z daemon INFO time="2026-08-14T18:20:11+05:30" level=info msg="Adding libraries dir" dir=/home/raj/.arduino15/packages/arduino/hardware/avr/1.8.8/libraries isSingleLibrary=false location=platform
time="2026-08-14T18:20:11+05:30" level=info msg="Adding libraries dir" dir=/home/raj/Arduino/libraries isSingleLibrary=false location=user
2026-08-14 18:20:35 2026-08-14T12:50:35.526Z daemon INFO time="2026-08-14T18:20:35+05:30" level=info msg="Adding libraries dir" dir=/home/raj/.arduino15/libraries isSingleLibrary=false location=ide
time="2026-08-14T18:20:35+05:30" level=info msg="Adding libraries dir" dir=/home/raj/.arduino15/packages/arduino/hardware/avr/1.8.8/libraries isSingleLibrary=false location=platform
time="2026-08-14T18:20:35+05:30" level=info msg="Adding libraries dir" dir=/home/raj/Arduino/libraries isSingleLibrary=false location=user
2026-08-14 18:20:36 2026-08-14T12:50:36.749Z daemon INFO time="2026-08-14T18:20:36+05:30" level=info msg="Adding libraries dir" dir=/home/raj/.arduino15/libraries isSingleLibrary=false location=ide
2026-08-14 18:20:36 2026-08-14T12:50:36.750Z daemon INFO time="2026-08-14T18:20:36+05:30" level=info msg="Adding libraries dir" dir=/home/raj/.arduino15/packages/arduino/hardware/avr/1.8.8/libraries isSingleLibrary=false location=platform
time="2026-08-14T18:20:36+05:30" level=info msg="Adding libraries dir" dir=/home/raj/Arduino/libraries isSingleLibrary=false location=user
2026-08-14 18:21:00 2026-08-14T12:51:00.735Z daemon INFO time="2026-08-14T18:21:00+05:30" level=info msg="Adding libraries dir" dir=/home/raj/.arduino15/libraries isSingleLibrary=false location=ide
time="2026-08-14T18:21:00+05:30" level=info msg="Adding libraries dir" dir=/home/raj/.arduino15/packages/arduino/hardware/avr/1.8.8/libraries isSingleLibrary=false location=platform
time="2026-08-14T18:21:00+05:30" level=info msg="Adding libraries dir" dir=/home/raj/Arduino/libraries isSingleLibrary=false location=user
2026-08-14 18:21:01 2026-08-14T12:51:01.952Z daemon INFO time="2026-08-14T18:21:01+05:30" level=info msg="Adding libraries dir" dir=/home/raj/.arduino15/libraries isSingleLibrary=false location=ide
time="2026-08-14T18:21:01+05:30" level=info msg="Adding libraries dir" dir=/home/raj/.arduino15/packages/arduino/hardware/avr/1.8.8/libraries isSingleLibrary=false location=platform
time="2026-08-14T18:21:01+05:30" level=info msg="Adding libraries dir" dir=/home/raj/Arduino/libraries isSingleLibrary=false location=user
2026-08-14 18:21:14 2026-08-14T12:51:14.992Z daemon INFO time="2026-08-14T18:21:14+05:30" level=info msg="Adding libraries dir" dir=/home/raj/.arduino15/libraries isSingleLibrary=false location=ide
time="2026-08-14T18:21:14+05:30" level=info msg="Adding libraries dir" dir=/home/raj/.arduino15/packages/arduino/hardware/avr/1.8.8/libraries isSingleLibrary=false location=platform
time="2026-08-14T18:21:14+05:30" level=info msg="Adding libraries dir" dir=/home/raj/Arduino/libraries isSingleLibrary=false location=user
2026-08-14 18:21:16 2026-08-14T12:51:16.222Z daemon INFO time="2026-08-14T18:21:16+05:30" level=info msg="Adding libraries dir" dir=/home/raj/.arduino15/libraries isSingleLibrary=false location=ide
time="2026-08-14T18:21:16+05:30" level=info msg="Adding libraries dir" dir=/home/raj/.arduino15/packages/arduino/hardware/avr/1.8.8/libraries isSingleLibrary=false location=platform
time="2026-08-14T18:21:16+05:30" level=info msg="Adding libraries dir" dir=/home/raj/Arduino/libraries isSingleLibrary=false location=user
2026-08-14 18:21:32 2026-08-14T12:51:32.784Z daemon INFO time="2026-08-14T18:21:32+05:30" level=info msg="Adding libraries dir" dir=/home/raj/.arduino15/libraries isSingleLibrary=false location=ide
time="2026-08-14T18:21:32+05:30" level=info msg="Adding libraries dir" dir=/home/raj/.arduino15/packages/arduino/hardware/avr/1.8.8/libraries isSingleLibrary=false location=platform
2026-08-14 18:21:32 2026-08-14T12:51:32.784Z daemon INFO time="2026-08-14T18:21:32+05:30" level=info msg="Adding libraries dir" dir=/home/raj/Arduino/libraries isSingleLibrary=false location=user
2026-08-14 18:21:35 2026-08-14T12:51:35.017Z daemon INFO time="2026-08-14T18:21:35+05:30" level=info msg="Adding libraries dir" dir=/home/raj/.arduino15/libraries isSingleLibrary=false location=ide
time="2026-08-14T18:21:35+05:30" level=info msg="Adding libraries dir" dir=/home/raj/.arduino15/packages/arduino/hardware/avr/1.8.8/libraries isSingleLibrary=false location=platform
time="2026-08-14T18:21:35+05:30" level=info msg="Adding libraries dir" dir=/home/raj/Arduino/libraries isSingleLibrary=false location=user
2026-08-14 18:21:36 2026-08-14T12:51:36.248Z daemon INFO time="2026-08-14T18:21:36+05:30" level=info msg="Adding libraries dir" dir=/home/raj/.arduino15/libraries isSingleLibrary=false location=ide
time="2026-08-14T18:21:36+05:30" level=info msg="Adding libraries dir" dir=/home/raj/.arduino15/packages/arduino/hardware/avr/1.8.8/libraries isSingleLibrary=false location=platform
2026-08-14 18:21:36 2026-08-14T12:51:36.248Z daemon INFO time="2026-08-14T18:21:36+05:30" level=info msg="Adding libraries dir" dir=/home/raj/Arduino/libraries isSingleLibrary=false location=user
2026-08-14 18:21:40 2026-08-14T12:51:40.223Z daemon INFO time="2026-08-14T18:21:40+05:30" level=info msg="Adding libraries dir" dir=/home/raj/.arduino15/libraries isSingleLibrary=false location=ide
time="2026-08-14T18:21:40+05:30" level=info msg="Adding libraries dir" dir=/home/raj/.arduino15/packages/arduino/hardware/avr/1.8.8/libraries isSingleLibrary=false location=platform
time="2026-08-14T18:21:40+05:30" level=info msg="Adding libraries dir" dir=/home/raj/Arduino/libraries isSingleLibrary=false location=user
2026-08-14 18:21:41 2026-08-14T12:51:41.451Z daemon INFO time="2026-08-14T18:21:41+05:30" level=info msg="Adding libraries dir" dir=/home/raj/.arduino15/libraries isSingleLibrary=false location=ide
time="2026-08-14T18:21:41+05:30" level=info msg="Adding libraries dir" dir=/home/raj/.arduino15/packages/arduino/hardware/avr/1.8.8/libraries isSingleLibrary=false location=platform
time="2026-08-14T18:21:41+05:30" level=info msg="Adding libraries dir" dir=/home/raj/Arduino/libraries isSingleLibrary=false location=user
2026-08-14 18:21:49 2026-08-14T12:51:49.370Z daemon INFO time="2026-08-14T18:21:49+05:30" level=info msg="Adding libraries dir" dir=/home/raj/.arduino15/libraries isSingleLibrary=false location=ide
time="2026-08-14T18:21:49+05:30" level=info msg="Adding libraries dir" dir=/home/raj/.arduino15/packages/arduino/hardware/avr/1.8.8/libraries isSingleLibrary=false location=platform
time="2026-08-14T18:21:49+05:30" level=info msg="Adding libraries dir" dir=/home/raj/Arduino/libraries isSingleLibrary=false location=user
2026-08-14 18:21:50 2026-08-14T12:51:50.596Z daemon INFO time="2026-08-14T18:21:50+05:30" level=info msg="Adding libraries dir" dir=/home/raj/.arduino15/libraries isSingleLibrary=false location=ide
time="2026-08-14T18:21:50+05:30" level=info msg="Adding libraries dir" dir=/home/raj/.arduino15/packages/arduino/hardware/avr/1.8.8/libraries isSingleLibrary=false location=platform
2026-08-14 18:21:50 2026-08-14T12:51:50.596Z daemon INFO time="2026-08-14T18:21:50+05:30" level=info msg="Adding libraries dir" dir=/home/raj/Arduino/libraries isSingleLibrary=false location=user
2026-08-14 18:21:54 2026-08-14T12:51:54.622Z daemon INFO time="2026-08-14T18:21:54+05:30" level=info msg="Adding libraries dir" dir=/home/raj/.arduino15/libraries isSingleLibrary=false location=ide
time="2026-08-14T18:21:54+05:30" level=info msg="Adding libraries dir" dir=/home/raj/.arduino15/packages/arduino/hardware/avr/1.8.8/libraries isSingleLibrary=false location=platform
time="2026-08-14T18:21:54+05:30" level=info msg="Adding libraries dir" dir=/home/raj/Arduino/libraries isSingleLibrary=false location=user
2026-08-14 18:21:55 2026-08-14T12:51:55.831Z daemon INFO time="2026-08-14T18:21:55+05:30" level=info msg="Adding libraries dir" dir=/home/raj/.arduino15/libraries isSingleLibrary=false location=ide
2026-08-14 18:21:55 2026-08-14T12:51:55.831Z daemon INFO time="2026-08-14T18:21:55+05:30" level=info msg="Adding libraries dir" dir=/home/raj/.arduino15/packages/arduino/hardware/avr/1.8.8/libraries isSingleLibrary=false location=platform
time="2026-08-14T18:21:55+05:30" level=info msg="Adding libraries dir" dir=/home/raj/Arduino/libraries isSingleLibrary=false location=user
2026-08-14 18:22:03 2026-08-14T12:52:03.373Z daemon INFO time="2026-08-14T18:22:03+05:30" level=info msg="Adding libraries dir" dir=/home/raj/.arduino15/libraries isSingleLibrary=false location=ide
time="2026-08-14T18:22:03+05:30" level=info msg="Adding libraries dir" dir=/home/raj/.arduino15/packages/arduino/hardware/avr/1.8.8/libraries isSingleLibrary=false location=platform
2026-08-14 18:22:03 2026-08-14T12:52:03.373Z daemon INFO time="2026-08-14T18:22:03+05:30" level=info msg="Adding libraries dir" dir=/home/raj/Arduino/libraries isSingleLibrary=false location=user
2026-08-14 18:22:05 2026-08-14T12:52:05.130Z daemon INFO time="2026-08-14T18:22:05+05:30" level=info msg="Adding libraries dir" dir=/home/raj/.arduino15/libraries isSingleLibrary=false location=ide
time="2026-08-14T18:22:05+05:30" level=info msg="Adding libraries dir" dir=/home/raj/.arduino15/packages/arduino/hardware/avr/1.8.8/libraries isSingleLibrary=false location=platform
2026-08-14 18:22:05 2026-08-14T12:52:05.130Z daemon INFO time="2026-08-14T18:22:05+05:30" level=info msg="Adding libraries dir" dir=/home/raj/Arduino/libraries isSingleLibrary=false location=user
2026-08-14 18:22:06 2026-08-14T12:52:06.715Z daemon INFO time="2026-08-14T18:22:06+05:30" level=info msg="Adding libraries dir" dir=/home/raj/.arduino15/libraries isSingleLibrary=false location=ide
time="2026-08-14T18:22:06+05:30" level=info msg="Adding libraries dir" dir=/home/raj/.arduino15/packages/arduino/hardware/avr/1.8.8/libraries isSingleLibrary=false location=platform
time="2026-08-14T18:22:06+05:30" level=info msg="Adding libraries dir" dir=/home/raj/Arduino/libraries isSingleLibrary=false location=user
2026-08-14 18:22:07 2026-08-14T12:52:07.949Z daemon INFO time="2026-08-14T18:22:07+05:30" level=info msg="Adding libraries dir" dir=/home/raj/.arduino15/libraries isSingleLibrary=false location=ide
time="2026-08-14T18:22:07+05:30" level=info msg="Adding libraries dir" dir=/home/raj/.arduino15/packages/arduino/hardware/avr/1.8.8/libraries isSingleLibrary=false location=platform
time="2026-08-14T18:22:07+05:30" level=info msg="Adding libraries dir" dir=/home/raj/Arduino/libraries isSingleLibrary=false location=user
2026-08-14 18:22:14 2026-08-14T12:52:14.194Z daemon INFO time="2026-08-14T18:22:14+05:30" level=info msg="Adding libraries dir" dir=/home/raj/.arduino15/libraries isSingleLibrary=false location=ide
2026-08-14 18:22:14 2026-08-14T12:52:14.194Z daemon INFO time="2026-08-14T18:22:14+05:30" level=info msg="Adding libraries dir" dir=/home/raj/.arduino15/packages/arduino/hardware/avr/1.8.8/libraries isSingleLibrary=false location=platform
time="2026-08-14T18:22:14+05:30" level=info msg="Adding libraries dir" dir=/home/raj/Arduino/libraries isSingleLibrary=false location=user
2026-08-14 18:22:15 2026-08-14T12:52:15.426Z daemon INFO time="2026-08-14T18:22:15+05:30" level=info msg="Adding libraries dir" dir=/home/raj/.arduino15/libraries isSingleLibrary=false location=ide
time="2026-08-14T18:22:15+05:30" level=info msg="Adding libraries dir" dir=/home/raj/.arduino15/packages/arduino/hardware/avr/1.8.8/libraries isSingleLibrary=false location=platform
2026-08-14 18:22:15 2026-08-14T12:52:15.426Z daemon INFO time="2026-08-14T18:22:15+05:30" level=info msg="Adding libraries dir" dir=/home/raj/Arduino/libraries isSingleLibrary=false location=user
2026-08-14 18:22:27 2026-08-14T12:52:27.968Z root INFO socked closed
2026-08-14 18:22:27 2026-08-14T12:52:27.969Z root INFO closing connection for 2
2026-08-14 18:22:27 2026-08-14T12:52:27.969Z root INFO Closing channel on service path '/localization-server'.
2026-08-14 18:22:27 2026-08-14T12:52:27.969Z root INFO Closing channel on service path '/os'.
2026-08-14 18:22:27 2026-08-14T12:52:27.969Z root INFO Closing channel on service path '/services/commands'.
2026-08-14 18:22:27 2026-08-14T12:52:27.969Z root INFO Closing channel on service path '/services/keyboard'.
2026-08-14 18:22:27 2026-08-14T12:52:27.969Z root INFO Closing channel on service path '/services/logger'.
2026-08-14 18:22:27 2026-08-14T12:52:27.969Z root INFO Closing channel on service path '/services/messageService'.
2026-08-14 18:22:27 2026-08-14T12:52:27.969Z root INFO Closing channel on service path '/services/ChannelCloseService'.
2026-08-14 18:22:27 2026-08-14T12:52:27.969Z root INFO Closing channel on service path '/services/remote-filesystem'.
2026-08-14 18:22:27 2026-08-14T12:52:27.969Z root INFO Closing channel on service path '/services/envs'.
2026-08-14 18:22:27 2026-08-14T12:52:27.969Z root INFO Closing channel on service path '/services/authentication-service'.
2026-08-14 18:22:27 2026-08-14T12:52:27.969Z root INFO Closing channel on service path '/services/sketches-service'.
2026-08-14 18:22:27 2026-08-14T12:52:27.969Z root INFO Closing channel on service path '/services/config-service'.
2026-08-14 18:22:27 2026-08-14T12:52:27.969Z root INFO Closing channel on service path '/services/workspace'.
2026-08-14 18:22:27 2026-08-14T12:52:27.969Z root INFO Closing channel on service path '/services/notification-service'.
2026-08-14 18:22:27 2026-08-14T12:52:27.969Z root INFO Closing channel on service path '/services/arduino-daemon'.
2026-08-14 18:22:27 2026-08-14T12:52:27.969Z root INFO Closing channel on service path '/services/stopwatch'.
2026-08-14 18:22:27 2026-08-14T12:52:27.969Z root INFO Closing channel on service path '/services/application'.
2026-08-14 18:22:27 2026-08-14T12:52:27.969Z root INFO Closing channel on service path '/services/i18n'.
2026-08-14 18:22:27 2026-08-14T12:52:27.969Z root INFO Closing channel on service path '/services/quickInput'.
2026-08-14 18:22:27 2026-08-14T12:52:27.969Z root INFO Closing channel on service path '/services/debug'.
2026-08-14 18:22:27 2026-08-14T12:52:27.969Z root INFO Closing channel on service path '/services/shell-terminal'.
2026-08-14 18:22:27 2026-08-14T12:52:27.969Z root INFO Closing channel on service path '/services/quickPick'.
2026-08-14 18:22:27 2026-08-14T12:52:27.969Z root INFO Closing channel on service path '/services/task'.
2026-08-14 18:22:27 2026-08-14T12:52:27.969Z root INFO Closing channel on service path '/services/search'.
2026-08-14 18:22:27 2026-08-14T12:52:27.969Z root INFO Closing channel on service path '/services/hostedPlugin'.
2026-08-14 18:22:27 2026-08-14T12:52:27.969Z root INFO Closing channel on service path '/services/plugin-ext'.
2026-08-14 18:22:27 2026-08-14T12:52:27.969Z root INFO Closing channel on service path '/services/plugin-paths'.
2026-08-14 18:22:27 2026-08-14T12:52:27.969Z root INFO Closing channel on service path '/services/cli-preferences'.
2026-08-14 18:22:27 2026-08-14T12:52:27.969Z root INFO Closing channel on service path '/services/boards-service'.
2026-08-14 18:22:27 2026-08-14T12:52:27.969Z root INFO Closing channel on service path '/services/response-service'.
2026-08-14 18:22:27 2026-08-14T12:52:27.969Z root INFO Closing channel on service path '/services/file-system-ext'.
2026-08-14 18:22:27 2026-08-14T12:52:27.969Z root INFO Closing channel on service path '/services/core-service'.
2026-08-14 18:22:27 2026-08-14T12:52:27.969Z root INFO Closing channel on service path '/services/example-service'.
2026-08-14 18:22:27 2026-08-14T12:52:27.969Z root INFO Closing channel on service path '/services/library-service'.
2026-08-14 18:22:27 2026-08-14T12:52:27.969Z root INFO Closing channel on service path '/services/executable-service'.
2026-08-14 18:22:27 2026-08-14T12:52:27.969Z root INFO Closing channel on service path '/services/arduino-firmware-uploader'.
2026-08-14 18:22:27 2026-08-14T12:52:27.969Z root INFO Closing channel on service path '/services/formatter'.
2026-08-14 18:22:27 2026-08-14T12:52:27.969Z root INFO Closing channel on service path '/services/search-in-workspace'.
2026-08-14 18:22:27 2026-08-14T12:52:27.969Z root INFO Closing channel on service path '/services/request-service'.
2026-08-14 18:22:27 2026-08-14T12:52:27.969Z root INFO Closing channel on service path '/services/keyStore'.
2026-08-14 18:22:27 2026-08-14T12:52:27.969Z root INFO Closing channel on service path '/services/languagePackService'.
2026-08-14 18:22:27 Closing channel on service path '/services/electron-window'.
2026-08-14 18:22:27 Closing channel on service path '/services/ide-updater'.
2026-08-14 18:22:28 2026-08-14T12:52:28.769Z root INFO creating connection for 2
2026-08-14 18:22:29 2026-08-14T12:52:29.792Z root WARN A command editor.action.toggleStickyScroll is already registered.
2026-08-14 18:22:29 Opening channel for service path '/services/electron-window'.
2026-08-14 18:22:29 Opening channel for service path '/services/ide-updater'.
2026-08-14 18:22:29 2026-08-14T12:52:29.988Z root INFO Start frontend contributions: 359.6 ms [Finished 2.021 s after frontend start]
2026-08-14 18:22:29 2026-08-14T12:52:29.988Z root INFO Changed application state from 'init' to 'started_contributions'.
2026-08-14 18:22:29 2026-08-14T12:52:29.999Z root INFO Changed application state from 'started_contributions' to 'attached_shell'.
2026-08-14 18:22:30 2026-08-14T12:52:29.999Z root INFO >>> Restoring the layout state...
2026-08-14 18:22:30 2026-08-14T12:52:30.096Z root INFO [5bebe364-9892-4b2a-8768-201edb76ef61] Waiting for backend deployment: 126.3 ms [Finished 2.142 s after frontend start]
2026-08-14 18:22:30 2026-08-14T12:52:30.338Z root INFO <<< Nothing to restore.
2026-08-14 18:22:30 2026-08-14T12:52:30.338Z root INFO Initialize the workbench layout: 199.4 ms [Finished 2.246 s after frontend start]
2026-08-14 18:22:30 2026-08-14T12:52:30.338Z root INFO Changed application state from 'attached_shell' to 'initialized_layout'.
2026-08-14 18:22:30 2026-08-14T12:52:30.860Z root INFO [hosted-plugin: 12534] PLUGIN_HOST(12534) starting instance
[Object: null prototype] {}
2026-08-14 18:22:31 2026-08-14T12:52:31.771Z root INFO [5bebe364-9892-4b2a-8768-201edb76ef61] Sync of 23 plugins: 1626.4 ms [Finished 3.768 s after frontend start]
2026-08-14 18:22:31 2026-08-14T12:52:31.773Z root INFO [5bebe364-9892-4b2a-8768-201edb76ef61] Loading plugin contributions
2026-08-14 18:22:31 2026-08-14T12:52:31.773Z root INFO [5bebe364-9892-4b2a-8768-201edb76ef61] Load contributions of 23 plugins: 48.8 ms [Finished 3.817 s after frontend start]
2026-08-14 18:22:31 2026-08-14T12:52:31.807Z root WARN 'cpp' language is remapped from 'source.cpp.embedded.macro' to 'source.cpp' scope
2026-08-14 18:22:31 2026-08-14T12:52:31.807Z root WARN a registered grammar configuration for 'cpp' language is overridden
2026-08-14 18:22:32 2026-08-14T12:52:32.077Z root INFO Frontend application start: 2316.6 ms [Finished 1996.061 s after backend start]
2026-08-14 18:22:32 2026-08-14T12:52:32.097Z root INFO Replace loading indicator with ready workbench UI (animation): 1624.5 ms [Finished 3.881 s after frontend start]
2026-08-14 18:22:32 2026-08-14T12:52:32.097Z root INFO Changed application state from 'initialized_layout' to 'ready'.
2026-08-14 18:22:32 2026-08-14T12:52:32.097Z root WARN Linked preference "workbench.colorCustomizations" not found.
2026-08-14 18:22:32 2026-08-14T12:52:32.158Z root INFO Executing startup tasks:
2026-08-14 18:22:32 2026-08-14T12:52:32.158Z root INFO  - 'arduino-use-inherited-boards-data' , args: [{"fqbn":"arduino:avr:uno","data":{"configOptions":[],"programmers":[{"id":"arduinoisp","name":"ArduinoISP","platform":"arduino:avr@1.8.8"},{"id":"jtag3","name":"Atmel JTAGICE3 (JTAG mode)","platform":"arduino:avr@1.8.8"},{"id":"arduinoasisp","name":"Arduino as ISP","platform":"arduino:avr@1.8.8"},{"id":"usbGemma","name":"Arduino Gemma","platform":"arduino:avr@1.8.8"},{"id":"arduinoasispatmega32u4","name":"Arduino as ISP (ATmega32U4)","platform":"arduino:avr@1.8.8"},{"id":"atmel_ice","name":"Atmel-ICE (AVR)","platform":"arduino:avr@1.8.8"},{"id":"parallel","name":"Parallel Programmer","platform":"arduino:avr@1.8.8"},{"id":"stk500","name":"Atmel STK500 development board","platform":"arduino:avr@1.8.8"},{"id":"avrisp","name":"AVR ISP","platform":"arduino:avr@1.8.8"},{"id":"jtag3isp","name":"Atmel JTAGICE3 (ISP mode)","platform":"arduino:avr@1.8.8"},{"id":"usbasp","name":"USBasp","platform":"arduino:avr@1.8.8"},{"id":"avrispmkii","name":"AVRISP mkII","platform":"arduino:avr@1.8.8"},{"id":"arduinoisporg","name":"ArduinoISP.org","platform":"arduino:avr@1.8.8"},{"id":"usbtinyisp","name":"USBtinyISP","platform":"arduino:avr@1.8.8"},{"id":"buspirate","name":"BusPirate as ISP","platform":"arduino:avr@1.8.8"}]}}]
2026-08-14 18:22:32 2026-08-14T12:52:32.159Z root INFO  - 'arduino-use-inherited-boards-config' , args: [{"selectedBoard":{"name":"Arduino UNO","fqbn":"arduino:avr:uno","packageId":{"vendorId":"arduino","arch":"avr"},"packageName":"Arduino AVR Boards","manuallyInstalled":false,"selected":false,"missing":false},"selectedPort":{"protocol":"serial","address":"/dev/ttyUSB0"}},{"arduino+serial:///dev/ttyUSB0":{"name":"Arduino UNO","fqbn":"arduino:avr:uno","packageId":{"vendorId":"arduino","arch":"avr"},"packageName":"Arduino AVR Boards","manuallyInstalled":false,"selected":false,"missing":false}}]
2026-08-14 18:22:32 2026-08-14T12:52:32.159Z root INFO  - 'arduino-delete-sketch' , args: [{"toDelete":"file:///tmp/.arduinoIDE-unsaved2026714-5322-1jv0j72.hgez/sketch_aug14b"}]
2026-08-14 18:22:32 Sketch file:///tmp/.arduinoIDE-unsaved2026714-5322-1jv0j72.hgez/sketch_aug14b was scheduled for deletion
2026-08-14 18:22:32 Successfully deleted sketch /tmp/.arduinoIDE-unsaved2026714-5322-1jv0j72.hgez/sketch_aug14b
2026-08-14 18:22:32 Successfully completed the scheduled sketch deletion: /tmp/.arduinoIDE-unsaved2026714-5322-1jv0j72.hgez/sketch_aug14b
2026-08-14 18:22:32 2026-08-14T12:52:32.489Z root ERROR Failed to get debug config: arduino:avr:uno, undefined Error: Debugging is not supported.
    at Object.callback (/tmp/.mount_arduin5hHsT2/resources/app/lib/backend/main.js:2:4756202)
    at Object.onReceiveStatus (/tmp/.mount_arduin5hHsT2/resources/app/lib/backend/main.js:2:3791917)
    at Object.onReceiveStatus (/tmp/.mount_arduin5hHsT2/resources/app/lib/backend/main.js:2:2225840)
    at Object.onReceiveStatus (/tmp/.mount_arduin5hHsT2/resources/app/lib/backend/main.js:2:2225285)
    at /tmp/.mount_arduin5hHsT2/resources/app/lib/backend/main.js:2:4362019
    at process.processTicksAndRejections (node:internal/process/task_queues:77:11)
2026-08-14 18:22:32 2026-08-14T12:52:32.490Z daemon INFO time="2026-08-14T18:22:32+05:30" level=info msg="Tool required for debug" tool="arduino:arduinoOTA@1.3.0"
time="2026-08-14T18:22:32+05:30" level=info msg="Tool required for debug" tool="arduino:avr-gcc@7.3.0-atmel3.6.1-arduino7"
time="2026-08-14T18:22:32+05:30" level=info msg="Tool required for debug" tool="arduino:avrdude@8.0.0-arduino1"
time="2026-08-14T18:22:32+05:30" level=info msg="Tool required for debug" tool="builtin:mdns-discovery@1.1.0"
time="2026-08-14T18:22:32+05:30" level=info msg="Tool required for debug" tool="builtin:serial-discovery@1.5.2"
time="2026-08-14T18:22:32+05:30" level=info msg="Tool required for debug" tool="builtin:serial-monitor@0.15.0"
time="2026-08-14T18:22:32+05:30" level=info msg="Tool required for debug" tool="builtin:ctags@5.8-arduino11"
time="2026-08-14T18:22:32+05:30" level=info msg="Tool required for debug" tool="builtin:dfu-discovery@0.1.2"
time="2026-08-14T18:22:32+05:30" level=info msg="Tool required for debug" tool="arduino:arduinoOTA@1.3.0"
time="2026-08-14T18:22:32+05:30" level=info msg="Tool required for debug" tool="arduino:avr-gcc@7.3.0-atmel3.6.1-arduino7"
time="2026-08-14T18:22:32+05:30" level=info msg="Tool required for debug" tool="arduino:avrdude@8.0.0-arduino1"
time="2026-08-14T18:22:32+05:30" level=info msg="Tool required for debug" tool="builtin:ctags@5.8-arduino11"
time="2026-08-14T18:22:32+05:30" level=info msg="Tool required for debug" tool="builtin:dfu-discovery@0.1.2"
time="2026-08-14T18:22:32+05:30" level=info msg="Tool required for debug" tool="builtin:mdns-discovery@1.1.0"
time="2026-08-14T18:22:32+05:30" level=info msg="Tool required for debug" tool="builtin:serial-discovery@1.5.2"
time="2026-08-14T18:22:32+05:30" level=info msg="Tool required for debug" tool="builtin:serial-monitor@0.15.0"
2026-08-14 18:22:32 2026-08-14T12:52:32.497Z root ERROR Failed to get debug config: arduino:avr:uno, undefined Error: Debugging is not supported.
    at Object.callback (/tmp/.mount_arduin5hHsT2/resources/app/lib/backend/main.js:2:4756202)
    at Object.onReceiveStatus (/tmp/.mount_arduin5hHsT2/resources/app/lib/backend/main.js:2:3791917)
    at Object.onReceiveStatus (/tmp/.mount_arduin5hHsT2/resources/app/lib/backend/main.js:2:2225840)
    at Object.onReceiveStatus (/tmp/.mount_arduin5hHsT2/resources/app/lib/backend/main.js:2:2225285)
    at /tmp/.mount_arduin5hHsT2/resources/app/lib/backend/main.js:2:4362019
    at process.processTicksAndRejections (node:internal/process/task_queues:77:11)
2026-08-14 18:22:32 2026-08-14T12:52:32.583Z daemon INFO time="2026-08-14T18:22:32+05:30" level=info msg="Tool required for debug" tool="arduino:arduinoOTA@1.3.0"
time="2026-08-14T18:22:32+05:30" level=info msg="Tool required for debug" tool="arduino:avr-gcc@7.3.0-atmel3.6.1-arduino7"
time="2026-08-14T18:22:32+05:30" level=info msg="Tool required for debug" tool="arduino:avrdude@8.0.0-arduino1"
time="2026-08-14T18:22:32+05:30" level=info msg="Tool required for debug" tool="builtin:serial-discovery@1.5.2"
2026-08-14 18:22:32 2026-08-14T12:52:32.583Z daemon INFO time="2026-08-14T18:22:32+05:30" level=info msg="Tool required for debug" tool="builtin:serial-monitor@0.15.0"
time="2026-08-14T18:22:32+05:30" level=info msg="Tool required for debug" tool="builtin:ctags@5.8-arduino11"
time="2026-08-14T18:22:32+05:30" level=info msg="Tool required for debug" tool="builtin:dfu-discovery@0.1.2"
time="2026-08-14T18:22:32+05:30" level=info msg="Tool required for debug" tool="builtin:mdns-discovery@1.1.0"
2026-08-14 18:22:32 2026-08-14T12:52:32.584Z root ERROR Failed to get debug config: arduino:avr:uno, undefined Error: Debugging is not supported.
    at Object.callback (/tmp/.mount_arduin5hHsT2/resources/app/lib/backend/main.js:2:4756202)
    at Object.onReceiveStatus (/tmp/.mount_arduin5hHsT2/resources/app/lib/backend/main.js:2:3791917)
    at Object.onReceiveStatus (/tmp/.mount_arduin5hHsT2/resources/app/lib/backend/main.js:2:2225840)
    at Object.onReceiveStatus (/tmp/.mount_arduin5hHsT2/resources/app/lib/backend/main.js:2:2225285)
    at /tmp/.mount_arduin5hHsT2/resources/app/lib/backend/main.js:2:4362019
    at process.processTicksAndRejections (node:internal/process/task_queues:77:11)
2026-08-14 18:22:32 2026-08-14T12:52:32.896Z root ERROR [hosted-plugin: 12534] Conflict in settings file Default: Ignoring cortex-debug.armToolchainPath.linux as cortex-debug.armToolchainPath is null
2026-08-14 18:22:32 2026-08-14T12:52:32.896Z root ERROR [hosted-plugin: 12534] Conflict in settings file Default: Ignoring cortex-debug.armToolchainPath.osx as cortex-debug.armToolchainPath is null
Conflict in settings file Default: Ignoring cortex-debug.armToolchainPath.windows as cortex-debug.armToolchainPath is null
Conflict in settings file Default: Ignoring cortex-debug.JLinkGDBServerPath.linux as cortex-debug.JLinkGDBServerPath is null
Conflict in settings file Default: Ignoring cortex-debug.JLinkGDBServerPath.osx as cortex-debug.JLinkGDBServerPath is null
2026-08-14 18:22:32 2026-08-14T12:52:32.896Z root ERROR [hosted-plugin: 12534] Conflict in settings file Default: Ignoring cortex-debug.JLinkGDBServerPath.windows as cortex-debug.JLinkGDBServerPath is null
2026-08-14 18:22:32 2026-08-14T12:52:32.896Z root ERROR [hosted-plugin: 12534] Conflict in settings file Default: Ignoring cortex-debug.openocdPath.linux as cortex-debug.openocdPath is null
2026-08-14 18:22:32 2026-08-14T12:52:32.896Z root ERROR [hosted-plugin: 12534] Conflict in settings file Default: Ignoring cortex-debug.openocdPath.osx as cortex-debug.openocdPath is null
2026-08-14 18:22:32 2026-08-14T12:52:32.896Z root ERROR [hosted-plugin: 12534] Conflict in settings file Default: Ignoring cortex-debug.openocdPath.windows as cortex-debug.openocdPath is null
2026-08-14 18:22:32 2026-08-14T12:52:32.896Z root ERROR [hosted-plugin: 12534] Conflict in settings file Default: Ignoring cortex-debug.pyocdPath.linux as cortex-debug.pyocdPath is null
Conflict in settings file Default: Ignoring cortex-debug.pyocdPath.osx as cortex-debug.pyocdPath is null
2026-08-14 18:22:32 2026-08-14T12:52:32.896Z root ERROR [hosted-plugin: 12534] Conflict in settings file Default: Ignoring cortex-debug.pyocdPath.windows as cortex-debug.pyocdPath is null
Conflict in settings file Default: Ignoring cortex-debug.PEGDBServerPath.linux as cortex-debug.PEGDBServerPath is null
2026-08-14 18:22:32 2026-08-14T12:52:32.896Z root ERROR [hosted-plugin: 12534] Conflict in settings file Default: Ignoring cortex-debug.PEGDBServerPath.osx as cortex-debug.PEGDBServerPath is null
Conflict in settings file Default: Ignoring cortex-debug.PEGDBServerPath.windows as cortex-debug.PEGDBServerPath is null
Conflict in settings file Default: Ignoring cortex-debug.stutilPath.linux as cortex-debug.stutilPath is null
2026-08-14 18:22:32 2026-08-14T12:52:32.896Z root ERROR [hosted-plugin: 12534] Conflict in settings file Default: Ignoring cortex-debug.stutilPath.osx as cortex-debug.stutilPath is null
Conflict in settings file Default: Ignoring cortex-debug.stutilPath.windows as cortex-debug.stutilPath is null
2026-08-14 18:22:32 2026-08-14T12:52:32.896Z root ERROR [hosted-plugin: 12534] Conflict in settings file Default: Ignoring cortex-debug.stlinkPath.linux as cortex-debug.stlinkPath is null
Conflict in settings file Default: Ignoring cortex-debug.stlinkPath.osx as cortex-debug.stlinkPath is null
Conflict in settings file Default: Ignoring cortex-debug.stlinkPath.windows as cortex-debug.stlinkPath is null
2026-08-14 18:22:32 2026-08-14T12:52:32.896Z root ERROR [hosted-plugin: 12534] Conflict in settings file Default: Ignoring cortex-debug.stm32cubeprogrammer.linux as cortex-debug.stm32cubeprogrammer is null
Conflict in settings file Default: Ignoring cortex-debug.stm32cubeprogrammer.osx as cortex-debug.stm32cubeprogrammer is null
2026-08-14 18:22:32 2026-08-14T12:52:32.896Z root ERROR [hosted-plugin: 12534] Conflict in settings file Default: Ignoring cortex-debug.stm32cubeprogrammer.windows as cortex-debug.stm32cubeprogrammer is null
2026-08-14 18:22:32 2026-08-14T12:52:32.952Z root INFO [hosted-plugin: 12534] PLUGIN_HOST(12534): PluginManagerExtImpl/init()
2026-08-14 18:22:32 2026-08-14T12:52:32.955Z root INFO [hosted-plugin: 12534] PLUGIN_HOST(12534): initializing(vscode-arduino-api@0.1.2 with /tmp/.mount_arduin5hHsT2/resources/app/lib/backend/plugin-vscode-init)
2026-08-14 18:22:33 2026-08-14T12:52:33.062Z root INFO [hosted-plugin: 12534] PLUGIN_HOST(12534): initializing(json-language-features@1.88.1 with /tmp/.mount_arduin5hHsT2/resources/app/lib/backend/plugin-vscode-init)
2026-08-14 18:22:33 2026-08-14T12:52:33.069Z root INFO [hosted-plugin: 12534] PLUGIN_HOST(12534): initializing(cortex-debug@1.5.1 with /tmp/.mount_arduin5hHsT2/resources/app/lib/backend/plugin-vscode-init)
2026-08-14 18:22:33 2026-08-14T12:52:33.070Z root INFO [hosted-plugin: 12534] Debugger contribution has been registered: cortex-debug
2026-08-14 18:22:33 2026-08-14T12:52:33.073Z root INFO [hosted-plugin: 12534] PLUGIN_HOST(12534): initializing(vscode-arduino-tools@0.1.3 with /tmp/.mount_arduin5hHsT2/resources/app/lib/backend/plugin-vscode-init)
2026-08-14 18:22:33 2026-08-14T12:52:33.075Z root INFO [hosted-plugin: 12534] PLUGIN_HOST(12534): initializing(cpp@1.88.1 with /tmp/.mount_arduin5hHsT2/resources/app/lib/backend/plugin-vscode-init)
2026-08-14 18:22:33 2026-08-14T12:52:33.085Z root INFO [hosted-plugin: 12534] PLUGIN_HOST(12534): initializing(json@1.88.1 with /tmp/.mount_arduin5hHsT2/resources/app/lib/backend/plugin-vscode-init)
2026-08-14 18:22:33 2026-08-14T12:52:33.087Z root INFO [hosted-plugin: 12534] PLUGIN_HOST(12534): initializing(vscode-language-pack-bg@1.48.3 with /tmp/.mount_arduin5hHsT2/resources/app/lib/backend/plugin-vscode-init)
2026-08-14 18:22:33 2026-08-14T12:52:33.088Z root INFO [hosted-plugin: 12534] PLUGIN_HOST(12534): initializing(vscode-language-pack-cs@1.96.0 with /tmp/.mount_arduin5hHsT2/resources/app/lib/backend/plugin-vscode-init)
2026-08-14 18:22:33 2026-08-14T12:52:33.090Z root INFO [hosted-plugin: 12534] PLUGIN_HOST(12534): initializing(vscode-language-pack-de@1.96.0 with /tmp/.mount_arduin5hHsT2/resources/app/lib/backend/plugin-vscode-init)
2026-08-14 18:22:33 2026-08-14T12:52:33.091Z root INFO [hosted-plugin: 12534] PLUGIN_HOST(12534): initializing(vscode-language-pack-es@1.96.0 with /tmp/.mount_arduin5hHsT2/resources/app/lib/backend/plugin-vscode-init)
2026-08-14 18:22:33 2026-08-14T12:52:33.093Z root INFO [hosted-plugin: 12534] PLUGIN_HOST(12534): initializing(vscode-language-pack-fr@1.96.0 with /tmp/.mount_arduin5hHsT2/resources/app/lib/backend/plugin-vscode-init)
2026-08-14 18:22:33 2026-08-14T12:52:33.095Z root INFO [hosted-plugin: 12534] PLUGIN_HOST(12534): initializing(vscode-language-pack-hu@1.48.3 with /tmp/.mount_arduin5hHsT2/resources/app/lib/backend/plugin-vscode-init)
2026-08-14 18:22:33 2026-08-14T12:52:33.096Z root INFO [hosted-plugin: 12534] PLUGIN_HOST(12534): initializing(vscode-language-pack-it@1.96.0 with /tmp/.mount_arduin5hHsT2/resources/app/lib/backend/plugin-vscode-init)
2026-08-14 18:22:33 2026-08-14T12:52:33.096Z root INFO [hosted-plugin: 12534] PLUGIN_HOST(12534): initializing(vscode-language-pack-ja@1.96.0 with /tmp/.mount_arduin5hHsT2/resources/app/lib/backend/plugin-vscode-init)
2026-08-14 18:22:33 2026-08-14T12:52:33.097Z root INFO [hosted-plugin: 12534] PLUGIN_HOST(12534): initializing(vscode-language-pack-ko@1.96.0 with /tmp/.mount_arduin5hHsT2/resources/app/lib/backend/plugin-vscode-init)
2026-08-14 18:22:33 2026-08-14T12:52:33.098Z root INFO [hosted-plugin: 12534] PLUGIN_HOST(12534): initializing(vscode-language-pack-nl@1.48.3 with /tmp/.mount_arduin5hHsT2/resources/app/lib/backend/plugin-vscode-init)
2026-08-14 18:22:33 2026-08-14T12:52:33.099Z root INFO [hosted-plugin: 12534] PLUGIN_HOST(12534): initializing(vscode-language-pack-pl@1.96.0 with /tmp/.mount_arduin5hHsT2/resources/app/lib/backend/plugin-vscode-init)
2026-08-14 18:22:33 2026-08-14T12:52:33.099Z root INFO [hosted-plugin: 12534] PLUGIN_HOST(12534): initializing(vscode-language-pack-pt-BR@1.96.0 with /tmp/.mount_arduin5hHsT2/resources/app/lib/backend/plugin-vscode-init)
2026-08-14 18:22:33 2026-08-14T12:52:33.100Z root INFO [hosted-plugin: 12534] PLUGIN_HOST(12534): initializing(vscode-language-pack-ru@1.96.0 with /tmp/.mount_arduin5hHsT2/resources/app/lib/backend/plugin-vscode-init)
2026-08-14 18:22:33 2026-08-14T12:52:33.101Z root INFO [hosted-plugin: 12534] PLUGIN_HOST(12534): initializing(vscode-language-pack-tr@1.96.0 with /tmp/.mount_arduin5hHsT2/resources/app/lib/backend/plugin-vscode-init)
2026-08-14 18:22:33 2026-08-14T12:52:33.102Z root INFO [hosted-plugin: 12534] PLUGIN_HOST(12534): initializing(vscode-language-pack-uk@1.48.3 with /tmp/.mount_arduin5hHsT2/resources/app/lib/backend/plugin-vscode-init)
2026-08-14 18:22:33 2026-08-14T12:52:33.102Z root INFO [hosted-plugin: 12534] PLUGIN_HOST(12534): initializing(vscode-language-pack-zh-hans@1.96.0 with /tmp/.mount_arduin5hHsT2/resources/app/lib/backend/plugin-vscode-init)
2026-08-14 18:22:33 2026-08-14T12:52:33.103Z root INFO [hosted-plugin: 12534] PLUGIN_HOST(12534): initializing(vscode-language-pack-zh-hant@1.96.0 with /tmp/.mount_arduin5hHsT2/resources/app/lib/backend/plugin-vscode-init)
2026-08-14 18:22:33 2026-08-14T12:52:33.120Z root INFO [hosted-plugin: 12534] PLUGIN_HOST(12534): PluginManagerExtImpl/loadPlugin(/tmp/.mount_arduin5hHsT2/resources/app/plugins/vscode-builtin-json-language-features/extension/client/dist/node/jsonClientMain)
2026-08-14 18:22:33 2026-08-14T12:52:33.189Z root INFO [hosted-plugin: 12534] PLUGIN_HOST(12534): PluginManagerExtImpl/loadPlugin(/tmp/.mount_arduin5hHsT2/resources/app/plugins/vscode-arduino-api/extension/dist/extension.js)
2026-08-14 18:22:33 2026-08-14T12:52:33.193Z root INFO [hosted-plugin: 12534] calling activation function on Arduino IDE API for VS Code extensions
2026-08-14 18:22:33 2026-08-14T12:52:33.213Z root INFO [5bebe364-9892-4b2a-8768-201edb76ef61] Starting plugins.
2026-08-14 18:22:33 2026-08-14T12:52:33.245Z root INFO [hosted-plugin: 12534] PLUGIN_HOST(12534): PluginManagerExtImpl/loadPlugin(/tmp/.mount_arduin5hHsT2/resources/app/plugins/cortex-debug/extension/dist/extension.js)
2026-08-14 18:22:33 2026-08-14T12:52:33.286Z root INFO [hosted-plugin: 12534] Debug configuration provider has been registered: cortex-debug, trigger: 1
2026-08-14 18:22:33 2026-08-14T12:52:33.286Z root INFO [hosted-plugin: 12534] calling activation function on Cortex-Debug
2026-08-14 18:22:33 2026-08-14T12:52:33.288Z root INFO [hosted-plugin: 12534] GDB server console created
2026-08-14 18:22:33 2026-08-14T12:52:33.311Z root INFO [5bebe364-9892-4b2a-8768-201edb76ef61] Start of 23 plugins: 1524.5 ms [Finished 5.356 s after frontend start]
2026-08-14 18:22:33 2026-08-14T12:52:33.336Z root INFO Starting language server: arduino:avr:uno
2026-08-14 18:22:33 2026-08-14T12:52:33.451Z root INFO [hosted-plugin: 12534] PLUGIN_HOST(12534): PluginManagerExtImpl/loadPlugin(/tmp/.mount_arduin5hHsT2/resources/app/plugins/vscode-arduino-tools/extension/dist/extension.js)
2026-08-14 18:22:33 2026-08-14T12:52:33.486Z root INFO [hosted-plugin: 12534] calling activation function on VS Code Arduino Tools
2026-08-14 18:22:33 2026-08-14T12:52:33.502Z root INFO [hosted-plugin: 12534] calling activation function on JSON Language Features (built-in)
2026-08-14 18:22:33 2026-08-14T12:52:33.535Z daemon INFO time="2026-08-14T18:22:33+05:30" level=info msg="Adding libraries dir" dir=/home/raj/.arduino15/libraries isSingleLibrary=false location=ide
time="2026-08-14T18:22:33+05:30" level=info msg="Adding libraries dir" dir=/home/raj/.arduino15/packages/arduino/hardware/avr/1.8.8/libraries isSingleLibrary=false location=platform
2026-08-14 18:22:33 2026-08-14T12:52:33.536Z daemon INFO time="2026-08-14T18:22:33+05:30" level=info msg="Adding libraries dir" dir=/home/raj/Arduino/libraries isSingleLibrary=false location=user
2026-08-14 18:22:33 2026-08-14T12:52:33.734Z daemon INFO time="2026-08-14T18:22:33+05:30" level=info msg="Adding libraries dir" dir=/home/raj/.arduino15/libraries isSingleLibrary=false location=ide
time="2026-08-14T18:22:33+05:30" level=info msg="Adding libraries dir" dir=/home/raj/.arduino15/packages/arduino/hardware/avr/1.8.8/libraries isSingleLibrary=false location=platform
time="2026-08-14T18:22:33+05:30" level=info msg="Adding libraries dir" dir=/home/raj/Arduino/libraries isSingleLibrary=false location=user
2026-08-14 18:22:40 2026-08-14T12:52:40.399Z daemon INFO time="2026-08-14T18:22:40+05:30" level=info msg="Adding libraries dir" dir=/home/raj/.arduino15/libraries isSingleLibrary=false location=ide
time="2026-08-14T18:22:40+05:30" level=info msg="Adding libraries dir" dir=/home/raj/.arduino15/packages/arduino/hardware/avr/1.8.8/libraries isSingleLibrary=false location=platform
time="2026-08-14T18:22:40+05:30" level=info msg="Adding libraries dir" dir=/home/raj/Arduino/libraries isSingleLibrary=false location=user
2026-08-14 18:22:40 2026-08-14T12:52:40.930Z root INFO Executing 'arduino.languageserver.notifyBuildDidComplete' with "file:///home/raj/.cache/arduino/sketches/9FF3C91385D81AD22A5280EC2632C84A"
2026-08-14 18:22:40 2026-08-14T12:52:40.962Z daemon INFO time="2026-08-14T18:22:40+05:30" level=info msg="Tool required for debug" tool="arduino:arduinoOTA@1.3.0"
time="2026-08-14T18:22:40+05:30" level=info msg="Tool required for debug" tool="arduino:avr-gcc@7.3.0-atmel3.6.1-arduino7"
time="2026-08-14T18:22:40+05:30" level=info msg="Tool required for debug" tool="arduino:avrdude@8.0.0-arduino1"
time="2026-08-14T18:22:40+05:30" level=info msg="Tool required for debug" tool="builtin:ctags@5.8-arduino11"
time="2026-08-14T18:22:40+05:30" level=info msg="Tool required for debug" tool="builtin:dfu-discovery@0.1.2"
2026-08-14 18:22:40 2026-08-14T12:52:40.962Z daemon INFO time="2026-08-14T18:22:40+05:30" level=info msg="Tool required for debug" tool="builtin:mdns-discovery@1.1.0"
time="2026-08-14T18:22:40+05:30" level=info msg="Tool required for debug" tool="builtin:serial-discovery@1.5.2"
time="2026-08-14T18:22:40+05:30" level=info msg="Tool required for debug" tool="builtin:serial-monitor@0.15.0"
2026-08-14 18:22:40 2026-08-14T12:52:40.963Z root ERROR Failed to get debug config: arduino:avr:uno, undefined Error: Debugging is not supported.
    at Object.callback (/tmp/.mount_arduin5hHsT2/resources/app/lib/backend/main.js:2:4756202)
    at Object.onReceiveStatus (/tmp/.mount_arduin5hHsT2/resources/app/lib/backend/main.js:2:3791917)
    at Object.onReceiveStatus (/tmp/.mount_arduin5hHsT2/resources/app/lib/backend/main.js:2:2225840)
    at Object.onReceiveStatus (/tmp/.mount_arduin5hHsT2/resources/app/lib/backend/main.js:2:2225285)
    at /tmp/.mount_arduin5hHsT2/resources/app/lib/backend/main.js:2:4362019
    at process.processTicksAndRejections (node:internal/process/task_queues:77:11)
2026-08-14 18:22:41 2026-08-14T12:52:41.941Z daemon INFO time="2026-08-14T18:22:41+05:30" level=info msg="Adding libraries dir" dir=/home/raj/.arduino15/libraries isSingleLibrary=false location=ide
time="2026-08-14T18:22:41+05:30" level=info msg="Adding libraries dir" dir=/home/raj/.arduino15/packages/arduino/hardware/avr/1.8.8/libraries isSingleLibrary=false location=platform
time="2026-08-14T18:22:41+05:30" level=info msg="Adding libraries dir" dir=/home/raj/Arduino/libraries isSingleLibrary=false location=user
2026-08-14 18:22:51 2026-08-14T12:52:51.781Z daemon INFO time="2026-08-14T18:22:51+05:30" level=info msg="Adding libraries dir" dir=/home/raj/.arduino15/libraries isSingleLibrary=false location=ide
time="2026-08-14T18:22:51+05:30" level=info msg="Adding libraries dir" dir=/home/raj/.arduino15/packages/arduino/hardware/avr/1.8.8/libraries isSingleLibrary=false location=platform
time="2026-08-14T18:22:51+05:30" level=info msg="Adding libraries dir" dir=/home/raj/Arduino/libraries isSingleLibrary=false location=user
2026-08-14 18:22:52 2026-08-14T12:52:52.276Z root INFO Executing 'arduino.languageserver.notifyBuildDidComplete' with "file:///home/raj/.cache/arduino/sketches/9FF3C91385D81AD22A5280EC2632C84A"
2026-08-14 18:22:52 2026-08-14T12:52:52.333Z daemon INFO time="2026-08-14T18:22:52+05:30" level=info msg="Tool required for debug" tool="arduino:arduinoOTA@1.3.0"
time="2026-08-14T18:22:52+05:30" level=info msg="Tool required for debug" tool="arduino:avr-gcc@7.3.0-atmel3.6.1-arduino7"
time="2026-08-14T18:22:52+05:30" level=info msg="Tool required for debug" tool="arduino:avrdude@8.0.0-arduino1"
time="2026-08-14T18:22:52+05:30" level=info msg="Tool required for debug" tool="builtin:mdns-discovery@1.1.0"
time="2026-08-14T18:22:52+05:30" level=info msg="Tool required for debug" tool="builtin:serial-discovery@1.5.2"
time="2026-08-14T18:22:52+05:30" level=info msg="Tool required for debug" tool="builtin:serial-monitor@0.15.0"
2026-08-14 18:22:52 2026-08-14T12:52:52.334Z daemon INFO time="2026-08-14T18:22:52+05:30" level=info msg="Tool required for debug" tool="builtin:ctags@5.8-arduino11"
time="2026-08-14T18:22:52+05:30" level=info msg="Tool required for debug" tool="builtin:dfu-discovery@0.1.2"
2026-08-14 18:22:52 2026-08-14T12:52:52.335Z root ERROR Failed to get debug config: arduino:avr:uno, undefined Error: Debugging is not supported.
    at Object.callback (/tmp/.mount_arduin5hHsT2/resources/app/lib/backend/main.js:2:4756202)
    at Object.onReceiveStatus (/tmp/.mount_arduin5hHsT2/resources/app/lib/backend/main.js:2:3791917)
    at Object.onReceiveStatus (/tmp/.mount_arduin5hHsT2/resources/app/lib/backend/main.js:2:2225840)
    at Object.onReceiveStatus (/tmp/.mount_arduin5hHsT2/resources/app/lib/backend/main.js:2:2225285)
    at /tmp/.mount_arduin5hHsT2/resources/app/lib/backend/main.js:2:4362019
    at process.processTicksAndRejections (node:internal/process/task_queues:77:11)
2026-08-14 18:22:53 2026-08-14T12:52:53.298Z daemon INFO time="2026-08-14T18:22:53+05:30" level=info msg="Adding libraries dir" dir=/home/raj/.arduino15/libraries isSingleLibrary=false location=ide
time="2026-08-14T18:22:53+05:30" level=info msg="Adding libraries dir" dir=/home/raj/.arduino15/packages/arduino/hardware/avr/1.8.8/libraries isSingleLibrary=false location=platform
2026-08-14 18:22:53 2026-08-14T12:52:53.298Z daemon INFO time="2026-08-14T18:22:53+05:30" level=info msg="Adding libraries dir" dir=/home/raj/Arduino/libraries isSingleLibrary=false location=user
2026-08-14 18:22:55 2026-08-14T12:52:55.004Z root INFO Received port after upload [arduino+serial:///dev/ttyUSB0, arduino:avr:uno, sketch_aug14b]. Before port: {"protocol":"serial","address":"/dev/ttyUSB0"}, after port: {"address":"/dev/ttyUSB0","addressLabel":"/dev/ttyUSB0","protocol":"serial","protocolLabel":"Serial Port (USB)","properties":{"pid":"0xEA60","serialNumber":"0001","vid":"0x10C4"},"hardwareId":"0001"}
2026-08-14 18:23:03 2026-08-14T12:53:03.965Z daemon INFO time="2026-08-14T18:23:03+05:30" level=info msg="Starting monitor process" monitor=serial-monitor
2026-08-14 18:23:03 2026-08-14T12:53:03.967Z daemon INFO time="2026-08-14T18:23:03+05:30" level=info msg="Monitor process started successfully!" monitor=serial-monitor
time="2026-08-14T18:23:03+05:30" level=info msg="sending command" command="HELLO 1 \"arduino-cli 1.4.1\"" monitor=serial-monitor
2026-08-14 18:23:03 2026-08-14T12:53:03.973Z monitor-service INFO starting monitor
2026-08-14 18:23:03 2026-08-14T12:53:03.976Z daemon INFO time="2026-08-14T18:23:03+05:30" level=info msg="Starting monitor process" monitor=serial-monitor
2026-08-14 18:23:03 2026-08-14T12:53:03.978Z daemon INFO time="2026-08-14T18:23:03+05:30" level=info msg="Monitor process started successfully!" monitor=serial-monitor
time="2026-08-14T18:23:03+05:30" level=info msg="sending command" command="HELLO 1 \"arduino-cli 1.4.1\"" monitor=serial-monitor
2026-08-14 18:23:03 2026-08-14T12:53:03.980Z daemon INFO time="2026-08-14T18:23:03+05:30" level=info msg="received message" error=false event_type=hello message=OK monitor=serial-monitor
time="2026-08-14T18:23:03+05:30" level=info msg="sending command" command=DESCRIBE monitor=serial-monitor
2026-08-14 18:23:03 2026-08-14T12:53:03.981Z daemon INFO time="2026-08-14T18:23:03+05:30" level=info msg="received message" error=false event_type=describe message=OK monitor=serial-monitor
time="2026-08-14T18:23:03+05:30" level=info msg="sending command" command=QUIT monitor=serial-monitor
time="2026-08-14T18:23:03+05:30" level=info msg="received message" error=false event_type=quit message=OK monitor=serial-monitor
time="2026-08-14T18:23:03+05:30" level=info msg="Killing monitor process" monitor=serial-monitor
2026-08-14 18:23:03 2026-08-14T12:53:03.982Z daemon INFO time="2026-08-14T18:23:03+05:30" level=error msg="stopped decode loop: EOF" monitor=serial-monitor
2026-08-14 18:23:03 2026-08-14T12:53:03.982Z daemon INFO time="2026-08-14T18:23:03+05:30" level=info msg="Monitor process killed" monitor=serial-monitor
2026-08-14 18:23:03 2026-08-14T12:53:03.991Z daemon INFO time="2026-08-14T18:23:03+05:30" level=info msg="received message" error=false event_type=hello message=OK monitor=serial-monitor
time="2026-08-14T18:23:03+05:30" level=info msg="sending command" command=DESCRIBE monitor=serial-monitor
time="2026-08-14T18:23:03+05:30" level=info msg="received message" error=false event_type=describe message=OK monitor=serial-monitor
time="2026-08-14T18:23:03+05:30" level=info msg="sending command" command=QUIT monitor=serial-monitor
time="2026-08-14T18:23:03+05:30" level=info msg="received message" error=false event_type=quit message=OK monitor=serial-monitor
time="2026-08-14T18:23:03+05:30" level=info msg="Killing monitor process" monitor=serial-monitor
time="2026-08-14T18:23:03+05:30" level=error msg="stopped decode loop: EOF" monitor=serial-monitor
time="2026-08-14T18:23:03+05:30" level=info msg="Monitor process killed" monitor=serial-monitor
2026-08-14 18:23:03 2026-08-14T12:53:03.993Z daemon INFO time="2026-08-14T18:23:03+05:30" level=info msg="Starting monitor process" monitor=serial-monitor
2026-08-14 18:23:03 2026-08-14T12:53:03.994Z daemon INFO time="2026-08-14T18:23:03+05:30" level=info msg="Monitor process started successfully!" monitor=serial-monitor
time="2026-08-14T18:23:03+05:30" level=info msg="sending command" command="HELLO 1 \"arduino-cli 1.4.1\"" monitor=serial-monitor
2026-08-14 18:23:03 2026-08-14T12:53:03.997Z daemon INFO time="2026-08-14T18:23:03+05:30" level=info msg="received message" error=false event_type=hello message=OK monitor=serial-monitor
time="2026-08-14T18:23:03+05:30" level=info msg="sending command" command=DESCRIBE monitor=serial-monitor
2026-08-14 18:23:03 2026-08-14T12:53:03.997Z daemon INFO time="2026-08-14T18:23:03+05:30" level=info msg="received message" error=false event_type=describe message=OK monitor=serial-monitor
time="2026-08-14T18:23:03+05:30" level=info msg="sending command" command="CONFIGURE bits 8" monitor=serial-monitor
time="2026-08-14T18:23:03+05:30" level=info msg="received message" error=false event_type=configure message=OK monitor=serial-monitor
2026-08-14 18:23:03 2026-08-14T12:53:03.997Z daemon INFO time="2026-08-14T18:23:03+05:30" level=info msg="sending command" command="CONFIGURE dtr on" monitor=serial-monitor
2026-08-14 18:23:03 2026-08-14T12:53:03.998Z daemon INFO time="2026-08-14T18:23:03+05:30" level=info msg="received message" error=false event_type=configure message=OK monitor=serial-monitor
time="2026-08-14T18:23:03+05:30" level=info msg="sending command" command="CONFIGURE parity none" monitor=serial-monitor
2026-08-14 18:23:03 2026-08-14T12:53:03.998Z daemon INFO time="2026-08-14T18:23:03+05:30" level=info msg="received message" error=false event_type=configure message=OK monitor=serial-monitor
time="2026-08-14T18:23:03+05:30" level=info msg="sending command" command="CONFIGURE rts on" monitor=serial-monitor
time="2026-08-14T18:23:03+05:30" level=info msg="received message" error=false event_type=configure message=OK monitor=serial-monitor
time="2026-08-14T18:23:03+05:30" level=info msg="sending command" command="CONFIGURE stop_bits 1" monitor=serial-monitor
2026-08-14 18:23:03 2026-08-14T12:53:03.998Z daemon INFO time="2026-08-14T18:23:03+05:30" level=info msg="received message" error=false event_type=configure message=OK monitor=serial-monitor
time="2026-08-14T18:23:03+05:30" level=info msg="sending command" command="CONFIGURE baudrate 115200" monitor=serial-monitor
2026-08-14 18:23:03 2026-08-14T12:53:03.998Z daemon INFO time="2026-08-14T18:23:03+05:30" level=info msg="received message" error=false event_type=configure message=OK monitor=serial-monitor
2026-08-14 18:23:03 2026-08-14T12:53:03.998Z daemon INFO time="2026-08-14T18:23:03+05:30" level=info msg="sending command" command="OPEN 127.0.0.1:43927 /dev/ttyUSB0" monitor=serial-monitor
2026-08-14 18:23:04 2026-08-14T12:53:04.035Z daemon INFO time="2026-08-14T18:23:04+05:30" level=info msg="received message" error=false event_type=open message=OK monitor=serial-monitor
2026-08-14 18:23:04 2026-08-14T12:53:04.035Z daemon INFO time="2026-08-14T18:23:04+05:30" level=info msg="Port /dev/ttyUSB0 successfully opened"
2026-08-14 18:23:04 2026-08-14T12:53:04.037Z monitor-service INFO Using port configuration for serial:/dev/ttyUSB0: {"settingsList":[{"settingId":"bits","value":"8"},{"settingId":"dtr","value":"on"},{"settingId":"parity","value":"none"},{"settingId":"rts","value":"on"},{"settingId":"stop_bits","value":"1"},{"settingId":"baudrate","value":"115200"}]}
2026-08-14 18:23:04 2026-08-14T12:53:04.037Z monitor-service INFO started monitor to /dev/ttyUSB0 using serial
2026-08-14 18:23:04 2026-08-14T12:53:04.048Z monitor-service INFO No port configuration changes have been detected. No need to send configure commands to the running monitor serial:/dev/ttyUSB0.
2026-08-14 18:23:15 2026-08-14T12:53:15.640Z monitor-service INFO Updated the port configuration for serial:/dev/ttyUSB0: {"settingsList":[{"settingId":"bits","value":"8"},{"settingId":"dtr","value":"on"},{"settingId":"parity","value":"none"},{"settingId":"rts","value":"on"},{"settingId":"stop_bits","value":"1"},{"settingId":"baudrate","value":"9600"}]}
2026-08-14 18:23:15 2026-08-14T12:53:15.640Z monitor-service INFO Sending monitor request with new port configuration: {"settingsList":[{"settingId":"baudrate","value":"9600"}]}
2026-08-14 18:23:15 2026-08-14T12:53:15.643Z daemon INFO time="2026-08-14T18:23:15+05:30" level=info msg="sending command" command="CONFIGURE baudrate 9600" monitor=serial-monitor
2026-08-14 18:23:15 2026-08-14T12:53:15.646Z daemon INFO time="2026-08-14T18:23:15+05:30" level=info msg="received message" error=false event_type=configure message=OK monitor=serial-monitor
2026-08-14 18:23:29 2026-08-14T12:53:29.828Z daemon INFO time="2026-08-14T18:23:29+05:30" level=info msg="Adding libraries dir" dir=/home/raj/.arduino15/libraries isSingleLibrary=false location=ide
time="2026-08-14T18:23:29+05:30" level=info msg="Adding libraries dir" dir=/home/raj/.arduino15/packages/arduino/hardware/avr/1.8.8/libraries isSingleLibrary=false location=platform
2026-08-14 18:23:29 2026-08-14T12:53:29.828Z daemon INFO time="2026-08-14T18:23:29+05:30" level=info msg="Adding libraries dir" dir=/home/raj/Arduino/libraries isSingleLibrary=false location=user
2026-08-14 18:23:30 2026-08-14T12:53:30.299Z root INFO Executing 'arduino.languageserver.notifyBuildDidComplete' with "file:///home/raj/.cache/arduino/sketches/9FF3C91385D81AD22A5280EC2632C84A"
2026-08-14 18:23:30 2026-08-14T12:53:30.301Z daemon INFO time="2026-08-14T18:23:30+05:30" level=info msg="sending command" command=CLOSE monitor=serial-monitor
2026-08-14 18:23:30 2026-08-14T12:53:30.340Z daemon INFO time="2026-08-14T18:23:30+05:30" level=info msg="Tool required for debug" tool="arduino:arduinoOTA@1.3.0"
time="2026-08-14T18:23:30+05:30" level=info msg="Tool required for debug" tool="arduino:avr-gcc@7.3.0-atmel3.6.1-arduino7"
2026-08-14 18:23:30 2026-08-14T12:53:30.340Z daemon INFO time="2026-08-14T18:23:30+05:30" level=info msg="Tool required for debug" tool="arduino:avrdude@8.0.0-arduino1"
time="2026-08-14T18:23:30+05:30" level=info msg="Tool required for debug" tool="builtin:serial-monitor@0.15.0"
time="2026-08-14T18:23:30+05:30" level=info msg="Tool required for debug" tool="builtin:ctags@5.8-arduino11"
time="2026-08-14T18:23:30+05:30" level=info msg="Tool required for debug" tool="builtin:serial-discovery@1.5.2"
time="2026-08-14T18:23:30+05:30" level=info msg="Tool required for debug" tool="builtin:dfu-discovery@0.1.2"
time="2026-08-14T18:23:30+05:30" level=info msg="Tool required for debug" tool="builtin:mdns-discovery@1.1.0"
2026-08-14 18:23:30 2026-08-14T12:53:30.341Z root ERROR Failed to get debug config: arduino:avr:uno, undefined Error: Debugging is not supported.
    at Object.callback (/tmp/.mount_arduin5hHsT2/resources/app/lib/backend/main.js:2:4756202)
    at Object.onReceiveStatus (/tmp/.mount_arduin5hHsT2/resources/app/lib/backend/main.js:2:3791917)
    at Object.onReceiveStatus (/tmp/.mount_arduin5hHsT2/resources/app/lib/backend/main.js:2:2225840)
    at Object.onReceiveStatus (/tmp/.mount_arduin5hHsT2/resources/app/lib/backend/main.js:2:2225285)
    at /tmp/.mount_arduin5hHsT2/resources/app/lib/backend/main.js:2:4362019
    at process.processTicksAndRejections (node:internal/process/task_queues:77:11)
2026-08-14 18:23:30 2026-08-14T12:53:30.359Z daemon INFO time="2026-08-14T18:23:30+05:30" level=info msg="received message" error=false event_type=close message=OK monitor=serial-monitor
time="2026-08-14T18:23:30+05:30" level=info msg="sending command" command=QUIT monitor=serial-monitor
2026-08-14 18:23:30 2026-08-14T12:53:30.359Z daemon INFO time="2026-08-14T18:23:30+05:30" level=info msg="received message" error=false event_type=quit message=OK monitor=serial-monitor
time="2026-08-14T18:23:30+05:30" level=info msg="Killing monitor process" monitor=serial-monitor
2026-08-14 18:23:30 2026-08-14T12:53:30.360Z daemon INFO time="2026-08-14T18:23:30+05:30" level=error msg="stopped decode loop: EOF" monitor=serial-monitor
2026-08-14 18:23:30 2026-08-14T12:53:30.360Z daemon INFO time="2026-08-14T18:23:30+05:30" level=info msg="Monitor process killed" monitor=serial-monitor
2026-08-14 18:23:30 2026-08-14T12:53:30.362Z monitor-service INFO monitor to /dev/ttyUSB0 using serial closed by server
2026-08-14 18:23:31 2026-08-14T12:53:31.325Z daemon INFO time="2026-08-14T18:23:31+05:30" level=info msg="Adding libraries dir" dir=/home/raj/.arduino15/libraries isSingleLibrary=false location=ide
time="2026-08-14T18:23:31+05:30" level=info msg="Adding libraries dir" dir=/home/raj/.arduino15/packages/arduino/hardware/avr/1.8.8/libraries isSingleLibrary=false location=platform
time="2026-08-14T18:23:31+05:30" level=info msg="Adding libraries dir" dir=/home/raj/Arduino/libraries isSingleLibrary=false location=user
2026-08-14 18:23:32 2026-08-14T12:53:32.321Z root WARN Widget was activated, but did not accept focus after 2000ms: serial-monitor
2026-08-14 18:23:33 2026-08-14T12:53:33.043Z root INFO Received port after upload [arduino+serial:///dev/ttyUSB0, arduino:avr:uno, sketch_aug14b]. Before port: {"protocol":"serial","address":"/dev/ttyUSB0"}, after port: {"address":"/dev/ttyUSB0","addressLabel":"/dev/ttyUSB0","protocol":"serial","protocolLabel":"Serial Port (USB)","properties":{"pid":"0xEA60","serialNumber":"0001","vid":"0x10C4"},"hardwareId":"0001"}
2026-08-14 18:23:33 2026-08-14T12:53:33.044Z monitor-service INFO starting monitor
2026-08-14 18:23:33 2026-08-14T12:53:33.046Z daemon INFO time="2026-08-14T18:23:33+05:30" level=info msg="Starting monitor process" monitor=serial-monitor
2026-08-14 18:23:33 2026-08-14T12:53:33.047Z daemon INFO time="2026-08-14T18:23:33+05:30" level=info msg="Monitor process started successfully!" monitor=serial-monitor
time="2026-08-14T18:23:33+05:30" level=info msg="sending command" command="HELLO 1 \"arduino-cli 1.4.1\"" monitor=serial-monitor
2026-08-14 18:23:33 2026-08-14T12:53:33.050Z daemon INFO time="2026-08-14T18:23:33+05:30" level=info msg="received message" error=false event_type=hello message=OK monitor=serial-monitor
time="2026-08-14T18:23:33+05:30" level=info msg="sending command" command=DESCRIBE monitor=serial-monitor
2026-08-14 18:23:33 2026-08-14T12:53:33.051Z daemon INFO time="2026-08-14T18:23:33+05:30" level=info msg="received message" error=false event_type=describe message=OK monitor=serial-monitor
time="2026-08-14T18:23:33+05:30" level=info msg="sending command" command=QUIT monitor=serial-monitor
2026-08-14 18:23:33 2026-08-14T12:53:33.051Z daemon INFO time="2026-08-14T18:23:33+05:30" level=info msg="received message" error=false event_type=quit message=OK monitor=serial-monitor
time="2026-08-14T18:23:33+05:30" level=info msg="Killing monitor process" monitor=serial-monitor
2026-08-14 18:23:33 2026-08-14T12:53:33.052Z daemon INFO time="2026-08-14T18:23:33+05:30" level=error msg="stopped decode loop: EOF" monitor=serial-monitor
2026-08-14 18:23:33 2026-08-14T12:53:33.053Z daemon INFO time="2026-08-14T18:23:33+05:30" level=info msg="Monitor process killed" monitor=serial-monitor
2026-08-14 18:23:33 2026-08-14T12:53:33.060Z daemon INFO time="2026-08-14T18:23:33+05:30" level=info msg="Starting monitor process" monitor=serial-monitor
2026-08-14 18:23:33 2026-08-14T12:53:33.062Z daemon INFO time="2026-08-14T18:23:33+05:30" level=info msg="Monitor process started successfully!" monitor=serial-monitor
time="2026-08-14T18:23:33+05:30" level=info msg="sending command" command="HELLO 1 \"arduino-cli 1.4.1\"" monitor=serial-monitor
2026-08-14 18:23:33 2026-08-14T12:53:33.065Z daemon INFO time="2026-08-14T18:23:33+05:30" level=info msg="received message" error=false event_type=hello message=OK monitor=serial-monitor
time="2026-08-14T18:23:33+05:30" level=info msg="sending command" command=DESCRIBE monitor=serial-monitor
2026-08-14 18:23:33 2026-08-14T12:53:33.065Z daemon INFO time="2026-08-14T18:23:33+05:30" level=info msg="received message" error=false event_type=describe message=OK monitor=serial-monitor
2026-08-14 18:23:33 2026-08-14T12:53:33.065Z daemon INFO time="2026-08-14T18:23:33+05:30" level=info msg="sending command" command="CONFIGURE bits 8" monitor=serial-monitor
2026-08-14 18:23:33 2026-08-14T12:53:33.065Z daemon INFO time="2026-08-14T18:23:33+05:30" level=info msg="received message" error=false event_type=configure message=OK monitor=serial-monitor
time="2026-08-14T18:23:33+05:30" level=info msg="sending command" command="CONFIGURE dtr on" monitor=serial-monitor
2026-08-14 18:23:33 2026-08-14T12:53:33.065Z daemon INFO time="2026-08-14T18:23:33+05:30" level=info msg="received message" error=false event_type=configure message=OK monitor=serial-monitor
2026-08-14 18:23:33 2026-08-14T12:53:33.065Z daemon INFO time="2026-08-14T18:23:33+05:30" level=info msg="sending command" command="CONFIGURE parity none" monitor=serial-monitor
2026-08-14 18:23:33 2026-08-14T12:53:33.065Z daemon INFO time="2026-08-14T18:23:33+05:30" level=info msg="received message" error=false event_type=configure message=OK monitor=serial-monitor
2026-08-14 18:23:33 2026-08-14T12:53:33.065Z daemon INFO time="2026-08-14T18:23:33+05:30" level=info msg="sending command" command="CONFIGURE rts on" monitor=serial-monitor
2026-08-14 18:23:33 2026-08-14T12:53:33.065Z daemon INFO time="2026-08-14T18:23:33+05:30" level=info msg="received message" error=false event_type=configure message=OK monitor=serial-monitor
2026-08-14 18:23:33 2026-08-14T12:53:33.065Z daemon INFO time="2026-08-14T18:23:33+05:30" level=info msg="sending command" command="CONFIGURE stop_bits 1" monitor=serial-monitor
2026-08-14 18:23:33 2026-08-14T12:53:33.066Z daemon INFO time="2026-08-14T18:23:33+05:30" level=info msg="received message" error=false event_type=configure message=OK monitor=serial-monitor
2026-08-14 18:23:33 2026-08-14T12:53:33.066Z daemon INFO time="2026-08-14T18:23:33+05:30" level=info msg="sending command" command="CONFIGURE baudrate 9600" monitor=serial-monitor
2026-08-14 18:23:33 2026-08-14T12:53:33.066Z daemon INFO time="2026-08-14T18:23:33+05:30" level=info msg="received message" error=false event_type=configure message=OK monitor=serial-monitor
2026-08-14 18:23:33 2026-08-14T12:53:33.066Z daemon INFO time="2026-08-14T18:23:33+05:30" level=info msg="sending command" command="OPEN 127.0.0.1:38473 /dev/ttyUSB0" monitor=serial-monitor
2026-08-14 18:23:33 2026-08-14T12:53:33.087Z daemon INFO time="2026-08-14T18:23:33+05:30" level=info msg="received message" error=false event_type=open message=OK monitor=serial-monitor
2026-08-14 18:23:33 2026-08-14T12:53:33.087Z daemon INFO time="2026-08-14T18:23:33+05:30" level=info msg="Port /dev/ttyUSB0 successfully opened"
2026-08-14 18:23:33 2026-08-14T12:53:33.088Z monitor-service INFO Using port configuration for serial:/dev/ttyUSB0: {"settingsList":[{"settingId":"bits","value":"8"},{"settingId":"dtr","value":"on"},{"settingId":"parity","value":"none"},{"settingId":"rts","value":"on"},{"settingId":"stop_bits","value":"1"},{"settingId":"baudrate","value":"9600"}]}
2026-08-14 18:23:33 2026-08-14T12:53:33.089Z monitor-service INFO started monitor to /dev/ttyUSB0 using serial
2026-08-14 18:23:33 2026-08-14T12:53:33.106Z monitor-service INFO No port configuration changes have been detected. No need to send configure commands to the running monitor serial:/dev/ttyUSB0.
2026-08-14 18:24:25 2026-08-14T12:54:25.830Z daemon INFO time="2026-08-14T18:24:25+05:30" level=info msg="Adding libraries dir" dir=/home/raj/.arduino15/libraries isSingleLibrary=false location=ide
time="2026-08-14T18:24:25+05:30" level=info msg="Adding libraries dir" dir=/home/raj/.arduino15/packages/arduino/hardware/avr/1.8.8/libraries isSingleLibrary=false location=platform
time="2026-08-14T18:24:25+05:30" level=info msg="Adding libraries dir" dir=/home/raj/Arduino/libraries isSingleLibrary=false location=user
2026-08-14 18:24:26 2026-08-14T12:54:26.263Z root INFO Executing 'arduino.languageserver.notifyBuildDidComplete' with "file:///home/raj/.cache/arduino/sketches/9FF3C91385D81AD22A5280EC2632C84A"
2026-08-14 18:24:26 2026-08-14T12:54:26.265Z daemon INFO time="2026-08-14T18:24:26+05:30" level=info msg="sending command" command=CLOSE monitor=serial-monitor
2026-08-14 18:24:26 2026-08-14T12:54:26.301Z daemon INFO time="2026-08-14T18:24:26+05:30" level=info msg="Tool required for debug" tool="arduino:arduinoOTA@1.3.0"
time="2026-08-14T18:24:26+05:30" level=info msg="Tool required for debug" tool="arduino:avr-gcc@7.3.0-atmel3.6.1-arduino7"
time="2026-08-14T18:24:26+05:30" level=info msg="Tool required for debug" tool="arduino:avrdude@8.0.0-arduino1"
time="2026-08-14T18:24:26+05:30" level=info msg="Tool required for debug" tool="builtin:ctags@5.8-arduino11"
2026-08-14 18:24:26 2026-08-14T12:54:26.301Z daemon INFO time="2026-08-14T18:24:26+05:30" level=info msg="Tool required for debug" tool="builtin:dfu-discovery@0.1.2"
time="2026-08-14T18:24:26+05:30" level=info msg="Tool required for debug" tool="builtin:serial-discovery@1.5.2"
time="2026-08-14T18:24:26+05:30" level=info msg="Tool required for debug" tool="builtin:serial-monitor@0.15.0"
time="2026-08-14T18:24:26+05:30" level=info msg="Tool required for debug" tool="builtin:mdns-discovery@1.1.0"
2026-08-14 18:24:26 2026-08-14T12:54:26.302Z root ERROR Failed to get debug config: arduino:avr:uno, undefined Error: Debugging is not supported.
    at Object.callback (/tmp/.mount_arduin5hHsT2/resources/app/lib/backend/main.js:2:4756202)
    at Object.onReceiveStatus (/tmp/.mount_arduin5hHsT2/resources/app/lib/backend/main.js:2:3791917)
    at Object.onReceiveStatus (/tmp/.mount_arduin5hHsT2/resources/app/lib/backend/main.js:2:2225840)
    at Object.onReceiveStatus (/tmp/.mount_arduin5hHsT2/resources/app/lib/backend/main.js:2:2225285)
    at /tmp/.mount_arduin5hHsT2/resources/app/lib/backend/main.js:2:4362019
    at process.processTicksAndRejections (node:internal/process/task_queues:77:11)
2026-08-14 18:24:26 2026-08-14T12:54:26.323Z daemon INFO time="2026-08-14T18:24:26+05:30" level=info msg="received message" error=false event_type=close message=OK monitor=serial-monitor
time="2026-08-14T18:24:26+05:30" level=info msg="sending command" command=QUIT monitor=serial-monitor
2026-08-14 18:24:26 2026-08-14T12:54:26.323Z daemon INFO time="2026-08-14T18:24:26+05:30" level=info msg="received message" error=false event_type=quit message=OK monitor=serial-monitor
time="2026-08-14T18:24:26+05:30" level=info msg="Killing monitor process" monitor=serial-monitor
2026-08-14 18:24:26 2026-08-14T12:54:26.324Z daemon INFO time="2026-08-14T18:24:26+05:30" level=error msg="stopped decode loop: EOF" monitor=serial-monitor
2026-08-14 18:24:26 2026-08-14T12:54:26.324Z daemon INFO time="2026-08-14T18:24:26+05:30" level=info msg="Monitor process killed" monitor=serial-monitor
2026-08-14 18:24:26 2026-08-14T12:54:26.325Z monitor-service INFO monitor to /dev/ttyUSB0 using serial closed by server
2026-08-14 18:24:27 2026-08-14T12:54:27.285Z daemon INFO time="2026-08-14T18:24:27+05:30" level=info msg="Adding libraries dir" dir=/home/raj/.arduino15/libraries isSingleLibrary=false location=ide
time="2026-08-14T18:24:27+05:30" level=info msg="Adding libraries dir" dir=/home/raj/.arduino15/packages/arduino/hardware/avr/1.8.8/libraries isSingleLibrary=false location=platform
2026-08-14 18:24:27 2026-08-14T12:54:27.285Z daemon INFO time="2026-08-14T18:24:27+05:30" level=info msg="Adding libraries dir" dir=/home/raj/Arduino/libraries isSingleLibrary=false location=user
2026-08-14 18:24:28 2026-08-14T12:54:28.280Z root WARN Widget was activated, but did not accept focus after 2000ms: serial-monitor
2026-08-14 18:24:29 2026-08-14T12:54:29.010Z root INFO Received port after upload [arduino+serial:///dev/ttyUSB0, arduino:avr:uno, sketch_aug14b]. Before port: {"protocol":"serial","address":"/dev/ttyUSB0"}, after port: {"address":"/dev/ttyUSB0","addressLabel":"/dev/ttyUSB0","protocol":"serial","protocolLabel":"Serial Port (USB)","properties":{"pid":"0xEA60","serialNumber":"0001","vid":"0x10C4"},"hardwareId":"0001"}
2026-08-14 18:24:29 2026-08-14T12:54:29.014Z monitor-service INFO starting monitor
2026-08-14 18:24:29 2026-08-14T12:54:29.019Z daemon INFO time="2026-08-14T18:24:29+05:30" level=info msg="Starting monitor process" monitor=serial-monitor
2026-08-14 18:24:29 2026-08-14T12:54:29.019Z daemon INFO time="2026-08-14T18:24:29+05:30" level=info msg="Monitor process started successfully!" monitor=serial-monitor
time="2026-08-14T18:24:29+05:30" level=info msg="sending command" command="HELLO 1 \"arduino-cli 1.4.1\"" monitor=serial-monitor
2026-08-14 18:24:29 2026-08-14T12:54:29.023Z daemon INFO time="2026-08-14T18:24:29+05:30" level=info msg="received message" error=false event_type=hello message=OK monitor=serial-monitor
time="2026-08-14T18:24:29+05:30" level=info msg="sending command" command=DESCRIBE monitor=serial-monitor
2026-08-14 18:24:29 2026-08-14T12:54:29.023Z daemon INFO time="2026-08-14T18:24:29+05:30" level=info msg="received message" error=false event_type=describe message=OK monitor=serial-monitor
time="2026-08-14T18:24:29+05:30" level=info msg="sending command" command=QUIT monitor=serial-monitor
time="2026-08-14T18:24:29+05:30" level=info msg="received message" error=false event_type=quit message=OK monitor=serial-monitor
time="2026-08-14T18:24:29+05:30" level=info msg="Killing monitor process" monitor=serial-monitor
2026-08-14 18:24:29 2026-08-14T12:54:29.024Z daemon INFO time="2026-08-14T18:24:29+05:30" level=error msg="stopped decode loop: EOF" monitor=serial-monitor
time="2026-08-14T18:24:29+05:30" level=info msg="Monitor process killed" monitor=serial-monitor
2026-08-14 18:24:29 2026-08-14T12:54:29.030Z daemon INFO time="2026-08-14T18:24:29+05:30" level=info msg="Starting monitor process" monitor=serial-monitor
time="2026-08-14T18:24:29+05:30" level=info msg="Monitor process started successfully!" monitor=serial-monitor
time="2026-08-14T18:24:29+05:30" level=info msg="sending command" command="HELLO 1 \"arduino-cli 1.4.1\"" monitor=serial-monitor
2026-08-14 18:24:29 2026-08-14T12:54:29.033Z daemon INFO time="2026-08-14T18:24:29+05:30" level=info msg="received message" error=false event_type=hello message=OK monitor=serial-monitor
time="2026-08-14T18:24:29+05:30" level=info msg="sending command" command=DESCRIBE monitor=serial-monitor
2026-08-14 18:24:29 2026-08-14T12:54:29.034Z daemon INFO time="2026-08-14T18:24:29+05:30" level=info msg="received message" error=false event_type=describe message=OK monitor=serial-monitor
2026-08-14 18:24:29 2026-08-14T12:54:29.034Z daemon INFO time="2026-08-14T18:24:29+05:30" level=info msg="sending command" command="CONFIGURE bits 8" monitor=serial-monitor
2026-08-14 18:24:29 2026-08-14T12:54:29.034Z daemon INFO time="2026-08-14T18:24:29+05:30" level=info msg="received message" error=false event_type=configure message=OK monitor=serial-monitor
2026-08-14 18:24:29 2026-08-14T12:54:29.034Z daemon INFO time="2026-08-14T18:24:29+05:30" level=info msg="sending command" command="CONFIGURE dtr on" monitor=serial-monitor
2026-08-14 18:24:29 2026-08-14T12:54:29.034Z daemon INFO time="2026-08-14T18:24:29+05:30" level=info msg="received message" error=false event_type=configure message=OK monitor=serial-monitor
2026-08-14 18:24:29 2026-08-14T12:54:29.034Z daemon INFO time="2026-08-14T18:24:29+05:30" level=info msg="sending command" command="CONFIGURE parity none" monitor=serial-monitor
2026-08-14 18:24:29 2026-08-14T12:54:29.034Z daemon INFO time="2026-08-14T18:24:29+05:30" level=info msg="received message" error=false event_type=configure message=OK monitor=serial-monitor
2026-08-14 18:24:29 2026-08-14T12:54:29.034Z daemon INFO time="2026-08-14T18:24:29+05:30" level=info msg="sending command" command="CONFIGURE rts on" monitor=serial-monitor
2026-08-14 18:24:29 2026-08-14T12:54:29.035Z daemon INFO time="2026-08-14T18:24:29+05:30" level=info msg="received message" error=false event_type=configure message=OK monitor=serial-monitor
time="2026-08-14T18:24:29+05:30" level=info msg="sending command" command="CONFIGURE stop_bits 1" monitor=serial-monitor
2026-08-14 18:24:29 2026-08-14T12:54:29.035Z daemon INFO time="2026-08-14T18:24:29+05:30" level=info msg="received message" error=false event_type=configure message=OK monitor=serial-monitor
2026-08-14 18:24:29 2026-08-14T12:54:29.035Z daemon INFO time="2026-08-14T18:24:29+05:30" level=info msg="sending command" command="CONFIGURE baudrate 9600" monitor=serial-monitor
2026-08-14 18:24:29 2026-08-14T12:54:29.035Z daemon INFO time="2026-08-14T18:24:29+05:30" level=info msg="received message" error=false event_type=configure message=OK monitor=serial-monitor
2026-08-14 18:24:29 2026-08-14T12:54:29.035Z daemon INFO time="2026-08-14T18:24:29+05:30" level=info msg="sending command" command="OPEN 127.0.0.1:41949 /dev/ttyUSB0" monitor=serial-monitor
2026-08-14 18:24:29 2026-08-14T12:54:29.055Z daemon INFO time="2026-08-14T18:24:29+05:30" level=info msg="received message" error=false event_type=open message=OK monitor=serial-monitor
2026-08-14 18:24:29 2026-08-14T12:54:29.055Z daemon INFO time="2026-08-14T18:24:29+05:30" level=info msg="Port /dev/ttyUSB0 successfully opened"
2026-08-14 18:24:29 2026-08-14T12:54:29.056Z monitor-service INFO Using port configuration for serial:/dev/ttyUSB0: {"settingsList":[{"settingId":"bits","value":"8"},{"settingId":"dtr","value":"on"},{"settingId":"parity","value":"none"},{"settingId":"rts","value":"on"},{"settingId":"stop_bits","value":"1"},{"settingId":"baudrate","value":"9600"}]}
2026-08-14 18:24:29 2026-08-14T12:54:29.056Z monitor-service INFO started monitor to /dev/ttyUSB0 using serial
2026-08-14 18:24:29 2026-08-14T12:54:29.058Z monitor-service INFO No port configuration changes have been detected. No need to send configure commands to the running monitor serial:/dev/ttyUSB0.
2026-08-14 18:24:29 2026-08-14T12:54:29.074Z monitor-service INFO No port configuration changes have been detected. No need to send configure commands to the running monitor serial:/dev/ttyUSB0.
2026-08-14 18:25:54 2026-08-14T12:55:54.444Z root INFO creating connection for 3
2026-08-14 18:25:55 2026-08-14T12:55:55.620Z root WARN A command editor.action.toggleStickyScroll is already registered.
2026-08-14 18:25:55 Opening channel for service path '/services/electron-window'.
2026-08-14 18:25:55 Opening channel for service path '/services/ide-updater'.
2026-08-14 18:25:55 2026-08-14T12:55:55.784Z root INFO Start frontend contributions: 379.6 ms [Finished 2.262 s after frontend start]
2026-08-14 18:25:55 2026-08-14T12:55:55.784Z root INFO Changed application state from 'init' to 'started_contributions'.
2026-08-14 18:25:55 2026-08-14T12:55:55.796Z root INFO Changed application state from 'started_contributions' to 'attached_shell'.
2026-08-14 18:25:55 2026-08-14T12:55:55.796Z root INFO >>> Restoring the layout state...
2026-08-14 18:25:55 2026-08-14T12:55:55.864Z root INFO [55d7ad43-33d3-410b-8562-e8ef73ca0a9b] Waiting for backend deployment: 101.5 ms [Finished 2.357 s after frontend start]
2026-08-14 18:25:56 2026-08-14T12:55:56.113Z root INFO <<< Nothing to restore.
2026-08-14 18:25:56 2026-08-14T12:55:56.114Z root INFO Initialize the workbench layout: 256.2 ms [Finished 2.546 s after frontend start]
2026-08-14 18:25:56 2026-08-14T12:55:56.114Z root INFO Changed application state from 'attached_shell' to 'initialized_layout'.
2026-08-14 18:25:56 2026-08-14T12:55:56.627Z root INFO [hosted-plugin: 13374] PLUGIN_HOST(13374) starting instance
[Object: null prototype] {}
2026-08-14 18:25:57 2026-08-14T12:55:57.541Z root INFO [55d7ad43-33d3-410b-8562-e8ef73ca0a9b] Sync of 23 plugins: 1627.5 ms [Finished 3.984 s after frontend start]
2026-08-14 18:25:57 2026-08-14T12:55:57.542Z root INFO [55d7ad43-33d3-410b-8562-e8ef73ca0a9b] Loading plugin contributions
2026-08-14 18:25:57 2026-08-14T12:55:57.542Z root INFO [55d7ad43-33d3-410b-8562-e8ef73ca0a9b] Load contributions of 23 plugins: 48.5 ms [Finished 4.033 s after frontend start]
2026-08-14 18:25:57 2026-08-14T12:55:57.585Z root WARN 'cpp' language is remapped from 'source.cpp.embedded.macro' to 'source.cpp' scope
2026-08-14 18:25:57 2026-08-14T12:55:57.585Z root WARN a registered grammar configuration for 'cpp' language is overridden
2026-08-14 18:25:57 2026-08-14T12:55:57.885Z root INFO Frontend application start: 2307.1 ms [Finished 2201.864 s after backend start]
2026-08-14 18:25:57 2026-08-14T12:55:57.905Z root INFO Replace loading indicator with ready workbench UI (animation): 1545.9 ms [Finished 4.113 s after frontend start]
2026-08-14 18:25:57 2026-08-14T12:55:57.905Z root INFO Changed application state from 'initialized_layout' to 'ready'.
2026-08-14 18:25:57 2026-08-14T12:55:57.905Z root WARN Linked preference "workbench.colorCustomizations" not found.
2026-08-14 18:25:58 2026-08-14T12:55:58.024Z root INFO Executing startup tasks:
2026-08-14 18:25:58 2026-08-14T12:55:58.024Z root INFO  - 'arduino-use-inherited-boards-data' , args: [{"fqbn":"arduino:avr:uno","data":{"configOptions":[],"programmers":[{"id":"arduinoisp","name":"ArduinoISP","platform":"arduino:avr@1.8.8"},{"id":"jtag3","name":"Atmel JTAGICE3 (JTAG mode)","platform":"arduino:avr@1.8.8"},{"id":"arduinoasisp","name":"Arduino as ISP","platform":"arduino:avr@1.8.8"},{"id":"usbGemma","name":"Arduino Gemma","platform":"arduino:avr@1.8.8"},{"id":"arduinoasispatmega32u4","name":"Arduino as ISP (ATmega32U4)","platform":"arduino:avr@1.8.8"},{"id":"atmel_ice","name":"Atmel-ICE (AVR)","platform":"arduino:avr@1.8.8"},{"id":"parallel","name":"Parallel Programmer","platform":"arduino:avr@1.8.8"},{"id":"stk500","name":"Atmel STK500 development board","platform":"arduino:avr@1.8.8"},{"id":"avrisp","name":"AVR ISP","platform":"arduino:avr@1.8.8"},{"id":"jtag3isp","name":"Atmel JTAGICE3 (ISP mode)","platform":"arduino:avr@1.8.8"},{"id":"usbasp","name":"USBasp","platform":"arduino:avr@1.8.8"},{"id":"avrispmkii","name":"AVRISP mkII","platform":"arduino:avr@1.8.8"},{"id":"arduinoisporg","name":"ArduinoISP.org","platform":"arduino:avr@1.8.8"},{"id":"usbtinyisp","name":"USBtinyISP","platform":"arduino:avr@1.8.8"},{"id":"buspirate","name":"BusPirate as ISP","platform":"arduino:avr@1.8.8"}]}}]
2026-08-14 18:25:58 2026-08-14T12:55:58.025Z root INFO  - 'arduino-use-inherited-boards-config' , args: [{"selectedBoard":{"name":"Arduino UNO","fqbn":"arduino:avr:uno","packageId":{"vendorId":"arduino","arch":"avr"},"packageName":"Arduino AVR Boards","manuallyInstalled":false,"selected":false,"missing":false},"selectedPort":{"protocol":"serial","address":"/dev/ttyUSB0"}},{"arduino+serial:///dev/ttyUSB0":{"name":"Arduino UNO","fqbn":"arduino:avr:uno","packageId":{"vendorId":"arduino","arch":"avr"},"packageName":"Arduino AVR Boards","manuallyInstalled":false,"selected":false,"missing":false}}]
2026-08-14 18:25:58 2026-08-14T12:55:58.363Z daemon INFO time="2026-08-14T18:25:58+05:30" level=info msg="Tool required for debug" tool="arduino:arduinoOTA@1.3.0"
time="2026-08-14T18:25:58+05:30" level=info msg="Tool required for debug" tool="arduino:avr-gcc@7.3.0-atmel3.6.1-arduino7"
time="2026-08-14T18:25:58+05:30" level=info msg="Tool required for debug" tool="arduino:avrdude@8.0.0-arduino1"
time="2026-08-14T18:25:58+05:30" level=info msg="Tool required for debug" tool="builtin:serial-monitor@0.15.0"
time="2026-08-14T18:25:58+05:30" level=info msg="Tool required for debug" tool="builtin:ctags@5.8-arduino11"
time="2026-08-14T18:25:58+05:30" level=info msg="Tool required for debug" tool="builtin:serial-discovery@1.5.2"
time="2026-08-14T18:25:58+05:30" level=info msg="Tool required for debug" tool="builtin:dfu-discovery@0.1.2"
time="2026-08-14T18:25:58+05:30" level=info msg="Tool required for debug" tool="builtin:mdns-discovery@1.1.0"
2026-08-14 18:25:58 2026-08-14T12:55:58.363Z root ERROR Failed to get debug config: arduino:avr:uno, undefined Error: Debugging is not supported.
    at Object.callback (/tmp/.mount_arduin5hHsT2/resources/app/lib/backend/main.js:2:4756202)
    at Object.onReceiveStatus (/tmp/.mount_arduin5hHsT2/resources/app/lib/backend/main.js:2:3791917)
    at Object.onReceiveStatus (/tmp/.mount_arduin5hHsT2/resources/app/lib/backend/main.js:2:2225840)
    at Object.onReceiveStatus (/tmp/.mount_arduin5hHsT2/resources/app/lib/backend/main.js:2:2225285)
    at /tmp/.mount_arduin5hHsT2/resources/app/lib/backend/main.js:2:4362019
    at process.processTicksAndRejections (node:internal/process/task_queues:77:11)
2026-08-14 18:25:58 2026-08-14T12:55:58.364Z daemon INFO time="2026-08-14T18:25:58+05:30" level=info msg="Tool required for debug" tool="arduino:arduinoOTA@1.3.0"
time="2026-08-14T18:25:58+05:30" level=info msg="Tool required for debug" tool="arduino:avr-gcc@7.3.0-atmel3.6.1-arduino7"
time="2026-08-14T18:25:58+05:30" level=info msg="Tool required for debug" tool="arduino:avrdude@8.0.0-arduino1"
time="2026-08-14T18:25:58+05:30" level=info msg="Tool required for debug" tool="builtin:dfu-discovery@0.1.2"
time="2026-08-14T18:25:58+05:30" level=info msg="Tool required for debug" tool="builtin:mdns-discovery@1.1.0"
time="2026-08-14T18:25:58+05:30" level=info msg="Tool required for debug" tool="builtin:serial-discovery@1.5.2"
time="2026-08-14T18:25:58+05:30" level=info msg="Tool required for debug" tool="builtin:serial-monitor@0.15.0"
2026-08-14 18:25:58 2026-08-14T12:55:58.366Z root ERROR Failed to get debug config: arduino:avr:uno, undefined Error: Debugging is not supported.
    at Object.callback (/tmp/.mount_arduin5hHsT2/resources/app/lib/backend/main.js:2:4756202)
    at Object.onReceiveStatus (/tmp/.mount_arduin5hHsT2/resources/app/lib/backend/main.js:2:3791917)
    at Object.onReceiveStatus (/tmp/.mount_arduin5hHsT2/resources/app/lib/backend/main.js:2:2225840)
    at Object.onReceiveStatus (/tmp/.mount_arduin5hHsT2/resources/app/lib/backend/main.js:2:2225285)
    at /tmp/.mount_arduin5hHsT2/resources/app/lib/backend/main.js:2:4362019
    at process.processTicksAndRejections (node:internal/process/task_queues:77:11)
2026-08-14 18:25:58 2026-08-14T12:55:58.366Z daemon INFO time="2026-08-14T18:25:58+05:30" level=info msg="Tool required for debug" tool="builtin:ctags@5.8-arduino11"
2026-08-14 18:25:58 2026-08-14T12:55:58.490Z daemon INFO time="2026-08-14T18:25:58+05:30" level=info msg="Tool required for debug" tool="arduino:arduinoOTA@1.3.0"
time="2026-08-14T18:25:58+05:30" level=info msg="Tool required for debug" tool="arduino:avr-gcc@7.3.0-atmel3.6.1-arduino7"
time="2026-08-14T18:25:58+05:30" level=info msg="Tool required for debug" tool="arduino:avrdude@8.0.0-arduino1"
time="2026-08-14T18:25:58+05:30" level=info msg="Tool required for debug" tool="builtin:mdns-discovery@1.1.0"
time="2026-08-14T18:25:58+05:30" level=info msg="Tool required for debug" tool="builtin:serial-discovery@1.5.2"
time="2026-08-14T18:25:58+05:30" level=info msg="Tool required for debug" tool="builtin:serial-monitor@0.15.0"
time="2026-08-14T18:25:58+05:30" level=info msg="Tool required for debug" tool="builtin:ctags@5.8-arduino11"
time="2026-08-14T18:25:58+05:30" level=info msg="Tool required for debug" tool="builtin:dfu-discovery@0.1.2"
2026-08-14 18:25:58 2026-08-14T12:55:58.491Z root ERROR Failed to get debug config: arduino:avr:uno, undefined Error: Debugging is not supported.
    at Object.callback (/tmp/.mount_arduin5hHsT2/resources/app/lib/backend/main.js:2:4756202)
    at Object.onReceiveStatus (/tmp/.mount_arduin5hHsT2/resources/app/lib/backend/main.js:2:3791917)
    at Object.onReceiveStatus (/tmp/.mount_arduin5hHsT2/resources/app/lib/backend/main.js:2:2225840)
    at Object.onReceiveStatus (/tmp/.mount_arduin5hHsT2/resources/app/lib/backend/main.js:2:2225285)
    at /tmp/.mount_arduin5hHsT2/resources/app/lib/backend/main.js:2:4362019
    at process.processTicksAndRejections (node:internal/process/task_queues:77:11)
2026-08-14 18:25:58 2026-08-14T12:55:58.708Z root ERROR [hosted-plugin: 13374] Conflict in settings file Default: Ignoring cortex-debug.armToolchainPath.linux as cortex-debug.armToolchainPath is null
Conflict in settings file Default: Ignoring cortex-debug.armToolchainPath.osx as cortex-debug.armToolchainPath is null
2026-08-14 18:25:58 2026-08-14T12:55:58.708Z root ERROR [hosted-plugin: 13374] Conflict in settings file Default: Ignoring cortex-debug.armToolchainPath.windows as cortex-debug.armToolchainPath is null
Conflict in settings file Default: Ignoring cortex-debug.JLinkGDBServerPath.linux as cortex-debug.JLinkGDBServerPath is null
Conflict in settings file Default: Ignoring cortex-debug.JLinkGDBServerPath.osx as cortex-debug.JLinkGDBServerPath is null
2026-08-14 18:25:58 2026-08-14T12:55:58.708Z root ERROR [hosted-plugin: 13374] Conflict in settings file Default: Ignoring cortex-debug.JLinkGDBServerPath.windows as cortex-debug.JLinkGDBServerPath is null
2026-08-14 18:25:58 2026-08-14T12:55:58.708Z root ERROR [hosted-plugin: 13374] Conflict in settings file Default: Ignoring cortex-debug.openocdPath.linux as cortex-debug.openocdPath is null
2026-08-14 18:25:58 2026-08-14T12:55:58.709Z root ERROR [hosted-plugin: 13374] Conflict in settings file Default: Ignoring cortex-debug.openocdPath.osx as cortex-debug.openocdPath is null
Conflict in settings file Default: Ignoring cortex-debug.openocdPath.windows as cortex-debug.openocdPath is null
2026-08-14 18:25:58 2026-08-14T12:55:58.709Z root ERROR [hosted-plugin: 13374] Conflict in settings file Default: Ignoring cortex-debug.pyocdPath.linux as cortex-debug.pyocdPath is null
Conflict in settings file Default: Ignoring cortex-debug.pyocdPath.osx as cortex-debug.pyocdPath is null
Conflict in settings file Default: Ignoring cortex-debug.pyocdPath.windows as cortex-debug.pyocdPath is null
2026-08-14 18:25:58 2026-08-14T12:55:58.709Z root ERROR [hosted-plugin: 13374] Conflict in settings file Default: Ignoring cortex-debug.PEGDBServerPath.linux as cortex-debug.PEGDBServerPath is null
Conflict in settings file Default: Ignoring cortex-debug.PEGDBServerPath.osx as cortex-debug.PEGDBServerPath is null
Conflict in settings file Default: Ignoring cortex-debug.PEGDBServerPath.windows as cortex-debug.PEGDBServerPath is null
Conflict in settings file Default: Ignoring cortex-debug.stutilPath.linux as cortex-debug.stutilPath is null
2026-08-14 18:25:58 2026-08-14T12:55:58.709Z root ERROR [hosted-plugin: 13374] Conflict in settings file Default: Ignoring cortex-debug.stutilPath.osx as cortex-debug.stutilPath is null
Conflict in settings file Default: Ignoring cortex-debug.stutilPath.windows as cortex-debug.stutilPath is null
Conflict in settings file Default: Ignoring cortex-debug.stlinkPath.linux as cortex-debug.stlinkPath is null
Conflict in settings file Default: Ignoring cortex-debug.stlinkPath.osx as cortex-debug.stlinkPath is null
2026-08-14 18:25:58 2026-08-14T12:55:58.709Z root ERROR [hosted-plugin: 13374] Conflict in settings file Default: Ignoring cortex-debug.stlinkPath.windows as cortex-debug.stlinkPath is null
Conflict in settings file Default: Ignoring cortex-debug.stm32cubeprogrammer.linux as cortex-debug.stm32cubeprogrammer is null
Conflict in settings file Default: Ignoring cortex-debug.stm32cubeprogrammer.osx as cortex-debug.stm32cubeprogrammer is null
2026-08-14 18:25:58 2026-08-14T12:55:58.709Z root ERROR [hosted-plugin: 13374] Conflict in settings file Default: Ignoring cortex-debug.stm32cubeprogrammer.windows as cortex-debug.stm32cubeprogrammer is null
2026-08-14 18:25:58 2026-08-14T12:55:58.740Z root INFO [hosted-plugin: 13374] PLUGIN_HOST(13374): PluginManagerExtImpl/init()
2026-08-14 18:25:58 2026-08-14T12:55:58.744Z root INFO [hosted-plugin: 13374] PLUGIN_HOST(13374): initializing(vscode-arduino-api@0.1.2 with /tmp/.mount_arduin5hHsT2/resources/app/lib/backend/plugin-vscode-init)
2026-08-14 18:25:58 2026-08-14T12:55:58.841Z root INFO [hosted-plugin: 13374] PLUGIN_HOST(13374): initializing(json-language-features@1.88.1 with /tmp/.mount_arduin5hHsT2/resources/app/lib/backend/plugin-vscode-init)
2026-08-14 18:25:58 2026-08-14T12:55:58.847Z root INFO [hosted-plugin: 13374] PLUGIN_HOST(13374): initializing(cortex-debug@1.5.1 with /tmp/.mount_arduin5hHsT2/resources/app/lib/backend/plugin-vscode-init)
2026-08-14 18:25:58 2026-08-14T12:55:58.849Z root INFO [hosted-plugin: 13374] Debugger contribution has been registered: cortex-debug
2026-08-14 18:25:58 2026-08-14T12:55:58.852Z root INFO [hosted-plugin: 13374] PLUGIN_HOST(13374): initializing(vscode-arduino-tools@0.1.3 with /tmp/.mount_arduin5hHsT2/resources/app/lib/backend/plugin-vscode-init)
2026-08-14 18:25:58 2026-08-14T12:55:58.855Z root INFO [hosted-plugin: 13374] PLUGIN_HOST(13374): initializing(cpp@1.88.1 with /tmp/.mount_arduin5hHsT2/resources/app/lib/backend/plugin-vscode-init)
2026-08-14 18:25:58 2026-08-14T12:55:58.857Z root INFO [hosted-plugin: 13374] PLUGIN_HOST(13374): initializing(json@1.88.1 with /tmp/.mount_arduin5hHsT2/resources/app/lib/backend/plugin-vscode-init)
2026-08-14 18:25:58 2026-08-14T12:55:58.864Z root INFO [hosted-plugin: 13374] PLUGIN_HOST(13374): initializing(vscode-language-pack-bg@1.48.3 with /tmp/.mount_arduin5hHsT2/resources/app/lib/backend/plugin-vscode-init)
2026-08-14 18:25:58 2026-08-14T12:55:58.866Z root INFO [hosted-plugin: 13374] PLUGIN_HOST(13374): initializing(vscode-language-pack-cs@1.96.0 with /tmp/.mount_arduin5hHsT2/resources/app/lib/backend/plugin-vscode-init)
2026-08-14 18:25:58 2026-08-14T12:55:58.867Z root INFO [hosted-plugin: 13374] PLUGIN_HOST(13374): initializing(vscode-language-pack-de@1.96.0 with /tmp/.mount_arduin5hHsT2/resources/app/lib/backend/plugin-vscode-init)
2026-08-14 18:25:58 2026-08-14T12:55:58.869Z root INFO [hosted-plugin: 13374] PLUGIN_HOST(13374): initializing(vscode-language-pack-es@1.96.0 with /tmp/.mount_arduin5hHsT2/resources/app/lib/backend/plugin-vscode-init)
2026-08-14 18:25:58 2026-08-14T12:55:58.870Z root INFO [hosted-plugin: 13374] PLUGIN_HOST(13374): initializing(vscode-language-pack-fr@1.96.0 with /tmp/.mount_arduin5hHsT2/resources/app/lib/backend/plugin-vscode-init)
2026-08-14 18:25:58 2026-08-14T12:55:58.871Z root INFO [hosted-plugin: 13374] PLUGIN_HOST(13374): initializing(vscode-language-pack-hu@1.48.3 with /tmp/.mount_arduin5hHsT2/resources/app/lib/backend/plugin-vscode-init)
2026-08-14 18:25:58 2026-08-14T12:55:58.872Z root INFO [hosted-plugin: 13374] PLUGIN_HOST(13374): initializing(vscode-language-pack-it@1.96.0 with /tmp/.mount_arduin5hHsT2/resources/app/lib/backend/plugin-vscode-init)
2026-08-14 18:25:58 2026-08-14T12:55:58.872Z root INFO [hosted-plugin: 13374] PLUGIN_HOST(13374): initializing(vscode-language-pack-ja@1.96.0 with /tmp/.mount_arduin5hHsT2/resources/app/lib/backend/plugin-vscode-init)
2026-08-14 18:25:58 2026-08-14T12:55:58.874Z root INFO [hosted-plugin: 13374] PLUGIN_HOST(13374): initializing(vscode-language-pack-ko@1.96.0 with /tmp/.mount_arduin5hHsT2/resources/app/lib/backend/plugin-vscode-init)
2026-08-14 18:25:58 2026-08-14T12:55:58.875Z root INFO [hosted-plugin: 13374] PLUGIN_HOST(13374): initializing(vscode-language-pack-nl@1.48.3 with /tmp/.mount_arduin5hHsT2/resources/app/lib/backend/plugin-vscode-init)
2026-08-14 18:25:58 2026-08-14T12:55:58.875Z root INFO [hosted-plugin: 13374] PLUGIN_HOST(13374): initializing(vscode-language-pack-pl@1.96.0 with /tmp/.mount_arduin5hHsT2/resources/app/lib/backend/plugin-vscode-init)
2026-08-14 18:25:58 2026-08-14T12:55:58.876Z root INFO [hosted-plugin: 13374] PLUGIN_HOST(13374): initializing(vscode-language-pack-pt-BR@1.96.0 with /tmp/.mount_arduin5hHsT2/resources/app/lib/backend/plugin-vscode-init)
2026-08-14 18:25:58 2026-08-14T12:55:58.877Z root INFO [hosted-plugin: 13374] PLUGIN_HOST(13374): initializing(vscode-language-pack-ru@1.96.0 with /tmp/.mount_arduin5hHsT2/resources/app/lib/backend/plugin-vscode-init)
2026-08-14 18:25:58 2026-08-14T12:55:58.877Z root INFO [hosted-plugin: 13374] PLUGIN_HOST(13374): initializing(vscode-language-pack-tr@1.96.0 with /tmp/.mount_arduin5hHsT2/resources/app/lib/backend/plugin-vscode-init)
2026-08-14 18:25:58 2026-08-14T12:55:58.878Z root INFO [hosted-plugin: 13374] PLUGIN_HOST(13374): initializing(vscode-language-pack-uk@1.48.3 with /tmp/.mount_arduin5hHsT2/resources/app/lib/backend/plugin-vscode-init)
2026-08-14 18:25:58 2026-08-14T12:55:58.879Z root INFO [hosted-plugin: 13374] PLUGIN_HOST(13374): initializing(vscode-language-pack-zh-hans@1.96.0 with /tmp/.mount_arduin5hHsT2/resources/app/lib/backend/plugin-vscode-init)
2026-08-14 18:25:58 2026-08-14T12:55:58.885Z root INFO [hosted-plugin: 13374] PLUGIN_HOST(13374): initializing(vscode-language-pack-zh-hant@1.96.0 with /tmp/.mount_arduin5hHsT2/resources/app/lib/backend/plugin-vscode-init)
2026-08-14 18:25:59 2026-08-14T12:55:59.005Z root INFO [hosted-plugin: 13374] PLUGIN_HOST(13374): PluginManagerExtImpl/loadPlugin(/tmp/.mount_arduin5hHsT2/resources/app/plugins/vscode-builtin-json-language-features/extension/client/dist/node/jsonClientMain)
2026-08-14 18:25:59 2026-08-14T12:55:59.102Z root INFO [hosted-plugin: 13374] PLUGIN_HOST(13374): PluginManagerExtImpl/loadPlugin(/tmp/.mount_arduin5hHsT2/resources/app/plugins/vscode-arduino-api/extension/dist/extension.js)
2026-08-14 18:25:59 2026-08-14T12:55:59.107Z root INFO [hosted-plugin: 13374] calling activation function on Arduino IDE API for VS Code extensions
2026-08-14 18:25:59 2026-08-14T12:55:59.110Z root INFO [55d7ad43-33d3-410b-8562-e8ef73ca0a9b] Starting plugins.
2026-08-14 18:25:59 2026-08-14T12:55:59.159Z root INFO [hosted-plugin: 13374] PLUGIN_HOST(13374): PluginManagerExtImpl/loadPlugin(/tmp/.mount_arduin5hHsT2/resources/app/plugins/cortex-debug/extension/dist/extension.js)
2026-08-14 18:25:59 2026-08-14T12:55:59.204Z root INFO [hosted-plugin: 13374] Debug configuration provider has been registered: cortex-debug, trigger: 1
2026-08-14 18:25:59 2026-08-14T12:55:59.204Z root INFO [hosted-plugin: 13374] calling activation function on Cortex-Debug
2026-08-14 18:25:59 2026-08-14T12:55:59.208Z root INFO [hosted-plugin: 13374] GDB server console created
2026-08-14 18:25:59 2026-08-14T12:55:59.223Z root INFO [55d7ad43-33d3-410b-8562-e8ef73ca0a9b] Start of 23 plugins: 1663.7 ms [Finished 5.712 s after frontend start]
2026-08-14 18:25:59 2026-08-14T12:55:59.256Z root INFO Starting language server: arduino:avr:uno
2026-08-14 18:25:59 2026-08-14T12:55:59.285Z root INFO [hosted-plugin: 13374] PLUGIN_HOST(13374): PluginManagerExtImpl/loadPlugin(/tmp/.mount_arduin5hHsT2/resources/app/plugins/vscode-arduino-tools/extension/dist/extension.js)
2026-08-14 18:25:59 2026-08-14T12:55:59.319Z root INFO [hosted-plugin: 13374] calling activation function on VS Code Arduino Tools
2026-08-14 18:25:59 2026-08-14T12:55:59.352Z daemon INFO time="2026-08-14T18:25:59+05:30" level=info msg="Adding libraries dir" dir=/home/raj/.arduino15/libraries isSingleLibrary=false location=ide
time="2026-08-14T18:25:59+05:30" level=info msg="Adding libraries dir" dir=/home/raj/.arduino15/packages/arduino/hardware/avr/1.8.8/libraries isSingleLibrary=false location=platform
time="2026-08-14T18:25:59+05:30" level=info msg="Adding libraries dir" dir=/home/raj/Arduino/libraries isSingleLibrary=false location=user
2026-08-14 18:25:59 2026-08-14T12:55:59.404Z root INFO [hosted-plugin: 13374] calling activation function on JSON Language Features (built-in)
2026-08-14 18:25:59 2026-08-14T12:55:59.552Z daemon INFO time="2026-08-14T18:25:59+05:30" level=info msg="Adding libraries dir" dir=/home/raj/.arduino15/libraries isSingleLibrary=false location=ide
time="2026-08-14T18:25:59+05:30" level=info msg="Adding libraries dir" dir=/home/raj/.arduino15/packages/arduino/hardware/avr/1.8.8/libraries isSingleLibrary=false location=platform
2026-08-14 18:25:59 2026-08-14T12:55:59.552Z daemon INFO time="2026-08-14T18:25:59+05:30" level=info msg="Adding libraries dir" dir=/home/raj/Arduino/libraries isSingleLibrary=false location=user
2026-08-14 18:26:02 2026-08-14T12:56:02.618Z daemon INFO time="2026-08-14T18:26:02+05:30" level=info msg="Adding libraries dir" dir=/home/raj/.arduino15/libraries isSingleLibrary=false location=ide
time="2026-08-14T18:26:02+05:30" level=info msg="Adding libraries dir" dir=/home/raj/.arduino15/packages/arduino/hardware/avr/1.8.8/libraries isSingleLibrary=false location=platform
time="2026-08-14T18:26:02+05:30" level=info msg="Adding libraries dir" dir=/home/raj/Arduino/libraries isSingleLibrary=false location=user
2026-08-14 18:26:03 2026-08-14T12:56:02.986Z root INFO Executing 'arduino.languageserver.notifyBuildDidComplete' with "file:///home/raj/.cache/arduino/sketches/3FBF09F2877276F76D833CC474BFBC86"
2026-08-14 18:26:03 2026-08-14T12:56:02.988Z daemon INFO time="2026-08-14T18:26:02+05:30" level=info msg="sending command" command=CLOSE monitor=serial-monitor
2026-08-14 18:26:03 2026-08-14T12:56:03.021Z daemon INFO time="2026-08-14T18:26:03+05:30" level=info msg="Tool required for debug" tool="arduino:arduinoOTA@1.3.0"
time="2026-08-14T18:26:03+05:30" level=info msg="Tool required for debug" tool="arduino:avr-gcc@7.3.0-atmel3.6.1-arduino7"
time="2026-08-14T18:26:03+05:30" level=info msg="Tool required for debug" tool="arduino:avrdude@8.0.0-arduino1"
2026-08-14 18:26:03 2026-08-14T12:56:03.021Z daemon INFO time="2026-08-14T18:26:03+05:30" level=info msg="Tool required for debug" tool="builtin:ctags@5.8-arduino11"
time="2026-08-14T18:26:03+05:30" level=info msg="Tool required for debug" tool="builtin:dfu-discovery@0.1.2"
time="2026-08-14T18:26:03+05:30" level=info msg="Tool required for debug" tool="builtin:mdns-discovery@1.1.0"
time="2026-08-14T18:26:03+05:30" level=info msg="Tool required for debug" tool="builtin:serial-discovery@1.5.2"
time="2026-08-14T18:26:03+05:30" level=info msg="Tool required for debug" tool="builtin:serial-monitor@0.15.0"
2026-08-14 18:26:03 2026-08-14T12:56:03.022Z root ERROR Failed to get debug config: arduino:avr:uno, undefined Error: Debugging is not supported.
    at Object.callback (/tmp/.mount_arduin5hHsT2/resources/app/lib/backend/main.js:2:4756202)
    at Object.onReceiveStatus (/tmp/.mount_arduin5hHsT2/resources/app/lib/backend/main.js:2:3791917)
    at Object.onReceiveStatus (/tmp/.mount_arduin5hHsT2/resources/app/lib/backend/main.js:2:2225840)
    at Object.onReceiveStatus (/tmp/.mount_arduin5hHsT2/resources/app/lib/backend/main.js:2:2225285)
    at /tmp/.mount_arduin5hHsT2/resources/app/lib/backend/main.js:2:4362019
    at process.processTicksAndRejections (node:internal/process/task_queues:77:11)
2026-08-14 18:26:03 2026-08-14T12:56:03.047Z daemon INFO time="2026-08-14T18:26:03+05:30" level=info msg="received message" error=false event_type=close message=OK monitor=serial-monitor
time="2026-08-14T18:26:03+05:30" level=info msg="sending command" command=QUIT monitor=serial-monitor
2026-08-14 18:26:03 2026-08-14T12:56:03.047Z daemon INFO time="2026-08-14T18:26:03+05:30" level=info msg="received message" error=false event_type=quit message=OK monitor=serial-monitor
time="2026-08-14T18:26:03+05:30" level=info msg="Killing monitor process" monitor=serial-monitor
2026-08-14 18:26:03 2026-08-14T12:56:03.047Z daemon INFO time="2026-08-14T18:26:03+05:30" level=error msg="stopped decode loop: EOF" monitor=serial-monitor
2026-08-14 18:26:03 2026-08-14T12:56:03.048Z daemon INFO time="2026-08-14T18:26:03+05:30" level=info msg="Monitor process killed" monitor=serial-monitor
2026-08-14 18:26:03 2026-08-14T12:56:03.049Z monitor-service INFO monitor to /dev/ttyUSB0 using serial closed by server
2026-08-14 18:26:04 2026-08-14T12:56:04.000Z daemon INFO time="2026-08-14T18:26:03+05:30" level=info msg="Adding libraries dir" dir=/home/raj/.arduino15/libraries isSingleLibrary=false location=ide
time="2026-08-14T18:26:03+05:30" level=info msg="Adding libraries dir" dir=/home/raj/.arduino15/packages/arduino/hardware/avr/1.8.8/libraries isSingleLibrary=false location=platform
time="2026-08-14T18:26:03+05:30" level=info msg="Adding libraries dir" dir=/home/raj/Arduino/libraries isSingleLibrary=false location=user
2026-08-14 18:26:05 2026-08-14T12:56:05.486Z root INFO Received port after upload [arduino+serial:///dev/ttyUSB0, arduino:avr:uno, sketch_aug14c]. Before port: {"protocol":"serial","address":"/dev/ttyUSB0"}, after port: {"address":"/dev/ttyUSB0","addressLabel":"/dev/ttyUSB0","protocol":"serial","protocolLabel":"Serial Port (USB)","properties":{"pid":"0xEA60","serialNumber":"0001","vid":"0x10C4"},"hardwareId":"0001"}
2026-08-14 18:26:05 2026-08-14T12:56:05.487Z monitor-service INFO starting monitor
2026-08-14 18:26:05 2026-08-14T12:56:05.489Z daemon INFO time="2026-08-14T18:26:05+05:30" level=info msg="Starting monitor process" monitor=serial-monitor
2026-08-14 18:26:05 2026-08-14T12:56:05.490Z daemon INFO time="2026-08-14T18:26:05+05:30" level=info msg="Monitor process started successfully!" monitor=serial-monitor
time="2026-08-14T18:26:05+05:30" level=info msg="sending command" command="HELLO 1 \"arduino-cli 1.4.1\"" monitor=serial-monitor
2026-08-14 18:26:05 2026-08-14T12:56:05.493Z daemon INFO time="2026-08-14T18:26:05+05:30" level=info msg="received message" error=false event_type=hello message=OK monitor=serial-monitor
time="2026-08-14T18:26:05+05:30" level=info msg="sending command" command=DESCRIBE monitor=serial-monitor
2026-08-14 18:26:05 2026-08-14T12:56:05.493Z daemon INFO time="2026-08-14T18:26:05+05:30" level=info msg="received message" error=false event_type=describe message=OK monitor=serial-monitor
time="2026-08-14T18:26:05+05:30" level=info msg="sending command" command=QUIT monitor=serial-monitor
2026-08-14 18:26:05 2026-08-14T12:56:05.493Z daemon INFO time="2026-08-14T18:26:05+05:30" level=info msg="received message" error=false event_type=quit message=OK monitor=serial-monitor
2026-08-14 18:26:05 2026-08-14T12:56:05.493Z daemon INFO time="2026-08-14T18:26:05+05:30" level=info msg="Killing monitor process" monitor=serial-monitor
2026-08-14 18:26:05 2026-08-14T12:56:05.493Z daemon INFO time="2026-08-14T18:26:05+05:30" level=error msg="stopped decode loop: EOF" monitor=serial-monitor
2026-08-14 18:26:05 2026-08-14T12:56:05.494Z daemon INFO time="2026-08-14T18:26:05+05:30" level=info msg="Monitor process killed" monitor=serial-monitor
2026-08-14 18:26:05 2026-08-14T12:56:05.499Z daemon INFO time="2026-08-14T18:26:05+05:30" level=info msg="Starting monitor process" monitor=serial-monitor
2026-08-14 18:26:05 2026-08-14T12:56:05.503Z daemon INFO time="2026-08-14T18:26:05+05:30" level=info msg="Monitor process started successfully!" monitor=serial-monitor
time="2026-08-14T18:26:05+05:30" level=info msg="sending command" command="HELLO 1 \"arduino-cli 1.4.1\"" monitor=serial-monitor
2026-08-14 18:26:05 2026-08-14T12:56:05.505Z daemon INFO time="2026-08-14T18:26:05+05:30" level=info msg="received message" error=false event_type=hello message=OK monitor=serial-monitor
time="2026-08-14T18:26:05+05:30" level=info msg="sending command" command=DESCRIBE monitor=serial-monitor
2026-08-14 18:26:05 2026-08-14T12:56:05.506Z daemon INFO time="2026-08-14T18:26:05+05:30" level=info msg="received message" error=false event_type=describe message=OK monitor=serial-monitor
time="2026-08-14T18:26:05+05:30" level=info msg="sending command" command="CONFIGURE bits 8" monitor=serial-monitor
2026-08-14 18:26:05 2026-08-14T12:56:05.506Z daemon INFO time="2026-08-14T18:26:05+05:30" level=info msg="received message" error=false event_type=configure message=OK monitor=serial-monitor
time="2026-08-14T18:26:05+05:30" level=info msg="sending command" command="CONFIGURE dtr on" monitor=serial-monitor
2026-08-14 18:26:05 2026-08-14T12:56:05.506Z daemon INFO time="2026-08-14T18:26:05+05:30" level=info msg="received message" error=false event_type=configure message=OK monitor=serial-monitor
time="2026-08-14T18:26:05+05:30" level=info msg="sending command" command="CONFIGURE parity none" monitor=serial-monitor
2026-08-14 18:26:05 2026-08-14T12:56:05.507Z daemon INFO time="2026-08-14T18:26:05+05:30" level=info msg="received message" error=false event_type=configure message=OK monitor=serial-monitor
time="2026-08-14T18:26:05+05:30" level=info msg="sending command" command="CONFIGURE rts on" monitor=serial-monitor
time="2026-08-14T18:26:05+05:30" level=info msg="received message" error=false event_type=configure message=OK monitor=serial-monitor
2026-08-14 18:26:05 2026-08-14T12:56:05.507Z daemon INFO time="2026-08-14T18:26:05+05:30" level=info msg="sending command" command="CONFIGURE stop_bits 1" monitor=serial-monitor
2026-08-14 18:26:05 2026-08-14T12:56:05.507Z daemon INFO time="2026-08-14T18:26:05+05:30" level=info msg="received message" error=false event_type=configure message=OK monitor=serial-monitor
time="2026-08-14T18:26:05+05:30" level=info msg="sending command" command="CONFIGURE baudrate 9600" monitor=serial-monitor
2026-08-14 18:26:05 2026-08-14T12:56:05.507Z daemon INFO time="2026-08-14T18:26:05+05:30" level=info msg="received message" error=false event_type=configure message=OK monitor=serial-monitor
2026-08-14 18:26:05 2026-08-14T12:56:05.507Z daemon INFO time="2026-08-14T18:26:05+05:30" level=info msg="sending command" command="OPEN 127.0.0.1:43267 /dev/ttyUSB0" monitor=serial-monitor
2026-08-14 18:26:05 2026-08-14T12:56:05.527Z daemon INFO time="2026-08-14T18:26:05+05:30" level=info msg="received message" error=false event_type=open message=OK monitor=serial-monitor
2026-08-14 18:26:05 2026-08-14T12:56:05.527Z daemon INFO time="2026-08-14T18:26:05+05:30" level=info msg="Port /dev/ttyUSB0 successfully opened"
2026-08-14 18:26:05 2026-08-14T12:56:05.528Z monitor-service INFO Using port configuration for serial:/dev/ttyUSB0: {"settingsList":[{"settingId":"bits","value":"8"},{"settingId":"dtr","value":"on"},{"settingId":"parity","value":"none"},{"settingId":"rts","value":"on"},{"settingId":"stop_bits","value":"1"},{"settingId":"baudrate","value":"9600"}]}
2026-08-14 18:26:05 2026-08-14T12:56:05.528Z monitor-service INFO started monitor to /dev/ttyUSB0 using serial
2026-08-14 18:26:05 2026-08-14T12:56:05.529Z monitor-service INFO No port configuration changes have been detected. No need to send configure commands to the running monitor serial:/dev/ttyUSB0.
2026-08-14 18:26:05 2026-08-14T12:56:05.553Z monitor-service INFO No port configuration changes have been detected. No need to send configure commands to the running monitor serial:/dev/ttyUSB0.
2026-08-14 18:28:41 2026-08-14T12:58:41.711Z daemon INFO time="2026-08-14T18:28:41+05:30" level=info msg="Adding libraries dir" dir=/home/raj/.arduino15/libraries isSingleLibrary=false location=ide
time="2026-08-14T18:28:41+05:30" level=info msg="Adding libraries dir" dir=/home/raj/.arduino15/packages/arduino/hardware/avr/1.8.8/libraries isSingleLibrary=false location=platform
time="2026-08-14T18:28:41+05:30" level=info msg="Adding libraries dir" dir=/home/raj/Arduino/libraries isSingleLibrary=false location=user
2026-08-14 18:28:43 2026-08-14T12:58:43.823Z daemon INFO time="2026-08-14T18:28:43+05:30" level=info msg="Adding libraries dir" dir=/home/raj/.arduino15/libraries isSingleLibrary=false location=ide
time="2026-08-14T18:28:43+05:30" level=info msg="Adding libraries dir" dir=/home/raj/.arduino15/packages/arduino/hardware/avr/1.8.8/libraries isSingleLibrary=false location=platform
time="2026-08-14T18:28:43+05:30" level=info msg="Adding libraries dir" dir=/home/raj/Arduino/libraries isSingleLibrary=false location=user
2026-08-14 18:28:46 2026-08-14T12:58:46.664Z daemon INFO time="2026-08-14T18:28:46+05:30" level=info msg="Adding libraries dir" dir=/home/raj/.arduino15/libraries isSingleLibrary=false location=ide
time="2026-08-14T18:28:46+05:30" level=info msg="Adding libraries dir" dir=/home/raj/.arduino15/packages/arduino/hardware/avr/1.8.8/libraries isSingleLibrary=false location=platform
time="2026-08-14T18:28:46+05:30" level=info msg="Adding libraries dir" dir=/home/raj/Arduino/libraries isSingleLibrary=false location=user
2026-08-14 18:28:47 2026-08-14T12:58:47.897Z daemon INFO time="2026-08-14T18:28:47+05:30" level=info msg="Adding libraries dir" dir=/home/raj/.arduino15/libraries isSingleLibrary=false location=ide
2026-08-14 18:28:47 2026-08-14T12:58:47.897Z daemon INFO time="2026-08-14T18:28:47+05:30" level=info msg="Adding libraries dir" dir=/home/raj/.arduino15/packages/arduino/hardware/avr/1.8.8/libraries isSingleLibrary=false location=platform
time="2026-08-14T18:28:47+05:30" level=info msg="Adding libraries dir" dir=/home/raj/Arduino/libraries isSingleLibrary=false location=user
2026-08-14 18:28:51 2026-08-14T12:58:51.319Z daemon INFO time="2026-08-14T18:28:51+05:30" level=info msg="Adding libraries dir" dir=/home/raj/.arduino15/libraries isSingleLibrary=false location=ide
time="2026-08-14T18:28:51+05:30" level=info msg="Adding libraries dir" dir=/home/raj/.arduino15/packages/arduino/hardware/avr/1.8.8/libraries isSingleLibrary=false location=platform
time="2026-08-14T18:28:51+05:30" level=info msg="Adding libraries dir" dir=/home/raj/Arduino/libraries isSingleLibrary=false location=user
2026-08-14 18:29:29 2026-08-14T12:59:29.030Z daemon INFO time="2026-08-14T18:29:29+05:30" level=info msg="Adding libraries dir" dir=/home/raj/.arduino15/libraries isSingleLibrary=false location=ide
time="2026-08-14T18:29:29+05:30" level=info msg="Adding libraries dir" dir=/home/raj/.arduino15/packages/arduino/hardware/avr/1.8.8/libraries isSingleLibrary=false location=platform
time="2026-08-14T18:29:29+05:30" level=info msg="Adding libraries dir" dir=/home/raj/Arduino/libraries isSingleLibrary=false location=user
2026-08-14 18:29:30 2026-08-14T12:59:30.255Z daemon INFO time="2026-08-14T18:29:30+05:30" level=info msg="Adding libraries dir" dir=/home/raj/.arduino15/libraries isSingleLibrary=false location=ide
time="2026-08-14T18:29:30+05:30" level=info msg="Adding libraries dir" dir=/home/raj/.arduino15/packages/arduino/hardware/avr/1.8.8/libraries isSingleLibrary=false location=platform
time="2026-08-14T18:29:30+05:30" level=info msg="Adding libraries dir" dir=/home/raj/Arduino/libraries isSingleLibrary=false location=user
2026-08-14 18:29:34 2026-08-14T12:59:34.082Z daemon INFO time="2026-08-14T18:29:34+05:30" level=info msg="Adding libraries dir" dir=/home/raj/.arduino15/libraries isSingleLibrary=false location=ide
time="2026-08-14T18:29:34+05:30" level=info msg="Adding libraries dir" dir=/home/raj/.arduino15/packages/arduino/hardware/avr/1.8.8/libraries isSingleLibrary=false location=platform
time="2026-08-14T18:29:34+05:30" level=info msg="Adding libraries dir" dir=/home/raj/Arduino/libraries isSingleLibrary=false location=user
2026-08-14 18:29:35 2026-08-14T12:59:35.294Z daemon INFO time="2026-08-14T18:29:35+05:30" level=info msg="Adding libraries dir" dir=/home/raj/.arduino15/libraries isSingleLibrary=false location=ide
time="2026-08-14T18:29:35+05:30" level=info msg="Adding libraries dir" dir=/home/raj/.arduino15/packages/arduino/hardware/avr/1.8.8/libraries isSingleLibrary=false location=platform
time="2026-08-14T18:29:35+05:30" level=info msg="Adding libraries dir" dir=/home/raj/Arduino/libraries isSingleLibrary=false location=user
2026-08-14 18:29:59 2026-08-14T12:59:59.923Z daemon INFO time="2026-08-14T18:29:59+05:30" level=info msg="Adding libraries dir" dir=/home/raj/.arduino15/libraries isSingleLibrary=false location=ide
time="2026-08-14T18:29:59+05:30" level=info msg="Adding libraries dir" dir=/home/raj/.arduino15/packages/arduino/hardware/avr/1.8.8/libraries isSingleLibrary=false location=platform
time="2026-08-14T18:29:59+05:30" level=info msg="Adding libraries dir" dir=/home/raj/Arduino/libraries isSingleLibrary=false location=user
2026-08-14 18:30:02 2026-08-14T13:00:02.121Z daemon INFO time="2026-08-14T18:30:02+05:30" level=info msg="Adding libraries dir" dir=/home/raj/.arduino15/libraries isSingleLibrary=false location=ide
2026-08-14 18:30:02 2026-08-14T13:00:02.121Z daemon INFO time="2026-08-14T18:30:02+05:30" level=info msg="Adding libraries dir" dir=/home/raj/.arduino15/packages/arduino/hardware/avr/1.8.8/libraries isSingleLibrary=false location=platform
time="2026-08-14T18:30:02+05:30" level=info msg="Adding libraries dir" dir=/home/raj/Arduino/libraries isSingleLibrary=false location=user
2026-08-14 18:30:11 2026-08-14T13:00:11.085Z daemon INFO time="2026-08-14T18:30:11+05:30" level=info msg="Adding libraries dir" dir=/home/raj/.arduino15/libraries isSingleLibrary=false location=ide
time="2026-08-14T18:30:11+05:30" level=info msg="Adding libraries dir" dir=/home/raj/.arduino15/packages/arduino/hardware/avr/1.8.8/libraries isSingleLibrary=false location=platform
2026-08-14 18:30:11 2026-08-14T13:00:11.085Z daemon INFO time="2026-08-14T18:30:11+05:30" level=info msg="Adding libraries dir" dir=/home/raj/Arduino/libraries isSingleLibrary=false location=user
2026-08-14 18:30:12 2026-08-14T13:00:12.308Z daemon INFO time="2026-08-14T18:30:12+05:30" level=info msg="Adding libraries dir" dir=/home/raj/.arduino15/libraries isSingleLibrary=false location=ide
2026-08-14 18:30:12 2026-08-14T13:00:12.308Z daemon INFO time="2026-08-14T18:30:12+05:30" level=info msg="Adding libraries dir" dir=/home/raj/.arduino15/packages/arduino/hardware/avr/1.8.8/libraries isSingleLibrary=false location=platform
time="2026-08-14T18:30:12+05:30" level=info msg="Adding libraries dir" dir=/home/raj/Arduino/libraries isSingleLibrary=false location=user
2026-08-14 18:30:14 2026-08-14T13:00:14.720Z daemon INFO time="2026-08-14T18:30:14+05:30" level=info msg="Adding libraries dir" dir=/home/raj/.arduino15/libraries isSingleLibrary=false location=ide
time="2026-08-14T18:30:14+05:30" level=info msg="Adding libraries dir" dir=/home/raj/.arduino15/packages/arduino/hardware/avr/1.8.8/libraries isSingleLibrary=false location=platform
time="2026-08-14T18:30:14+05:30" level=info msg="Adding libraries dir" dir=/home/raj/Arduino/libraries isSingleLibrary=false location=user
2026-08-14 18:30:15 2026-08-14T13:00:15.957Z daemon INFO time="2026-08-14T18:30:15+05:30" level=info msg="Adding libraries dir" dir=/home/raj/.arduino15/libraries isSingleLibrary=false location=ide
time="2026-08-14T18:30:15+05:30" level=info msg="Adding libraries dir" dir=/home/raj/.arduino15/packages/arduino/hardware/avr/1.8.8/libraries isSingleLibrary=false location=platform
2026-08-14 18:30:15 2026-08-14T13:00:15.957Z daemon INFO time="2026-08-14T18:30:15+05:30" level=info msg="Adding libraries dir" dir=/home/raj/Arduino/libraries isSingleLibrary=false location=user
2026-08-14 18:30:24 2026-08-14T13:00:24.736Z daemon INFO time="2026-08-14T18:30:24+05:30" level=info msg="Adding libraries dir" dir=/home/raj/.arduino15/libraries isSingleLibrary=false location=ide
time="2026-08-14T18:30:24+05:30" level=info msg="Adding libraries dir" dir=/home/raj/.arduino15/packages/arduino/hardware/avr/1.8.8/libraries isSingleLibrary=false location=platform
time="2026-08-14T18:30:24+05:30" level=info msg="Adding libraries dir" dir=/home/raj/Arduino/libraries isSingleLibrary=false location=user
2026-08-14 18:30:25 2026-08-14T13:00:25.950Z daemon INFO time="2026-08-14T18:30:25+05:30" level=info msg="Adding libraries dir" dir=/home/raj/.arduino15/libraries isSingleLibrary=false location=ide
time="2026-08-14T18:30:25+05:30" level=info msg="Adding libraries dir" dir=/home/raj/.arduino15/packages/arduino/hardware/avr/1.8.8/libraries isSingleLibrary=false location=platform
time="2026-08-14T18:30:25+05:30" level=info msg="Adding libraries dir" dir=/home/raj/Arduino/libraries isSingleLibrary=false location=user
2026-08-14 18:30:27 2026-08-14T13:00:27.998Z daemon INFO time="2026-08-14T18:30:27+05:30" level=info msg="Adding libraries dir" dir=/home/raj/.arduino15/libraries isSingleLibrary=false location=ide
2026-08-14 18:30:27 2026-08-14T13:00:27.998Z daemon INFO time="2026-08-14T18:30:27+05:30" level=info msg="Adding libraries dir" dir=/home/raj/.arduino15/packages/arduino/hardware/avr/1.8.8/libraries isSingleLibrary=false location=platform
time="2026-08-14T18:30:27+05:30" level=info msg="Adding libraries dir" dir=/home/raj/Arduino/libraries isSingleLibrary=false location=user
2026-08-14 18:30:29 2026-08-14T13:00:29.223Z daemon INFO time="2026-08-14T18:30:29+05:30" level=info msg="Adding libraries dir" dir=/home/raj/.arduino15/libraries isSingleLibrary=false location=ide
time="2026-08-14T18:30:29+05:30" level=info msg="Adding libraries dir" dir=/home/raj/.arduino15/packages/arduino/hardware/avr/1.8.8/libraries isSingleLibrary=false location=platform
time="2026-08-14T18:30:29+05:30" level=info msg="Adding libraries dir" dir=/home/raj/Arduino/libraries isSingleLibrary=false location=user
2026-08-14 18:30:39 2026-08-14T13:00:39.175Z daemon INFO time="2026-08-14T18:30:39+05:30" level=info msg="Adding libraries dir" dir=/home/raj/.arduino15/libraries isSingleLibrary=false location=ide
time="2026-08-14T18:30:39+05:30" level=info msg="Adding libraries dir" dir=/home/raj/.arduino15/packages/arduino/hardware/avr/1.8.8/libraries isSingleLibrary=false location=platform
time="2026-08-14T18:30:39+05:30" level=info msg="Adding libraries dir" dir=/home/raj/Arduino/libraries isSingleLibrary=false location=user
2026-08-14 18:30:40 2026-08-14T13:00:40.397Z daemon INFO time="2026-08-14T18:30:40+05:30" level=info msg="Adding libraries dir" dir=/home/raj/.arduino15/libraries isSingleLibrary=false location=ide
2026-08-14 18:30:40 2026-08-14T13:00:40.398Z daemon INFO time="2026-08-14T18:30:40+05:30" level=info msg="Adding libraries dir" dir=/home/raj/.arduino15/packages/arduino/hardware/avr/1.8.8/libraries isSingleLibrary=false location=platform
time="2026-08-14T18:30:40+05:30" level=info msg="Adding libraries dir" dir=/home/raj/Arduino/libraries isSingleLibrary=false location=user
2026-08-14 18:30:45 2026-08-14T13:00:45.928Z daemon INFO time="2026-08-14T18:30:45+05:30" level=info msg="Adding libraries dir" dir=/home/raj/.arduino15/libraries isSingleLibrary=false location=ide
time="2026-08-14T18:30:45+05:30" level=info msg="Adding libraries dir" dir=/home/raj/.arduino15/packages/arduino/hardware/avr/1.8.8/libraries isSingleLibrary=false location=platform
time="2026-08-14T18:30:45+05:30" level=info msg="Adding libraries dir" dir=/home/raj/Arduino/libraries isSingleLibrary=false location=user
2026-08-14 18:30:47 2026-08-14T13:00:47.155Z daemon INFO time="2026-08-14T18:30:47+05:30" level=info msg="Adding libraries dir" dir=/home/raj/.arduino15/libraries isSingleLibrary=false location=ide
time="2026-08-14T18:30:47+05:30" level=info msg="Adding libraries dir" dir=/home/raj/.arduino15/packages/arduino/hardware/avr/1.8.8/libraries isSingleLibrary=false location=platform
time="2026-08-14T18:30:47+05:30" level=info msg="Adding libraries dir" dir=/home/raj/Arduino/libraries isSingleLibrary=false location=user
2026-08-14 18:30:58 2026-08-14T13:00:58.871Z daemon INFO time="2026-08-14T18:30:58+05:30" level=info msg="Adding libraries dir" dir=/home/raj/.arduino15/libraries isSingleLibrary=false location=ide
time="2026-08-14T18:30:58+05:30" level=info msg="Adding libraries dir" dir=/home/raj/.arduino15/packages/arduino/hardware/avr/1.8.8/libraries isSingleLibrary=false location=platform
time="2026-08-14T18:30:58+05:30" level=info msg="Adding libraries dir" dir=/home/raj/Arduino/libraries isSingleLibrary=false location=user
2026-08-14 18:31:00 2026-08-14T13:01:00.094Z daemon INFO time="2026-08-14T18:31:00+05:30" level=info msg="Adding libraries dir" dir=/home/raj/.arduino15/libraries isSingleLibrary=false location=ide
2026-08-14 18:31:00 2026-08-14T13:01:00.094Z daemon INFO time="2026-08-14T18:31:00+05:30" level=info msg="Adding libraries dir" dir=/home/raj/.arduino15/packages/arduino/hardware/avr/1.8.8/libraries isSingleLibrary=false location=platform
time="2026-08-14T18:31:00+05:30" level=info msg="Adding libraries dir" dir=/home/raj/Arduino/libraries isSingleLibrary=false location=user
2026-08-14 18:31:19 2026-08-14T13:01:19.004Z daemon INFO time="2026-08-14T18:31:19+05:30" level=info msg="Adding libraries dir" dir=/home/raj/.arduino15/libraries isSingleLibrary=false location=ide
time="2026-08-14T18:31:19+05:30" level=info msg="Adding libraries dir" dir=/home/raj/.arduino15/packages/arduino/hardware/avr/1.8.8/libraries isSingleLibrary=false location=platform
time="2026-08-14T18:31:19+05:30" level=info msg="Adding libraries dir" dir=/home/raj/Arduino/libraries isSingleLibrary=false location=user
2026-08-14 18:31:21 2026-08-14T13:01:21.051Z daemon INFO time="2026-08-14T18:31:21+05:30" level=info msg="Adding libraries dir" dir=/home/raj/.arduino15/libraries isSingleLibrary=false location=ide
time="2026-08-14T18:31:21+05:30" level=info msg="Adding libraries dir" dir=/home/raj/.arduino15/packages/arduino/hardware/avr/1.8.8/libraries isSingleLibrary=false location=platform
time="2026-08-14T18:31:21+05:30" level=info msg="Adding libraries dir" dir=/home/raj/Arduino/libraries isSingleLibrary=false location=user
2026-08-14 18:31:22 2026-08-14T13:01:22.278Z daemon INFO time="2026-08-14T18:31:22+05:30" level=info msg="Adding libraries dir" dir=/home/raj/.arduino15/libraries isSingleLibrary=false location=ide
time="2026-08-14T18:31:22+05:30" level=info msg="Adding libraries dir" dir=/home/raj/.arduino15/packages/arduino/hardware/avr/1.8.8/libraries isSingleLibrary=false location=platform
2026-08-14 18:31:22 2026-08-14T13:01:22.278Z daemon INFO time="2026-08-14T18:31:22+05:30" level=info msg="Adding libraries dir" dir=/home/raj/Arduino/libraries isSingleLibrary=false location=user
2026-08-14 18:31:28 2026-08-14T13:01:28.113Z daemon INFO time="2026-08-14T18:31:28+05:30" level=info msg="Adding libraries dir" dir=/home/raj/.arduino15/libraries isSingleLibrary=false location=ide
time="2026-08-14T18:31:28+05:30" level=info msg="Adding libraries dir" dir=/home/raj/.arduino15/packages/arduino/hardware/avr/1.8.8/libraries isSingleLibrary=false location=platform
2026-08-14 18:31:28 2026-08-14T13:01:28.113Z daemon INFO time="2026-08-14T18:31:28+05:30" level=info msg="Adding libraries dir" dir=/home/raj/Arduino/libraries isSingleLibrary=false location=user
2026-08-14 18:31:29 2026-08-14T13:01:29.336Z daemon INFO time="2026-08-14T18:31:29+05:30" level=info msg="Adding libraries dir" dir=/home/raj/.arduino15/libraries isSingleLibrary=false location=ide
time="2026-08-14T18:31:29+05:30" level=info msg="Adding libraries dir" dir=/home/raj/.arduino15/packages/arduino/hardware/avr/1.8.8/libraries isSingleLibrary=false location=platform
2026-08-14 18:31:29 2026-08-14T13:01:29.336Z daemon INFO time="2026-08-14T18:31:29+05:30" level=info msg="Adding libraries dir" dir=/home/raj/Arduino/libraries isSingleLibrary=false location=user
2026-08-14 18:31:49 2026-08-14T13:01:49.897Z daemon INFO time="2026-08-14T18:31:49+05:30" level=info msg="Adding libraries dir" dir=/home/raj/.arduino15/libraries isSingleLibrary=false location=ide
time="2026-08-14T18:31:49+05:30" level=info msg="Adding libraries dir" dir=/home/raj/.arduino15/packages/arduino/hardware/avr/1.8.8/libraries isSingleLibrary=false location=platform
time="2026-08-14T18:31:49+05:30" level=info msg="Adding libraries dir" dir=/home/raj/Arduino/libraries isSingleLibrary=false location=user
2026-08-14 18:31:51 2026-08-14T13:01:51.989Z daemon INFO time="2026-08-14T18:31:51+05:30" level=info msg="Adding libraries dir" dir=/home/raj/.arduino15/libraries isSingleLibrary=false location=ide
time="2026-08-14T18:31:51+05:30" level=info msg="Adding libraries dir" dir=/home/raj/.arduino15/packages/arduino/hardware/avr/1.8.8/libraries isSingleLibrary=false location=platform
2026-08-14 18:31:51 2026-08-14T13:01:51.989Z daemon INFO time="2026-08-14T18:31:51+05:30" level=info msg="Adding libraries dir" dir=/home/raj/Arduino/libraries isSingleLibrary=false location=user
2026-08-14 18:32:00 2026-08-14T13:02:00.426Z daemon INFO time="2026-08-14T18:32:00+05:30" level=info msg="Adding libraries dir" dir=/home/raj/.arduino15/libraries isSingleLibrary=false location=ide
time="2026-08-14T18:32:00+05:30" level=info msg="Adding libraries dir" dir=/home/raj/.arduino15/packages/arduino/hardware/avr/1.8.8/libraries isSingleLibrary=false location=platform
2026-08-14 18:32:00 2026-08-14T13:02:00.426Z daemon INFO time="2026-08-14T18:32:00+05:30" level=info msg="Adding libraries dir" dir=/home/raj/Arduino/libraries isSingleLibrary=false location=user
2026-08-14 18:32:01 2026-08-14T13:02:01.652Z daemon INFO time="2026-08-14T18:32:01+05:30" level=info msg="Adding libraries dir" dir=/home/raj/.arduino15/libraries isSingleLibrary=false location=ide
time="2026-08-14T18:32:01+05:30" level=info msg="Adding libraries dir" dir=/home/raj/.arduino15/packages/arduino/hardware/avr/1.8.8/libraries isSingleLibrary=false location=platform
time="2026-08-14T18:32:01+05:30" level=info msg="Adding libraries dir" dir=/home/raj/Arduino/libraries isSingleLibrary=false location=user
2026-08-14 18:32:04 2026-08-14T13:02:04.259Z daemon INFO time="2026-08-14T18:32:04+05:30" level=info msg="Adding libraries dir" dir=/home/raj/.arduino15/libraries isSingleLibrary=false location=ide
time="2026-08-14T18:32:04+05:30" level=info msg="Adding libraries dir" dir=/home/raj/.arduino15/packages/arduino/hardware/avr/1.8.8/libraries isSingleLibrary=false location=platform
2026-08-14 18:32:04 2026-08-14T13:02:04.259Z daemon INFO time="2026-08-14T18:32:04+05:30" level=info msg="Adding libraries dir" dir=/home/raj/Arduino/libraries isSingleLibrary=false location=user
2026-08-14 18:32:04 2026-08-14T13:02:04.581Z root INFO compiler-errors Current error changed to d;646
2026-08-14 18:32:04 2026-08-14T13:02:04.607Z root INFO compiler-errors Handling selection change in editor file:///home/raj/Arduino/sketch_aug14b/sketch_aug14b.ino. New (monaco) selection: [98,1 -> 98,1]
2026-08-14 18:32:13 2026-08-14T13:02:13.196Z root INFO compiler-errors Handling selection change in editor file:///home/raj/Arduino/sketch_aug14b/sketch_aug14b.ino. New (monaco) selection: [96,7 -> 96,7]
2026-08-14 18:32:13 2026-08-14T13:02:13.197Z root INFO compiler-errors New (monaco) selection [96,7 -> 96,7] does not intersect any error locations. Skipping.
2026-08-14 18:32:13 2026-08-14T13:02:13.789Z root INFO compiler-errors decoration range: [98,1 -> 98,1], change range: [96,6 -> 96,7], affects: false
2026-08-14 18:32:13 2026-08-14T13:02:13.789Z root INFO compiler-errors Handling selection change in editor file:///home/raj/Arduino/sketch_aug14b/sketch_aug14b.ino. New (monaco) selection: [96,6 -> 96,6]
2026-08-14 18:32:13 2026-08-14T13:02:13.790Z root INFO compiler-errors New (monaco) selection [96,6 -> 96,6] does not intersect any error locations. Skipping.
2026-08-14 18:32:14 2026-08-14T13:02:14.111Z root INFO compiler-errors decoration range: [98,1 -> 98,1], change range: [96,5 -> 96,6], affects: false
2026-08-14 18:32:14 2026-08-14T13:02:14.111Z root INFO compiler-errors Handling selection change in editor file:///home/raj/Arduino/sketch_aug14b/sketch_aug14b.ino. New (monaco) selection: [96,5 -> 96,5]
2026-08-14 18:32:14 2026-08-14T13:02:14.111Z root INFO compiler-errors New (monaco) selection [96,5 -> 96,5] does not intersect any error locations. Skipping.
2026-08-14 18:32:15 2026-08-14T13:02:15.120Z daemon INFO time="2026-08-14T18:32:15+05:30" level=info msg="Adding libraries dir" dir=/home/raj/.arduino15/libraries isSingleLibrary=false location=ide
time="2026-08-14T18:32:15+05:30" level=info msg="Adding libraries dir" dir=/home/raj/.arduino15/packages/arduino/hardware/avr/1.8.8/libraries isSingleLibrary=false location=platform
time="2026-08-14T18:32:15+05:30" level=info msg="Adding libraries dir" dir=/home/raj/Arduino/libraries isSingleLibrary=false location=user
2026-08-14 18:32:16 2026-08-14T13:02:16.366Z daemon INFO time="2026-08-14T18:32:16+05:30" level=info msg="Adding libraries dir" dir=/home/raj/.arduino15/libraries isSingleLibrary=false location=ide
time="2026-08-14T18:32:16+05:30" level=info msg="Adding libraries dir" dir=/home/raj/.arduino15/packages/arduino/hardware/avr/1.8.8/libraries isSingleLibrary=false location=platform
2026-08-14 18:32:16 2026-08-14T13:02:16.366Z daemon INFO time="2026-08-14T18:32:16+05:30" level=info msg="Adding libraries dir" dir=/home/raj/Arduino/libraries isSingleLibrary=false location=user
2026-08-14 18:32:17 2026-08-14T13:02:17.837Z daemon INFO time="2026-08-14T18:32:17+05:30" level=info msg="Adding libraries dir" dir=/home/raj/.arduino15/libraries isSingleLibrary=false location=ide
time="2026-08-14T18:32:17+05:30" level=info msg="Adding libraries dir" dir=/home/raj/.arduino15/packages/arduino/hardware/avr/1.8.8/libraries isSingleLibrary=false location=platform
2026-08-14 18:32:17 2026-08-14T13:02:17.837Z daemon INFO time="2026-08-14T18:32:17+05:30" level=info msg="Adding libraries dir" dir=/home/raj/Arduino/libraries isSingleLibrary=false location=user
2026-08-14 18:32:18 2026-08-14T13:02:18.317Z root INFO Executing 'arduino.languageserver.notifyBuildDidComplete' with "file:///home/raj/.cache/arduino/sketches/9FF3C91385D81AD22A5280EC2632C84A"
2026-08-14 18:32:18 2026-08-14T13:02:18.355Z daemon INFO time="2026-08-14T18:32:18+05:30" level=info msg="Tool required for debug" tool="arduino:arduinoOTA@1.3.0"
time="2026-08-14T18:32:18+05:30" level=info msg="Tool required for debug" tool="arduino:avr-gcc@7.3.0-atmel3.6.1-arduino7"
time="2026-08-14T18:32:18+05:30" level=info msg="Tool required for debug" tool="arduino:avrdude@8.0.0-arduino1"
time="2026-08-14T18:32:18+05:30" level=info msg="Tool required for debug" tool="builtin:mdns-discovery@1.1.0"
2026-08-14 18:32:18 2026-08-14T13:02:18.355Z daemon INFO time="2026-08-14T18:32:18+05:30" level=info msg="Tool required for debug" tool="builtin:serial-discovery@1.5.2"
time="2026-08-14T18:32:18+05:30" level=info msg="Tool required for debug" tool="builtin:serial-monitor@0.15.0"
time="2026-08-14T18:32:18+05:30" level=info msg="Tool required for debug" tool="builtin:ctags@5.8-arduino11"
time="2026-08-14T18:32:18+05:30" level=info msg="Tool required for debug" tool="builtin:dfu-discovery@0.1.2"
2026-08-14 18:32:18 2026-08-14T13:02:18.356Z root ERROR Failed to get debug config: arduino:avr:uno, undefined Error: Debugging is not supported.
    at Object.callback (/tmp/.mount_arduin5hHsT2/resources/app/lib/backend/main.js:2:4756202)
    at Object.onReceiveStatus (/tmp/.mount_arduin5hHsT2/resources/app/lib/backend/main.js:2:3791917)
    at Object.onReceiveStatus (/tmp/.mount_arduin5hHsT2/resources/app/lib/backend/main.js:2:2225840)
    at Object.onReceiveStatus (/tmp/.mount_arduin5hHsT2/resources/app/lib/backend/main.js:2:2225285)
    at /tmp/.mount_arduin5hHsT2/resources/app/lib/backend/main.js:2:4362019
    at process.processTicksAndRejections (node:internal/process/task_queues:77:11)
2026-08-14 18:32:19 2026-08-14T13:02:19.327Z daemon INFO time="2026-08-14T18:32:19+05:30" level=info msg="Adding libraries dir" dir=/home/raj/.arduino15/libraries isSingleLibrary=false location=ide
time="2026-08-14T18:32:19+05:30" level=info msg="Adding libraries dir" dir=/home/raj/.arduino15/packages/arduino/hardware/avr/1.8.8/libraries isSingleLibrary=false location=platform
2026-08-14 18:32:19 2026-08-14T13:02:19.328Z daemon INFO time="2026-08-14T18:32:19+05:30" level=info msg="Adding libraries dir" dir=/home/raj/Arduino/libraries isSingleLibrary=false location=user
2026-08-14 18:32:26 2026-08-14T13:02:26.180Z daemon INFO time="2026-08-14T18:32:26+05:30" level=info msg="Adding libraries dir" dir=/home/raj/.arduino15/libraries isSingleLibrary=false location=ide
time="2026-08-14T18:32:26+05:30" level=info msg="Adding libraries dir" dir=/home/raj/.arduino15/packages/arduino/hardware/avr/1.8.8/libraries isSingleLibrary=false location=platform
time="2026-08-14T18:32:26+05:30" level=info msg="Adding libraries dir" dir=/home/raj/Arduino/libraries isSingleLibrary=false location=user
2026-08-14 18:32:26 2026-08-14T13:02:26.680Z root INFO Executing 'arduino.languageserver.notifyBuildDidComplete' with "file:///home/raj/.cache/arduino/sketches/9FF3C91385D81AD22A5280EC2632C84A"
2026-08-14 18:32:26 2026-08-14T13:02:26.683Z daemon INFO time="2026-08-14T18:32:26+05:30" level=info msg="sending command" command=CLOSE monitor=serial-monitor
2026-08-14 18:32:26 2026-08-14T13:02:26.719Z daemon INFO time="2026-08-14T18:32:26+05:30" level=info msg="Tool required for debug" tool="arduino:arduinoOTA@1.3.0"
time="2026-08-14T18:32:26+05:30" level=info msg="Tool required for debug" tool="arduino:avr-gcc@7.3.0-atmel3.6.1-arduino7"
time="2026-08-14T18:32:26+05:30" level=info msg="Tool required for debug" tool="arduino:avrdude@8.0.0-arduino1"
2026-08-14 18:32:26 2026-08-14T13:02:26.719Z daemon INFO time="2026-08-14T18:32:26+05:30" level=info msg="Tool required for debug" tool="builtin:dfu-discovery@0.1.2"
time="2026-08-14T18:32:26+05:30" level=info msg="Tool required for debug" tool="builtin:mdns-discovery@1.1.0"
time="2026-08-14T18:32:26+05:30" level=info msg="Tool required for debug" tool="builtin:serial-discovery@1.5.2"
time="2026-08-14T18:32:26+05:30" level=info msg="Tool required for debug" tool="builtin:serial-monitor@0.15.0"
time="2026-08-14T18:32:26+05:30" level=info msg="Tool required for debug" tool="builtin:ctags@5.8-arduino11"
2026-08-14 18:32:26 2026-08-14T13:02:26.719Z root ERROR Failed to get debug config: arduino:avr:uno, undefined Error: Debugging is not supported.
    at Object.callback (/tmp/.mount_arduin5hHsT2/resources/app/lib/backend/main.js:2:4756202)
    at Object.onReceiveStatus (/tmp/.mount_arduin5hHsT2/resources/app/lib/backend/main.js:2:3791917)
    at Object.onReceiveStatus (/tmp/.mount_arduin5hHsT2/resources/app/lib/backend/main.js:2:2225840)
    at Object.onReceiveStatus (/tmp/.mount_arduin5hHsT2/resources/app/lib/backend/main.js:2:2225285)
    at /tmp/.mount_arduin5hHsT2/resources/app/lib/backend/main.js:2:4362019
    at process.processTicksAndRejections (node:internal/process/task_queues:77:11)
2026-08-14 18:32:26 2026-08-14T13:02:26.741Z daemon INFO time="2026-08-14T18:32:26+05:30" level=info msg="received message" error=false event_type=close message=OK monitor=serial-monitor
time="2026-08-14T18:32:26+05:30" level=info msg="sending command" command=QUIT monitor=serial-monitor
2026-08-14 18:32:26 2026-08-14T13:02:26.742Z daemon INFO time="2026-08-14T18:32:26+05:30" level=info msg="received message" error=false event_type=quit message=OK monitor=serial-monitor
time="2026-08-14T18:32:26+05:30" level=info msg="Killing monitor process" monitor=serial-monitor
2026-08-14 18:32:26 2026-08-14T13:02:26.743Z daemon INFO time="2026-08-14T18:32:26+05:30" level=error msg="stopped decode loop: EOF" monitor=serial-monitor
2026-08-14 18:32:26 2026-08-14T13:02:26.743Z daemon INFO time="2026-08-14T18:32:26+05:30" level=info msg="Monitor process killed" monitor=serial-monitor
2026-08-14 18:32:26 2026-08-14T13:02:26.745Z monitor-service INFO monitor to /dev/ttyUSB0 using serial closed by server
2026-08-14 18:32:27 2026-08-14T13:02:27.697Z daemon INFO time="2026-08-14T18:32:27+05:30" level=info msg="Adding libraries dir" dir=/home/raj/.arduino15/libraries isSingleLibrary=false location=ide
time="2026-08-14T18:32:27+05:30" level=info msg="Adding libraries dir" dir=/home/raj/.arduino15/packages/arduino/hardware/avr/1.8.8/libraries isSingleLibrary=false location=platform
time="2026-08-14T18:32:27+05:30" level=info msg="Adding libraries dir" dir=/home/raj/Arduino/libraries isSingleLibrary=false location=user
2026-08-14 18:32:29 2026-08-14T13:02:29.438Z root INFO Received port after upload [arduino+serial:///dev/ttyUSB0, arduino:avr:uno, sketch_aug14b]. Before port: {"protocol":"serial","address":"/dev/ttyUSB0"}, after port: {"address":"/dev/ttyUSB0","addressLabel":"/dev/ttyUSB0","protocol":"serial","protocolLabel":"Serial Port (USB)","properties":{"pid":"0xEA60","serialNumber":"0001","vid":"0x10C4"},"hardwareId":"0001"}
2026-08-14 18:32:29 2026-08-14T13:02:29.439Z monitor-service INFO starting monitor
2026-08-14 18:32:29 2026-08-14T13:02:29.443Z daemon INFO time="2026-08-14T18:32:29+05:30" level=info msg="Starting monitor process" monitor=serial-monitor
2026-08-14 18:32:29 2026-08-14T13:02:29.444Z daemon INFO time="2026-08-14T18:32:29+05:30" level=info msg="Monitor process started successfully!" monitor=serial-monitor
time="2026-08-14T18:32:29+05:30" level=info msg="sending command" command="HELLO 1 \"arduino-cli 1.4.1\"" monitor=serial-monitor
2026-08-14 18:32:29 2026-08-14T13:02:29.448Z daemon INFO time="2026-08-14T18:32:29+05:30" level=info msg="received message" error=false event_type=hello message=OK monitor=serial-monitor
time="2026-08-14T18:32:29+05:30" level=info msg="sending command" command=DESCRIBE monitor=serial-monitor
2026-08-14 18:32:29 2026-08-14T13:02:29.448Z daemon INFO time="2026-08-14T18:32:29+05:30" level=info msg="received message" error=false event_type=describe message=OK monitor=serial-monitor
2026-08-14 18:32:29 2026-08-14T13:02:29.448Z daemon INFO time="2026-08-14T18:32:29+05:30" level=info msg="sending command" command=QUIT monitor=serial-monitor
2026-08-14 18:32:29 2026-08-14T13:02:29.448Z daemon INFO time="2026-08-14T18:32:29+05:30" level=info msg="received message" error=false event_type=quit message=OK monitor=serial-monitor
2026-08-14 18:32:29 2026-08-14T13:02:29.448Z daemon INFO time="2026-08-14T18:32:29+05:30" level=info msg="Killing monitor process" monitor=serial-monitor
2026-08-14 18:32:29 2026-08-14T13:02:29.449Z daemon INFO time="2026-08-14T18:32:29+05:30" level=error msg="stopped decode loop: EOF" monitor=serial-monitor
2026-08-14 18:32:29 2026-08-14T13:02:29.449Z daemon INFO time="2026-08-14T18:32:29+05:30" level=info msg="Monitor process killed" monitor=serial-monitor
2026-08-14 18:32:29 2026-08-14T13:02:29.455Z daemon INFO time="2026-08-14T18:32:29+05:30" level=info msg="Starting monitor process" monitor=serial-monitor
time="2026-08-14T18:32:29+05:30" level=info msg="Monitor process started successfully!" monitor=serial-monitor
time="2026-08-14T18:32:29+05:30" level=info msg="sending command" command="HELLO 1 \"arduino-cli 1.4.1\"" monitor=serial-monitor
2026-08-14 18:32:29 2026-08-14T13:02:29.460Z daemon INFO time="2026-08-14T18:32:29+05:30" level=info msg="received message" error=false event_type=hello message=OK monitor=serial-monitor
time="2026-08-14T18:32:29+05:30" level=info msg="sending command" command=DESCRIBE monitor=serial-monitor
2026-08-14 18:32:29 2026-08-14T13:02:29.460Z daemon INFO time="2026-08-14T18:32:29+05:30" level=info msg="received message" error=false event_type=describe message=OK monitor=serial-monitor
time="2026-08-14T18:32:29+05:30" level=info msg="sending command" command="CONFIGURE bits 8" monitor=serial-monitor
2026-08-14 18:32:29 2026-08-14T13:02:29.461Z daemon INFO time="2026-08-14T18:32:29+05:30" level=info msg="received message" error=false event_type=configure message=OK monitor=serial-monitor
time="2026-08-14T18:32:29+05:30" level=info msg="sending command" command="CONFIGURE dtr on" monitor=serial-monitor
time="2026-08-14T18:32:29+05:30" level=info msg="received message" error=false event_type=configure message=OK monitor=serial-monitor
time="2026-08-14T18:32:29+05:30" level=info msg="sending command" command="CONFIGURE parity none" monitor=serial-monitor
time="2026-08-14T18:32:29+05:30" level=info msg="received message" error=false event_type=configure message=OK monitor=serial-monitor
time="2026-08-14T18:32:29+05:30" level=info msg="sending command" command="CONFIGURE rts on" monitor=serial-monitor
time="2026-08-14T18:32:29+05:30" level=info msg="received message" error=false event_type=configure message=OK monitor=serial-monitor
time="2026-08-14T18:32:29+05:30" level=info msg="sending command" command="CONFIGURE stop_bits 1" monitor=serial-monitor
2026-08-14 18:32:29 2026-08-14T13:02:29.461Z daemon INFO time="2026-08-14T18:32:29+05:30" level=info msg="received message" error=false event_type=configure message=OK monitor=serial-monitor
time="2026-08-14T18:32:29+05:30" level=info msg="sending command" command="CONFIGURE baudrate 9600" monitor=serial-monitor
time="2026-08-14T18:32:29+05:30" level=info msg="received message" error=false event_type=configure message=OK monitor=serial-monitor
time="2026-08-14T18:32:29+05:30" level=info msg="sending command" command="OPEN 127.0.0.1:39957 /dev/ttyUSB0" monitor=serial-monitor
2026-08-14 18:32:29 2026-08-14T13:02:29.481Z daemon INFO time="2026-08-14T18:32:29+05:30" level=info msg="received message" error=false event_type=open message=OK monitor=serial-monitor
2026-08-14 18:32:29 2026-08-14T13:02:29.482Z daemon INFO time="2026-08-14T18:32:29+05:30" level=info msg="Port /dev/ttyUSB0 successfully opened"
2026-08-14 18:32:29 2026-08-14T13:02:29.482Z monitor-service INFO Using port configuration for serial:/dev/ttyUSB0: {"settingsList":[{"settingId":"bits","value":"8"},{"settingId":"dtr","value":"on"},{"settingId":"parity","value":"none"},{"settingId":"rts","value":"on"},{"settingId":"stop_bits","value":"1"},{"settingId":"baudrate","value":"9600"}]}
2026-08-14 18:32:29 2026-08-14T13:02:29.483Z monitor-service INFO started monitor to /dev/ttyUSB0 using serial
2026-08-14 18:32:29 2026-08-14T13:02:29.500Z monitor-service INFO No port configuration changes have been detected. No need to send configure commands to the running monitor serial:/dev/ttyUSB0.
2026-08-14 18:32:31 2026-08-14T13:02:31.495Z root WARN Widget was activated, but did not accept focus after 2000ms: serial-monitor
2026-08-14 18:32:49 2026-08-14T13:02:49.978Z daemon INFO time="2026-08-14T18:32:49+05:30" level=info msg="Adding libraries dir" dir=/home/raj/.arduino15/libraries isSingleLibrary=false location=ide
time="2026-08-14T18:32:49+05:30" level=info msg="Adding libraries dir" dir=/home/raj/.arduino15/packages/arduino/hardware/avr/1.8.8/libraries isSingleLibrary=false location=platform
time="2026-08-14T18:32:49+05:30" level=info msg="Adding libraries dir" dir=/home/raj/Arduino/libraries isSingleLibrary=false location=user
2026-08-14 18:32:50 2026-08-14T13:02:50.333Z root INFO Executing 'arduino.languageserver.notifyBuildDidComplete' with "file:///home/raj/.cache/arduino/sketches/3FBF09F2877276F76D833CC474BFBC86"
2026-08-14 18:32:50 2026-08-14T13:02:50.335Z daemon INFO time="2026-08-14T18:32:50+05:30" level=info msg="sending command" command=CLOSE monitor=serial-monitor
2026-08-14 18:32:50 2026-08-14T13:02:50.384Z daemon INFO time="2026-08-14T18:32:50+05:30" level=info msg="Tool required for debug" tool="arduino:arduinoOTA@1.3.0"
time="2026-08-14T18:32:50+05:30" level=info msg="Tool required for debug" tool="arduino:avr-gcc@7.3.0-atmel3.6.1-arduino7"
2026-08-14 18:32:50 2026-08-14T13:02:50.384Z daemon INFO time="2026-08-14T18:32:50+05:30" level=info msg="Tool required for debug" tool="arduino:avrdude@8.0.0-arduino1"
time="2026-08-14T18:32:50+05:30" level=info msg="Tool required for debug" tool="builtin:mdns-discovery@1.1.0"
time="2026-08-14T18:32:50+05:30" level=info msg="Tool required for debug" tool="builtin:serial-discovery@1.5.2"
time="2026-08-14T18:32:50+05:30" level=info msg="Tool required for debug" tool="builtin:serial-monitor@0.15.0"
time="2026-08-14T18:32:50+05:30" level=info msg="Tool required for debug" tool="builtin:ctags@5.8-arduino11"
time="2026-08-14T18:32:50+05:30" level=info msg="Tool required for debug" tool="builtin:dfu-discovery@0.1.2"
2026-08-14 18:32:50 2026-08-14T13:02:50.385Z root ERROR Failed to get debug config: arduino:avr:uno, undefined Error: Debugging is not supported.
    at Object.callback (/tmp/.mount_arduin5hHsT2/resources/app/lib/backend/main.js:2:4756202)
    at Object.onReceiveStatus (/tmp/.mount_arduin5hHsT2/resources/app/lib/backend/main.js:2:3791917)
    at Object.onReceiveStatus (/tmp/.mount_arduin5hHsT2/resources/app/lib/backend/main.js:2:2225840)
    at Object.onReceiveStatus (/tmp/.mount_arduin5hHsT2/resources/app/lib/backend/main.js:2:2225285)
    at /tmp/.mount_arduin5hHsT2/resources/app/lib/backend/main.js:2:4362019
    at process.processTicksAndRejections (node:internal/process/task_queues:77:11)
2026-08-14 18:32:50 2026-08-14T13:02:50.394Z daemon INFO time="2026-08-14T18:32:50+05:30" level=info msg="received message" error=false event_type=close message=OK monitor=serial-monitor
time="2026-08-14T18:32:50+05:30" level=info msg="sending command" command=QUIT monitor=serial-monitor
2026-08-14 18:32:50 2026-08-14T13:02:50.394Z daemon INFO time="2026-08-14T18:32:50+05:30" level=info msg="received message" error=false event_type=quit message=OK monitor=serial-monitor
time="2026-08-14T18:32:50+05:30" level=info msg="Killing monitor process" monitor=serial-monitor
2026-08-14 18:32:50 2026-08-14T13:02:50.395Z daemon INFO time="2026-08-14T18:32:50+05:30" level=error msg="stopped decode loop: EOF" monitor=serial-monitor
2026-08-14 18:32:50 2026-08-14T13:02:50.395Z daemon INFO time="2026-08-14T18:32:50+05:30" level=info msg="Monitor process killed" monitor=serial-monitor
2026-08-14 18:32:50 2026-08-14T13:02:50.396Z monitor-service INFO monitor to /dev/ttyUSB0 using serial closed by server
2026-08-14 18:32:51 2026-08-14T13:02:51.349Z daemon INFO time="2026-08-14T18:32:51+05:30" level=info msg="Adding libraries dir" dir=/home/raj/.arduino15/libraries isSingleLibrary=false location=ide
time="2026-08-14T18:32:51+05:30" level=info msg="Adding libraries dir" dir=/home/raj/.arduino15/packages/arduino/hardware/avr/1.8.8/libraries isSingleLibrary=false location=platform
2026-08-14 18:32:51 2026-08-14T13:02:51.350Z daemon INFO time="2026-08-14T18:32:51+05:30" level=info msg="Adding libraries dir" dir=/home/raj/Arduino/libraries isSingleLibrary=false location=user
2026-08-14 18:32:52 2026-08-14T13:02:52.846Z root INFO Received port after upload [arduino+serial:///dev/ttyUSB0, arduino:avr:uno, sketch_aug14c]. Before port: {"protocol":"serial","address":"/dev/ttyUSB0"}, after port: {"address":"/dev/ttyUSB0","addressLabel":"/dev/ttyUSB0","protocol":"serial","protocolLabel":"Serial Port (USB)","properties":{"pid":"0xEA60","serialNumber":"0001","vid":"0x10C4"},"hardwareId":"0001"}
2026-08-14 18:32:52 2026-08-14T13:02:52.848Z monitor-service INFO starting monitor
2026-08-14 18:32:52 2026-08-14T13:02:52.850Z daemon INFO time="2026-08-14T18:32:52+05:30" level=info msg="Starting monitor process" monitor=serial-monitor
2026-08-14 18:32:52 2026-08-14T13:02:52.850Z daemon INFO time="2026-08-14T18:32:52+05:30" level=info msg="Monitor process started successfully!" monitor=serial-monitor
time="2026-08-14T18:32:52+05:30" level=info msg="sending command" command="HELLO 1 \"arduino-cli 1.4.1\"" monitor=serial-monitor
2026-08-14 18:32:52 2026-08-14T13:02:52.855Z daemon INFO time="2026-08-14T18:32:52+05:30" level=info msg="received message" error=false event_type=hello message=OK monitor=serial-monitor
time="2026-08-14T18:32:52+05:30" level=info msg="sending command" command=DESCRIBE monitor=serial-monitor
2026-08-14 18:32:52 2026-08-14T13:02:52.855Z daemon INFO time="2026-08-14T18:32:52+05:30" level=info msg="received message" error=false event_type=describe message=OK monitor=serial-monitor
time="2026-08-14T18:32:52+05:30" level=info msg="sending command" command=QUIT monitor=serial-monitor
time="2026-08-14T18:32:52+05:30" level=info msg="received message" error=false event_type=quit message=OK monitor=serial-monitor
time="2026-08-14T18:32:52+05:30" level=info msg="Killing monitor process" monitor=serial-monitor
2026-08-14 18:32:52 2026-08-14T13:02:52.858Z daemon INFO time="2026-08-14T18:32:52+05:30" level=error msg="stopped decode loop: EOF" monitor=serial-monitor
time="2026-08-14T18:32:52+05:30" level=info msg="Monitor process killed" monitor=serial-monitor
2026-08-14 18:32:52 2026-08-14T13:02:52.864Z daemon INFO time="2026-08-14T18:32:52+05:30" level=info msg="Starting monitor process" monitor=serial-monitor
2026-08-14 18:32:52 2026-08-14T13:02:52.866Z daemon INFO time="2026-08-14T18:32:52+05:30" level=info msg="Monitor process started successfully!" monitor=serial-monitor
time="2026-08-14T18:32:52+05:30" level=info msg="sending command" command="HELLO 1 \"arduino-cli 1.4.1\"" monitor=serial-monitor
2026-08-14 18:32:52 2026-08-14T13:02:52.868Z daemon INFO time="2026-08-14T18:32:52+05:30" level=info msg="received message" error=false event_type=hello message=OK monitor=serial-monitor
time="2026-08-14T18:32:52+05:30" level=info msg="sending command" command=DESCRIBE monitor=serial-monitor
2026-08-14 18:32:52 2026-08-14T13:02:52.868Z daemon INFO time="2026-08-14T18:32:52+05:30" level=info msg="received message" error=false event_type=describe message=OK monitor=serial-monitor
time="2026-08-14T18:32:52+05:30" level=info msg="sending command" command="CONFIGURE bits 8" monitor=serial-monitor
2026-08-14 18:32:52 2026-08-14T13:02:52.868Z daemon INFO time="2026-08-14T18:32:52+05:30" level=info msg="received message" error=false event_type=configure message=OK monitor=serial-monitor
time="2026-08-14T18:32:52+05:30" level=info msg="sending command" command="CONFIGURE dtr on" monitor=serial-monitor
2026-08-14 18:32:52 2026-08-14T13:02:52.868Z daemon INFO time="2026-08-14T18:32:52+05:30" level=info msg="received message" error=false event_type=configure message=OK monitor=serial-monitor
2026-08-14 18:32:52 2026-08-14T13:02:52.868Z daemon INFO time="2026-08-14T18:32:52+05:30" level=info msg="sending command" command="CONFIGURE parity none" monitor=serial-monitor
2026-08-14 18:32:52 2026-08-14T13:02:52.868Z daemon INFO time="2026-08-14T18:32:52+05:30" level=info msg="received message" error=false event_type=configure message=OK monitor=serial-monitor
time="2026-08-14T18:32:52+05:30" level=info msg="sending command" command="CONFIGURE rts on" monitor=serial-monitor
2026-08-14 18:32:52 2026-08-14T13:02:52.869Z daemon INFO time="2026-08-14T18:32:52+05:30" level=info msg="received message" error=false event_type=configure message=OK monitor=serial-monitor
time="2026-08-14T18:32:52+05:30" level=info msg="sending command" command="CONFIGURE stop_bits 1" monitor=serial-monitor
2026-08-14 18:32:52 2026-08-14T13:02:52.869Z daemon INFO time="2026-08-14T18:32:52+05:30" level=info msg="received message" error=false event_type=configure message=OK monitor=serial-monitor
2026-08-14 18:32:52 2026-08-14T13:02:52.869Z daemon INFO time="2026-08-14T18:32:52+05:30" level=info msg="sending command" command="CONFIGURE baudrate 9600" monitor=serial-monitor
2026-08-14 18:32:52 2026-08-14T13:02:52.869Z daemon INFO time="2026-08-14T18:32:52+05:30" level=info msg="received message" error=false event_type=configure message=OK monitor=serial-monitor
2026-08-14 18:32:52 2026-08-14T13:02:52.869Z daemon INFO time="2026-08-14T18:32:52+05:30" level=info msg="sending command" command="OPEN 127.0.0.1:35983 /dev/ttyUSB0" monitor=serial-monitor
2026-08-14 18:32:52 2026-08-14T13:02:52.890Z daemon INFO time="2026-08-14T18:32:52+05:30" level=info msg="received message" error=false event_type=open message=OK monitor=serial-monitor
2026-08-14 18:32:52 2026-08-14T13:02:52.890Z daemon INFO time="2026-08-14T18:32:52+05:30" level=info msg="Port /dev/ttyUSB0 successfully opened"
2026-08-14 18:32:52 2026-08-14T13:02:52.892Z monitor-service INFO Using port configuration for serial:/dev/ttyUSB0: {"settingsList":[{"settingId":"bits","value":"8"},{"settingId":"dtr","value":"on"},{"settingId":"parity","value":"none"},{"settingId":"rts","value":"on"},{"settingId":"stop_bits","value":"1"},{"settingId":"baudrate","value":"9600"}]}
2026-08-14 18:32:52 2026-08-14T13:02:52.892Z monitor-service INFO started monitor to /dev/ttyUSB0 using serial
2026-08-14 18:32:52 2026-08-14T13:02:52.895Z monitor-service INFO No port configuration changes have been detected. No need to send configure commands to the running monitor serial:/dev/ttyUSB0.
2026-08-14 18:32:52 2026-08-14T13:02:52.909Z monitor-service INFO No port configuration changes have been detected. No need to send configure commands to the running monitor serial:/dev/ttyUSB0.
2026-08-14 18:32:54 2026-08-14T13:02:54.909Z root WARN Widget was activated, but did not accept focus after 2000ms: serial-monitor
2026-08-14 18:33:07 2026-08-14T13:03:07.910Z daemon INFO time="2026-08-14T18:33:07+05:30" level=info msg="Adding libraries dir" dir=/home/raj/.arduino15/libraries isSingleLibrary=false location=ide
time="2026-08-14T18:33:07+05:30" level=info msg="Adding libraries dir" dir=/home/raj/.arduino15/packages/arduino/hardware/avr/1.8.8/libraries isSingleLibrary=false location=platform
2026-08-14 18:33:07 2026-08-14T13:03:07.910Z daemon INFO time="2026-08-14T18:33:07+05:30" level=info msg="Adding libraries dir" dir=/home/raj/Arduino/libraries isSingleLibrary=false location=user
2026-08-14 18:33:08 2026-08-14T13:03:08.406Z root INFO Executing 'arduino.languageserver.notifyBuildDidComplete' with "file:///home/raj/.cache/arduino/sketches/9FF3C91385D81AD22A5280EC2632C84A"
2026-08-14 18:33:08 2026-08-14T13:03:08.408Z daemon INFO time="2026-08-14T18:33:08+05:30" level=info msg="sending command" command=CLOSE monitor=serial-monitor
2026-08-14 18:33:08 2026-08-14T13:03:08.443Z daemon INFO time="2026-08-14T18:33:08+05:30" level=info msg="Tool required for debug" tool="arduino:arduinoOTA@1.3.0"
time="2026-08-14T18:33:08+05:30" level=info msg="Tool required for debug" tool="arduino:avr-gcc@7.3.0-atmel3.6.1-arduino7"
time="2026-08-14T18:33:08+05:30" level=info msg="Tool required for debug" tool="arduino:avrdude@8.0.0-arduino1"
time="2026-08-14T18:33:08+05:30" level=info msg="Tool required for debug" tool="builtin:serial-monitor@0.15.0"
time="2026-08-14T18:33:08+05:30" level=info msg="Tool required for debug" tool="builtin:ctags@5.8-arduino11"
2026-08-14 18:33:08 2026-08-14T13:03:08.443Z daemon INFO time="2026-08-14T18:33:08+05:30" level=info msg="Tool required for debug" tool="builtin:dfu-discovery@0.1.2"
time="2026-08-14T18:33:08+05:30" level=info msg="Tool required for debug" tool="builtin:mdns-discovery@1.1.0"
time="2026-08-14T18:33:08+05:30" level=info msg="Tool required for debug" tool="builtin:serial-discovery@1.5.2"
2026-08-14 18:33:08 2026-08-14T13:03:08.444Z root ERROR Failed to get debug config: arduino:avr:uno, undefined Error: Debugging is not supported.
    at Object.callback (/tmp/.mount_arduin5hHsT2/resources/app/lib/backend/main.js:2:4756202)
    at Object.onReceiveStatus (/tmp/.mount_arduin5hHsT2/resources/app/lib/backend/main.js:2:3791917)
    at Object.onReceiveStatus (/tmp/.mount_arduin5hHsT2/resources/app/lib/backend/main.js:2:2225840)
    at Object.onReceiveStatus (/tmp/.mount_arduin5hHsT2/resources/app/lib/backend/main.js:2:2225285)
    at /tmp/.mount_arduin5hHsT2/resources/app/lib/backend/main.js:2:4362019
    at process.processTicksAndRejections (node:internal/process/task_queues:77:11)
2026-08-14 18:33:08 2026-08-14T13:03:08.467Z daemon INFO time="2026-08-14T18:33:08+05:30" level=info msg="received message" error=false event_type=close message=OK monitor=serial-monitor
time="2026-08-14T18:33:08+05:30" level=info msg="sending command" command=QUIT monitor=serial-monitor
2026-08-14 18:33:08 2026-08-14T13:03:08.467Z daemon INFO time="2026-08-14T18:33:08+05:30" level=info msg="received message" error=false event_type=quit message=OK monitor=serial-monitor
time="2026-08-14T18:33:08+05:30" level=info msg="Killing monitor process" monitor=serial-monitor
2026-08-14 18:33:08 2026-08-14T13:03:08.468Z daemon INFO time="2026-08-14T18:33:08+05:30" level=error msg="stopped decode loop: EOF" monitor=serial-monitor
time="2026-08-14T18:33:08+05:30" level=info msg="Monitor process killed" monitor=serial-monitor
2026-08-14 18:33:08 2026-08-14T13:03:08.470Z monitor-service INFO monitor to /dev/ttyUSB0 using serial closed by server
2026-08-14 18:33:09 2026-08-14T13:03:09.419Z daemon INFO time="2026-08-14T18:33:09+05:30" level=info msg="Adding libraries dir" dir=/home/raj/.arduino15/libraries isSingleLibrary=false location=ide
2026-08-14 18:33:09 2026-08-14T13:03:09.419Z daemon INFO time="2026-08-14T18:33:09+05:30" level=info msg="Adding libraries dir" dir=/home/raj/.arduino15/packages/arduino/hardware/avr/1.8.8/libraries isSingleLibrary=false location=platform
time="2026-08-14T18:33:09+05:30" level=info msg="Adding libraries dir" dir=/home/raj/Arduino/libraries isSingleLibrary=false location=user
2026-08-14 18:33:11 2026-08-14T13:03:11.156Z root INFO Received port after upload [arduino+serial:///dev/ttyUSB0, arduino:avr:uno, sketch_aug14b]. Before port: {"protocol":"serial","address":"/dev/ttyUSB0"}, after port: {"address":"/dev/ttyUSB0","addressLabel":"/dev/ttyUSB0","protocol":"serial","protocolLabel":"Serial Port (USB)","properties":{"pid":"0xEA60","serialNumber":"0001","vid":"0x10C4"},"hardwareId":"0001"}
2026-08-14 18:33:11 2026-08-14T13:03:11.157Z monitor-service INFO starting monitor
2026-08-14 18:33:11 2026-08-14T13:03:11.159Z daemon INFO time="2026-08-14T18:33:11+05:30" level=info msg="Starting monitor process" monitor=serial-monitor
2026-08-14 18:33:11 2026-08-14T13:03:11.160Z daemon INFO time="2026-08-14T18:33:11+05:30" level=info msg="Monitor process started successfully!" monitor=serial-monitor
time="2026-08-14T18:33:11+05:30" level=info msg="sending command" command="HELLO 1 \"arduino-cli 1.4.1\"" monitor=serial-monitor
2026-08-14 18:33:11 2026-08-14T13:03:11.164Z daemon INFO time="2026-08-14T18:33:11+05:30" level=info msg="received message" error=false event_type=hello message=OK monitor=serial-monitor
time="2026-08-14T18:33:11+05:30" level=info msg="sending command" command=DESCRIBE monitor=serial-monitor
2026-08-14 18:33:11 2026-08-14T13:03:11.164Z daemon INFO time="2026-08-14T18:33:11+05:30" level=info msg="received message" error=false event_type=describe message=OK monitor=serial-monitor
time="2026-08-14T18:33:11+05:30" level=info msg="sending command" command=QUIT monitor=serial-monitor
2026-08-14 18:33:11 2026-08-14T13:03:11.165Z daemon INFO time="2026-08-14T18:33:11+05:30" level=info msg="received message" error=false event_type=quit message=OK monitor=serial-monitor
time="2026-08-14T18:33:11+05:30" level=info msg="Killing monitor process" monitor=serial-monitor
2026-08-14 18:33:11 2026-08-14T13:03:11.165Z daemon INFO time="2026-08-14T18:33:11+05:30" level=error msg="stopped decode loop: EOF" monitor=serial-monitor
2026-08-14 18:33:11 2026-08-14T13:03:11.165Z daemon INFO time="2026-08-14T18:33:11+05:30" level=info msg="Monitor process killed" monitor=serial-monitor
2026-08-14 18:33:11 2026-08-14T13:03:11.171Z daemon INFO time="2026-08-14T18:33:11+05:30" level=info msg="Starting monitor process" monitor=serial-monitor
2026-08-14 18:33:11 2026-08-14T13:03:11.172Z daemon INFO time="2026-08-14T18:33:11+05:30" level=info msg="Monitor process started successfully!" monitor=serial-monitor
time="2026-08-14T18:33:11+05:30" level=info msg="sending command" command="HELLO 1 \"arduino-cli 1.4.1\"" monitor=serial-monitor
2026-08-14 18:33:11 2026-08-14T13:03:11.177Z daemon INFO time="2026-08-14T18:33:11+05:30" level=info msg="received message" error=false event_type=hello message=OK monitor=serial-monitor
time="2026-08-14T18:33:11+05:30" level=info msg="sending command" command=DESCRIBE monitor=serial-monitor
2026-08-14 18:33:11 2026-08-14T13:03:11.177Z daemon INFO time="2026-08-14T18:33:11+05:30" level=info msg="received message" error=false event_type=describe message=OK monitor=serial-monitor
2026-08-14 18:33:11 2026-08-14T13:03:11.178Z daemon INFO time="2026-08-14T18:33:11+05:30" level=info msg="sending command" command="CONFIGURE bits 8" monitor=serial-monitor
2026-08-14 18:33:11 2026-08-14T13:03:11.178Z daemon INFO time="2026-08-14T18:33:11+05:30" level=info msg="received message" error=false event_type=configure message=OK monitor=serial-monitor
time="2026-08-14T18:33:11+05:30" level=info msg="sending command" command="CONFIGURE dtr on" monitor=serial-monitor
2026-08-14 18:33:11 2026-08-14T13:03:11.178Z daemon INFO time="2026-08-14T18:33:11+05:30" level=info msg="received message" error=false event_type=configure message=OK monitor=serial-monitor
2026-08-14 18:33:11 2026-08-14T13:03:11.178Z daemon INFO time="2026-08-14T18:33:11+05:30" level=info msg="sending command" command="CONFIGURE parity none" monitor=serial-monitor
2026-08-14 18:33:11 2026-08-14T13:03:11.178Z daemon INFO time="2026-08-14T18:33:11+05:30" level=info msg="received message" error=false event_type=configure message=OK monitor=serial-monitor
2026-08-14 18:33:11 2026-08-14T13:03:11.178Z daemon INFO time="2026-08-14T18:33:11+05:30" level=info msg="sending command" command="CONFIGURE rts on" monitor=serial-monitor
2026-08-14 18:33:11 2026-08-14T13:03:11.178Z daemon INFO time="2026-08-14T18:33:11+05:30" level=info msg="received message" error=false event_type=configure message=OK monitor=serial-monitor
time="2026-08-14T18:33:11+05:30" level=info msg="sending command" command="CONFIGURE stop_bits 1" monitor=serial-monitor
2026-08-14 18:33:11 2026-08-14T13:03:11.178Z daemon INFO time="2026-08-14T18:33:11+05:30" level=info msg="received message" error=false event_type=configure message=OK monitor=serial-monitor
2026-08-14 18:33:11 2026-08-14T13:03:11.178Z daemon INFO time="2026-08-14T18:33:11+05:30" level=info msg="sending command" command="CONFIGURE baudrate 9600" monitor=serial-monitor
2026-08-14 18:33:11 2026-08-14T13:03:11.178Z daemon INFO time="2026-08-14T18:33:11+05:30" level=info msg="received message" error=false event_type=configure message=OK monitor=serial-monitor
2026-08-14 18:33:11 2026-08-14T13:03:11.179Z daemon INFO time="2026-08-14T18:33:11+05:30" level=info msg="sending command" command="OPEN 127.0.0.1:39811 /dev/ttyUSB0" monitor=serial-monitor
2026-08-14 18:33:11 2026-08-14T13:03:11.198Z daemon INFO time="2026-08-14T18:33:11+05:30" level=info msg="received message" error=false event_type=open message=OK monitor=serial-monitor
2026-08-14 18:33:11 2026-08-14T13:03:11.198Z daemon INFO time="2026-08-14T18:33:11+05:30" level=info msg="Port /dev/ttyUSB0 successfully opened"
2026-08-14 18:33:11 2026-08-14T13:03:11.199Z monitor-service INFO Using port configuration for serial:/dev/ttyUSB0: {"settingsList":[{"settingId":"bits","value":"8"},{"settingId":"dtr","value":"on"},{"settingId":"parity","value":"none"},{"settingId":"rts","value":"on"},{"settingId":"stop_bits","value":"1"},{"settingId":"baudrate","value":"9600"}]}
2026-08-14 18:33:11 2026-08-14T13:03:11.199Z monitor-service INFO started monitor to /dev/ttyUSB0 using serial
2026-08-14 18:33:11 2026-08-14T13:03:11.226Z monitor-service INFO No port configuration changes have been detected. No need to send configure commands to the running monitor serial:/dev/ttyUSB0.
2026-08-14 18:33:13 2026-08-14T13:03:13.206Z root WARN Widget was activated, but did not accept focus after 2000ms: serial-monitor
2026-08-14 18:33:14 2026-08-14T13:03:14.027Z daemon INFO time="2026-08-14T18:33:14+05:30" level=info msg="sending command" command=CLOSE monitor=serial-monitor
2026-08-14 18:33:14 2026-08-14T13:03:14.086Z daemon INFO time="2026-08-14T18:33:14+05:30" level=info msg="received message" error=false event_type=close message=OK monitor=serial-monitor
time="2026-08-14T18:33:14+05:30" level=info msg="sending command" command=QUIT monitor=serial-monitor
2026-08-14 18:33:14 2026-08-14T13:03:14.087Z daemon INFO time="2026-08-14T18:33:14+05:30" level=info msg="received message" error=false event_type=quit message=OK monitor=serial-monitor
time="2026-08-14T18:33:14+05:30" level=info msg="Killing monitor process" monitor=serial-monitor
2026-08-14 18:33:14 2026-08-14T13:03:14.088Z daemon INFO time="2026-08-14T18:33:14+05:30" level=error msg="stopped decode loop: EOF" monitor=serial-monitor
2026-08-14 18:33:14 2026-08-14T13:03:14.088Z daemon INFO time="2026-08-14T18:33:14+05:30" level=info msg="Monitor process killed" monitor=serial-monitor
2026-08-14 18:33:14 2026-08-14T13:03:14.089Z monitor-service INFO monitor to /dev/ttyUSB0 using serial closed by server
2026-08-14 18:33:19 2026-08-14T13:03:19.600Z daemon INFO time="2026-08-14T18:33:19+05:30" level=info msg="Starting monitor process" monitor=serial-monitor
2026-08-14 18:33:19 2026-08-14T13:03:19.601Z daemon INFO time="2026-08-14T18:33:19+05:30" level=info msg="Monitor process started successfully!" monitor=serial-monitor
time="2026-08-14T18:33:19+05:30" level=info msg="sending command" command="HELLO 1 \"arduino-cli 1.4.1\"" monitor=serial-monitor
2026-08-14 18:33:19 2026-08-14T13:03:19.606Z daemon INFO time="2026-08-14T18:33:19+05:30" level=info msg="received message" error=false event_type=hello message=OK monitor=serial-monitor
time="2026-08-14T18:33:19+05:30" level=info msg="sending command" command=DESCRIBE monitor=serial-monitor
2026-08-14 18:33:19 2026-08-14T13:03:19.606Z daemon INFO time="2026-08-14T18:33:19+05:30" level=info msg="received message" error=false event_type=describe message=OK monitor=serial-monitor
time="2026-08-14T18:33:19+05:30" level=info msg="sending command" command=QUIT monitor=serial-monitor
2026-08-14 18:33:19 2026-08-14T13:03:19.606Z daemon INFO time="2026-08-14T18:33:19+05:30" level=info msg="received message" error=false event_type=quit message=OK monitor=serial-monitor
2026-08-14 18:33:19 2026-08-14T13:03:19.606Z daemon INFO time="2026-08-14T18:33:19+05:30" level=info msg="Killing monitor process" monitor=serial-monitor
2026-08-14 18:33:19 2026-08-14T13:03:19.607Z daemon INFO time="2026-08-14T18:33:19+05:30" level=error msg="stopped decode loop: EOF" monitor=serial-monitor
2026-08-14 18:33:19 2026-08-14T13:03:19.607Z daemon INFO time="2026-08-14T18:33:19+05:30" level=info msg="Monitor process killed" monitor=serial-monitor
2026-08-14 18:33:19 2026-08-14T13:03:19.615Z monitor-service INFO starting monitor
2026-08-14 18:33:19 2026-08-14T13:03:19.618Z daemon INFO time="2026-08-14T18:33:19+05:30" level=info msg="Starting monitor process" monitor=serial-monitor
2026-08-14 18:33:19 2026-08-14T13:03:19.619Z daemon INFO time="2026-08-14T18:33:19+05:30" level=info msg="Monitor process started successfully!" monitor=serial-monitor
time="2026-08-14T18:33:19+05:30" level=info msg="sending command" command="HELLO 1 \"arduino-cli 1.4.1\"" monitor=serial-monitor
2026-08-14 18:33:19 2026-08-14T13:03:19.623Z daemon INFO time="2026-08-14T18:33:19+05:30" level=info msg="received message" error=false event_type=hello message=OK monitor=serial-monitor
time="2026-08-14T18:33:19+05:30" level=info msg="sending command" command=DESCRIBE monitor=serial-monitor
2026-08-14 18:33:19 2026-08-14T13:03:19.623Z daemon INFO time="2026-08-14T18:33:19+05:30" level=info msg="received message" error=false event_type=describe message=OK monitor=serial-monitor
time="2026-08-14T18:33:19+05:30" level=info msg="sending command" command=QUIT monitor=serial-monitor
time="2026-08-14T18:33:19+05:30" level=info msg="received message" error=false event_type=quit message=OK monitor=serial-monitor
time="2026-08-14T18:33:19+05:30" level=info msg="Killing monitor process" monitor=serial-monitor
2026-08-14 18:33:19 2026-08-14T13:03:19.624Z daemon INFO time="2026-08-14T18:33:19+05:30" level=error msg="stopped decode loop: EOF" monitor=serial-monitor
2026-08-14 18:33:19 2026-08-14T13:03:19.624Z daemon INFO time="2026-08-14T18:33:19+05:30" level=info msg="Monitor process killed" monitor=serial-monitor
2026-08-14 18:33:19 2026-08-14T13:03:19.628Z daemon INFO time="2026-08-14T18:33:19+05:30" level=info msg="Starting monitor process" monitor=serial-monitor
2026-08-14 18:33:19 2026-08-14T13:03:19.628Z daemon INFO time="2026-08-14T18:33:19+05:30" level=info msg="Monitor process started successfully!" monitor=serial-monitor
time="2026-08-14T18:33:19+05:30" level=info msg="sending command" command="HELLO 1 \"arduino-cli 1.4.1\"" monitor=serial-monitor
2026-08-14 18:33:19 2026-08-14T13:03:19.631Z daemon INFO time="2026-08-14T18:33:19+05:30" level=info msg="received message" error=false event_type=hello message=OK monitor=serial-monitor
time="2026-08-14T18:33:19+05:30" level=info msg="sending command" command=DESCRIBE monitor=serial-monitor
2026-08-14 18:33:19 2026-08-14T13:03:19.631Z daemon INFO time="2026-08-14T18:33:19+05:30" level=info msg="received message" error=false event_type=describe message=OK monitor=serial-monitor
time="2026-08-14T18:33:19+05:30" level=info msg="sending command" command="CONFIGURE bits 8" monitor=serial-monitor
2026-08-14 18:33:19 2026-08-14T13:03:19.631Z daemon INFO time="2026-08-14T18:33:19+05:30" level=info msg="received message" error=false event_type=configure message=OK monitor=serial-monitor
2026-08-14 18:33:19 2026-08-14T13:03:19.631Z daemon INFO time="2026-08-14T18:33:19+05:30" level=info msg="sending command" command="CONFIGURE dtr on" monitor=serial-monitor
2026-08-14 18:33:19 2026-08-14T13:03:19.631Z daemon INFO time="2026-08-14T18:33:19+05:30" level=info msg="received message" error=false event_type=configure message=OK monitor=serial-monitor
2026-08-14 18:33:19 2026-08-14T13:03:19.631Z daemon INFO time="2026-08-14T18:33:19+05:30" level=info msg="sending command" command="CONFIGURE parity none" monitor=serial-monitor
2026-08-14 18:33:19 2026-08-14T13:03:19.631Z daemon INFO time="2026-08-14T18:33:19+05:30" level=info msg="received message" error=false event_type=configure message=OK monitor=serial-monitor
2026-08-14 18:33:19 2026-08-14T13:03:19.631Z daemon INFO time="2026-08-14T18:33:19+05:30" level=info msg="sending command" command="CONFIGURE rts on" monitor=serial-monitor
2026-08-14 18:33:19 2026-08-14T13:03:19.632Z daemon INFO time="2026-08-14T18:33:19+05:30" level=info msg="received message" error=false event_type=configure message=OK monitor=serial-monitor
2026-08-14 18:33:19 2026-08-14T13:03:19.632Z daemon INFO time="2026-08-14T18:33:19+05:30" level=info msg="sending command" command="CONFIGURE stop_bits 1" monitor=serial-monitor
2026-08-14 18:33:19 2026-08-14T13:03:19.632Z daemon INFO time="2026-08-14T18:33:19+05:30" level=info msg="received message" error=false event_type=configure message=OK monitor=serial-monitor
2026-08-14 18:33:19 2026-08-14T13:03:19.632Z daemon INFO time="2026-08-14T18:33:19+05:30" level=info msg="sending command" command="CONFIGURE baudrate 9600" monitor=serial-monitor
2026-08-14 18:33:19 2026-08-14T13:03:19.632Z daemon INFO time="2026-08-14T18:33:19+05:30" level=info msg="received message" error=false event_type=configure message=OK monitor=serial-monitor
2026-08-14 18:33:19 2026-08-14T13:03:19.632Z daemon INFO time="2026-08-14T18:33:19+05:30" level=info msg="sending command" command="OPEN 127.0.0.1:44681 /dev/ttyUSB0" monitor=serial-monitor
2026-08-14 18:33:19 2026-08-14T13:03:19.653Z daemon INFO time="2026-08-14T18:33:19+05:30" level=info msg="received message" error=false event_type=open message=OK monitor=serial-monitor
2026-08-14 18:33:19 2026-08-14T13:03:19.653Z daemon INFO time="2026-08-14T18:33:19+05:30" level=info msg="Port /dev/ttyUSB0 successfully opened"
2026-08-14 18:33:19 2026-08-14T13:03:19.654Z monitor-service INFO Using port configuration for serial:/dev/ttyUSB0: {"settingsList":[{"settingId":"bits","value":"8"},{"settingId":"dtr","value":"on"},{"settingId":"parity","value":"none"},{"settingId":"rts","value":"on"},{"settingId":"stop_bits","value":"1"},{"settingId":"baudrate","value":"9600"}]}
2026-08-14 18:33:19 2026-08-14T13:03:19.654Z monitor-service INFO started monitor to /dev/ttyUSB0 using serial
2026-08-14 18:33:19 2026-08-14T13:03:19.666Z monitor-service INFO No port configuration changes have been detected. No need to send configure commands to the running monitor serial:/dev/ttyUSB0.
2026-08-14 18:33:51 2026-08-14T13:03:51.361Z daemon INFO time="2026-08-14T18:33:51+05:30" level=info msg="Adding libraries dir" dir=/home/raj/.arduino15/libraries isSingleLibrary=false location=ide
time="2026-08-14T18:33:51+05:30" level=info msg="Adding libraries dir" dir=/home/raj/.arduino15/packages/arduino/hardware/avr/1.8.8/libraries isSingleLibrary=false location=platform
time="2026-08-14T18:33:51+05:30" level=info msg="Adding libraries dir" dir=/home/raj/Arduino/libraries isSingleLibrary=false location=user
2026-08-14 18:33:51 2026-08-14T13:03:51.753Z root INFO Executing 'arduino.languageserver.notifyBuildDidComplete' with "file:///home/raj/.cache/arduino/sketches/3FBF09F2877276F76D833CC474BFBC86"
2026-08-14 18:33:51 2026-08-14T13:03:51.755Z daemon INFO time="2026-08-14T18:33:51+05:30" level=info msg="sending command" command=CLOSE monitor=serial-monitor
2026-08-14 18:33:51 2026-08-14T13:03:51.786Z daemon INFO time="2026-08-14T18:33:51+05:30" level=info msg="Tool required for debug" tool="arduino:arduinoOTA@1.3.0"
time="2026-08-14T18:33:51+05:30" level=info msg="Tool required for debug" tool="arduino:avr-gcc@7.3.0-atmel3.6.1-arduino7"
time="2026-08-14T18:33:51+05:30" level=info msg="Tool required for debug" tool="arduino:avrdude@8.0.0-arduino1"
time="2026-08-14T18:33:51+05:30" level=info msg="Tool required for debug" tool="builtin:dfu-discovery@0.1.2"
time="2026-08-14T18:33:51+05:30" level=info msg="Tool required for debug" tool="builtin:mdns-discovery@1.1.0"
2026-08-14 18:33:51 2026-08-14T13:03:51.786Z daemon INFO time="2026-08-14T18:33:51+05:30" level=info msg="Tool required for debug" tool="builtin:serial-discovery@1.5.2"
time="2026-08-14T18:33:51+05:30" level=info msg="Tool required for debug" tool="builtin:serial-monitor@0.15.0"
time="2026-08-14T18:33:51+05:30" level=info msg="Tool required for debug" tool="builtin:ctags@5.8-arduino11"
2026-08-14 18:33:51 2026-08-14T13:03:51.787Z root ERROR Failed to get debug config: arduino:avr:uno, undefined Error: Debugging is not supported.
    at Object.callback (/tmp/.mount_arduin5hHsT2/resources/app/lib/backend/main.js:2:4756202)
    at Object.onReceiveStatus (/tmp/.mount_arduin5hHsT2/resources/app/lib/backend/main.js:2:3791917)
    at Object.onReceiveStatus (/tmp/.mount_arduin5hHsT2/resources/app/lib/backend/main.js:2:2225840)
    at Object.onReceiveStatus (/tmp/.mount_arduin5hHsT2/resources/app/lib/backend/main.js:2:2225285)
    at /tmp/.mount_arduin5hHsT2/resources/app/lib/backend/main.js:2:4362019
    at process.processTicksAndRejections (node:internal/process/task_queues:77:11)
2026-08-14 18:33:51 2026-08-14T13:03:51.814Z daemon INFO time="2026-08-14T18:33:51+05:30" level=info msg="received message" error=false event_type=close message=OK monitor=serial-monitor
time="2026-08-14T18:33:51+05:30" level=info msg="sending command" command=QUIT monitor=serial-monitor
2026-08-14 18:33:51 2026-08-14T13:03:51.814Z daemon INFO time="2026-08-14T18:33:51+05:30" level=info msg="received message" error=false event_type=quit message=OK monitor=serial-monitor
time="2026-08-14T18:33:51+05:30" level=info msg="Killing monitor process" monitor=serial-monitor
2026-08-14 18:33:51 2026-08-14T13:03:51.815Z daemon INFO time="2026-08-14T18:33:51+05:30" level=error msg="stopped decode loop: EOF" monitor=serial-monitor
2026-08-14 18:33:51 2026-08-14T13:03:51.815Z daemon INFO time="2026-08-14T18:33:51+05:30" level=info msg="Monitor process killed" monitor=serial-monitor
2026-08-14 18:33:51 2026-08-14T13:03:51.816Z monitor-service INFO monitor to /dev/ttyUSB0 using serial closed by server
2026-08-14 18:33:52 2026-08-14T13:03:52.766Z daemon INFO time="2026-08-14T18:33:52+05:30" level=info msg="Adding libraries dir" dir=/home/raj/.arduino15/libraries isSingleLibrary=false location=ide
time="2026-08-14T18:33:52+05:30" level=info msg="Adding libraries dir" dir=/home/raj/.arduino15/packages/arduino/hardware/avr/1.8.8/libraries isSingleLibrary=false location=platform
2026-08-14 18:33:52 2026-08-14T13:03:52.767Z daemon INFO time="2026-08-14T18:33:52+05:30" level=info msg="Adding libraries dir" dir=/home/raj/Arduino/libraries isSingleLibrary=false location=user
2026-08-14 18:33:54 2026-08-14T13:03:54.260Z root INFO Received port after upload [arduino+serial:///dev/ttyUSB0, arduino:avr:uno, sketch_aug14c]. Before port: {"protocol":"serial","address":"/dev/ttyUSB0"}, after port: {"address":"/dev/ttyUSB0","addressLabel":"/dev/ttyUSB0","protocol":"serial","protocolLabel":"Serial Port (USB)","properties":{"pid":"0xEA60","serialNumber":"0001","vid":"0x10C4"},"hardwareId":"0001"}
2026-08-14 18:33:54 2026-08-14T13:03:54.261Z monitor-service INFO starting monitor
2026-08-14 18:33:54 2026-08-14T13:03:54.264Z daemon INFO time="2026-08-14T18:33:54+05:30" level=info msg="Starting monitor process" monitor=serial-monitor
2026-08-14 18:33:54 2026-08-14T13:03:54.266Z daemon INFO time="2026-08-14T18:33:54+05:30" level=info msg="Monitor process started successfully!" monitor=serial-monitor
time="2026-08-14T18:33:54+05:30" level=info msg="sending command" command="HELLO 1 \"arduino-cli 1.4.1\"" monitor=serial-monitor
2026-08-14 18:33:54 2026-08-14T13:03:54.270Z daemon INFO time="2026-08-14T18:33:54+05:30" level=info msg="received message" error=false event_type=hello message=OK monitor=serial-monitor
time="2026-08-14T18:33:54+05:30" level=info msg="sending command" command=DESCRIBE monitor=serial-monitor
2026-08-14 18:33:54 2026-08-14T13:03:54.270Z daemon INFO time="2026-08-14T18:33:54+05:30" level=info msg="received message" error=false event_type=describe message=OK monitor=serial-monitor
time="2026-08-14T18:33:54+05:30" level=info msg="sending command" command=QUIT monitor=serial-monitor
2026-08-14 18:33:54 2026-08-14T13:03:54.270Z daemon INFO time="2026-08-14T18:33:54+05:30" level=info msg="received message" error=false event_type=quit message=OK monitor=serial-monitor
2026-08-14 18:33:54 2026-08-14T13:03:54.270Z daemon INFO time="2026-08-14T18:33:54+05:30" level=info msg="Killing monitor process" monitor=serial-monitor
2026-08-14 18:33:54 2026-08-14T13:03:54.271Z daemon INFO time="2026-08-14T18:33:54+05:30" level=error msg="stopped decode loop: EOF" monitor=serial-monitor
time="2026-08-14T18:33:54+05:30" level=info msg="Monitor process killed" monitor=serial-monitor
2026-08-14 18:33:54 2026-08-14T13:03:54.277Z daemon INFO time="2026-08-14T18:33:54+05:30" level=info msg="Starting monitor process" monitor=serial-monitor
time="2026-08-14T18:33:54+05:30" level=info msg="Monitor process started successfully!" monitor=serial-monitor
time="2026-08-14T18:33:54+05:30" level=info msg="sending command" command="HELLO 1 \"arduino-cli 1.4.1\"" monitor=serial-monitor
2026-08-14 18:33:54 2026-08-14T13:03:54.283Z daemon INFO time="2026-08-14T18:33:54+05:30" level=info msg="received message" error=false event_type=hello message=OK monitor=serial-monitor
time="2026-08-14T18:33:54+05:30" level=info msg="sending command" command=DESCRIBE monitor=serial-monitor
2026-08-14 18:33:54 2026-08-14T13:03:54.283Z daemon INFO time="2026-08-14T18:33:54+05:30" level=info msg="received message" error=false event_type=describe message=OK monitor=serial-monitor
2026-08-14 18:33:54 2026-08-14T13:03:54.283Z daemon INFO time="2026-08-14T18:33:54+05:30" level=info msg="sending command" command="CONFIGURE bits 8" monitor=serial-monitor
2026-08-14 18:33:54 2026-08-14T13:03:54.284Z daemon INFO time="2026-08-14T18:33:54+05:30" level=info msg="received message" error=false event_type=configure message=OK monitor=serial-monitor
time="2026-08-14T18:33:54+05:30" level=info msg="sending command" command="CONFIGURE dtr on" monitor=serial-monitor
2026-08-14 18:33:54 2026-08-14T13:03:54.284Z daemon INFO time="2026-08-14T18:33:54+05:30" level=info msg="received message" error=false event_type=configure message=OK monitor=serial-monitor
2026-08-14 18:33:54 2026-08-14T13:03:54.284Z daemon INFO time="2026-08-14T18:33:54+05:30" level=info msg="sending command" command="CONFIGURE parity none" monitor=serial-monitor
2026-08-14 18:33:54 2026-08-14T13:03:54.284Z daemon INFO time="2026-08-14T18:33:54+05:30" level=info msg="received message" error=false event_type=configure message=OK monitor=serial-monitor
time="2026-08-14T18:33:54+05:30" level=info msg="sending command" command="CONFIGURE rts on" monitor=serial-monitor
2026-08-14 18:33:54 2026-08-14T13:03:54.284Z daemon INFO time="2026-08-14T18:33:54+05:30" level=info msg="received message" error=false event_type=configure message=OK monitor=serial-monitor
2026-08-14 18:33:54 2026-08-14T13:03:54.284Z daemon INFO time="2026-08-14T18:33:54+05:30" level=info msg="sending command" command="CONFIGURE stop_bits 1" monitor=serial-monitor
2026-08-14 18:33:54 2026-08-14T13:03:54.284Z daemon INFO time="2026-08-14T18:33:54+05:30" level=info msg="received message" error=false event_type=configure message=OK monitor=serial-monitor
2026-08-14 18:33:54 2026-08-14T13:03:54.284Z daemon INFO time="2026-08-14T18:33:54+05:30" level=info msg="sending command" command="CONFIGURE baudrate 9600" monitor=serial-monitor
2026-08-14 18:33:54 2026-08-14T13:03:54.285Z daemon INFO time="2026-08-14T18:33:54+05:30" level=info msg="received message" error=false event_type=configure message=OK monitor=serial-monitor
2026-08-14 18:33:54 2026-08-14T13:03:54.285Z daemon INFO time="2026-08-14T18:33:54+05:30" level=info msg="sending command" command="OPEN 127.0.0.1:35947 /dev/ttyUSB0" monitor=serial-monitor
2026-08-14 18:33:54 2026-08-14T13:03:54.305Z daemon INFO time="2026-08-14T18:33:54+05:30" level=info msg="received message" error=false event_type=open message=OK monitor=serial-monitor
2026-08-14 18:33:54 2026-08-14T13:03:54.306Z daemon INFO time="2026-08-14T18:33:54+05:30" level=info msg="Port /dev/ttyUSB0 successfully opened"
2026-08-14 18:33:54 2026-08-14T13:03:54.306Z monitor-service INFO Using port configuration for serial:/dev/ttyUSB0: {"settingsList":[{"settingId":"bits","value":"8"},{"settingId":"dtr","value":"on"},{"settingId":"parity","value":"none"},{"settingId":"rts","value":"on"},{"settingId":"stop_bits","value":"1"},{"settingId":"baudrate","value":"9600"}]}
2026-08-14 18:33:54 2026-08-14T13:03:54.306Z monitor-service INFO started monitor to /dev/ttyUSB0 using serial
2026-08-14 18:33:54 2026-08-14T13:03:54.345Z monitor-service INFO No port configuration changes have been detected. No need to send configure commands to the running monitor serial:/dev/ttyUSB0.
2026-08-14 18:37:28 2026-08-14T13:07:28.706Z daemon INFO time="2026-08-14T18:37:28+05:30" level=info msg="Adding libraries dir" dir=/home/raj/.arduino15/libraries isSingleLibrary=false location=ide
time="2026-08-14T18:37:28+05:30" level=info msg="Adding libraries dir" dir=/home/raj/.arduino15/packages/arduino/hardware/avr/1.8.8/libraries isSingleLibrary=false location=platform
time="2026-08-14T18:37:28+05:30" level=info msg="Adding libraries dir" dir=/home/raj/Arduino/libraries isSingleLibrary=false location=user
2026-08-14 18:37:29 2026-08-14T13:07:29.188Z root INFO Executing 'arduino.languageserver.notifyBuildDidComplete' with "file:///home/raj/.cache/arduino/sketches/9FF3C91385D81AD22A5280EC2632C84A"
2026-08-14 18:37:29 2026-08-14T13:07:29.190Z daemon INFO time="2026-08-14T18:37:29+05:30" level=info msg="sending command" command=CLOSE monitor=serial-monitor
2026-08-14 18:37:29 2026-08-14T13:07:29.235Z daemon INFO time="2026-08-14T18:37:29+05:30" level=info msg="Tool required for debug" tool="arduino:arduinoOTA@1.3.0"
time="2026-08-14T18:37:29+05:30" level=info msg="Tool required for debug" tool="arduino:avr-gcc@7.3.0-atmel3.6.1-arduino7"
time="2026-08-14T18:37:29+05:30" level=info msg="Tool required for debug" tool="arduino:avrdude@8.0.0-arduino1"
2026-08-14 18:37:29 2026-08-14T13:07:29.235Z daemon INFO time="2026-08-14T18:37:29+05:30" level=info msg="Tool required for debug" tool="builtin:ctags@5.8-arduino11"
time="2026-08-14T18:37:29+05:30" level=info msg="Tool required for debug" tool="builtin:dfu-discovery@0.1.2"
time="2026-08-14T18:37:29+05:30" level=info msg="Tool required for debug" tool="builtin:mdns-discovery@1.1.0"
time="2026-08-14T18:37:29+05:30" level=info msg="Tool required for debug" tool="builtin:serial-discovery@1.5.2"
time="2026-08-14T18:37:29+05:30" level=info msg="Tool required for debug" tool="builtin:serial-monitor@0.15.0"
2026-08-14 18:37:29 2026-08-14T13:07:29.236Z root ERROR Failed to get debug config: arduino:avr:uno, undefined Error: Debugging is not supported.
    at Object.callback (/tmp/.mount_arduin5hHsT2/resources/app/lib/backend/main.js:2:4756202)
    at Object.onReceiveStatus (/tmp/.mount_arduin5hHsT2/resources/app/lib/backend/main.js:2:3791917)
    at Object.onReceiveStatus (/tmp/.mount_arduin5hHsT2/resources/app/lib/backend/main.js:2:2225840)
    at Object.onReceiveStatus (/tmp/.mount_arduin5hHsT2/resources/app/lib/backend/main.js:2:2225285)
    at /tmp/.mount_arduin5hHsT2/resources/app/lib/backend/main.js:2:4362019
    at process.processTicksAndRejections (node:internal/process/task_queues:77:11)
2026-08-14 18:37:29 2026-08-14T13:07:29.249Z daemon INFO time="2026-08-14T18:37:29+05:30" level=info msg="received message" error=false event_type=close message=OK monitor=serial-monitor
time="2026-08-14T18:37:29+05:30" level=info msg="sending command" command=QUIT monitor=serial-monitor
2026-08-14 18:37:29 2026-08-14T13:07:29.249Z daemon INFO time="2026-08-14T18:37:29+05:30" level=info msg="received message" error=false event_type=quit message=OK monitor=serial-monitor
time="2026-08-14T18:37:29+05:30" level=info msg="Killing monitor process" monitor=serial-monitor
2026-08-14 18:37:29 2026-08-14T13:07:29.250Z daemon INFO time="2026-08-14T18:37:29+05:30" level=error msg="stopped decode loop: EOF" monitor=serial-monitor
2026-08-14 18:37:29 2026-08-14T13:07:29.250Z daemon INFO time="2026-08-14T18:37:29+05:30" level=info msg="Monitor process killed" monitor=serial-monitor
2026-08-14 18:37:29 2026-08-14T13:07:29.252Z monitor-service INFO monitor to /dev/ttyUSB0 using serial closed by server
2026-08-14 18:37:30 2026-08-14T13:07:30.210Z daemon INFO time="2026-08-14T18:37:30+05:30" level=info msg="Adding libraries dir" dir=/home/raj/.arduino15/libraries isSingleLibrary=false location=ide
time="2026-08-14T18:37:30+05:30" level=info msg="Adding libraries dir" dir=/home/raj/.arduino15/packages/arduino/hardware/avr/1.8.8/libraries isSingleLibrary=false location=platform
2026-08-14 18:37:30 2026-08-14T13:07:30.210Z daemon INFO time="2026-08-14T18:37:30+05:30" level=info msg="Adding libraries dir" dir=/home/raj/Arduino/libraries isSingleLibrary=false location=user
2026-08-14 18:37:31 2026-08-14T13:07:31.200Z root WARN Widget was activated, but did not accept focus after 2000ms: serial-monitor
2026-08-14 18:37:31 2026-08-14T13:07:31.955Z root INFO Received port after upload [arduino+serial:///dev/ttyUSB0, arduino:avr:uno, sketch_aug14b]. Before port: {"protocol":"serial","address":"/dev/ttyUSB0"}, after port: {"address":"/dev/ttyUSB0","addressLabel":"/dev/ttyUSB0","protocol":"serial","protocolLabel":"Serial Port (USB)","properties":{"pid":"0xEA60","serialNumber":"0001","vid":"0x10C4"},"hardwareId":"0001"}
2026-08-14 18:37:31 2026-08-14T13:07:31.956Z monitor-service INFO starting monitor
2026-08-14 18:37:31 2026-08-14T13:07:31.958Z daemon INFO time="2026-08-14T18:37:31+05:30" level=info msg="Starting monitor process" monitor=serial-monitor
2026-08-14 18:37:31 2026-08-14T13:07:31.959Z daemon INFO time="2026-08-14T18:37:31+05:30" level=info msg="Monitor process started successfully!" monitor=serial-monitor
time="2026-08-14T18:37:31+05:30" level=info msg="sending command" command="HELLO 1 \"arduino-cli 1.4.1\"" monitor=serial-monitor
2026-08-14 18:37:31 2026-08-14T13:07:31.961Z daemon INFO time="2026-08-14T18:37:31+05:30" level=info msg="received message" error=false event_type=hello message=OK monitor=serial-monitor
time="2026-08-14T18:37:31+05:30" level=info msg="sending command" command=DESCRIBE monitor=serial-monitor
2026-08-14 18:37:31 2026-08-14T13:07:31.961Z daemon INFO time="2026-08-14T18:37:31+05:30" level=info msg="received message" error=false event_type=describe message=OK monitor=serial-monitor
time="2026-08-14T18:37:31+05:30" level=info msg="sending command" command=QUIT monitor=serial-monitor
2026-08-14 18:37:31 2026-08-14T13:07:31.961Z daemon INFO time="2026-08-14T18:37:31+05:30" level=info msg="received message" error=false event_type=quit message=OK monitor=serial-monitor
time="2026-08-14T18:37:31+05:30" level=info msg="Killing monitor process" monitor=serial-monitor
2026-08-14 18:37:31 2026-08-14T13:07:31.963Z daemon INFO time="2026-08-14T18:37:31+05:30" level=error msg="stopped decode loop: EOF" monitor=serial-monitor
2026-08-14 18:37:31 2026-08-14T13:07:31.963Z daemon INFO time="2026-08-14T18:37:31+05:30" level=info msg="Monitor process killed" monitor=serial-monitor
2026-08-14 18:37:31 2026-08-14T13:07:31.969Z daemon INFO time="2026-08-14T18:37:31+05:30" level=info msg="Starting monitor process" monitor=serial-monitor
2026-08-14 18:37:31 2026-08-14T13:07:31.970Z daemon INFO time="2026-08-14T18:37:31+05:30" level=info msg="Monitor process started successfully!" monitor=serial-monitor
time="2026-08-14T18:37:31+05:30" level=info msg="sending command" command="HELLO 1 \"arduino-cli 1.4.1\"" monitor=serial-monitor
2026-08-14 18:37:31 2026-08-14T13:07:31.975Z daemon INFO time="2026-08-14T18:37:31+05:30" level=info msg="received message" error=false event_type=hello message=OK monitor=serial-monitor
time="2026-08-14T18:37:31+05:30" level=info msg="sending command" command=DESCRIBE monitor=serial-monitor
time="2026-08-14T18:37:31+05:30" level=info msg="received message" error=false event_type=describe message=OK monitor=serial-monitor
time="2026-08-14T18:37:31+05:30" level=info msg="sending command" command="CONFIGURE bits 8" monitor=serial-monitor
time="2026-08-14T18:37:31+05:30" level=info msg="received message" error=false event_type=configure message=OK monitor=serial-monitor
time="2026-08-14T18:37:31+05:30" level=info msg="sending command" command="CONFIGURE dtr on" monitor=serial-monitor
time="2026-08-14T18:37:31+05:30" level=info msg="received message" error=false event_type=configure message=OK monitor=serial-monitor
time="2026-08-14T18:37:31+05:30" level=info msg="sending command" command="CONFIGURE parity none" monitor=serial-monitor
time="2026-08-14T18:37:31+05:30" level=info msg="received message" error=false event_type=configure message=OK monitor=serial-monitor
time="2026-08-14T18:37:31+05:30" level=info msg="sending command" command="CONFIGURE rts on" monitor=serial-monitor
time="2026-08-14T18:37:31+05:30" level=info msg="received message" error=false event_type=configure message=OK monitor=serial-monitor
time="2026-08-14T18:37:31+05:30" level=info msg="sending command" command="CONFIGURE stop_bits 1" monitor=serial-monitor
time="2026-08-14T18:37:31+05:30" level=info msg="received message" error=false event_type=configure message=OK monitor=serial-monitor
time="2026-08-14T18:37:31+05:30" level=info msg="sending command" command="CONFIGURE baudrate 9600" monitor=serial-monitor
time="2026-08-14T18:37:31+05:30" level=info msg="received message" error=false event_type=configure message=OK monitor=serial-monitor
time="2026-08-14T18:37:31+05:30" level=info msg="sending command" command="OPEN 127.0.0.1:45091 /dev/ttyUSB0" monitor=serial-monitor
2026-08-14 18:37:31 2026-08-14T13:07:31.994Z daemon INFO time="2026-08-14T18:37:31+05:30" level=info msg="received message" error=false event_type=open message=OK monitor=serial-monitor
2026-08-14 18:37:31 2026-08-14T13:07:31.994Z daemon INFO time="2026-08-14T18:37:31+05:30" level=info msg="Port /dev/ttyUSB0 successfully opened"
2026-08-14 18:37:31 2026-08-14T13:07:31.995Z monitor-service INFO Using port configuration for serial:/dev/ttyUSB0: {"settingsList":[{"settingId":"bits","value":"8"},{"settingId":"dtr","value":"on"},{"settingId":"parity","value":"none"},{"settingId":"rts","value":"on"},{"settingId":"stop_bits","value":"1"},{"settingId":"baudrate","value":"9600"}]}
2026-08-14 18:37:31 2026-08-14T13:07:31.995Z monitor-service INFO started monitor to /dev/ttyUSB0 using serial
2026-08-14 18:37:32 2026-08-14T13:07:32.011Z monitor-service INFO No port configuration changes have been detected. No need to send configure commands to the running monitor serial:/dev/ttyUSB0.
2026-08-14 18:38:41 2026-08-14T13:08:41.721Z daemon INFO time="2026-08-14T18:38:41+05:30" level=info msg="Adding libraries dir" dir=/home/raj/.arduino15/libraries isSingleLibrary=false location=ide
time="2026-08-14T18:38:41+05:30" level=info msg="Adding libraries dir" dir=/home/raj/.arduino15/packages/arduino/hardware/avr/1.8.8/libraries isSingleLibrary=false location=platform
time="2026-08-14T18:38:41+05:30" level=info msg="Adding libraries dir" dir=/home/raj/Arduino/libraries isSingleLibrary=false location=user
2026-08-14 18:38:42 2026-08-14T13:08:42.110Z root INFO Executing 'arduino.languageserver.notifyBuildDidComplete' with "file:///home/raj/.cache/arduino/sketches/3FBF09F2877276F76D833CC474BFBC86"
2026-08-14 18:38:42 2026-08-14T13:08:42.112Z daemon INFO time="2026-08-14T18:38:42+05:30" level=info msg="sending command" command=CLOSE monitor=serial-monitor
2026-08-14 18:38:42 2026-08-14T13:08:42.148Z daemon INFO time="2026-08-14T18:38:42+05:30" level=info msg="Tool required for debug" tool="arduino:arduinoOTA@1.3.0"
time="2026-08-14T18:38:42+05:30" level=info msg="Tool required for debug" tool="arduino:avr-gcc@7.3.0-atmel3.6.1-arduino7"
time="2026-08-14T18:38:42+05:30" level=info msg="Tool required for debug" tool="arduino:avrdude@8.0.0-arduino1"
time="2026-08-14T18:38:42+05:30" level=info msg="Tool required for debug" tool="builtin:mdns-discovery@1.1.0"
time="2026-08-14T18:38:42+05:30" level=info msg="Tool required for debug" tool="builtin:serial-discovery@1.5.2"
2026-08-14 18:38:42 2026-08-14T13:08:42.148Z daemon INFO time="2026-08-14T18:38:42+05:30" level=info msg="Tool required for debug" tool="builtin:serial-monitor@0.15.0"
time="2026-08-14T18:38:42+05:30" level=info msg="Tool required for debug" tool="builtin:ctags@5.8-arduino11"
time="2026-08-14T18:38:42+05:30" level=info msg="Tool required for debug" tool="builtin:dfu-discovery@0.1.2"
2026-08-14 18:38:42 2026-08-14T13:08:42.149Z root ERROR Failed to get debug config: arduino:avr:uno, undefined Error: Debugging is not supported.
    at Object.callback (/tmp/.mount_arduin5hHsT2/resources/app/lib/backend/main.js:2:4756202)
    at Object.onReceiveStatus (/tmp/.mount_arduin5hHsT2/resources/app/lib/backend/main.js:2:3791917)
    at Object.onReceiveStatus (/tmp/.mount_arduin5hHsT2/resources/app/lib/backend/main.js:2:2225840)
    at Object.onReceiveStatus (/tmp/.mount_arduin5hHsT2/resources/app/lib/backend/main.js:2:2225285)
    at /tmp/.mount_arduin5hHsT2/resources/app/lib/backend/main.js:2:4362019
    at process.processTicksAndRejections (node:internal/process/task_queues:77:11)
2026-08-14 18:38:42 2026-08-14T13:08:42.172Z daemon INFO time="2026-08-14T18:38:42+05:30" level=info msg="received message" error=false event_type=close message=OK monitor=serial-monitor
2026-08-14 18:38:42 2026-08-14T13:08:42.172Z daemon INFO time="2026-08-14T18:38:42+05:30" level=info msg="sending command" command=QUIT monitor=serial-monitor
time="2026-08-14T18:38:42+05:30" level=info msg="received message" error=false event_type=quit message=OK monitor=serial-monitor
time="2026-08-14T18:38:42+05:30" level=info msg="Killing monitor process" monitor=serial-monitor
2026-08-14 18:38:42 2026-08-14T13:08:42.173Z daemon INFO time="2026-08-14T18:38:42+05:30" level=error msg="stopped decode loop: EOF" monitor=serial-monitor
2026-08-14 18:38:42 2026-08-14T13:08:42.173Z daemon INFO time="2026-08-14T18:38:42+05:30" level=info msg="Monitor process killed" monitor=serial-monitor
2026-08-14 18:38:42 2026-08-14T13:08:42.175Z monitor-service INFO monitor to /dev/ttyUSB0 using serial closed by server
2026-08-14 18:38:43 2026-08-14T13:08:43.139Z daemon INFO time="2026-08-14T18:38:43+05:30" level=info msg="Adding libraries dir" dir=/home/raj/.arduino15/libraries isSingleLibrary=false location=ide
time="2026-08-14T18:38:43+05:30" level=info msg="Adding libraries dir" dir=/home/raj/.arduino15/packages/arduino/hardware/avr/1.8.8/libraries isSingleLibrary=false location=platform
time="2026-08-14T18:38:43+05:30" level=info msg="Adding libraries dir" dir=/home/raj/Arduino/libraries isSingleLibrary=false location=user
2026-08-14 18:38:44 2026-08-14T13:08:44.627Z root INFO Received port after upload [arduino+serial:///dev/ttyUSB0, arduino:avr:uno, sketch_aug14c]. Before port: {"protocol":"serial","address":"/dev/ttyUSB0"}, after port: {"address":"/dev/ttyUSB0","addressLabel":"/dev/ttyUSB0","protocol":"serial","protocolLabel":"Serial Port (USB)","properties":{"pid":"0xEA60","serialNumber":"0001","vid":"0x10C4"},"hardwareId":"0001"}
2026-08-14 18:38:44 2026-08-14T13:08:44.628Z monitor-service INFO starting monitor
2026-08-14 18:38:44 2026-08-14T13:08:44.630Z daemon INFO time="2026-08-14T18:38:44+05:30" level=info msg="Starting monitor process" monitor=serial-monitor
2026-08-14 18:38:44 2026-08-14T13:08:44.631Z daemon INFO time="2026-08-14T18:38:44+05:30" level=info msg="Monitor process started successfully!" monitor=serial-monitor
time="2026-08-14T18:38:44+05:30" level=info msg="sending command" command="HELLO 1 \"arduino-cli 1.4.1\"" monitor=serial-monitor
2026-08-14 18:38:44 2026-08-14T13:08:44.635Z daemon INFO time="2026-08-14T18:38:44+05:30" level=info msg="received message" error=false event_type=hello message=OK monitor=serial-monitor
time="2026-08-14T18:38:44+05:30" level=info msg="sending command" command=DESCRIBE monitor=serial-monitor
2026-08-14 18:38:44 2026-08-14T13:08:44.635Z daemon INFO time="2026-08-14T18:38:44+05:30" level=info msg="received message" error=false event_type=describe message=OK monitor=serial-monitor
time="2026-08-14T18:38:44+05:30" level=info msg="sending command" command=QUIT monitor=serial-monitor
time="2026-08-14T18:38:44+05:30" level=info msg="received message" error=false event_type=quit message=OK monitor=serial-monitor
time="2026-08-14T18:38:44+05:30" level=info msg="Killing monitor process" monitor=serial-monitor
2026-08-14 18:38:44 2026-08-14T13:08:44.637Z daemon INFO time="2026-08-14T18:38:44+05:30" level=error msg="stopped decode loop: EOF" monitor=serial-monitor
2026-08-14 18:38:44 2026-08-14T13:08:44.637Z daemon INFO time="2026-08-14T18:38:44+05:30" level=info msg="Monitor process killed" monitor=serial-monitor
2026-08-14 18:38:44 2026-08-14T13:08:44.643Z daemon INFO time="2026-08-14T18:38:44+05:30" level=info msg="Starting monitor process" monitor=serial-monitor
2026-08-14 18:38:44 2026-08-14T13:08:44.645Z daemon INFO time="2026-08-14T18:38:44+05:30" level=info msg="Monitor process started successfully!" monitor=serial-monitor
time="2026-08-14T18:38:44+05:30" level=info msg="sending command" command="HELLO 1 \"arduino-cli 1.4.1\"" monitor=serial-monitor
2026-08-14 18:38:44 2026-08-14T13:08:44.648Z daemon INFO time="2026-08-14T18:38:44+05:30" level=info msg="received message" error=false event_type=hello message=OK monitor=serial-monitor
2026-08-14 18:38:44 2026-08-14T13:08:44.649Z daemon INFO time="2026-08-14T18:38:44+05:30" level=info msg="sending command" command=DESCRIBE monitor=serial-monitor
2026-08-14 18:38:44 2026-08-14T13:08:44.649Z daemon INFO time="2026-08-14T18:38:44+05:30" level=info msg="received message" error=false event_type=describe message=OK monitor=serial-monitor
2026-08-14 18:38:44 2026-08-14T13:08:44.649Z daemon INFO time="2026-08-14T18:38:44+05:30" level=info msg="sending command" command="CONFIGURE bits 8" monitor=serial-monitor
2026-08-14 18:38:44 2026-08-14T13:08:44.649Z daemon INFO time="2026-08-14T18:38:44+05:30" level=info msg="received message" error=false event_type=configure message=OK monitor=serial-monitor
2026-08-14 18:38:44 2026-08-14T13:08:44.649Z daemon INFO time="2026-08-14T18:38:44+05:30" level=info msg="sending command" command="CONFIGURE dtr on" monitor=serial-monitor
2026-08-14 18:38:44 2026-08-14T13:08:44.649Z daemon INFO time="2026-08-14T18:38:44+05:30" level=info msg="received message" error=false event_type=configure message=OK monitor=serial-monitor
2026-08-14 18:38:44 2026-08-14T13:08:44.649Z daemon INFO time="2026-08-14T18:38:44+05:30" level=info msg="sending command" command="CONFIGURE parity none" monitor=serial-monitor
2026-08-14 18:38:44 2026-08-14T13:08:44.650Z daemon INFO time="2026-08-14T18:38:44+05:30" level=info msg="received message" error=false event_type=configure message=OK monitor=serial-monitor
2026-08-14 18:38:44 2026-08-14T13:08:44.650Z daemon INFO time="2026-08-14T18:38:44+05:30" level=info msg="sending command" command="CONFIGURE rts on" monitor=serial-monitor
2026-08-14 18:38:44 2026-08-14T13:08:44.650Z daemon INFO time="2026-08-14T18:38:44+05:30" level=info msg="received message" error=false event_type=configure message=OK monitor=serial-monitor
time="2026-08-14T18:38:44+05:30" level=info msg="sending command" command="CONFIGURE stop_bits 1" monitor=serial-monitor
2026-08-14 18:38:44 2026-08-14T13:08:44.650Z daemon INFO time="2026-08-14T18:38:44+05:30" level=info msg="received message" error=false event_type=configure message=OK monitor=serial-monitor
time="2026-08-14T18:38:44+05:30" level=info msg="sending command" command="CONFIGURE baudrate 9600" monitor=serial-monitor
2026-08-14 18:38:44 2026-08-14T13:08:44.650Z daemon INFO time="2026-08-14T18:38:44+05:30" level=info msg="received message" error=false event_type=configure message=OK monitor=serial-monitor
2026-08-14 18:38:44 2026-08-14T13:08:44.650Z daemon INFO time="2026-08-14T18:38:44+05:30" level=info msg="sending command" command="OPEN 127.0.0.1:44643 /dev/ttyUSB0" monitor=serial-monitor
2026-08-14 18:38:44 2026-08-14T13:08:44.671Z daemon INFO time="2026-08-14T18:38:44+05:30" level=info msg="received message" error=false event_type=open message=OK monitor=serial-monitor
2026-08-14 18:38:44 2026-08-14T13:08:44.672Z daemon INFO time="2026-08-14T18:38:44+05:30" level=info msg="Port /dev/ttyUSB0 successfully opened"
2026-08-14 18:38:44 2026-08-14T13:08:44.673Z monitor-service INFO Using port configuration for serial:/dev/ttyUSB0: {"settingsList":[{"settingId":"bits","value":"8"},{"settingId":"dtr","value":"on"},{"settingId":"parity","value":"none"},{"settingId":"rts","value":"on"},{"settingId":"stop_bits","value":"1"},{"settingId":"baudrate","value":"9600"}]}
2026-08-14 18:38:44 2026-08-14T13:08:44.673Z monitor-service INFO started monitor to /dev/ttyUSB0 using serial
2026-08-14 18:38:44 2026-08-14T13:08:44.677Z monitor-service INFO No port configuration changes have been detected. No need to send configure commands to the running monitor serial:/dev/ttyUSB0.
2026-08-14 18:38:44 2026-08-14T13:08:44.699Z monitor-service INFO No port configuration changes have been detected. No need to send configure commands to the running monitor serial:/dev/ttyUSB0.
2026-08-14 18:38:50 isTempSketch: true. Input was /tmp/.arduinoIDE-unsaved2026714-5322-1wace57.dcit/sketch_aug14c
2026-08-14 18:38:50 Ignored marking workspace as a closed sketch. The sketch was detected as temporary. Workspace URI: file:///tmp/.arduinoIDE-unsaved2026714-5322-1wace57.dcit/sketch_aug14c.
2026-08-14 18:38:50 isTempSketch: true. Input was /tmp/.arduinoIDE-unsaved2026714-5322-1wace57.dcit/sketch_aug14c
2026-08-14 18:38:50 Ignored marking workspace as a closed sketch. The sketch was detected as temporary. Workspace URI: file:///tmp/.arduinoIDE-unsaved2026714-5322-1wace57.dcit/sketch_aug14c.
2026-08-14 18:38:50 2026-08-14T13:08:50.744Z root INFO socked closed
2026-08-14 18:38:50 2026-08-14T13:08:50.744Z root INFO closing connection for 3
2026-08-14 18:38:50 2026-08-14T13:08:50.744Z root INFO Closing channel on service path '/localization-server'.
2026-08-14 18:38:50 2026-08-14T13:08:50.744Z root INFO Closing channel on service path '/os'.
2026-08-14 18:38:50 2026-08-14T13:08:50.744Z root INFO Closing channel on service path '/services/commands'.
2026-08-14 18:38:50 2026-08-14T13:08:50.744Z root INFO Closing channel on service path '/services/keyboard'.
2026-08-14 18:38:50 2026-08-14T13:08:50.744Z root INFO Closing channel on service path '/services/logger'.
2026-08-14 18:38:50 2026-08-14T13:08:50.744Z root INFO Closing channel on service path '/services/messageService'.
2026-08-14 18:38:50 2026-08-14T13:08:50.744Z root INFO Closing channel on service path '/services/ChannelCloseService'.
2026-08-14 18:38:50 2026-08-14T13:08:50.744Z root INFO Closing channel on service path '/services/remote-filesystem'.
2026-08-14 18:38:50 2026-08-14T13:08:50.744Z root INFO Closing channel on service path '/services/envs'.
2026-08-14 18:38:50 2026-08-14T13:08:50.744Z root INFO Closing channel on service path '/services/authentication-service'.
2026-08-14 18:38:50 2026-08-14T13:08:50.744Z root INFO Closing channel on service path '/services/sketches-service'.
2026-08-14 18:38:50 2026-08-14T13:08:50.744Z root INFO Closing channel on service path '/services/config-service'.
2026-08-14 18:38:50 2026-08-14T13:08:50.744Z root INFO Closing channel on service path '/services/workspace'.
2026-08-14 18:38:50 2026-08-14T13:08:50.744Z root INFO Closing channel on service path '/services/notification-service'.
2026-08-14 18:38:50 2026-08-14T13:08:50.744Z root INFO Closing channel on service path '/services/arduino-daemon'.
2026-08-14 18:38:50 2026-08-14T13:08:50.744Z root INFO Closing channel on service path '/services/stopwatch'.
2026-08-14 18:38:50 2026-08-14T13:08:50.744Z root INFO Closing channel on service path '/services/application'.
2026-08-14 18:38:50 2026-08-14T13:08:50.744Z root INFO Closing channel on service path '/services/i18n'.
2026-08-14 18:38:50 2026-08-14T13:08:50.744Z root INFO Closing channel on service path '/services/quickInput'.
2026-08-14 18:38:50 2026-08-14T13:08:50.744Z root INFO Closing channel on service path '/services/debug'.
2026-08-14 18:38:50 2026-08-14T13:08:50.744Z root INFO Closing channel on service path '/services/shell-terminal'.
2026-08-14 18:38:50 2026-08-14T13:08:50.744Z root INFO Closing channel on service path '/services/quickPick'.
2026-08-14 18:38:50 2026-08-14T13:08:50.744Z root INFO Closing channel on service path '/services/task'.
2026-08-14 18:38:50 2026-08-14T13:08:50.744Z root INFO Closing channel on service path '/services/search'.
2026-08-14 18:38:50 2026-08-14T13:08:50.744Z root INFO Closing channel on service path '/services/hostedPlugin'.
2026-08-14 18:38:50 2026-08-14T13:08:50.744Z root INFO Closing channel on service path '/services/plugin-ext'.
2026-08-14 18:38:50 2026-08-14T13:08:50.744Z root INFO Closing channel on service path '/services/plugin-paths'.
2026-08-14 18:38:50 2026-08-14T13:08:50.744Z root INFO Closing channel on service path '/services/cli-preferences'.
2026-08-14 18:38:50 2026-08-14T13:08:50.744Z root INFO Closing channel on service path '/services/boards-service'.
2026-08-14 18:38:50 2026-08-14T13:08:50.744Z root INFO Closing channel on service path '/services/response-service'.
2026-08-14 18:38:50 2026-08-14T13:08:50.744Z root INFO Closing channel on service path '/services/file-system-ext'.
2026-08-14 18:38:50 2026-08-14T13:08:50.744Z root INFO Closing channel on service path '/services/core-service'.
2026-08-14 18:38:50 2026-08-14T13:08:50.744Z root INFO Closing channel on service path '/services/example-service'.
2026-08-14 18:38:50 2026-08-14T13:08:50.744Z root INFO Closing channel on service path '/services/library-service'.
2026-08-14 18:38:50 2026-08-14T13:08:50.744Z root INFO Closing channel on service path '/services/executable-service'.
2026-08-14 18:38:50 2026-08-14T13:08:50.744Z root INFO Closing channel on service path '/services/arduino-firmware-uploader'.
2026-08-14 18:38:50 2026-08-14T13:08:50.744Z root INFO Closing channel on service path '/services/formatter'.
2026-08-14 18:38:50 2026-08-14T13:08:50.744Z root INFO Closing channel on service path '/services/search-in-workspace'.
2026-08-14 18:38:50 2026-08-14T13:08:50.744Z root INFO Closing channel on service path '/services/request-service'.
2026-08-14 18:38:50 2026-08-14T13:08:50.744Z root INFO Closing channel on service path '/services/keyStore'.
2026-08-14 18:38:50 2026-08-14T13:08:50.744Z root INFO Closing channel on service path '/services/languagePackService'.
2026-08-14 18:38:50 Closing channel on service path '/services/electron-window'.
2026-08-14 18:38:50 Closing channel on service path '/services/ide-updater'.
2026-08-14 18:38:54 isTempSketch: false. Input was /home/raj/Arduino/sketch_aug14b
2026-08-14 18:38:54 Marking workspace as a closed sketch. Workspace URI: file:///home/raj/Arduino/sketch_aug14b. Date: 1786712934207.
2026-08-14 18:38:54 isTempSketch: false. Input was /home/raj/Arduino/sketch_aug14b
2026-08-14 18:38:54 Marking workspace as a closed sketch. Workspace URI: file:///home/raj/Arduino/sketch_aug14b. Date: 1786712934214.
2026-08-14 18:38:54 2026-08-14T13:08:54.225Z root INFO socked closed
2026-08-14 18:38:54 2026-08-14T13:08:54.225Z root INFO closing connection for 2
2026-08-14 18:38:54 2026-08-14T13:08:54.225Z root INFO Closing channel on service path '/localization-server'.
2026-08-14 18:38:54 2026-08-14T13:08:54.225Z root INFO Closing channel on service path '/os'.
2026-08-14 18:38:54 2026-08-14T13:08:54.225Z root INFO Closing channel on service path '/services/commands'.
2026-08-14 18:38:54 2026-08-14T13:08:54.225Z root INFO Closing channel on service path '/services/keyboard'.
2026-08-14 18:38:54 2026-08-14T13:08:54.225Z root INFO Closing channel on service path '/services/logger'.
2026-08-14 18:38:54 2026-08-14T13:08:54.225Z root INFO Closing channel on service path '/services/messageService'.
2026-08-14 18:38:54 2026-08-14T13:08:54.225Z root INFO Closing channel on service path '/services/ChannelCloseService'.
2026-08-14 18:38:54 2026-08-14T13:08:54.225Z root INFO Closing channel on service path '/services/remote-filesystem'.
2026-08-14 18:38:54 2026-08-14T13:08:54.225Z root INFO Closing channel on service path '/services/envs'.
2026-08-14 18:38:54 2026-08-14T13:08:54.225Z root INFO Closing channel on service path '/services/authentication-service'.
2026-08-14 18:38:54 2026-08-14T13:08:54.225Z root INFO Closing channel on service path '/services/sketches-service'.
2026-08-14 18:38:54 2026-08-14T13:08:54.225Z root INFO Closing channel on service path '/services/config-service'.
2026-08-14 18:38:54 2026-08-14T13:08:54.225Z root INFO Closing channel on service path '/services/workspace'.
2026-08-14 18:38:54 2026-08-14T13:08:54.225Z root INFO Closing channel on service path '/services/notification-service'.
2026-08-14 18:38:54 2026-08-14T13:08:54.225Z root INFO Closing channel on service path '/services/arduino-daemon'.
2026-08-14 18:38:54 2026-08-14T13:08:54.225Z root INFO Closing channel on service path '/services/stopwatch'.
2026-08-14 18:38:54 2026-08-14T13:08:54.225Z root INFO Closing channel on service path '/services/application'.
2026-08-14 18:38:54 2026-08-14T13:08:54.225Z root INFO Closing channel on service path '/services/i18n'.
2026-08-14 18:38:54 2026-08-14T13:08:54.225Z root INFO Closing channel on service path '/services/quickInput'.
2026-08-14 18:38:54 2026-08-14T13:08:54.225Z root INFO Closing channel on service path '/services/debug'.
2026-08-14 18:38:54 2026-08-14T13:08:54.225Z root INFO Closing channel on service path '/services/shell-terminal'.
2026-08-14 18:38:54 2026-08-14T13:08:54.225Z root INFO Closing channel on service path '/services/quickPick'.
2026-08-14 18:38:54 2026-08-14T13:08:54.225Z root INFO Closing channel on service path '/services/task'.
2026-08-14 18:38:54 2026-08-14T13:08:54.225Z root INFO Closing channel on service path '/services/search'.
2026-08-14 18:38:54 2026-08-14T13:08:54.225Z root INFO Closing channel on service path '/services/hostedPlugin'.
2026-08-14 18:38:54 2026-08-14T13:08:54.225Z root INFO Closing channel on service path '/services/plugin-ext'.
2026-08-14 18:38:54 2026-08-14T13:08:54.225Z root INFO Closing channel on service path '/services/plugin-paths'.
2026-08-14 18:38:54 2026-08-14T13:08:54.225Z root INFO Closing channel on service path '/services/cli-preferences'.
2026-08-14 18:38:54 2026-08-14T13:08:54.225Z root INFO Closing channel on service path '/services/boards-service'.
2026-08-14 18:38:54 2026-08-14T13:08:54.225Z root INFO Closing channel on service path '/services/response-service'.
2026-08-14 18:38:54 2026-08-14T13:08:54.225Z root INFO Closing channel on service path '/services/file-system-ext'.
2026-08-14 18:38:54 2026-08-14T13:08:54.225Z root INFO Closing channel on service path '/services/core-service'.
2026-08-14 18:38:54 2026-08-14T13:08:54.225Z root INFO Closing channel on service path '/services/example-service'.
2026-08-14 18:38:54 2026-08-14T13:08:54.225Z root INFO Closing channel on service path '/services/library-service'.
2026-08-14 18:38:54 2026-08-14T13:08:54.225Z root INFO Closing channel on service path '/services/executable-service'.
2026-08-14 18:38:54 2026-08-14T13:08:54.225Z root INFO Closing channel on service path '/services/arduino-firmware-uploader'.
2026-08-14 18:38:54 2026-08-14T13:08:54.225Z root INFO Closing channel on service path '/services/formatter'.
2026-08-14 18:38:54 2026-08-14T13:08:54.225Z root INFO Closing channel on service path '/services/search-in-workspace'.
2026-08-14 18:38:54 2026-08-14T13:08:54.225Z root INFO Closing channel on service path '/services/request-service'.
2026-08-14 18:38:54 2026-08-14T13:08:54.225Z root INFO Closing channel on service path '/services/keyStore'.
2026-08-14 18:38:54 2026-08-14T13:08:54.225Z root INFO Closing channel on service path '/services/languagePackService'.
2026-08-14 18:38:54 2026-08-14T13:08:54.225Z root INFO Closing channel on service path '/services/monitor-manager-proxy'.
2026-08-14 18:38:54 Closing channel on service path '/services/electron-window'.
2026-08-14 18:38:54 Closing channel on service path '/services/ide-updater'.
2026-08-14 18:38:54 Skipped storing sketch as workspace root. Expected minimum threshold: <1786712933241>. Was: <1786709988667>.
2026-08-14 18:38:54 Skipped storing sketch as workspace root. Expected minimum threshold: <1786712933241>. Was: <1786709988674>.
2026-08-14 18:38:54 Storing the sketch as a workspace root: </home/raj/Arduino/sketch_aug14b>.
2026-08-14 18:38:54 Skipped storing sketch as workspace root. Already visited: </home/raj/Arduino/sketch_aug14b>.
2026-08-14 18:38:54 Stored workspaces roots: /home/raj/Arduino/sketch_aug14b
2026-08-14 18:38:54 No sketches were scheduled for deletion.
