2026-05-21 15:29:34 Arduino IDE 2.3.8
2026-05-21 15:29:34 Checking for frontend application configuration customizations. Module path: /tmp/.mount_arduinBWUsow/resources/app/lib/backend/electron-main.js, destination 'package.json': /tmp/.mount_arduinBWUsow/resources/app/package.json
2026-05-21 15:29:34 Setting 'theia.frontend.config.appVersion' application configuration value to: "2.3.8" (type of string)
2026-05-21 15:29:34 Setting 'theia.frontend.config.cliVersion' application configuration value to: "1.4.1" (type of string)
2026-05-21 15:29:34 Setting 'theia.frontend.config.buildDate' application configuration value to: "2026-02-25T15:15:50.003Z" (type of string)
2026-05-21 15:29:34 Frontend application configuration after modifications: {"applicationName":"Arduino IDE","defaultTheme":{"light":"arduino-theme","dark":"arduino-theme-dark"},"defaultIconTheme":"none","electron":{"windowOptions":{},"showWindowEarly":true,"splashScreenOptions":{},"uriScheme":"arduino-ide"},"defaultLocale":"","validatePreferencesSchema":false,"reloadOnReconnect":true,"uriScheme":"theia","preferences":{"window.title":"${rootName}${activeEditorShort}${appName}","files.autoSave":"afterDelay","editor.minimap.enabled":false,"editor.tabSize":2,"editor.scrollBeyondLastLine":false,"editor.quickSuggestions":{"other":false,"comments":false,"strings":false},"editor.maxTokenizationLineLength":500,"editor.bracketPairColorization.enabled":false,"breadcrumbs.enabled":false,"workbench.tree.renderIndentGuides":"none","explorer.compactFolders":false},"appVersion":"2.3.8","cliVersion":"1.4.1","buildDate":"2026-02-25T15:15:50.003Z"}
2026-05-21 15:29:34 Starting backend process. PID: 2554
2026-05-21 15:29:35 Showing main window early
2026-05-21 15:29:35 Using browser-only version of superagent in non-browser environment
2026-05-21 15:29:35 Configuration directory URI: 'file:///home/raj/.arduinoIDE'
2026-05-21 15:29:35 Configuring to accept webviews on '^.+\.webview\..+$' hostname.
2026-05-21 15:29:35 2026-05-21T09:59:35.432Z root INFO Backend u.initialize: 48.2 ms [Finished 0.649 s after backend start]
2026-05-21 15:29:35 2026-05-21T09:59:35.435Z root INFO Backend Object.initialize: 46.5 ms [Finished 0.649 s after backend start]
2026-05-21 15:29:35 2026-05-21T09:59:35.435Z root INFO Backend a.initialize: 1.1 ms [Finished 0.649 s after backend start]
2026-05-21 15:29:35 2026-05-21T09:59:35.435Z root INFO Backend a.initialize: 0.8 ms [Finished 0.649 s after backend start]
2026-05-21 15:29:35 2026-05-21T09:59:35.435Z root INFO Backend u.initialize: 1.1 ms [Finished 0.649 s after backend start]
2026-05-21 15:29:35 2026-05-21T09:59:35.438Z root INFO Backend l.initialize: 47.6 ms [Finished 0.650 s after backend start]
2026-05-21 15:29:35 2026-05-21T09:59:35.445Z root INFO configured all backend app contributions
2026-05-21 15:29:35 2026-05-21T09:59:35.445Z root INFO Backend l.onStart: 1.5 ms [Finished 0.663 s after backend start]
2026-05-21 15:29:35 2026-05-21T09:59:35.445Z root INFO Backend d.onStart: 0.1 ms [Finished 0.664 s after backend start]
2026-05-21 15:29:35 2026-05-21T09:59:35.446Z root INFO Backend a.onStart: 0.4 ms [Finished 0.664 s after backend start]
2026-05-21 15:29:35 2026-05-21T09:59:35.446Z config INFO >>> Initializing CLI configuration...
2026-05-21 15:29:35 2026-05-21T09:59:35.446Z root INFO Backend x.onStart: 0.2 ms [Finished 0.664 s after backend start]
2026-05-21 15:29:35 2026-05-21T09:59:35.446Z config INFO Loading CLI configuration from /home/raj/.arduinoIDE/arduino-cli.yaml...
2026-05-21 15:29:35 2026-05-21T09:59:35.446Z daemon INFO Starting daemon from /tmp/.mount_arduinBWUsow/resources/app/lib/backend/resources/arduino-cli...
2026-05-21 15:29:35 2026-05-21T09:59:35.446Z root INFO Backend w.onStart: 0.3 ms [Finished 0.665 s after backend start]
2026-05-21 15:29:35 2026-05-21T09:59:35.446Z discovery-log INFO start
2026-05-21 15:29:35 2026-05-21T09:59:35.446Z discovery-log INFO start new deferred
2026-05-21 15:29:35 2026-05-21T09:59:35.446Z root INFO Backend v.onStart: 0.1 ms [Finished 0.665 s after backend start]
2026-05-21 15:29:35 2026-05-21T09:59:35.446Z root INFO Backend a.onStart: 0.1 ms [Finished 0.665 s after backend start]
2026-05-21 15:29:35 2026-05-21T09:59:35.449Z root INFO Theia app listening on http://127.0.0.1:42837.
2026-05-21 15:29:35 2026-05-21T09:59:35.449Z root INFO Finished starting backend application: 3.1 ms [Finished 0.668 s after backend start]
2026-05-21 15:29:35 2026-05-21T09:59:35.452Z root WARN The local plugin referenced by local-dir:/home/raj/.arduinoIDE/plugins does not exist.
2026-05-21 15:29:35 2026-05-21T09:59:35.452Z root WARN The local plugin referenced by local-dir:/home/raj/.arduinoIDE/deployedPlugins does not exist.
2026-05-21 15:29:35 2026-05-21T09:59:35.497Z config INFO Loaded CLI configuration: {"board_manager":{"additional_urls":[]}}
2026-05-21 15:29:35 2026-05-21T09:59:35.497Z config INFO Loading fallback CLI configuration to get 'directories.data' and 'directories.user'
2026-05-21 15:29:35 2026-05-21T09:59:35.627Z root INFO Resolve plugins list: 179.9 ms [Finished 0.846 s after backend start]
2026-05-21 15:29:35 2026-05-21T09:59:35.743Z daemon INFO time="2026-05-21T15:29:35+05:30" level=info msg="arduino-cli version 1.4.1"
2026-05-21 15:29:35 2026-05-21T09:59:35.753Z daemon INFO time="2026-05-21T15:29:35+05:30" level=info msg="Using config file: /home/raj/.arduinoIDE/arduino-cli.yaml"
time="2026-05-21T15:29:35+05:30" level=info msg="Executing `arduino-cli daemon`"
2026-05-21 15:29:35 2026-05-21T09:59:35.758Z config INFO Loaded fallback CLI configuration: {"directories":{"user":"/home/raj/Arduino","data":"/home/raj/.arduino15"}}
2026-05-21 15:29:35 2026-05-21T09:59:35.758Z config INFO Merged CLI configuration with the fallback: {"directories":{"user":"/home/raj/Arduino","data":"/home/raj/.arduino15"},"board_manager":{"additional_urls":[]}}
2026-05-21 15:29:35 2026-05-21T09:59:35.758Z config INFO Loaded the CLI configuration.
2026-05-21 15:29:35 2026-05-21T09:59:35.774Z daemon INFO Daemon is now listening on 127.0.0.1:41705
{"IP":"127.0.0.1","Port":"41705"}
2026-05-21 15:29:35 2026-05-21T09:59:35.774Z daemon INFO Daemon is running.
2026-05-21 15:29:35 2026-05-21T09:59:35.789Z config INFO Mapped the CLI configuration: {"dataDirUri":"file:///home/raj/.arduino15","sketchDirUri":"file:///home/raj/Arduino","additionalUrls":[],"network":"none","locale":"en"}
2026-05-21 15:29:35 2026-05-21T09:59:35.789Z config INFO Validating the CLI configuration...
2026-05-21 15:29:35 2026-05-21T09:59:35.811Z config INFO The CLI config is valid.
2026-05-21 15:29:35 2026-05-21T09:59:35.811Z config INFO <<< Initialized the CLI configuration.
2026-05-21 15:29:35 2026-05-21T09:59:35.872Z daemon INFO time="2026-05-21T15:29:35+05:30" level=info msg="Checking signature" index=/home/raj/.arduino15/package_index.json signatureFile=/home/raj/.arduino15/package_index.json.sig trusted=true
2026-05-21 15:29:35 2026-05-21T09:59:35.877Z daemon INFO time="2026-05-21T15:29:35+05:30" level=info msg="Loading hardware from: /home/raj/.arduino15/packages"
2026-05-21 15:29:35 2026-05-21T09:59:35.877Z daemon INFO time="2026-05-21T15:29:35+05:30" level=info msg="Loading package arduino from: /home/raj/.arduino15/packages/arduino/hardware"
2026-05-21 15:29:35 2026-05-21T09:59:35.891Z daemon INFO time="2026-05-21T15:29:35+05:30" level=info msg="Missing signature file" index=/home/raj/.arduino15/packages/arduino/hardware/avr/1.8.7/installed.json
time="2026-05-21T15:29:35+05:30" level=info msg="Adding monitor tool" protocol=serial tool="builtin:serial-monitor"
time="2026-05-21T15:29:35+05:30" level=info msg="Loaded platform" platform="arduino:avr@1.8.7"
time="2026-05-21T15:29:35+05:30" level=info msg="Checking existence of 'tools' path: /home/raj/.arduino15/packages/arduino/tools"
time="2026-05-21T15:29:35+05:30" level=info msg="Loading tools from dir: /home/raj/.arduino15/packages/arduino/tools"
time="2026-05-21T15:29:35+05:30" level=info msg="Loaded tool" tool="arduino:arduinoOTA@1.3.0"
time="2026-05-21T15:29:35+05:30" level=info msg="Loaded tool" tool="arduino:avr-gcc@7.3.0-atmel3.6.1-arduino7"
time="2026-05-21T15:29:35+05:30" level=info msg="Loaded tool" tool="arduino:avrdude@8.0.0-arduino1"
time="2026-05-21T15:29:35+05:30" level=info msg="Loading package builtin from: /home/raj/.arduino15/packages/builtin"
time="2026-05-21T15:29:35+05:30" level=info msg="Checking existence of 'tools' path: /home/raj/.arduino15/packages/builtin/tools"
time="2026-05-21T15:29:35+05:30" level=info msg="Loading tools from dir: /home/raj/.arduino15/packages/builtin/tools"
time="2026-05-21T15:29:35+05:30" level=info msg="Loaded tool" tool="builtin:ctags@5.8-arduino11"
time="2026-05-21T15:29:35+05:30" level=info msg="Loaded tool" tool="builtin:dfu-discovery@0.1.2"
time="2026-05-21T15:29:35+05:30" level=info msg="Loaded tool" tool="builtin:mdns-discovery@1.0.12"
time="2026-05-21T15:29:35+05:30" level=info msg="Loaded tool" tool="builtin:serial-discovery@1.4.3"
time="2026-05-21T15:29:35+05:30" level=info msg="Loaded tool" tool="builtin:serial-monitor@0.15.0"
2026-05-21 15:29:35 2026-05-21T09:59:35.905Z daemon INFO time="2026-05-21T15:29:35+05:30" level=info msg="Adding libraries dir" dir=/home/raj/.arduino15/packages/arduino/hardware/avr/1.8.7/libraries isSingleLibrary=false location=platform
time="2026-05-21T15:29:35+05:30" level=info msg="Loading libraries index file" index=/home/raj/.arduino15/library_index.json
2026-05-21 15:29:36 2026-05-21T09:59:36.249Z daemon INFO time="2026-05-21T15:29:36+05:30" level=info msg="Adding libraries dir" dir=/home/raj/.arduino15/libraries isSingleLibrary=false location=ide
time="2026-05-21T15:29:36+05:30" level=info msg="Adding libraries dir" dir=/home/raj/Arduino/libraries isSingleLibrary=false location=user
2026-05-21 15:29:36 2026-05-21T09:59:36.264Z discovery-log INFO start resolved watching
2026-05-21 15:29:36 2026-05-21T09:59:36.457Z root INFO Deploy plugins list: 1009.9 ms [Finished 1.676 s after backend start]
2026-05-21 15:29:36 2026-05-21T09:59:36.815Z root INFO creating connection for 1
2026-05-21 15:29:37 2026-05-21T09:59:37.775Z root WARN Frontend a.configure took longer than the expected maximum 100 milliseconds: 104.3 ms [Finished 2.304 s after frontend start]
2026-05-21 15:29:37 2026-05-21T09:59:37.804Z root WARN A command editor.action.toggleStickyScroll is already registered.
2026-05-21 15:29:37 Opening channel for service path '/services/electron-window'.
2026-05-21 15:29:37 Opening channel for service path '/services/ide-updater'.
2026-05-21 15:29:37 2026-05-21T09:59:37.904Z root INFO Start frontend contributions: 307.0 ms [Finished 2.416 s after frontend start]
2026-05-21 15:29:37 2026-05-21T09:59:37.904Z root INFO Changed application state from 'init' to 'started_contributions'.
2026-05-21 15:29:37 2026-05-21T09:59:37.942Z root INFO Changed application state from 'started_contributions' to 'attached_shell'.
2026-05-21 15:29:37 2026-05-21T09:59:37.942Z root INFO >>> Restoring the layout state...
2026-05-21 15:29:37 2026-05-21T09:59:37.974Z root INFO [917b258d-40aa-4973-b495-d7428d48b4e1] Waiting for backend deployment: 90.3 ms [Finished 2.502 s after frontend start]
2026-05-21 15:29:38 2026-05-21T09:59:38.464Z root INFO <<< Nothing to restore.
2026-05-21 15:29:38 2026-05-21T09:59:38.464Z root INFO Initialize the workbench layout: 251.9 ms [Finished 2.724 s after frontend start]
2026-05-21 15:29:38 2026-05-21T09:59:38.464Z root INFO Changed application state from 'attached_shell' to 'initialized_layout'.
2026-05-21 15:29:38 2026-05-21T09:59:38.466Z root INFO [hosted-plugin: 2699] PLUGIN_HOST(2699) starting instance
[Object: null prototype] {}
2026-05-21 15:29:39 2026-05-21T09:59:39.077Z root INFO [917b258d-40aa-4973-b495-d7428d48b4e1] Sync of 23 plugins: 1070.6 ms [Finished 3.572 s after frontend start]
2026-05-21 15:29:39 2026-05-21T09:59:39.078Z root INFO [917b258d-40aa-4973-b495-d7428d48b4e1] Loading plugin contributions
2026-05-21 15:29:39 2026-05-21T09:59:39.078Z root INFO [917b258d-40aa-4973-b495-d7428d48b4e1] Load contributions of 23 plugins: 32.9 ms [Finished 3.606 s after frontend start]
2026-05-21 15:29:39 2026-05-21T09:59:39.131Z root WARN 'cpp' language is remapped from 'source.cpp.embedded.macro' to 'source.cpp' scope
2026-05-21 15:29:39 2026-05-21T09:59:39.132Z root WARN a registered grammar configuration for 'cpp' language is overridden
2026-05-21 15:29:39 2026-05-21T09:59:39.359Z root INFO Frontend application start: 1604.0 ms [Finished 4.567 s after backend start]
2026-05-21 15:29:39 Checking for update
2026-05-21 15:29:39 2026-05-21T09:59:39.384Z root INFO Replace loading indicator with ready workbench UI (animation): 987.9 ms [Finished 3.724 s after frontend start]
2026-05-21 15:29:39 2026-05-21T09:59:39.384Z root INFO Changed application state from 'initialized_layout' to 'ready'.
2026-05-21 15:29:39 2026-05-21T09:59:39.384Z root WARN Linked preference "workbench.colorCustomizations" not found.
2026-05-21 15:29:39 Error: Error: net::ERR_INTERNET_DISCONNECTED
    at SimpleURLLoaderWrapper.<anonymous> (node:electron/js2c/browser_init:2:114352)
    at SimpleURLLoaderWrapper.emit (node:events:519:28)
2026-05-21 15:29:39 2026-05-21T09:59:39.484Z daemon INFO time="2026-05-21T15:29:39+05:30" level=info msg="Updating index" url="https://downloads.arduino.cc/packages/package_index.tar.bz2"
2026-05-21 15:29:39 2026-05-21T09:59:39.485Z daemon INFO time="2026-05-21T15:29:39+05:30" level=info msg="Starting download" url="https://downloads.arduino.cc/packages/package_index.tar.bz2"
2026-05-21 15:29:39 2026-05-21T09:59:39.485Z daemon INFO time="2026-05-21T15:29:39+05:30" level=info msg="Starting download" url="https://downloads.arduino.cc/libraries/library_index.tar.bz2"
2026-05-21 15:29:39 2026-05-21T09:59:39.490Z root INFO core-client-provider [library-index] Downloading index: library_index.tar.bz2

2026-05-21 15:29:39 2026-05-21T09:59:39.491Z root INFO core-client-provider [platform-index] Downloading index: package_index.tar.bz2

2026-05-21 15:29:39 2026-05-21T09:59:39.499Z root ERROR Failed to update platform, library indexes. Error: 13 INTERNAL: Some indexes could not be updated.
    at t.callErrorFromStatus (/tmp/.mount_arduinBWUsow/resources/app/lib/backend/main.js:2:994038)
    at Object.onReceiveStatus (/tmp/.mount_arduinBWUsow/resources/app/lib/backend/main.js:2:3794313)
    at Object.onReceiveStatus (/tmp/.mount_arduinBWUsow/resources/app/lib/backend/main.js:2:2225285)
    at /tmp/.mount_arduinBWUsow/resources/app/lib/backend/main.js:2:4362019
    at process.processTicksAndRejections (node:internal/process/task_queues:77:11)
for call at
    at s.makeServerStreamRequest (/tmp/.mount_arduinBWUsow/resources/app/lib/backend/main.js:2:3794080)
    at s.updateIndex (/tmp/.mount_arduinBWUsow/resources/app/lib/backend/main.js:2:3320151)
    at /tmp/.mount_arduinBWUsow/resources/app/lib/backend/main.js:2:103556
    at /tmp/.mount_arduinBWUsow/resources/app/lib/backend/main.js:2:103904
    at new Promise (<anonymous>)
    at y.doUpdateIndex (/tmp/.mount_arduinBWUsow/resources/app/lib/backend/main.js:2:103883)
    at y.updatePlatformIndex (/tmp/.mount_arduinBWUsow/resources/app/lib/backend/main.js:2:103528)
    at y.updateIndex (/tmp/.mount_arduinBWUsow/resources/app/lib/backend/main.js:2:102896)
    at R.updateIndex (/tmp/.mount_arduinBWUsow/resources/app/lib/backend/main.js:2:105608)
    at process.processTicksAndRejections (node:internal/process/task_queues:95:5)
2026-05-21 15:29:39 2026-05-21T09:59:39.532Z fwuploader ERROR Error: Process exited with exit code: 1
    at ChildProcess.<anonymous> (/tmp/.mount_arduinBWUsow/resources/app/lib/backend/main.js:2:661958)
    at ChildProcess.emit (node:events:519:28)
    at ChildProcess._handle.onexit (node:internal/child_process:294:12)
2026-05-21 15:29:39 2026-05-21T09:59:39.533Z fwuploader ERROR Error: Process exited with exit code: 1
    at ChildProcess.<anonymous> (/tmp/.mount_arduinBWUsow/resources/app/lib/backend/main.js:2:661958)
    at ChildProcess.emit (node:events:519:28)
    at ChildProcess._handle.onexit (node:internal/child_process:294:12)
2026-05-21 15:29:39 2026-05-21T09:59:39.818Z root ERROR ---- !!!SLOW!!! DURATION: search took 423.148 ms. Args: [{"type":"Updatable"}] ----
2026-05-21 15:29:39 2026-05-21T09:59:39.957Z root ERROR [hosted-plugin: 2699] Conflict in settings file Default: Ignoring cortex-debug.armToolchainPath.linux as cortex-debug.armToolchainPath is null
2026-05-21 15:29:39 2026-05-21T09:59:39.957Z root ERROR [hosted-plugin: 2699] Conflict in settings file Default: Ignoring cortex-debug.armToolchainPath.osx as cortex-debug.armToolchainPath is null
Conflict in settings file Default: Ignoring cortex-debug.armToolchainPath.windows as cortex-debug.armToolchainPath is null
Conflict in settings file Default: Ignoring cortex-debug.JLinkGDBServerPath.linux as cortex-debug.JLinkGDBServerPath is null
2026-05-21 15:29:39 2026-05-21T09:59:39.957Z root ERROR [hosted-plugin: 2699] Conflict in settings file Default: Ignoring cortex-debug.JLinkGDBServerPath.osx as cortex-debug.JLinkGDBServerPath is null
2026-05-21 15:29:39 2026-05-21T09:59:39.957Z root ERROR [hosted-plugin: 2699] Conflict in settings file Default: Ignoring cortex-debug.JLinkGDBServerPath.windows as cortex-debug.JLinkGDBServerPath is null
2026-05-21 15:29:39 2026-05-21T09:59:39.957Z root ERROR [hosted-plugin: 2699] Conflict in settings file Default: Ignoring cortex-debug.openocdPath.linux as cortex-debug.openocdPath is null
2026-05-21 15:29:39 2026-05-21T09:59:39.957Z root ERROR [hosted-plugin: 2699] Conflict in settings file Default: Ignoring cortex-debug.openocdPath.osx as cortex-debug.openocdPath is null
Conflict in settings file Default: Ignoring cortex-debug.openocdPath.windows as cortex-debug.openocdPath is null
2026-05-21 15:29:39 2026-05-21T09:59:39.957Z root ERROR [hosted-plugin: 2699] Conflict in settings file Default: Ignoring cortex-debug.pyocdPath.linux as cortex-debug.pyocdPath is null
Conflict in settings file Default: Ignoring cortex-debug.pyocdPath.osx as cortex-debug.pyocdPath is null
2026-05-21 15:29:39 2026-05-21T09:59:39.958Z root ERROR [hosted-plugin: 2699] Conflict in settings file Default: Ignoring cortex-debug.pyocdPath.windows as cortex-debug.pyocdPath is null
Conflict in settings file Default: Ignoring cortex-debug.PEGDBServerPath.linux as cortex-debug.PEGDBServerPath is null
Conflict in settings file Default: Ignoring cortex-debug.PEGDBServerPath.osx as cortex-debug.PEGDBServerPath is null
Conflict in settings file Default: Ignoring cortex-debug.PEGDBServerPath.windows as cortex-debug.PEGDBServerPath is null
2026-05-21 15:29:39 2026-05-21T09:59:39.958Z root ERROR [hosted-plugin: 2699] Conflict in settings file Default: Ignoring cortex-debug.stutilPath.linux as cortex-debug.stutilPath is null
Conflict in settings file Default: Ignoring cortex-debug.stutilPath.osx as cortex-debug.stutilPath is null
Conflict in settings file Default: Ignoring cortex-debug.stutilPath.windows as cortex-debug.stutilPath is null
2026-05-21 15:29:39 2026-05-21T09:59:39.958Z root ERROR [hosted-plugin: 2699] Conflict in settings file Default: Ignoring cortex-debug.stlinkPath.linux as cortex-debug.stlinkPath is null
Conflict in settings file Default: Ignoring cortex-debug.stlinkPath.osx as cortex-debug.stlinkPath is null
Conflict in settings file Default: Ignoring cortex-debug.stlinkPath.windows as cortex-debug.stlinkPath is null
2026-05-21 15:29:39 2026-05-21T09:59:39.958Z root ERROR [hosted-plugin: 2699] Conflict in settings file Default: Ignoring cortex-debug.stm32cubeprogrammer.linux as cortex-debug.stm32cubeprogrammer is null
Conflict in settings file Default: Ignoring cortex-debug.stm32cubeprogrammer.osx as cortex-debug.stm32cubeprogrammer is null
Conflict in settings file Default: Ignoring cortex-debug.stm32cubeprogrammer.windows as cortex-debug.stm32cubeprogrammer is null
2026-05-21 15:29:39 2026-05-21T09:59:39.991Z root INFO [hosted-plugin: 2699] PLUGIN_HOST(2699): PluginManagerExtImpl/init()
2026-05-21 15:29:39 2026-05-21T09:59:39.994Z root INFO [hosted-plugin: 2699] PLUGIN_HOST(2699): initializing(vscode-arduino-api@0.1.2 with /tmp/.mount_arduinBWUsow/resources/app/lib/backend/plugin-vscode-init)
2026-05-21 15:29:40 2026-05-21T09:59:40.076Z root INFO [hosted-plugin: 2699] PLUGIN_HOST(2699): initializing(json-language-features@1.88.1 with /tmp/.mount_arduinBWUsow/resources/app/lib/backend/plugin-vscode-init)
2026-05-21 15:29:40 2026-05-21T09:59:40.081Z root INFO [hosted-plugin: 2699] PLUGIN_HOST(2699): initializing(cortex-debug@1.5.1 with /tmp/.mount_arduinBWUsow/resources/app/lib/backend/plugin-vscode-init)
2026-05-21 15:29:40 2026-05-21T09:59:40.081Z root INFO [hosted-plugin: 2699] Debugger contribution has been registered: cortex-debug
2026-05-21 15:29:40 2026-05-21T09:59:40.083Z root INFO [hosted-plugin: 2699] PLUGIN_HOST(2699): initializing(vscode-arduino-tools@0.1.3 with /tmp/.mount_arduinBWUsow/resources/app/lib/backend/plugin-vscode-init)
2026-05-21 15:29:40 2026-05-21T09:59:40.085Z root INFO [hosted-plugin: 2699] PLUGIN_HOST(2699): initializing(cpp@1.88.1 with /tmp/.mount_arduinBWUsow/resources/app/lib/backend/plugin-vscode-init)
2026-05-21 15:29:40 2026-05-21T09:59:40.089Z root INFO [hosted-plugin: 2699] PLUGIN_HOST(2699): initializing(json@1.88.1 with /tmp/.mount_arduinBWUsow/resources/app/lib/backend/plugin-vscode-init)
2026-05-21 15:29:40 2026-05-21T09:59:40.091Z root INFO [hosted-plugin: 2699] PLUGIN_HOST(2699): initializing(vscode-language-pack-bg@1.48.3 with /tmp/.mount_arduinBWUsow/resources/app/lib/backend/plugin-vscode-init)
2026-05-21 15:29:40 2026-05-21T09:59:40.092Z root INFO [hosted-plugin: 2699] PLUGIN_HOST(2699): initializing(vscode-language-pack-cs@1.96.0 with /tmp/.mount_arduinBWUsow/resources/app/lib/backend/plugin-vscode-init)
2026-05-21 15:29:40 2026-05-21T09:59:40.092Z root INFO [hosted-plugin: 2699] PLUGIN_HOST(2699): initializing(vscode-language-pack-de@1.96.0 with /tmp/.mount_arduinBWUsow/resources/app/lib/backend/plugin-vscode-init)
2026-05-21 15:29:40 2026-05-21T09:59:40.093Z root INFO [hosted-plugin: 2699] PLUGIN_HOST(2699): initializing(vscode-language-pack-es@1.96.0 with /tmp/.mount_arduinBWUsow/resources/app/lib/backend/plugin-vscode-init)
2026-05-21 15:29:40 2026-05-21T09:59:40.095Z root INFO [hosted-plugin: 2699] PLUGIN_HOST(2699): initializing(vscode-language-pack-fr@1.96.0 with /tmp/.mount_arduinBWUsow/resources/app/lib/backend/plugin-vscode-init)
2026-05-21 15:29:40 2026-05-21T09:59:40.096Z root INFO [hosted-plugin: 2699] PLUGIN_HOST(2699): initializing(vscode-language-pack-hu@1.48.3 with /tmp/.mount_arduinBWUsow/resources/app/lib/backend/plugin-vscode-init)
2026-05-21 15:29:40 2026-05-21T09:59:40.096Z root INFO [hosted-plugin: 2699] PLUGIN_HOST(2699): initializing(vscode-language-pack-it@1.96.0 with /tmp/.mount_arduinBWUsow/resources/app/lib/backend/plugin-vscode-init)
2026-05-21 15:29:40 2026-05-21T09:59:40.097Z root INFO [hosted-plugin: 2699] PLUGIN_HOST(2699): initializing(vscode-language-pack-ja@1.96.0 with /tmp/.mount_arduinBWUsow/resources/app/lib/backend/plugin-vscode-init)
2026-05-21 15:29:40 2026-05-21T09:59:40.098Z root INFO [hosted-plugin: 2699] PLUGIN_HOST(2699): initializing(vscode-language-pack-ko@1.96.0 with /tmp/.mount_arduinBWUsow/resources/app/lib/backend/plugin-vscode-init)
2026-05-21 15:29:40 2026-05-21T09:59:40.098Z root INFO [hosted-plugin: 2699] PLUGIN_HOST(2699): initializing(vscode-language-pack-nl@1.48.3 with /tmp/.mount_arduinBWUsow/resources/app/lib/backend/plugin-vscode-init)
2026-05-21 15:29:40 2026-05-21T09:59:40.098Z root INFO [hosted-plugin: 2699] PLUGIN_HOST(2699): initializing(vscode-language-pack-pl@1.96.0 with /tmp/.mount_arduinBWUsow/resources/app/lib/backend/plugin-vscode-init)
2026-05-21 15:29:40 2026-05-21T09:59:40.098Z root INFO [hosted-plugin: 2699] PLUGIN_HOST(2699): initializing(vscode-language-pack-pt-BR@1.96.0 with /tmp/.mount_arduinBWUsow/resources/app/lib/backend/plugin-vscode-init)
2026-05-21 15:29:40 2026-05-21T09:59:40.099Z root INFO [hosted-plugin: 2699] PLUGIN_HOST(2699): initializing(vscode-language-pack-ru@1.96.0 with /tmp/.mount_arduinBWUsow/resources/app/lib/backend/plugin-vscode-init)
2026-05-21 15:29:40 2026-05-21T09:59:40.099Z root INFO [hosted-plugin: 2699] PLUGIN_HOST(2699): initializing(vscode-language-pack-tr@1.96.0 with /tmp/.mount_arduinBWUsow/resources/app/lib/backend/plugin-vscode-init)
2026-05-21 15:29:40 2026-05-21T09:59:40.100Z root INFO [hosted-plugin: 2699] PLUGIN_HOST(2699): initializing(vscode-language-pack-uk@1.48.3 with /tmp/.mount_arduinBWUsow/resources/app/lib/backend/plugin-vscode-init)
2026-05-21 15:29:40 2026-05-21T09:59:40.100Z root INFO [hosted-plugin: 2699] PLUGIN_HOST(2699): initializing(vscode-language-pack-zh-hans@1.96.0 with /tmp/.mount_arduinBWUsow/resources/app/lib/backend/plugin-vscode-init)
2026-05-21 15:29:40 2026-05-21T09:59:40.101Z root INFO [hosted-plugin: 2699] PLUGIN_HOST(2699): initializing(vscode-language-pack-zh-hant@1.96.0 with /tmp/.mount_arduinBWUsow/resources/app/lib/backend/plugin-vscode-init)
2026-05-21 15:29:40 2026-05-21T09:59:40.190Z root INFO [hosted-plugin: 2699] PLUGIN_HOST(2699): PluginManagerExtImpl/loadPlugin(/tmp/.mount_arduinBWUsow/resources/app/plugins/vscode-builtin-json-language-features/extension/client/dist/node/jsonClientMain)
2026-05-21 15:29:40 2026-05-21T09:59:40.233Z root INFO [hosted-plugin: 2699] PLUGIN_HOST(2699): PluginManagerExtImpl/loadPlugin(/tmp/.mount_arduinBWUsow/resources/app/plugins/vscode-arduino-api/extension/dist/extension.js)
2026-05-21 15:29:40 2026-05-21T09:59:40.236Z root INFO [hosted-plugin: 2699] calling activation function on Arduino IDE API for VS Code extensions
2026-05-21 15:29:40 2026-05-21T09:59:40.241Z root INFO [917b258d-40aa-4973-b495-d7428d48b4e1] Starting plugins.
2026-05-21 15:29:40 2026-05-21T09:59:40.270Z root INFO [hosted-plugin: 2699] PLUGIN_HOST(2699): PluginManagerExtImpl/loadPlugin(/tmp/.mount_arduinBWUsow/resources/app/plugins/cortex-debug/extension/dist/extension.js)
2026-05-21 15:29:40 2026-05-21T09:59:40.297Z root INFO [hosted-plugin: 2699] Debug configuration provider has been registered: cortex-debug, trigger: 1
2026-05-21 15:29:40 2026-05-21T09:59:40.298Z root INFO [hosted-plugin: 2699] calling activation function on Cortex-Debug
2026-05-21 15:29:40 2026-05-21T09:59:40.301Z root INFO [hosted-plugin: 2699] GDB server console created
2026-05-21 15:29:40 2026-05-21T09:59:40.308Z root INFO [917b258d-40aa-4973-b495-d7428d48b4e1] Start of 23 plugins: 1190.7 ms [Finished 4.838 s after frontend start]
2026-05-21 15:29:40 2026-05-21T09:59:40.430Z root INFO [hosted-plugin: 2699] calling activation function on JSON Language Features (built-in)
2026-05-21 15:30:15 isTempSketch: true. Input was /tmp/.arduinoIDE-unsaved2026421-2554-40lvvs.4aa7x/sketch_may21a
2026-05-21 15:30:15 Ignored marking workspace as a closed sketch. The sketch was detected as temporary. Workspace URI: file:///tmp/.arduinoIDE-unsaved2026421-2554-40lvvs.4aa7x/sketch_may21a.
2026-05-21 15:30:15 isTempSketch: true. Input was /tmp/.arduinoIDE-unsaved2026421-2554-40lvvs.4aa7x/sketch_may21a
2026-05-21 15:30:15 Ignored marking workspace as a closed sketch. The sketch was detected as temporary. Workspace URI: file:///tmp/.arduinoIDE-unsaved2026421-2554-40lvvs.4aa7x/sketch_may21a.
2026-05-21 15:30:15 2026-05-21T10:00:15.370Z root INFO socked closed
2026-05-21 15:30:15 2026-05-21T10:00:15.370Z root INFO closing connection for 1
2026-05-21 15:30:15 2026-05-21T10:00:15.370Z root INFO Closing channel on service path '/localization-server'.
2026-05-21 15:30:15 2026-05-21T10:00:15.370Z root INFO Closing channel on service path '/os'.
2026-05-21 15:30:15 2026-05-21T10:00:15.370Z root INFO Closing channel on service path '/services/commands'.
2026-05-21 15:30:15 2026-05-21T10:00:15.370Z root INFO Closing channel on service path '/services/keyboard'.
2026-05-21 15:30:15 2026-05-21T10:00:15.370Z root INFO Closing channel on service path '/services/logger'.
2026-05-21 15:30:15 2026-05-21T10:00:15.370Z root INFO Closing channel on service path '/services/messageService'.
2026-05-21 15:30:15 2026-05-21T10:00:15.370Z root INFO Closing channel on service path '/services/ChannelCloseService'.
2026-05-21 15:30:15 2026-05-21T10:00:15.370Z root INFO Closing channel on service path '/services/remote-filesystem'.
2026-05-21 15:30:15 2026-05-21T10:00:15.370Z root INFO Closing channel on service path '/services/envs'.
2026-05-21 15:30:15 2026-05-21T10:00:15.370Z root INFO Closing channel on service path '/services/authentication-service'.
2026-05-21 15:30:15 2026-05-21T10:00:15.370Z root INFO Closing channel on service path '/services/sketches-service'.
2026-05-21 15:30:15 2026-05-21T10:00:15.370Z root INFO Closing channel on service path '/services/config-service'.
2026-05-21 15:30:15 2026-05-21T10:00:15.370Z root INFO Closing channel on service path '/services/workspace'.
2026-05-21 15:30:15 2026-05-21T10:00:15.370Z root INFO Closing channel on service path '/services/notification-service'.
2026-05-21 15:30:15 2026-05-21T10:00:15.370Z root INFO Closing channel on service path '/services/arduino-daemon'.
2026-05-21 15:30:15 2026-05-21T10:00:15.370Z root INFO Closing channel on service path '/services/stopwatch'.
2026-05-21 15:30:15 2026-05-21T10:00:15.370Z root INFO Closing channel on service path '/services/application'.
2026-05-21 15:30:15 2026-05-21T10:00:15.370Z root INFO Closing channel on service path '/services/i18n'.
2026-05-21 15:30:15 2026-05-21T10:00:15.370Z root INFO Closing channel on service path '/services/quickInput'.
2026-05-21 15:30:15 2026-05-21T10:00:15.370Z root INFO Closing channel on service path '/services/debug'.
2026-05-21 15:30:15 2026-05-21T10:00:15.370Z root INFO Closing channel on service path '/services/shell-terminal'.
2026-05-21 15:30:15 2026-05-21T10:00:15.370Z root INFO Closing channel on service path '/services/quickPick'.
2026-05-21 15:30:15 2026-05-21T10:00:15.370Z root INFO Closing channel on service path '/services/task'.
2026-05-21 15:30:15 2026-05-21T10:00:15.370Z root INFO Closing channel on service path '/services/search'.
2026-05-21 15:30:15 2026-05-21T10:00:15.370Z root INFO Closing channel on service path '/services/hostedPlugin'.
2026-05-21 15:30:15 2026-05-21T10:00:15.370Z root INFO Closing channel on service path '/services/plugin-ext'.
2026-05-21 15:30:15 2026-05-21T10:00:15.370Z root INFO Closing channel on service path '/services/plugin-paths'.
2026-05-21 15:30:15 2026-05-21T10:00:15.370Z root INFO Closing channel on service path '/services/cli-preferences'.
2026-05-21 15:30:15 2026-05-21T10:00:15.370Z root INFO Closing channel on service path '/services/boards-service'.
2026-05-21 15:30:15 2026-05-21T10:00:15.370Z root INFO Closing channel on service path '/services/response-service'.
2026-05-21 15:30:15 2026-05-21T10:00:15.370Z root INFO Closing channel on service path '/services/file-system-ext'.
2026-05-21 15:30:15 2026-05-21T10:00:15.370Z root INFO Closing channel on service path '/services/core-service'.
2026-05-21 15:30:15 2026-05-21T10:00:15.370Z root INFO Closing channel on service path '/services/example-service'.
2026-05-21 15:30:15 2026-05-21T10:00:15.370Z root INFO Closing channel on service path '/services/library-service'.
2026-05-21 15:30:15 2026-05-21T10:00:15.370Z root INFO Closing channel on service path '/services/executable-service'.
2026-05-21 15:30:15 2026-05-21T10:00:15.370Z root INFO Closing channel on service path '/services/arduino-firmware-uploader'.
2026-05-21 15:30:15 2026-05-21T10:00:15.370Z root INFO Closing channel on service path '/services/formatter'.
2026-05-21 15:30:15 2026-05-21T10:00:15.370Z root INFO Closing channel on service path '/services/search-in-workspace'.
2026-05-21 15:30:15 2026-05-21T10:00:15.370Z root INFO Closing channel on service path '/services/request-service'.
2026-05-21 15:30:15 2026-05-21T10:00:15.370Z root INFO Closing channel on service path '/services/keyStore'.
2026-05-21 15:30:15 2026-05-21T10:00:15.370Z root INFO Closing channel on service path '/services/languagePackService'.
2026-05-21 15:30:15 Closing channel on service path '/services/electron-window'.
2026-05-21 15:30:15 Closing channel on service path '/services/ide-updater'.
2026-05-21 15:30:15 Stored workspaces roots: 
2026-05-21 15:30:15 No sketches were scheduled for deletion.
2026-05-21 15:30:20 Arduino IDE 2.3.8
2026-05-21 15:30:20 Checking for frontend application configuration customizations. Module path: /tmp/.mount_arduinnJUw5F/resources/app/lib/backend/electron-main.js, destination 'package.json': /tmp/.mount_arduinnJUw5F/resources/app/package.json
2026-05-21 15:30:21 Setting 'theia.frontend.config.appVersion' application configuration value to: "2.3.8" (type of string)
2026-05-21 15:30:21 Setting 'theia.frontend.config.cliVersion' application configuration value to: "1.4.1" (type of string)
2026-05-21 15:30:21 Setting 'theia.frontend.config.buildDate' application configuration value to: "2026-02-25T15:15:50.003Z" (type of string)
2026-05-21 15:30:21 Frontend application configuration after modifications: {"applicationName":"Arduino IDE","defaultTheme":{"light":"arduino-theme","dark":"arduino-theme-dark"},"defaultIconTheme":"none","electron":{"windowOptions":{},"showWindowEarly":true,"splashScreenOptions":{},"uriScheme":"arduino-ide"},"defaultLocale":"","validatePreferencesSchema":false,"reloadOnReconnect":true,"uriScheme":"theia","preferences":{"window.title":"${rootName}${activeEditorShort}${appName}","files.autoSave":"afterDelay","editor.minimap.enabled":false,"editor.tabSize":2,"editor.scrollBeyondLastLine":false,"editor.quickSuggestions":{"other":false,"comments":false,"strings":false},"editor.maxTokenizationLineLength":500,"editor.bracketPairColorization.enabled":false,"breadcrumbs.enabled":false,"workbench.tree.renderIndentGuides":"none","explorer.compactFolders":false},"appVersion":"2.3.8","cliVersion":"1.4.1","buildDate":"2026-02-25T15:15:50.003Z"}
2026-05-21 15:30:21 Starting backend process. PID: 3032
2026-05-21 15:30:21 Showing main window early
2026-05-21 15:30:21 Using browser-only version of superagent in non-browser environment
2026-05-21 15:30:21 Configuration directory URI: 'file:///home/raj/.arduinoIDE'
2026-05-21 15:30:21 Configuring to accept webviews on '^.+\.webview\..+$' hostname.
2026-05-21 15:30:22 2026-05-21T10:00:22.013Z root WARN Backend u.initialize took longer than the expected maximum 50 milliseconds: 56.4 ms [Finished 0.659 s after backend start]
2026-05-21 15:30:22 2026-05-21T10:00:22.018Z root WARN Backend Object.initialize took longer than the expected maximum 50 milliseconds: 54.8 ms [Finished 0.659 s after backend start]
2026-05-21 15:30:22 2026-05-21T10:00:22.019Z root INFO Backend a.initialize: 1.1 ms [Finished 0.660 s after backend start]
2026-05-21 15:30:22 2026-05-21T10:00:22.019Z root INFO Backend a.initialize: 0.8 ms [Finished 0.660 s after backend start]
2026-05-21 15:30:22 2026-05-21T10:00:22.019Z root INFO Backend u.initialize: 1.0 ms [Finished 0.660 s after backend start]
2026-05-21 15:30:22 2026-05-21T10:00:22.021Z root WARN Backend l.initialize took longer than the expected maximum 50 milliseconds: 56.0 ms [Finished 0.661 s after backend start]
2026-05-21 15:30:22 2026-05-21T10:00:22.027Z root INFO configured all backend app contributions
2026-05-21 15:30:22 2026-05-21T10:00:22.028Z root INFO Backend l.onStart: 1.0 ms [Finished 0.675 s after backend start]
2026-05-21 15:30:22 2026-05-21T10:00:22.028Z root INFO Backend d.onStart: 0.1 ms [Finished 0.675 s after backend start]
2026-05-21 15:30:22 2026-05-21T10:00:22.029Z root INFO Backend a.onStart: 0.3 ms [Finished 0.676 s after backend start]
2026-05-21 15:30:22 2026-05-21T10:00:22.029Z config INFO >>> Initializing CLI configuration...
2026-05-21 15:30:22 2026-05-21T10:00:22.029Z root INFO Backend x.onStart: 0.2 ms [Finished 0.676 s after backend start]
2026-05-21 15:30:22 2026-05-21T10:00:22.029Z config INFO Loading CLI configuration from /home/raj/.arduinoIDE/arduino-cli.yaml...
2026-05-21 15:30:22 2026-05-21T10:00:22.029Z daemon INFO Starting daemon from /tmp/.mount_arduinnJUw5F/resources/app/lib/backend/resources/arduino-cli...
2026-05-21 15:30:22 2026-05-21T10:00:22.029Z root INFO Backend w.onStart: 0.3 ms [Finished 0.677 s after backend start]
2026-05-21 15:30:22 2026-05-21T10:00:22.029Z discovery-log INFO start
2026-05-21 15:30:22 2026-05-21T10:00:22.029Z discovery-log INFO start new deferred
2026-05-21 15:30:22 2026-05-21T10:00:22.029Z root INFO Backend v.onStart: 0.2 ms [Finished 0.677 s after backend start]
2026-05-21 15:30:22 2026-05-21T10:00:22.029Z root INFO Backend a.onStart: 0.1 ms [Finished 0.677 s after backend start]
2026-05-21 15:30:22 2026-05-21T10:00:22.032Z root INFO Theia app listening on http://127.0.0.1:33295.
2026-05-21 15:30:22 2026-05-21T10:00:22.032Z root INFO Finished starting backend application: 3.0 ms [Finished 0.680 s after backend start]
2026-05-21 15:30:22 2026-05-21T10:00:22.034Z root WARN The local plugin referenced by local-dir:/home/raj/.arduinoIDE/plugins does not exist.
2026-05-21 15:30:22 2026-05-21T10:00:22.034Z root WARN The local plugin referenced by local-dir:/home/raj/.arduinoIDE/deployedPlugins does not exist.
2026-05-21 15:30:22 2026-05-21T10:00:22.057Z config INFO Loaded CLI configuration: {"board_manager":{"additional_urls":[]}}
2026-05-21 15:30:22 2026-05-21T10:00:22.057Z config INFO Loading fallback CLI configuration to get 'directories.data' and 'directories.user'
2026-05-21 15:30:22 2026-05-21T10:00:22.181Z root INFO Resolve plugins list: 150.2 ms [Finished 0.828 s after backend start]
2026-05-21 15:30:22 2026-05-21T10:00:22.324Z daemon INFO time="2026-05-21T15:30:22+05:30" level=info msg="arduino-cli version 1.4.1"
2026-05-21 15:30:22 2026-05-21T10:00:22.330Z daemon INFO time="2026-05-21T15:30:22+05:30" level=info msg="Using config file: /home/raj/.arduinoIDE/arduino-cli.yaml"
time="2026-05-21T15:30:22+05:30" level=info msg="Executing `arduino-cli daemon`"
2026-05-21 15:30:22 2026-05-21T10:00:22.338Z config INFO Loaded fallback CLI configuration: {"directories":{"user":"/home/raj/Arduino","data":"/home/raj/.arduino15"}}
2026-05-21 15:30:22 2026-05-21T10:00:22.338Z config INFO Merged CLI configuration with the fallback: {"directories":{"user":"/home/raj/Arduino","data":"/home/raj/.arduino15"},"board_manager":{"additional_urls":[]}}
2026-05-21 15:30:22 2026-05-21T10:00:22.338Z config INFO Loaded the CLI configuration.
2026-05-21 15:30:22 2026-05-21T10:00:22.347Z daemon INFO Daemon is now listening on 127.0.0.1:35693
{"IP":"127.0.0.1","Port":"35693"}
2026-05-21 15:30:22 2026-05-21T10:00:22.347Z daemon INFO Daemon is running.
2026-05-21 15:30:22 2026-05-21T10:00:22.367Z config INFO Mapped the CLI configuration: {"dataDirUri":"file:///home/raj/.arduino15","sketchDirUri":"file:///home/raj/Arduino","additionalUrls":[],"network":"none","locale":"en"}
2026-05-21 15:30:22 2026-05-21T10:00:22.367Z config INFO Validating the CLI configuration...
2026-05-21 15:30:22 2026-05-21T10:00:22.370Z config INFO The CLI config is valid.
2026-05-21 15:30:22 2026-05-21T10:00:22.370Z config INFO <<< Initialized the CLI configuration.
2026-05-21 15:30:22 2026-05-21T10:00:22.425Z daemon INFO time="2026-05-21T15:30:22+05:30" level=info msg="Checking signature" index=/home/raj/.arduino15/package_index.json signatureFile=/home/raj/.arduino15/package_index.json.sig trusted=true
2026-05-21 15:30:22 2026-05-21T10:00:22.428Z daemon INFO time="2026-05-21T15:30:22+05:30" level=info msg="Loading hardware from: /home/raj/.arduino15/packages"
2026-05-21 15:30:22 2026-05-21T10:00:22.428Z daemon INFO time="2026-05-21T15:30:22+05:30" level=info msg="Loading package arduino from: /home/raj/.arduino15/packages/arduino/hardware"
2026-05-21 15:30:22 2026-05-21T10:00:22.431Z daemon INFO time="2026-05-21T15:30:22+05:30" level=info msg="Missing signature file" index=/home/raj/.arduino15/packages/arduino/hardware/avr/1.8.7/installed.json
2026-05-21 15:30:22 2026-05-21T10:00:22.432Z daemon INFO time="2026-05-21T15:30:22+05:30" level=info msg="Adding monitor tool" protocol=serial tool="builtin:serial-monitor"
time="2026-05-21T15:30:22+05:30" level=info msg="Loaded platform" platform="arduino:avr@1.8.7"
time="2026-05-21T15:30:22+05:30" level=info msg="Checking existence of 'tools' path: /home/raj/.arduino15/packages/arduino/tools"
2026-05-21 15:30:22 2026-05-21T10:00:22.433Z daemon INFO time="2026-05-21T15:30:22+05:30" level=info msg="Loading tools from dir: /home/raj/.arduino15/packages/arduino/tools"
time="2026-05-21T15:30:22+05:30" level=info msg="Loaded tool" tool="arduino:arduinoOTA@1.3.0"
time="2026-05-21T15:30:22+05:30" level=info msg="Loaded tool" tool="arduino:avr-gcc@7.3.0-atmel3.6.1-arduino7"
time="2026-05-21T15:30:22+05:30" level=info msg="Loaded tool" tool="arduino:avrdude@8.0.0-arduino1"
time="2026-05-21T15:30:22+05:30" level=info msg="Loading package builtin from: /home/raj/.arduino15/packages/builtin"
time="2026-05-21T15:30:22+05:30" level=info msg="Checking existence of 'tools' path: /home/raj/.arduino15/packages/builtin/tools"
time="2026-05-21T15:30:22+05:30" level=info msg="Loading tools from dir: /home/raj/.arduino15/packages/builtin/tools"
time="2026-05-21T15:30:22+05:30" level=info msg="Loaded tool" tool="builtin:ctags@5.8-arduino11"
2026-05-21 15:30:22 2026-05-21T10:00:22.433Z daemon INFO time="2026-05-21T15:30:22+05:30" level=info msg="Loaded tool" tool="builtin:dfu-discovery@0.1.2"
time="2026-05-21T15:30:22+05:30" level=info msg="Loaded tool" tool="builtin:mdns-discovery@1.0.12"
time="2026-05-21T15:30:22+05:30" level=info msg="Loaded tool" tool="builtin:serial-discovery@1.4.3"
time="2026-05-21T15:30:22+05:30" level=info msg="Loaded tool" tool="builtin:serial-monitor@0.15.0"
2026-05-21 15:30:22 2026-05-21T10:00:22.436Z daemon INFO time="2026-05-21T15:30:22+05:30" level=info msg="Adding libraries dir" dir=/home/raj/.arduino15/packages/arduino/hardware/avr/1.8.7/libraries isSingleLibrary=false location=platform
time="2026-05-21T15:30:22+05:30" level=info msg="Loading libraries index file" index=/home/raj/.arduino15/library_index.json
2026-05-21 15:30:22 2026-05-21T10:00:22.729Z daemon INFO time="2026-05-21T15:30:22+05:30" level=info msg="Adding libraries dir" dir=/home/raj/.arduino15/libraries isSingleLibrary=false location=ide
time="2026-05-21T15:30:22+05:30" level=info msg="Adding libraries dir" dir=/home/raj/Arduino/libraries isSingleLibrary=false location=user
2026-05-21 15:30:22 2026-05-21T10:00:22.737Z discovery-log INFO start resolved watching
2026-05-21 15:30:22 2026-05-21T10:00:22.987Z root INFO Deploy plugins list: 956.5 ms [Finished 1.635 s after backend start]
2026-05-21 15:30:23 2026-05-21T10:00:23.336Z root INFO creating connection for 1
2026-05-21 15:30:24 2026-05-21T10:00:24.151Z root WARN A command editor.action.toggleStickyScroll is already registered.
2026-05-21 15:30:24 Opening channel for service path '/services/electron-window'.
2026-05-21 15:30:24 Opening channel for service path '/services/ide-updater'.
2026-05-21 15:30:24 2026-05-21T10:00:24.252Z root INFO Start frontend contributions: 270.1 ms [Finished 2.187 s after frontend start]
2026-05-21 15:30:24 2026-05-21T10:00:24.252Z root INFO Changed application state from 'init' to 'started_contributions'.
2026-05-21 15:30:24 2026-05-21T10:00:24.289Z root INFO Changed application state from 'started_contributions' to 'attached_shell'.
2026-05-21 15:30:24 2026-05-21T10:00:24.289Z root INFO >>> Restoring the layout state...
2026-05-21 15:30:24 2026-05-21T10:00:24.320Z root INFO [8f9f9f91-f355-4806-b24f-b6d44495ac0e] Waiting for backend deployment: 91.1 ms [Finished 2.274 s after frontend start]
2026-05-21 15:30:24 2026-05-21T10:00:24.819Z root INFO [hosted-plugin: 3165] PLUGIN_HOST(3165) starting instance
[Object: null prototype] {}
2026-05-21 15:30:25 2026-05-21T10:00:25.378Z root INFO [8f9f9f91-f355-4806-b24f-b6d44495ac0e] Sync of 23 plugins: 1059.0 ms [Finished 3.333 s after frontend start]
2026-05-21 15:30:25 2026-05-21T10:00:25.388Z root INFO <<< Nothing to restore.
2026-05-21 15:30:25 2026-05-21T10:00:25.457Z root INFO Initialize the workbench layout: 1127.8 ms [Finished 3.371 s after frontend start]
2026-05-21 15:30:25 2026-05-21T10:00:25.459Z root INFO Changed application state from 'attached_shell' to 'initialized_layout'.
2026-05-21 15:30:25 2026-05-21T10:00:25.460Z root INFO [8f9f9f91-f355-4806-b24f-b6d44495ac0e] Loading plugin contributions
2026-05-21 15:30:25 2026-05-21T10:00:25.460Z root INFO [8f9f9f91-f355-4806-b24f-b6d44495ac0e] Load contributions of 23 plugins: 33.6 ms [Finished 3.411 s after frontend start]
2026-05-21 15:30:25 2026-05-21T10:00:25.508Z root WARN 'cpp' language is remapped from 'source.cpp.embedded.macro' to 'source.cpp' scope
2026-05-21 15:30:25 2026-05-21T10:00:25.508Z root WARN a registered grammar configuration for 'cpp' language is overridden
2026-05-21 15:30:25 2026-05-21T10:00:25.913Z root ERROR [hosted-plugin: 3165] Conflict in settings file Default: Ignoring cortex-debug.armToolchainPath.linux as cortex-debug.armToolchainPath is null
2026-05-21 15:30:25 2026-05-21T10:00:25.914Z root ERROR [hosted-plugin: 3165] Conflict in settings file Default: Ignoring cortex-debug.armToolchainPath.osx as cortex-debug.armToolchainPath is null
Conflict in settings file Default: Ignoring cortex-debug.armToolchainPath.windows as cortex-debug.armToolchainPath is null
2026-05-21 15:30:25 2026-05-21T10:00:25.914Z root ERROR [hosted-plugin: 3165] Conflict in settings file Default: Ignoring cortex-debug.JLinkGDBServerPath.linux as cortex-debug.JLinkGDBServerPath is null
Conflict in settings file Default: Ignoring cortex-debug.JLinkGDBServerPath.osx as cortex-debug.JLinkGDBServerPath is null
2026-05-21 15:30:25 2026-05-21T10:00:25.914Z root ERROR [hosted-plugin: 3165] Conflict in settings file Default: Ignoring cortex-debug.JLinkGDBServerPath.windows as cortex-debug.JLinkGDBServerPath is null
2026-05-21 15:30:25 2026-05-21T10:00:25.914Z root ERROR [hosted-plugin: 3165] Conflict in settings file Default: Ignoring cortex-debug.openocdPath.linux as cortex-debug.openocdPath is null
2026-05-21 15:30:25 2026-05-21T10:00:25.914Z root ERROR [hosted-plugin: 3165] Conflict in settings file Default: Ignoring cortex-debug.openocdPath.osx as cortex-debug.openocdPath is null
2026-05-21 15:30:25 2026-05-21T10:00:25.914Z root ERROR [hosted-plugin: 3165] Conflict in settings file Default: Ignoring cortex-debug.openocdPath.windows as cortex-debug.openocdPath is null
2026-05-21 15:30:25 2026-05-21T10:00:25.914Z root ERROR [hosted-plugin: 3165] Conflict in settings file Default: Ignoring cortex-debug.pyocdPath.linux as cortex-debug.pyocdPath is null
Conflict in settings file Default: Ignoring cortex-debug.pyocdPath.osx as cortex-debug.pyocdPath is null
2026-05-21 15:30:25 2026-05-21T10:00:25.914Z root ERROR [hosted-plugin: 3165] Conflict in settings file Default: Ignoring cortex-debug.pyocdPath.windows as cortex-debug.pyocdPath is null
Conflict in settings file Default: Ignoring cortex-debug.PEGDBServerPath.linux as cortex-debug.PEGDBServerPath is null
Conflict in settings file Default: Ignoring cortex-debug.PEGDBServerPath.osx as cortex-debug.PEGDBServerPath is null
2026-05-21 15:30:25 2026-05-21T10:00:25.914Z root ERROR [hosted-plugin: 3165] Conflict in settings file Default: Ignoring cortex-debug.PEGDBServerPath.windows as cortex-debug.PEGDBServerPath is null
Conflict in settings file Default: Ignoring cortex-debug.stutilPath.linux as cortex-debug.stutilPath is null
2026-05-21 15:30:25 2026-05-21T10:00:25.914Z root ERROR [hosted-plugin: 3165] Conflict in settings file Default: Ignoring cortex-debug.stutilPath.osx as cortex-debug.stutilPath is null
Conflict in settings file Default: Ignoring cortex-debug.stutilPath.windows as cortex-debug.stutilPath is null
Conflict in settings file Default: Ignoring cortex-debug.stlinkPath.linux as cortex-debug.stlinkPath is null
2026-05-21 15:30:25 2026-05-21T10:00:25.914Z root ERROR [hosted-plugin: 3165] Conflict in settings file Default: Ignoring cortex-debug.stlinkPath.osx as cortex-debug.stlinkPath is null
Conflict in settings file Default: Ignoring cortex-debug.stlinkPath.windows as cortex-debug.stlinkPath is null
Conflict in settings file Default: Ignoring cortex-debug.stm32cubeprogrammer.linux as cortex-debug.stm32cubeprogrammer is null
2026-05-21 15:30:25 2026-05-21T10:00:25.914Z root ERROR [hosted-plugin: 3165] Conflict in settings file Default: Ignoring cortex-debug.stm32cubeprogrammer.osx as cortex-debug.stm32cubeprogrammer is null
Conflict in settings file Default: Ignoring cortex-debug.stm32cubeprogrammer.windows as cortex-debug.stm32cubeprogrammer is null
2026-05-21 15:30:25 2026-05-21T10:00:25.951Z root INFO [hosted-plugin: 3165] PLUGIN_HOST(3165): PluginManagerExtImpl/init()
2026-05-21 15:30:25 2026-05-21T10:00:25.953Z root INFO [hosted-plugin: 3165] PLUGIN_HOST(3165): initializing(vscode-arduino-api@0.1.2 with /tmp/.mount_arduinnJUw5F/resources/app/lib/backend/plugin-vscode-init)
2026-05-21 15:30:26 2026-05-21T10:00:26.020Z root INFO [hosted-plugin: 3165] PLUGIN_HOST(3165): initializing(json-language-features@1.88.1 with /tmp/.mount_arduinnJUw5F/resources/app/lib/backend/plugin-vscode-init)
2026-05-21 15:30:26 2026-05-21T10:00:26.025Z root INFO [hosted-plugin: 3165] PLUGIN_HOST(3165): initializing(cortex-debug@1.5.1 with /tmp/.mount_arduinnJUw5F/resources/app/lib/backend/plugin-vscode-init)
2026-05-21 15:30:26 2026-05-21T10:00:26.026Z root INFO [hosted-plugin: 3165] Debugger contribution has been registered: cortex-debug
2026-05-21 15:30:26 2026-05-21T10:00:26.028Z root INFO [hosted-plugin: 3165] PLUGIN_HOST(3165): initializing(vscode-arduino-tools@0.1.3 with /tmp/.mount_arduinnJUw5F/resources/app/lib/backend/plugin-vscode-init)
2026-05-21 15:30:26 2026-05-21T10:00:26.031Z root INFO [hosted-plugin: 3165] PLUGIN_HOST(3165): initializing(cpp@1.88.1 with /tmp/.mount_arduinnJUw5F/resources/app/lib/backend/plugin-vscode-init)
2026-05-21 15:30:26 2026-05-21T10:00:26.036Z root INFO [hosted-plugin: 3165] PLUGIN_HOST(3165): initializing(json@1.88.1 with /tmp/.mount_arduinnJUw5F/resources/app/lib/backend/plugin-vscode-init)
2026-05-21 15:30:26 2026-05-21T10:00:26.037Z root INFO [hosted-plugin: 3165] PLUGIN_HOST(3165): initializing(vscode-language-pack-bg@1.48.3 with /tmp/.mount_arduinnJUw5F/resources/app/lib/backend/plugin-vscode-init)
2026-05-21 15:30:26 2026-05-21T10:00:26.038Z root INFO [hosted-plugin: 3165] PLUGIN_HOST(3165): initializing(vscode-language-pack-cs@1.96.0 with /tmp/.mount_arduinnJUw5F/resources/app/lib/backend/plugin-vscode-init)
2026-05-21 15:30:26 2026-05-21T10:00:26.039Z root INFO [hosted-plugin: 3165] PLUGIN_HOST(3165): initializing(vscode-language-pack-de@1.96.0 with /tmp/.mount_arduinnJUw5F/resources/app/lib/backend/plugin-vscode-init)
2026-05-21 15:30:26 2026-05-21T10:00:26.040Z root INFO [hosted-plugin: 3165] PLUGIN_HOST(3165): initializing(vscode-language-pack-es@1.96.0 with /tmp/.mount_arduinnJUw5F/resources/app/lib/backend/plugin-vscode-init)
2026-05-21 15:30:26 2026-05-21T10:00:26.041Z root INFO [hosted-plugin: 3165] PLUGIN_HOST(3165): initializing(vscode-language-pack-fr@1.96.0 with /tmp/.mount_arduinnJUw5F/resources/app/lib/backend/plugin-vscode-init)
2026-05-21 15:30:26 2026-05-21T10:00:26.042Z root INFO [hosted-plugin: 3165] PLUGIN_HOST(3165): initializing(vscode-language-pack-hu@1.48.3 with /tmp/.mount_arduinnJUw5F/resources/app/lib/backend/plugin-vscode-init)
2026-05-21 15:30:26 2026-05-21T10:00:26.044Z root INFO [hosted-plugin: 3165] PLUGIN_HOST(3165): initializing(vscode-language-pack-it@1.96.0 with /tmp/.mount_arduinnJUw5F/resources/app/lib/backend/plugin-vscode-init)
2026-05-21 15:30:26 2026-05-21T10:00:26.045Z root INFO [hosted-plugin: 3165] PLUGIN_HOST(3165): initializing(vscode-language-pack-ja@1.96.0 with /tmp/.mount_arduinnJUw5F/resources/app/lib/backend/plugin-vscode-init)
2026-05-21 15:30:26 2026-05-21T10:00:26.046Z root INFO [hosted-plugin: 3165] PLUGIN_HOST(3165): initializing(vscode-language-pack-ko@1.96.0 with /tmp/.mount_arduinnJUw5F/resources/app/lib/backend/plugin-vscode-init)
2026-05-21 15:30:26 2026-05-21T10:00:26.047Z root INFO [hosted-plugin: 3165] PLUGIN_HOST(3165): initializing(vscode-language-pack-nl@1.48.3 with /tmp/.mount_arduinnJUw5F/resources/app/lib/backend/plugin-vscode-init)
2026-05-21 15:30:26 2026-05-21T10:00:26.047Z root INFO [hosted-plugin: 3165] PLUGIN_HOST(3165): initializing(vscode-language-pack-pl@1.96.0 with /tmp/.mount_arduinnJUw5F/resources/app/lib/backend/plugin-vscode-init)
2026-05-21 15:30:26 2026-05-21T10:00:26.048Z root INFO [hosted-plugin: 3165] PLUGIN_HOST(3165): initializing(vscode-language-pack-pt-BR@1.96.0 with /tmp/.mount_arduinnJUw5F/resources/app/lib/backend/plugin-vscode-init)
2026-05-21 15:30:26 2026-05-21T10:00:26.048Z root INFO [hosted-plugin: 3165] PLUGIN_HOST(3165): initializing(vscode-language-pack-ru@1.96.0 with /tmp/.mount_arduinnJUw5F/resources/app/lib/backend/plugin-vscode-init)
2026-05-21 15:30:26 2026-05-21T10:00:26.049Z root INFO [hosted-plugin: 3165] PLUGIN_HOST(3165): initializing(vscode-language-pack-tr@1.96.0 with /tmp/.mount_arduinnJUw5F/resources/app/lib/backend/plugin-vscode-init)
2026-05-21 15:30:26 2026-05-21T10:00:26.049Z root INFO [hosted-plugin: 3165] PLUGIN_HOST(3165): initializing(vscode-language-pack-uk@1.48.3 with /tmp/.mount_arduinnJUw5F/resources/app/lib/backend/plugin-vscode-init)
2026-05-21 15:30:26 2026-05-21T10:00:26.050Z root INFO [hosted-plugin: 3165] PLUGIN_HOST(3165): initializing(vscode-language-pack-zh-hans@1.96.0 with /tmp/.mount_arduinnJUw5F/resources/app/lib/backend/plugin-vscode-init)
2026-05-21 15:30:26 2026-05-21T10:00:26.050Z root INFO [hosted-plugin: 3165] PLUGIN_HOST(3165): initializing(vscode-language-pack-zh-hant@1.96.0 with /tmp/.mount_arduinnJUw5F/resources/app/lib/backend/plugin-vscode-init)
2026-05-21 15:30:26 2026-05-21T10:00:26.055Z root INFO [hosted-plugin: 3165] PLUGIN_HOST(3165): PluginManagerExtImpl/loadPlugin(/tmp/.mount_arduinnJUw5F/resources/app/plugins/vscode-builtin-json-language-features/extension/client/dist/node/jsonClientMain)
2026-05-21 15:30:26 2026-05-21T10:00:26.106Z root INFO [hosted-plugin: 3165] PLUGIN_HOST(3165): PluginManagerExtImpl/loadPlugin(/tmp/.mount_arduinnJUw5F/resources/app/plugins/vscode-arduino-api/extension/dist/extension.js)
2026-05-21 15:30:26 2026-05-21T10:00:26.111Z root INFO [hosted-plugin: 3165] calling activation function on Arduino IDE API for VS Code extensions
2026-05-21 15:30:26 2026-05-21T10:00:26.211Z root INFO [8f9f9f91-f355-4806-b24f-b6d44495ac0e] Starting plugins.
2026-05-21 15:30:26 2026-05-21T10:00:26.217Z root INFO [hosted-plugin: 3165] PLUGIN_HOST(3165): PluginManagerExtImpl/loadPlugin(/tmp/.mount_arduinnJUw5F/resources/app/plugins/cortex-debug/extension/dist/extension.js)
2026-05-21 15:30:26 2026-05-21T10:00:26.246Z root INFO [hosted-plugin: 3165] Debug configuration provider has been registered: cortex-debug, trigger: 1
2026-05-21 15:30:26 2026-05-21T10:00:26.246Z root INFO [hosted-plugin: 3165] calling activation function on Cortex-Debug
2026-05-21 15:30:26 2026-05-21T10:00:26.248Z root INFO [hosted-plugin: 3165] GDB server console created
2026-05-21 15:30:26 2026-05-21T10:00:26.265Z root INFO [8f9f9f91-f355-4806-b24f-b6d44495ac0e] Start of 23 plugins: 726.0 ms [Finished 4.220 s after frontend start]
2026-05-21 15:30:26 2026-05-21T10:00:26.312Z root INFO [hosted-plugin: 3165] calling activation function on JSON Language Features (built-in)
2026-05-21 15:30:26 2026-05-21T10:00:26.469Z root INFO Frontend application start: 2348.9 ms [Finished 5.101 s after backend start]
2026-05-21 15:30:26 Checking for update
2026-05-21 15:30:26 2026-05-21T10:00:26.504Z root INFO Replace loading indicator with ready workbench UI (animation): 831.1 ms [Finished 4.247 s after frontend start]
2026-05-21 15:30:26 2026-05-21T10:00:26.504Z root INFO Changed application state from 'initialized_layout' to 'ready'.
2026-05-21 15:30:26 2026-05-21T10:00:26.504Z root WARN Linked preference "workbench.colorCustomizations" not found.
2026-05-21 15:30:26 2026-05-21T10:00:26.583Z daemon INFO time="2026-05-21T15:30:26+05:30" level=info msg="Updating index" url="https://downloads.arduino.cc/packages/package_index.tar.bz2"
time="2026-05-21T15:30:26+05:30" level=info msg="Starting download" url="https://downloads.arduino.cc/libraries/library_index.tar.bz2"
time="2026-05-21T15:30:26+05:30" level=info msg="Starting download" url="https://downloads.arduino.cc/packages/package_index.tar.bz2"
2026-05-21 15:30:26 2026-05-21T10:00:26.588Z root INFO core-client-provider [library-index] Downloading index: library_index.tar.bz2

2026-05-21 15:30:26 2026-05-21T10:00:26.589Z root INFO core-client-provider [platform-index] Downloading index: package_index.tar.bz2

2026-05-21 15:30:26 2026-05-21T10:00:26.930Z root ERROR ---- !!!SLOW!!! DURATION: search took 427.780 ms. Args: [{"type":"Updatable"}] ----
2026-05-21 15:30:28 Update for version 2.3.8 is not available (latest version: 2.3.8, downgrade is allowed).
2026-05-21 15:30:39 2026-05-21T10:00:39.417Z daemon INFO time="2026-05-21T15:30:39+05:30" level=info msg="Checking signature" index=/home/raj/.arduino15/package_index.json signatureFile=/home/raj/.arduino15/package_index.json.sig trusted=true
2026-05-21 15:30:39 2026-05-21T10:00:39.418Z daemon INFO time="2026-05-21T15:30:39+05:30" level=info msg="Loading hardware from: /home/raj/.arduino15/packages"
2026-05-21 15:30:39 2026-05-21T10:00:39.418Z daemon INFO time="2026-05-21T15:30:39+05:30" level=info msg="Loading package arduino from: /home/raj/.arduino15/packages/arduino/hardware"
2026-05-21 15:30:39 2026-05-21T10:00:39.419Z daemon INFO time="2026-05-21T15:30:39+05:30" level=info msg="Missing signature file" index=/home/raj/.arduino15/packages/arduino/hardware/avr/1.8.7/installed.json
2026-05-21 15:30:39 2026-05-21T10:00:39.422Z daemon INFO time="2026-05-21T15:30:39+05:30" level=info msg="Adding monitor tool" protocol=serial tool="builtin:serial-monitor"
time="2026-05-21T15:30:39+05:30" level=info msg="Loaded platform" platform="arduino:avr@1.8.7"
time="2026-05-21T15:30:39+05:30" level=info msg="Checking existence of 'tools' path: /home/raj/.arduino15/packages/arduino/tools"
time="2026-05-21T15:30:39+05:30" level=info msg="Loading tools from dir: /home/raj/.arduino15/packages/arduino/tools"
2026-05-21 15:30:39 2026-05-21T10:00:39.422Z daemon INFO time="2026-05-21T15:30:39+05:30" level=info msg="Loaded tool" tool="arduino:arduinoOTA@1.3.0"
time="2026-05-21T15:30:39+05:30" level=info msg="Loaded tool" tool="arduino:avr-gcc@7.3.0-atmel3.6.1-arduino7"
time="2026-05-21T15:30:39+05:30" level=info msg="Loaded tool" tool="arduino:avrdude@8.0.0-arduino1"
2026-05-21 15:30:39 2026-05-21T10:00:39.422Z daemon INFO time="2026-05-21T15:30:39+05:30" level=info msg="Loading package builtin from: /home/raj/.arduino15/packages/builtin"
time="2026-05-21T15:30:39+05:30" level=info msg="Checking existence of 'tools' path: /home/raj/.arduino15/packages/builtin/tools"
time="2026-05-21T15:30:39+05:30" level=info msg="Loading tools from dir: /home/raj/.arduino15/packages/builtin/tools"
2026-05-21 15:30:39 2026-05-21T10:00:39.422Z daemon INFO time="2026-05-21T15:30:39+05:30" level=info msg="Loaded tool" tool="builtin:ctags@5.8-arduino11"
2026-05-21 15:30:39 2026-05-21T10:00:39.422Z daemon INFO time="2026-05-21T15:30:39+05:30" level=info msg="Loaded tool" tool="builtin:dfu-discovery@0.1.2"
time="2026-05-21T15:30:39+05:30" level=info msg="Loaded tool" tool="builtin:mdns-discovery@1.0.12"
2026-05-21 15:30:39 2026-05-21T10:00:39.422Z daemon INFO time="2026-05-21T15:30:39+05:30" level=info msg="Loaded tool" tool="builtin:serial-discovery@1.4.3"
2026-05-21 15:30:39 2026-05-21T10:00:39.422Z daemon INFO time="2026-05-21T15:30:39+05:30" level=info msg="Loaded tool" tool="builtin:serial-monitor@0.15.0"
2026-05-21 15:30:39 2026-05-21T10:00:39.429Z daemon INFO time="2026-05-21T15:30:39+05:30" level=info msg="Discovery event channel closed builtin:serial-discovery. Exiting goroutine."
2026-05-21 15:30:39 2026-05-21T10:00:39.430Z daemon INFO time="2026-05-21T15:30:39+05:30" level=info msg="Closed and removed discovery builtin:serial-discovery"
time="2026-05-21T15:30:39+05:30" level=error msg="Stopped decode loop: EOF" discovery="builtin:serial-discovery"
2026-05-21 15:30:39 2026-05-21T10:00:39.431Z daemon INFO time="2026-05-21T15:30:39+05:30" level=info msg="Discovery event channel closed builtin:mdns-discovery. Exiting goroutine."
2026-05-21 15:30:39 2026-05-21T10:00:39.432Z daemon INFO time="2026-05-21T15:30:39+05:30" level=info msg="Closed and removed discovery builtin:mdns-discovery"
2026-05-21 15:30:39 2026-05-21T10:00:39.432Z daemon INFO time="2026-05-21T15:30:39+05:30" level=error msg="Stopped decode loop: EOF" discovery="builtin:mdns-discovery"
2026-05-21 15:30:39 2026-05-21T10:00:39.440Z daemon INFO time="2026-05-21T15:30:39+05:30" level=info msg="Adding libraries dir" dir=/home/raj/.arduino15/packages/arduino/hardware/avr/1.8.7/libraries isSingleLibrary=false location=platform
time="2026-05-21T15:30:39+05:30" level=info msg="Loading libraries index file" index=/home/raj/.arduino15/library_index.json
2026-05-21 15:30:39 2026-05-21T10:00:39.670Z daemon INFO time="2026-05-21T15:30:39+05:30" level=info msg="Adding libraries dir" dir=/home/raj/.arduino15/libraries isSingleLibrary=false location=ide
time="2026-05-21T15:30:39+05:30" level=info msg="Adding libraries dir" dir=/home/raj/Arduino/libraries isSingleLibrary=false location=user
2026-05-21 15:31:27 2026-05-21T10:01:27.921Z root INFO socked closed
2026-05-21 15:31:27 2026-05-21T10:01:27.921Z root INFO closing connection for 1
2026-05-21 15:31:27 2026-05-21T10:01:27.921Z root INFO Closing channel on service path '/localization-server'.
2026-05-21 15:31:27 2026-05-21T10:01:27.921Z root INFO Closing channel on service path '/os'.
2026-05-21 15:31:27 2026-05-21T10:01:27.921Z root INFO Closing channel on service path '/services/commands'.
2026-05-21 15:31:27 2026-05-21T10:01:27.921Z root INFO Closing channel on service path '/services/keyboard'.
2026-05-21 15:31:27 2026-05-21T10:01:27.921Z root INFO Closing channel on service path '/services/logger'.
2026-05-21 15:31:27 2026-05-21T10:01:27.922Z root INFO Closing channel on service path '/services/messageService'.
2026-05-21 15:31:27 2026-05-21T10:01:27.922Z root INFO Closing channel on service path '/services/ChannelCloseService'.
2026-05-21 15:31:27 2026-05-21T10:01:27.922Z root INFO Closing channel on service path '/services/remote-filesystem'.
2026-05-21 15:31:27 2026-05-21T10:01:27.922Z root INFO Closing channel on service path '/services/envs'.
2026-05-21 15:31:27 2026-05-21T10:01:27.922Z root INFO Closing channel on service path '/services/authentication-service'.
2026-05-21 15:31:27 2026-05-21T10:01:27.922Z root INFO Closing channel on service path '/services/sketches-service'.
2026-05-21 15:31:27 2026-05-21T10:01:27.922Z root INFO Closing channel on service path '/services/config-service'.
2026-05-21 15:31:27 2026-05-21T10:01:27.922Z root INFO Closing channel on service path '/services/workspace'.
2026-05-21 15:31:27 2026-05-21T10:01:27.922Z root INFO Closing channel on service path '/services/notification-service'.
2026-05-21 15:31:27 2026-05-21T10:01:27.922Z root INFO Closing channel on service path '/services/arduino-daemon'.
2026-05-21 15:31:27 2026-05-21T10:01:27.922Z root INFO Closing channel on service path '/services/stopwatch'.
2026-05-21 15:31:27 2026-05-21T10:01:27.922Z root INFO Closing channel on service path '/services/application'.
2026-05-21 15:31:27 2026-05-21T10:01:27.922Z root INFO Closing channel on service path '/services/i18n'.
2026-05-21 15:31:27 2026-05-21T10:01:27.922Z root INFO Closing channel on service path '/services/quickInput'.
2026-05-21 15:31:27 2026-05-21T10:01:27.922Z root INFO Closing channel on service path '/services/debug'.
2026-05-21 15:31:27 2026-05-21T10:01:27.922Z root INFO Closing channel on service path '/services/shell-terminal'.
2026-05-21 15:31:27 2026-05-21T10:01:27.922Z root INFO Closing channel on service path '/services/quickPick'.
2026-05-21 15:31:27 2026-05-21T10:01:27.922Z root INFO Closing channel on service path '/services/task'.
2026-05-21 15:31:27 2026-05-21T10:01:27.922Z root INFO Closing channel on service path '/services/search'.
2026-05-21 15:31:27 2026-05-21T10:01:27.922Z root INFO Closing channel on service path '/services/hostedPlugin'.
2026-05-21 15:31:27 2026-05-21T10:01:27.922Z root INFO Closing channel on service path '/services/plugin-ext'.
2026-05-21 15:31:27 2026-05-21T10:01:27.922Z root INFO Closing channel on service path '/services/plugin-paths'.
2026-05-21 15:31:27 2026-05-21T10:01:27.922Z root INFO Closing channel on service path '/services/cli-preferences'.
2026-05-21 15:31:27 2026-05-21T10:01:27.922Z root INFO Closing channel on service path '/services/boards-service'.
2026-05-21 15:31:27 2026-05-21T10:01:27.922Z root INFO Closing channel on service path '/services/response-service'.
2026-05-21 15:31:27 2026-05-21T10:01:27.922Z root INFO Closing channel on service path '/services/file-system-ext'.
2026-05-21 15:31:27 2026-05-21T10:01:27.922Z root INFO Closing channel on service path '/services/core-service'.
2026-05-21 15:31:27 2026-05-21T10:01:27.922Z root INFO Closing channel on service path '/services/example-service'.
2026-05-21 15:31:27 2026-05-21T10:01:27.922Z root INFO Closing channel on service path '/services/library-service'.
2026-05-21 15:31:27 2026-05-21T10:01:27.922Z root INFO Closing channel on service path '/services/executable-service'.
2026-05-21 15:31:27 2026-05-21T10:01:27.922Z root INFO Closing channel on service path '/services/arduino-firmware-uploader'.
2026-05-21 15:31:27 2026-05-21T10:01:27.922Z root INFO Closing channel on service path '/services/formatter'.
2026-05-21 15:31:27 2026-05-21T10:01:27.922Z root INFO Closing channel on service path '/services/search-in-workspace'.
2026-05-21 15:31:27 2026-05-21T10:01:27.922Z root INFO Closing channel on service path '/services/request-service'.
2026-05-21 15:31:27 2026-05-21T10:01:27.922Z root INFO Closing channel on service path '/services/keyStore'.
2026-05-21 15:31:27 2026-05-21T10:01:27.922Z root INFO Closing channel on service path '/services/languagePackService'.
2026-05-21 16:08:25 2026-05-21T10:38:25.702Z root INFO Reconnecting failed for 1
2026-05-21 16:08:25 Closing channel on service path '/services/electron-window'.
2026-05-21 16:08:25 Closing channel on service path '/services/ide-updater'.
2026-05-21 16:08:26 2026-05-21T10:38:26.162Z root INFO creating connection for 1
2026-05-21 16:08:26 2026-05-21T10:38:26.480Z root WARN A command editor.action.toggleStickyScroll is already registered.
2026-05-21 16:08:26 Opening channel for service path '/services/electron-window'.
2026-05-21 16:08:26 Opening channel for service path '/services/ide-updater'.
2026-05-21 16:08:26 2026-05-21T10:38:26.539Z root INFO Start frontend contributions: 149.6 ms [Finished 0.822 s after frontend start]
2026-05-21 16:08:26 2026-05-21T10:38:26.539Z root INFO Changed application state from 'init' to 'started_contributions'.
2026-05-21 16:08:26 2026-05-21T10:38:26.569Z root INFO Changed application state from 'started_contributions' to 'attached_shell'.
2026-05-21 16:08:26 2026-05-21T10:38:26.569Z root INFO >>> Restoring the layout state...
2026-05-21 16:08:26 2026-05-21T10:38:26.597Z root INFO [89bc3d0b-4a91-4f7c-8dbc-c2a43481f0a1] Waiting for backend deployment: 69.0 ms [Finished 0.888 s after frontend start]
2026-05-21 16:08:26 2026-05-21T10:38:26.795Z root INFO ------- SERIALIZED LAYOUT DATA -------
2026-05-21 16:08:26 2026-05-21T10:38:26.795Z root INFO {"version":5,"mainPanel":{"main":{"type":"tab-area","widgets":[{"constructionOptions":{"factoryId":"code-editor-opener","options":{"counter":0,"kind":"navigatable","uri":"file:///tmp/.arduinoIDE-unsaved2026421-3032-1yxa0bv.k7sxg/sketch_may21a/sketch_may21a.ino"}},"innerWidgetState":"{\"cursorState\":[{\"inSelectionMode\":false,\"selectionStart\":{\"lineNumber\":1,\"column\":1},\"position\":{\"lineNumber\":1,\"column\":1}}],\"viewState\":{\"scrollLeft\":0,\"firstPosition\":{\"lineNumber\":1,\"column\":1},\"firstPositionDeltaTop\":0},\"contributionsState\":{\"editor.contrib.folding\":{\"lineCount\":10,\"provider\":\"indent\",\"foldedImports\":false},\"editor.contrib.wordHighlighter\":false}}"}],"currentIndex":0}},"mainPanelPinned":[false],"bottomPanel":{"config":{"main":null},"pinned":[],"expanded":false},"leftPanel":{"type":"sidepanel","items":[{"widget":{"constructionOptions":{"factoryId":"arduino-sketchbook-widget"}},"rank":1,"expanded":false,"pinned":false},{"widget":{"constructionOptions":{"factoryId":"boards-list-widget"}},"rank":2,"expanded":false,"pinned":false},{"widget":{"constructionOptions":{"factoryId":"library-list-widget"}},"rank":3,"expanded":false,"pinned":false},{"widget":{"constructionOptions":{"factoryId":"debug"},"innerWidgetState":"{\"parts\":[{\"widget\":{\"constructionOptions\":{\"factoryId\":\"debug:threads\"},\"innerWidgetState\":\"{}\"},\"partId\":\"debug:threads:-1\",\"collapsed\":false,\"hidden\":false,\"originalContainerId\":\"debug:view-container:-1\",\"originalContainerTitle\":{\"label\":\"debug\",\"iconClass\":\"codicon codicon-debug-alt\",\"closeable\":true}},{\"widget\":{\"constructionOptions\":{\"factoryId\":\"debug:frames\"},\"innerWidgetState\":\"{}\"},\"partId\":\"debug:frames:-1\",\"collapsed\":false,\"hidden\":false,\"originalContainerId\":\"debug:view-container:-1\",\"originalContainerTitle\":{\"label\":\"debug\",\"iconClass\":\"codicon codicon-debug-alt\",\"closeable\":true}},{\"widget\":{\"constructionOptions\":{\"factoryId\":\"debug:variables\"},\"innerWidgetState\":\"{}\"},\"partId\":\"debug:variables:-1\",\"collapsed\":false,\"hidden\":false,\"originalContainerId\":\"debug:view-container:-1\",\"originalContainerTitle\":{\"label\":\"debug\",\"iconClass\":\"codicon codicon-debug-alt\",\"closeable\":true}},{\"widget\":{\"constructionOptions\":{\"factoryId\":\"debug:watch\"},\"innerWidgetState\":\"{}\"},\"partId\":\"debug:watch:-1\",\"collapsed\":false,\"hidden\":false,\"originalContainerId\":\"debug:view-container:-1\",\"originalContainerTitle\":{\"label\":\"debug\",\"iconClass\":\"codicon codicon-debug-alt\",\"closeable\":true}},{\"widget\":{\"constructionOptions\":{\"factoryId\":\"debug:breakpoints\"},\"innerWidgetState\":\"{}\"},\"partId\":\"debug:breakpoints:-1\",\"collapsed\":false,\"hidden\":false,\"originalContainerId\":\"debug:view-container:-1\",\"originalContainerTitle\":{\"label\":\"debug\",\"iconClass\":\"codicon codicon-debug-alt\",\"closeable\":true}},{\"widget\":{\"constructionOptions\":{\"factoryId\":\"plugin-view\",\"options\":{\"id\":\"plugin-view:cortex-debug.peripherals\",\"viewId\":\"cortex-debug.peripherals\"}},\"innerWidgetState\":\"{\\\"label\\\":\\\"Cortex Peripherals\\\",\\\"widgets\\\":[],\\\"suppressUpdateViewVisibility\\\":false,\\\"currentViewContainerId\\\":\\\"debug\\\"}\"},\"partId\":\"plugin-view:cortex-debug.peripherals\",\"collapsed\":true,\"hidden\":true,\"originalContainerId\":\"debug:view-container:-1\",\"originalContainerTitle\":{\"label\":\"debug\",\"iconClass\":\"codicon codicon-debug-alt\",\"closeable\":true}},{\"widget\":{\"constructionOptions\":{\"factoryId\":\"plugin-view\",\"options\":{\"id\":\"plugin-view:cortex-debug.registers\",\"viewId\":\"cortex-debug.registers\"}},\"innerWidgetState\":\"{\\\"label\\\":\\\"Cortex Registers\\\",\\\"widgets\\\":[],\\\"suppressUpdateViewVisibility\\\":false,\\\"currentViewContainerId\\\":\\\"debug\\\"}\"},\"partId\":\"plugin-view:cortex-debug.registers\",\"collapsed\":true,\"hidden\":true,\"originalContainerId\":\"debug:view-container:-1\",\"originalContainerTitle\":{\"label\":\"debug\",\"iconClass\":\"codicon codicon-debug-alt\",\"closeable\":true}}],\"title\":{\"label\":\"debug\",\"iconClass\":\"codicon codicon-debug-alt\",\"closeable\":true}}"},"rank":4,"expanded":false,"pinned":false},{"widget":{"constructionOptions":{"factoryId":"search-view-container"},"innerWidgetState":"{\"parts\":[{\"widget\":{\"constructionOptions\":{\"factoryId\":\"search-in-workspace\"},\"innerWidgetState\":\"{\\\"matchCaseState\\\":{\\\"className\\\":\\\"codicon codicon-case-sensitive\\\",\\\"enabled\\\":false,\\\"title\\\":\\\"Match Case\\\"},\\\"wholeWordState\\\":{\\\"className\\\":\\\"codicon codicon-whole-word\\\",\\\"enabled\\\":false,\\\"title\\\":\\\"Match Whole Word\\\"},\\\"regExpState\\\":{\\\"className\\\":\\\"codicon codicon-regex\\\",\\\"enabled\\\":false,\\\"title\\\":\\\"Use Regular Expression\\\"},\\\"includeIgnoredState\\\":{\\\"className\\\":\\\"codicon codicon-eye\\\",\\\"enabled\\\":false,\\\"title\\\":\\\"Include Ignored Files\\\"},\\\"showSearchDetails\\\":false,\\\"searchInWorkspaceOptions\\\":{\\\"matchCase\\\":false,\\\"matchWholeWord\\\":false,\\\"useRegExp\\\":false,\\\"multiline\\\":false,\\\"includeIgnored\\\":false,\\\"include\\\":[],\\\"exclude\\\":[],\\\"maxResults\\\":2000},\\\"searchTerm\\\":\\\"\\\",\\\"replaceTerm\\\":\\\"\\\",\\\"showReplaceField\\\":false,\\\"searchHistoryState\\\":{\\\"history\\\":[],\\\"index\\\":0},\\\"replaceHistoryState\\\":{\\\"history\\\":[],\\\"index\\\":0},\\\"includeHistoryState\\\":{\\\"history\\\":[],\\\"index\\\":0},\\\"excludeHistoryState\\\":{\\\"history\\\":[],\\\"index\\\":0}}\"},\"partId\":\"search-in-workspace\",\"collapsed\":false,\"hidden\":false,\"originalContainerId\":\"search-view-container\",\"originalContainerTitle\":{\"label\":\"Search\",\"iconClass\":\"codicon codicon-search\",\"closeable\":true}}],\"title\":{\"label\":\"Search\",\"iconClass\":\"fa fa-arduino-search\",\"closeable\":true}}"},"rank":5,"expanded":false,"pinned":false}]},"rightPanel":{"type":"sidepanel","items":[]}}
2026-05-21 16:08:26 2026-05-21T10:38:26.795Z root INFO ------- END SERIALIZED LAYOUT DATA -------
2026-05-21 16:08:27 2026-05-21T10:38:27.116Z root INFO [hosted-plugin: 3531] PLUGIN_HOST(3531) starting instance
[Object: null prototype] {}
2026-05-21 16:08:27 2026-05-21T10:38:27.681Z root INFO [89bc3d0b-4a91-4f7c-8dbc-c2a43481f0a1] Sync of 23 plugins: 1084.7 ms [Finished 1.973 s after frontend start]
2026-05-21 16:08:27 2026-05-21T10:38:27.773Z root INFO <<< The layout has been successfully restored.
2026-05-21 16:08:27 2026-05-21T10:38:27.836Z root INFO Initialize the workbench layout: 1204.0 ms [Finished 2.065 s after frontend start]
2026-05-21 16:08:27 2026-05-21T10:38:27.837Z root INFO Changed application state from 'attached_shell' to 'initialized_layout'.
2026-05-21 16:08:27 2026-05-21T10:38:27.839Z root INFO [89bc3d0b-4a91-4f7c-8dbc-c2a43481f0a1] Loading plugin contributions
2026-05-21 16:08:27 2026-05-21T10:38:27.839Z root INFO [89bc3d0b-4a91-4f7c-8dbc-c2a43481f0a1] Load contributions of 23 plugins: 61.8 ms [Finished 2.127 s after frontend start]
2026-05-21 16:08:27 2026-05-21T10:38:27.877Z root WARN 'cpp' language is remapped from 'source.cpp.embedded.macro' to 'source.cpp' scope
2026-05-21 16:08:27 2026-05-21T10:38:27.877Z root WARN a registered grammar configuration for 'cpp' language is overridden
2026-05-21 16:08:28 2026-05-21T10:38:28.014Z root ERROR [hosted-plugin: 3531] Conflict in settings file Default: Ignoring cortex-debug.armToolchainPath.linux as cortex-debug.armToolchainPath is null
2026-05-21 16:08:28 2026-05-21T10:38:28.014Z root ERROR [hosted-plugin: 3531] Conflict in settings file Default: Ignoring cortex-debug.armToolchainPath.osx as cortex-debug.armToolchainPath is null
Conflict in settings file Default: Ignoring cortex-debug.armToolchainPath.windows as cortex-debug.armToolchainPath is null
Conflict in settings file Default: Ignoring cortex-debug.JLinkGDBServerPath.linux as cortex-debug.JLinkGDBServerPath is null
Conflict in settings file Default: Ignoring cortex-debug.JLinkGDBServerPath.osx as cortex-debug.JLinkGDBServerPath is null
Conflict in settings file Default: Ignoring cortex-debug.JLinkGDBServerPath.windows as cortex-debug.JLinkGDBServerPath is null
Conflict in settings file Default: Ignoring cortex-debug.openocdPath.linux as cortex-debug.openocdPath is null
2026-05-21 16:08:28 2026-05-21T10:38:28.014Z root ERROR [hosted-plugin: 3531] Conflict in settings file Default: Ignoring cortex-debug.openocdPath.osx as cortex-debug.openocdPath is null
Conflict in settings file Default: Ignoring cortex-debug.openocdPath.windows as cortex-debug.openocdPath is null
2026-05-21 16:08:28 2026-05-21T10:38:28.014Z root ERROR [hosted-plugin: 3531] Conflict in settings file Default: Ignoring cortex-debug.pyocdPath.linux as cortex-debug.pyocdPath is null
Conflict in settings file Default: Ignoring cortex-debug.pyocdPath.osx as cortex-debug.pyocdPath is null
Conflict in settings file Default: Ignoring cortex-debug.pyocdPath.windows as cortex-debug.pyocdPath is null
2026-05-21 16:08:28 2026-05-21T10:38:28.014Z root ERROR [hosted-plugin: 3531] Conflict in settings file Default: Ignoring cortex-debug.PEGDBServerPath.linux as cortex-debug.PEGDBServerPath is null
Conflict in settings file Default: Ignoring cortex-debug.PEGDBServerPath.osx as cortex-debug.PEGDBServerPath is null
Conflict in settings file Default: Ignoring cortex-debug.PEGDBServerPath.windows as cortex-debug.PEGDBServerPath is null
Conflict in settings file Default: Ignoring cortex-debug.stutilPath.linux as cortex-debug.stutilPath is null
Conflict in settings file Default: Ignoring cortex-debug.stutilPath.osx as cortex-debug.stutilPath is null
Conflict in settings file Default: Ignoring cortex-debug.stutilPath.windows as cortex-debug.stutilPath is null
Conflict in settings file Default: Ignoring cortex-debug.stlinkPath.linux as cortex-debug.stlinkPath is null
Conflict in settings file Default: Ignoring cortex-debug.stlinkPath.osx as cortex-debug.stlinkPath is null
Conflict in settings file Default: Ignoring cortex-debug.stlinkPath.windows as cortex-debug.stlinkPath is null
Conflict in settings file Default: Ignoring cortex-debug.stm32cubeprogrammer.linux as cortex-debug.stm32cubeprogrammer is null
Conflict in settings file Default: Ignoring cortex-debug.stm32cubeprogrammer.osx as cortex-debug.stm32cubeprogrammer is null
Conflict in settings file Default: Ignoring cortex-debug.stm32cubeprogrammer.windows as cortex-debug.stm32cubeprogrammer is null
2026-05-21 16:08:28 2026-05-21T10:38:28.024Z root INFO [hosted-plugin: 3531] PLUGIN_HOST(3531): PluginManagerExtImpl/init()
2026-05-21 16:08:28 2026-05-21T10:38:28.026Z root INFO [hosted-plugin: 3531] PLUGIN_HOST(3531): initializing(vscode-arduino-api@0.1.2 with /tmp/.mount_arduinnJUw5F/resources/app/lib/backend/plugin-vscode-init)
2026-05-21 16:08:28 2026-05-21T10:38:28.095Z root INFO [hosted-plugin: 3531] PLUGIN_HOST(3531): initializing(json-language-features@1.88.1 with /tmp/.mount_arduinnJUw5F/resources/app/lib/backend/plugin-vscode-init)
2026-05-21 16:08:28 2026-05-21T10:38:28.099Z root INFO [hosted-plugin: 3531] PLUGIN_HOST(3531): initializing(cortex-debug@1.5.1 with /tmp/.mount_arduinnJUw5F/resources/app/lib/backend/plugin-vscode-init)
2026-05-21 16:08:28 2026-05-21T10:38:28.100Z root INFO [hosted-plugin: 3531] Debugger contribution has been registered: cortex-debug
2026-05-21 16:08:28 2026-05-21T10:38:28.102Z root INFO [hosted-plugin: 3531] PLUGIN_HOST(3531): initializing(vscode-arduino-tools@0.1.3 with /tmp/.mount_arduinnJUw5F/resources/app/lib/backend/plugin-vscode-init)
2026-05-21 16:08:28 2026-05-21T10:38:28.104Z root INFO [hosted-plugin: 3531] PLUGIN_HOST(3531): initializing(cpp@1.88.1 with /tmp/.mount_arduinnJUw5F/resources/app/lib/backend/plugin-vscode-init)
2026-05-21 16:08:28 2026-05-21T10:38:28.108Z root INFO [hosted-plugin: 3531] PLUGIN_HOST(3531): initializing(json@1.88.1 with /tmp/.mount_arduinnJUw5F/resources/app/lib/backend/plugin-vscode-init)
2026-05-21 16:08:28 2026-05-21T10:38:28.109Z root INFO [hosted-plugin: 3531] PLUGIN_HOST(3531): initializing(vscode-language-pack-bg@1.48.3 with /tmp/.mount_arduinnJUw5F/resources/app/lib/backend/plugin-vscode-init)
2026-05-21 16:08:28 2026-05-21T10:38:28.109Z root INFO [hosted-plugin: 3531] PLUGIN_HOST(3531): initializing(vscode-language-pack-cs@1.96.0 with /tmp/.mount_arduinnJUw5F/resources/app/lib/backend/plugin-vscode-init)
2026-05-21 16:08:28 2026-05-21T10:38:28.110Z root INFO [hosted-plugin: 3531] PLUGIN_HOST(3531): initializing(vscode-language-pack-de@1.96.0 with /tmp/.mount_arduinnJUw5F/resources/app/lib/backend/plugin-vscode-init)
2026-05-21 16:08:28 2026-05-21T10:38:28.111Z root INFO [hosted-plugin: 3531] PLUGIN_HOST(3531): initializing(vscode-language-pack-es@1.96.0 with /tmp/.mount_arduinnJUw5F/resources/app/lib/backend/plugin-vscode-init)
2026-05-21 16:08:28 2026-05-21T10:38:28.112Z root INFO [hosted-plugin: 3531] PLUGIN_HOST(3531): initializing(vscode-language-pack-fr@1.96.0 with /tmp/.mount_arduinnJUw5F/resources/app/lib/backend/plugin-vscode-init)
2026-05-21 16:08:28 2026-05-21T10:38:28.113Z root INFO [hosted-plugin: 3531] PLUGIN_HOST(3531): initializing(vscode-language-pack-hu@1.48.3 with /tmp/.mount_arduinnJUw5F/resources/app/lib/backend/plugin-vscode-init)
2026-05-21 16:08:28 2026-05-21T10:38:28.113Z root INFO [hosted-plugin: 3531] PLUGIN_HOST(3531): initializing(vscode-language-pack-it@1.96.0 with /tmp/.mount_arduinnJUw5F/resources/app/lib/backend/plugin-vscode-init)
2026-05-21 16:08:28 2026-05-21T10:38:28.114Z root INFO [hosted-plugin: 3531] PLUGIN_HOST(3531): initializing(vscode-language-pack-ja@1.96.0 with /tmp/.mount_arduinnJUw5F/resources/app/lib/backend/plugin-vscode-init)
2026-05-21 16:08:28 2026-05-21T10:38:28.114Z root INFO [hosted-plugin: 3531] PLUGIN_HOST(3531): initializing(vscode-language-pack-ko@1.96.0 with /tmp/.mount_arduinnJUw5F/resources/app/lib/backend/plugin-vscode-init)
2026-05-21 16:08:28 2026-05-21T10:38:28.115Z root INFO [hosted-plugin: 3531] PLUGIN_HOST(3531): initializing(vscode-language-pack-nl@1.48.3 with /tmp/.mount_arduinnJUw5F/resources/app/lib/backend/plugin-vscode-init)
2026-05-21 16:08:28 2026-05-21T10:38:28.115Z root INFO [hosted-plugin: 3531] PLUGIN_HOST(3531): initializing(vscode-language-pack-pl@1.96.0 with /tmp/.mount_arduinnJUw5F/resources/app/lib/backend/plugin-vscode-init)
2026-05-21 16:08:28 2026-05-21T10:38:28.116Z root INFO [hosted-plugin: 3531] PLUGIN_HOST(3531): initializing(vscode-language-pack-pt-BR@1.96.0 with /tmp/.mount_arduinnJUw5F/resources/app/lib/backend/plugin-vscode-init)
2026-05-21 16:08:28 2026-05-21T10:38:28.116Z root INFO [hosted-plugin: 3531] PLUGIN_HOST(3531): initializing(vscode-language-pack-ru@1.96.0 with /tmp/.mount_arduinnJUw5F/resources/app/lib/backend/plugin-vscode-init)
2026-05-21 16:08:28 2026-05-21T10:38:28.117Z root INFO [hosted-plugin: 3531] PLUGIN_HOST(3531): initializing(vscode-language-pack-tr@1.96.0 with /tmp/.mount_arduinnJUw5F/resources/app/lib/backend/plugin-vscode-init)
2026-05-21 16:08:28 2026-05-21T10:38:28.117Z root INFO [hosted-plugin: 3531] PLUGIN_HOST(3531): initializing(vscode-language-pack-uk@1.48.3 with /tmp/.mount_arduinnJUw5F/resources/app/lib/backend/plugin-vscode-init)
2026-05-21 16:08:28 2026-05-21T10:38:28.118Z root INFO [hosted-plugin: 3531] PLUGIN_HOST(3531): initializing(vscode-language-pack-zh-hans@1.96.0 with /tmp/.mount_arduinnJUw5F/resources/app/lib/backend/plugin-vscode-init)
2026-05-21 16:08:28 2026-05-21T10:38:28.119Z root INFO [hosted-plugin: 3531] PLUGIN_HOST(3531): initializing(vscode-language-pack-zh-hant@1.96.0 with /tmp/.mount_arduinnJUw5F/resources/app/lib/backend/plugin-vscode-init)
2026-05-21 16:08:28 2026-05-21T10:38:28.151Z root INFO [hosted-plugin: 3531] PLUGIN_HOST(3531): PluginManagerExtImpl/loadPlugin(/tmp/.mount_arduinnJUw5F/resources/app/plugins/vscode-builtin-json-language-features/extension/client/dist/node/jsonClientMain)
2026-05-21 16:08:28 2026-05-21T10:38:28.205Z root INFO [hosted-plugin: 3531] PLUGIN_HOST(3531): PluginManagerExtImpl/loadPlugin(/tmp/.mount_arduinnJUw5F/resources/app/plugins/vscode-arduino-tools/extension/dist/extension.js)
2026-05-21 16:08:28 2026-05-21T10:38:28.230Z root INFO [hosted-plugin: 3531] PLUGIN_HOST(3531): PluginManagerExtImpl/loadPlugin(/tmp/.mount_arduinnJUw5F/resources/app/plugins/vscode-arduino-api/extension/dist/extension.js)
2026-05-21 16:08:28 2026-05-21T10:38:28.233Z root INFO [hosted-plugin: 3531] calling activation function on VS Code Arduino Tools
calling activation function on Arduino IDE API for VS Code extensions
2026-05-21 16:08:28 2026-05-21T10:38:28.237Z root INFO [89bc3d0b-4a91-4f7c-8dbc-c2a43481f0a1] Starting plugins.
2026-05-21 16:08:28 2026-05-21T10:38:28.270Z root INFO [hosted-plugin: 3531] PLUGIN_HOST(3531): PluginManagerExtImpl/loadPlugin(/tmp/.mount_arduinnJUw5F/resources/app/plugins/cortex-debug/extension/dist/extension.js)
2026-05-21 16:08:28 2026-05-21T10:38:28.295Z root INFO [hosted-plugin: 3531] Debug configuration provider has been registered: cortex-debug, trigger: 1
2026-05-21 16:08:28 2026-05-21T10:38:28.295Z root INFO [hosted-plugin: 3531] calling activation function on Cortex-Debug
2026-05-21 16:08:28 2026-05-21T10:38:28.297Z root INFO [hosted-plugin: 3531] GDB server console created
2026-05-21 16:08:28 2026-05-21T10:38:28.304Z root INFO [89bc3d0b-4a91-4f7c-8dbc-c2a43481f0a1] Start of 23 plugins: 465.0 ms [Finished 2.596 s after frontend start]
2026-05-21 16:08:28 2026-05-21T10:38:28.425Z root INFO [hosted-plugin: 3531] calling activation function on JSON Language Features (built-in)
2026-05-21 16:08:28 2026-05-21T10:38:28.826Z root INFO Frontend application start: 2376.0 ms [Finished 74.095 s after backend start]
2026-05-21 16:08:28 2026-05-21T10:38:28.857Z root INFO Replace loading indicator with ready workbench UI (animation): 826.5 ms [Finished 2.957 s after frontend start]
2026-05-21 16:08:28 2026-05-21T10:38:28.859Z root INFO Changed application state from 'initialized_layout' to 'ready'.
2026-05-21 16:08:28 2026-05-21T10:38:28.860Z root WARN Linked preference "workbench.colorCustomizations" not found.
2026-05-21 16:08:28 2026-05-21T10:38:28.864Z fwuploader ERROR Error: Process exited with exit code: 1
    at ChildProcess.<anonymous> (/tmp/.mount_arduinnJUw5F/resources/app/lib/backend/main.js:2:661958)
    at ChildProcess.emit (node:events:519:28)
    at ChildProcess._handle.onexit (node:internal/child_process:294:12)
2026-05-21 16:08:28 2026-05-21T10:38:28.865Z fwuploader ERROR Error: Process exited with exit code: 1
    at ChildProcess.<anonymous> (/tmp/.mount_arduinnJUw5F/resources/app/lib/backend/main.js:2:661958)
    at ChildProcess.emit (node:events:519:28)
    at ChildProcess._handle.onexit (node:internal/child_process:294:12)
2026-05-21 16:08:29 2026-05-21T10:38:29.246Z root ERROR ---- !!!SLOW!!! DURATION: search took 385.846 ms. Args: [{"type":"Updatable"}] ----
2026-05-21 16:09:25 2026-05-21T10:39:25.446Z discovery-log INFO {"eventType":"add","port":{"matchingBoardsList":[],"port":{"address":"/dev/ttyUSB0","label":"/dev/ttyUSB0","protocol":"serial","protocolLabel":"Serial Port (USB)","propertiesMap":[["pid","0xea60"],["serialNumber","0001"],["vid","0x10c4"]],"hardwareId":"0001"}},"error":""}
2026-05-21 16:10:40 2026-05-21T10:40:40.667Z root ERROR [hosted-plugin: 3531] Conflict in settings file Default: Ignoring cortex-debug.armToolchainPath.linux as cortex-debug.armToolchainPath is null
Conflict in settings file Default: Ignoring cortex-debug.armToolchainPath.osx as cortex-debug.armToolchainPath is null
Conflict in settings file Default: Ignoring cortex-debug.armToolchainPath.windows as cortex-debug.armToolchainPath is null
2026-05-21 16:10:40 2026-05-21T10:40:40.667Z root ERROR [hosted-plugin: 3531] Conflict in settings file Default: Ignoring cortex-debug.JLinkGDBServerPath.linux as cortex-debug.JLinkGDBServerPath is null
Conflict in settings file Default: Ignoring cortex-debug.JLinkGDBServerPath.osx as cortex-debug.JLinkGDBServerPath is null
Conflict in settings file Default: Ignoring cortex-debug.JLinkGDBServerPath.windows as cortex-debug.JLinkGDBServerPath is null
Conflict in settings file Default: Ignoring cortex-debug.openocdPath.linux as cortex-debug.openocdPath is null
Conflict in settings file Default: Ignoring cortex-debug.openocdPath.osx as cortex-debug.openocdPath is null
Conflict in settings file Default: Ignoring cortex-debug.openocdPath.windows as cortex-debug.openocdPath is null
Conflict in settings file Default: Ignoring cortex-debug.pyocdPath.linux as cortex-debug.pyocdPath is null
Conflict in settings file Default: Ignoring cortex-debug.pyocdPath.osx as cortex-debug.pyocdPath is null
Conflict in settings file Default: Ignoring cortex-debug.pyocdPath.windows as cortex-debug.pyocdPath is null
2026-05-21 16:10:40 2026-05-21T10:40:40.667Z root ERROR [hosted-plugin: 3531] Conflict in settings file Default: Ignoring cortex-debug.PEGDBServerPath.linux as cortex-debug.PEGDBServerPath is null
Conflict in settings file Default: Ignoring cortex-debug.PEGDBServerPath.osx as cortex-debug.PEGDBServerPath is null
Conflict in settings file Default: Ignoring cortex-debug.PEGDBServerPath.windows as cortex-debug.PEGDBServerPath is null
2026-05-21 16:10:40 2026-05-21T10:40:40.668Z root ERROR [hosted-plugin: 3531] Conflict in settings file Default: Ignoring cortex-debug.stutilPath.linux as cortex-debug.stutilPath is null
Conflict in settings file Default: Ignoring cortex-debug.stutilPath.osx as cortex-debug.stutilPath is null
Conflict in settings file Default: Ignoring cortex-debug.stutilPath.windows as cortex-debug.stutilPath is null
2026-05-21 16:10:40 2026-05-21T10:40:40.668Z root ERROR [hosted-plugin: 3531] Conflict in settings file Default: Ignoring cortex-debug.stlinkPath.linux as cortex-debug.stlinkPath is null
Conflict in settings file Default: Ignoring cortex-debug.stlinkPath.osx as cortex-debug.stlinkPath is null
Conflict in settings file Default: Ignoring cortex-debug.stlinkPath.windows as cortex-debug.stlinkPath is null
2026-05-21 16:10:40 2026-05-21T10:40:40.668Z root ERROR [hosted-plugin: 3531] Conflict in settings file Default: Ignoring cortex-debug.stm32cubeprogrammer.linux as cortex-debug.stm32cubeprogrammer is null
Conflict in settings file Default: Ignoring cortex-debug.stm32cubeprogrammer.osx as cortex-debug.stm32cubeprogrammer is null
2026-05-21 16:10:40 2026-05-21T10:40:40.668Z root ERROR [hosted-plugin: 3531] Conflict in settings file Default: Ignoring cortex-debug.stm32cubeprogrammer.windows as cortex-debug.stm32cubeprogrammer is null
2026-05-21 16:10:40 2026-05-21T10:40:40.935Z root ERROR [hosted-plugin: 3531] Conflict in settings file Default: Ignoring cortex-debug.armToolchainPath.linux as cortex-debug.armToolchainPath is null
Conflict in settings file Default: Ignoring cortex-debug.armToolchainPath.osx as cortex-debug.armToolchainPath is null
2026-05-21 16:10:40 2026-05-21T10:40:40.935Z root ERROR [hosted-plugin: 3531] Conflict in settings file Default: Ignoring cortex-debug.armToolchainPath.windows as cortex-debug.armToolchainPath is null
Conflict in settings file Default: Ignoring cortex-debug.JLinkGDBServerPath.linux as cortex-debug.JLinkGDBServerPath is null
Conflict in settings file Default: Ignoring cortex-debug.JLinkGDBServerPath.osx as cortex-debug.JLinkGDBServerPath is null
Conflict in settings file Default: Ignoring cortex-debug.JLinkGDBServerPath.windows as cortex-debug.JLinkGDBServerPath is null
Conflict in settings file Default: Ignoring cortex-debug.openocdPath.linux as cortex-debug.openocdPath is null
Conflict in settings file Default: Ignoring cortex-debug.openocdPath.osx as cortex-debug.openocdPath is null
Conflict in settings file Default: Ignoring cortex-debug.openocdPath.windows as cortex-debug.openocdPath is null
2026-05-21 16:10:40 2026-05-21T10:40:40.936Z root ERROR [hosted-plugin: 3531] Conflict in settings file Default: Ignoring cortex-debug.pyocdPath.linux as cortex-debug.pyocdPath is null
Conflict in settings file Default: Ignoring cortex-debug.pyocdPath.osx as cortex-debug.pyocdPath is null
Conflict in settings file Default: Ignoring cortex-debug.pyocdPath.windows as cortex-debug.pyocdPath is null
Conflict in settings file Default: Ignoring cortex-debug.PEGDBServerPath.linux as cortex-debug.PEGDBServerPath is null
2026-05-21 16:10:40 2026-05-21T10:40:40.936Z root ERROR [hosted-plugin: 3531] Conflict in settings file Default: Ignoring cortex-debug.PEGDBServerPath.osx as cortex-debug.PEGDBServerPath is null
Conflict in settings file Default: Ignoring cortex-debug.PEGDBServerPath.windows as cortex-debug.PEGDBServerPath is null
Conflict in settings file Default: Ignoring cortex-debug.stutilPath.linux as cortex-debug.stutilPath is null
Conflict in settings file Default: Ignoring cortex-debug.stutilPath.osx as cortex-debug.stutilPath is null
2026-05-21 16:10:40 2026-05-21T10:40:40.936Z root ERROR [hosted-plugin: 3531] Conflict in settings file Default: Ignoring cortex-debug.stutilPath.windows as cortex-debug.stutilPath is null
Conflict in settings file Default: Ignoring cortex-debug.stlinkPath.linux as cortex-debug.stlinkPath is null
Conflict in settings file Default: Ignoring cortex-debug.stlinkPath.osx as cortex-debug.stlinkPath is null
Conflict in settings file Default: Ignoring cortex-debug.stlinkPath.windows as cortex-debug.stlinkPath is null
Conflict in settings file Default: Ignoring cortex-debug.stm32cubeprogrammer.linux as cortex-debug.stm32cubeprogrammer is null
Conflict in settings file Default: Ignoring cortex-debug.stm32cubeprogrammer.osx as cortex-debug.stm32cubeprogrammer is null
Conflict in settings file Default: Ignoring cortex-debug.stm32cubeprogrammer.windows as cortex-debug.stm32cubeprogrammer is null
2026-05-21 16:10:41 2026-05-21T10:40:41.303Z root ERROR [hosted-plugin: 3531] Conflict in settings file Default: Ignoring cortex-debug.armToolchainPath.linux as cortex-debug.armToolchainPath is null
Conflict in settings file Default: Ignoring cortex-debug.armToolchainPath.osx as cortex-debug.armToolchainPath is null
Conflict in settings file Default: Ignoring cortex-debug.armToolchainPath.windows as cortex-debug.armToolchainPath is null
Conflict in settings file Default: Ignoring cortex-debug.JLinkGDBServerPath.linux as cortex-debug.JLinkGDBServerPath is null
Conflict in settings file Default: Ignoring cortex-debug.JLinkGDBServerPath.osx as cortex-debug.JLinkGDBServerPath is null
2026-05-21 16:10:41 2026-05-21T10:40:41.303Z root ERROR [hosted-plugin: 3531] Conflict in settings file Default: Ignoring cortex-debug.JLinkGDBServerPath.windows as cortex-debug.JLinkGDBServerPath is null
2026-05-21 16:10:41 2026-05-21T10:40:41.303Z root ERROR [hosted-plugin: 3531] Conflict in settings file Default: Ignoring cortex-debug.openocdPath.linux as cortex-debug.openocdPath is null
2026-05-21 16:10:41 2026-05-21T10:40:41.303Z root ERROR [hosted-plugin: 3531] Conflict in settings file Default: Ignoring cortex-debug.openocdPath.osx as cortex-debug.openocdPath is null
Conflict in settings file Default: Ignoring cortex-debug.openocdPath.windows as cortex-debug.openocdPath is null
2026-05-21 16:10:41 2026-05-21T10:40:41.303Z root ERROR [hosted-plugin: 3531] Conflict in settings file Default: Ignoring cortex-debug.pyocdPath.linux as cortex-debug.pyocdPath is null
Conflict in settings file Default: Ignoring cortex-debug.pyocdPath.osx as cortex-debug.pyocdPath is null
2026-05-21 16:10:41 2026-05-21T10:40:41.303Z root ERROR [hosted-plugin: 3531] Conflict in settings file Default: Ignoring cortex-debug.pyocdPath.windows as cortex-debug.pyocdPath is null
Conflict in settings file Default: Ignoring cortex-debug.PEGDBServerPath.linux as cortex-debug.PEGDBServerPath is null
2026-05-21 16:10:41 2026-05-21T10:40:41.303Z root ERROR [hosted-plugin: 3531] Conflict in settings file Default: Ignoring cortex-debug.PEGDBServerPath.osx as cortex-debug.PEGDBServerPath is null
Conflict in settings file Default: Ignoring cortex-debug.PEGDBServerPath.windows as cortex-debug.PEGDBServerPath is null
Conflict in settings file Default: Ignoring cortex-debug.stutilPath.linux as cortex-debug.stutilPath is null
2026-05-21 16:10:41 2026-05-21T10:40:41.303Z root ERROR [hosted-plugin: 3531] Conflict in settings file Default: Ignoring cortex-debug.stutilPath.osx as cortex-debug.stutilPath is null
Conflict in settings file Default: Ignoring cortex-debug.stutilPath.windows as cortex-debug.stutilPath is null
2026-05-21 16:10:41 2026-05-21T10:40:41.303Z root ERROR [hosted-plugin: 3531] Conflict in settings file Default: Ignoring cortex-debug.stlinkPath.linux as cortex-debug.stlinkPath is null
Conflict in settings file Default: Ignoring cortex-debug.stlinkPath.osx as cortex-debug.stlinkPath is null
Conflict in settings file Default: Ignoring cortex-debug.stlinkPath.windows as cortex-debug.stlinkPath is null
2026-05-21 16:10:41 2026-05-21T10:40:41.303Z root ERROR [hosted-plugin: 3531] Conflict in settings file Default: Ignoring cortex-debug.stm32cubeprogrammer.linux as cortex-debug.stm32cubeprogrammer is null
Conflict in settings file Default: Ignoring cortex-debug.stm32cubeprogrammer.osx as cortex-debug.stm32cubeprogrammer is null
2026-05-21 16:10:41 2026-05-21T10:40:41.304Z root ERROR [hosted-plugin: 3531] Conflict in settings file Default: Ignoring cortex-debug.stm32cubeprogrammer.windows as cortex-debug.stm32cubeprogrammer is null
2026-05-21 16:10:42 2026-05-21T10:40:42.110Z root ERROR [hosted-plugin: 3531] Conflict in settings file Default: Ignoring cortex-debug.armToolchainPath.linux as cortex-debug.armToolchainPath is null
Conflict in settings file Default: Ignoring cortex-debug.armToolchainPath.osx as cortex-debug.armToolchainPath is null
2026-05-21 16:10:42 2026-05-21T10:40:42.110Z root ERROR [hosted-plugin: 3531] Conflict in settings file Default: Ignoring cortex-debug.armToolchainPath.windows as cortex-debug.armToolchainPath is null
Conflict in settings file Default: Ignoring cortex-debug.JLinkGDBServerPath.linux as cortex-debug.JLinkGDBServerPath is null
Conflict in settings file Default: Ignoring cortex-debug.JLinkGDBServerPath.osx as cortex-debug.JLinkGDBServerPath is null
Conflict in settings file Default: Ignoring cortex-debug.JLinkGDBServerPath.windows as cortex-debug.JLinkGDBServerPath is null
Conflict in settings file Default: Ignoring cortex-debug.openocdPath.linux as cortex-debug.openocdPath is null
2026-05-21 16:10:42 2026-05-21T10:40:42.110Z root ERROR [hosted-plugin: 3531] Conflict in settings file Default: Ignoring cortex-debug.openocdPath.osx as cortex-debug.openocdPath is null
Conflict in settings file Default: Ignoring cortex-debug.openocdPath.windows as cortex-debug.openocdPath is null
Conflict in settings file Default: Ignoring cortex-debug.pyocdPath.linux as cortex-debug.pyocdPath is null
Conflict in settings file Default: Ignoring cortex-debug.pyocdPath.osx as cortex-debug.pyocdPath is null
Conflict in settings file Default: Ignoring cortex-debug.pyocdPath.windows as cortex-debug.pyocdPath is null
2026-05-21 16:10:42 2026-05-21T10:40:42.110Z root ERROR [hosted-plugin: 3531] Conflict in settings file Default: Ignoring cortex-debug.PEGDBServerPath.linux as cortex-debug.PEGDBServerPath is null
Conflict in settings file Default: Ignoring cortex-debug.PEGDBServerPath.osx as cortex-debug.PEGDBServerPath is null
Conflict in settings file Default: Ignoring cortex-debug.PEGDBServerPath.windows as cortex-debug.PEGDBServerPath is null
2026-05-21 16:10:42 2026-05-21T10:40:42.110Z root ERROR [hosted-plugin: 3531] Conflict in settings file Default: Ignoring cortex-debug.stutilPath.linux as cortex-debug.stutilPath is null
Conflict in settings file Default: Ignoring cortex-debug.stutilPath.osx as cortex-debug.stutilPath is null
2026-05-21 16:10:42 2026-05-21T10:40:42.110Z root ERROR [hosted-plugin: 3531] Conflict in settings file Default: Ignoring cortex-debug.stutilPath.windows as cortex-debug.stutilPath is null
Conflict in settings file Default: Ignoring cortex-debug.stlinkPath.linux as cortex-debug.stlinkPath is null
Conflict in settings file Default: Ignoring cortex-debug.stlinkPath.osx as cortex-debug.stlinkPath is null
Conflict in settings file Default: Ignoring cortex-debug.stlinkPath.windows as cortex-debug.stlinkPath is null
2026-05-21 16:10:42 2026-05-21T10:40:42.110Z root ERROR [hosted-plugin: 3531] Conflict in settings file Default: Ignoring cortex-debug.stm32cubeprogrammer.linux as cortex-debug.stm32cubeprogrammer is null
Conflict in settings file Default: Ignoring cortex-debug.stm32cubeprogrammer.osx as cortex-debug.stm32cubeprogrammer is null
2026-05-21 16:10:42 2026-05-21T10:40:42.110Z root ERROR [hosted-plugin: 3531] Conflict in settings file Default: Ignoring cortex-debug.stm32cubeprogrammer.windows as cortex-debug.stm32cubeprogrammer is null
2026-05-21 16:10:42 2026-05-21T10:40:42.871Z root ERROR [hosted-plugin: 3531] Conflict in settings file Default: Ignoring cortex-debug.armToolchainPath.linux as cortex-debug.armToolchainPath is null
Conflict in settings file Default: Ignoring cortex-debug.armToolchainPath.osx as cortex-debug.armToolchainPath is null
2026-05-21 16:10:42 2026-05-21T10:40:42.871Z root ERROR [hosted-plugin: 3531] Conflict in settings file Default: Ignoring cortex-debug.armToolchainPath.windows as cortex-debug.armToolchainPath is null
Conflict in settings file Default: Ignoring cortex-debug.JLinkGDBServerPath.linux as cortex-debug.JLinkGDBServerPath is null
Conflict in settings file Default: Ignoring cortex-debug.JLinkGDBServerPath.osx as cortex-debug.JLinkGDBServerPath is null
Conflict in settings file Default: Ignoring cortex-debug.JLinkGDBServerPath.windows as cortex-debug.JLinkGDBServerPath is null
Conflict in settings file Default: Ignoring cortex-debug.openocdPath.linux as cortex-debug.openocdPath is null
2026-05-21 16:10:42 2026-05-21T10:40:42.871Z root ERROR [hosted-plugin: 3531] Conflict in settings file Default: Ignoring cortex-debug.openocdPath.osx as cortex-debug.openocdPath is null
Conflict in settings file Default: Ignoring cortex-debug.openocdPath.windows as cortex-debug.openocdPath is null
Conflict in settings file Default: Ignoring cortex-debug.pyocdPath.linux as cortex-debug.pyocdPath is null
2026-05-21 16:10:42 2026-05-21T10:40:42.871Z root ERROR [hosted-plugin: 3531] Conflict in settings file Default: Ignoring cortex-debug.pyocdPath.osx as cortex-debug.pyocdPath is null
2026-05-21 16:10:42 2026-05-21T10:40:42.871Z root ERROR [hosted-plugin: 3531] Conflict in settings file Default: Ignoring cortex-debug.pyocdPath.windows as cortex-debug.pyocdPath is null
Conflict in settings file Default: Ignoring cortex-debug.PEGDBServerPath.linux as cortex-debug.PEGDBServerPath is null
2026-05-21 16:10:42 2026-05-21T10:40:42.871Z root ERROR [hosted-plugin: 3531] Conflict in settings file Default: Ignoring cortex-debug.PEGDBServerPath.osx as cortex-debug.PEGDBServerPath is null
2026-05-21 16:10:42 2026-05-21T10:40:42.871Z root ERROR [hosted-plugin: 3531] Conflict in settings file Default: Ignoring cortex-debug.PEGDBServerPath.windows as cortex-debug.PEGDBServerPath is null
Conflict in settings file Default: Ignoring cortex-debug.stutilPath.linux as cortex-debug.stutilPath is null
2026-05-21 16:10:42 2026-05-21T10:40:42.871Z root ERROR [hosted-plugin: 3531] Conflict in settings file Default: Ignoring cortex-debug.stutilPath.osx as cortex-debug.stutilPath is null
2026-05-21 16:10:42 2026-05-21T10:40:42.871Z root ERROR [hosted-plugin: 3531] Conflict in settings file Default: Ignoring cortex-debug.stutilPath.windows as cortex-debug.stutilPath is null
2026-05-21 16:10:42 2026-05-21T10:40:42.871Z root ERROR [hosted-plugin: 3531] Conflict in settings file Default: Ignoring cortex-debug.stlinkPath.linux as cortex-debug.stlinkPath is null
2026-05-21 16:10:42 2026-05-21T10:40:42.871Z root ERROR [hosted-plugin: 3531] Conflict in settings file Default: Ignoring cortex-debug.stlinkPath.osx as cortex-debug.stlinkPath is null
2026-05-21 16:10:42 2026-05-21T10:40:42.871Z root ERROR [hosted-plugin: 3531] Conflict in settings file Default: Ignoring cortex-debug.stlinkPath.windows as cortex-debug.stlinkPath is null
2026-05-21 16:10:42 2026-05-21T10:40:42.871Z root ERROR [hosted-plugin: 3531] Conflict in settings file Default: Ignoring cortex-debug.stm32cubeprogrammer.linux as cortex-debug.stm32cubeprogrammer is null
2026-05-21 16:10:42 2026-05-21T10:40:42.871Z root ERROR [hosted-plugin: 3531] Conflict in settings file Default: Ignoring cortex-debug.stm32cubeprogrammer.osx as cortex-debug.stm32cubeprogrammer is null
2026-05-21 16:10:42 2026-05-21T10:40:42.871Z root ERROR [hosted-plugin: 3531] Conflict in settings file Default: Ignoring cortex-debug.stm32cubeprogrammer.windows as cortex-debug.stm32cubeprogrammer is null
2026-05-21 16:13:54 2026-05-21T10:43:54.069Z root ERROR Failed to get debug config: arduino:avr:uno, undefined Error: Debugging is not supported.
    at Object.callback (/tmp/.mount_arduinnJUw5F/resources/app/lib/backend/main.js:2:4756202)
    at Object.onReceiveStatus (/tmp/.mount_arduinnJUw5F/resources/app/lib/backend/main.js:2:3791917)
    at Object.onReceiveStatus (/tmp/.mount_arduinnJUw5F/resources/app/lib/backend/main.js:2:2225840)
    at Object.onReceiveStatus (/tmp/.mount_arduinnJUw5F/resources/app/lib/backend/main.js:2:2225285)
    at /tmp/.mount_arduinnJUw5F/resources/app/lib/backend/main.js:2:4362019
    at process.processTicksAndRejections (node:internal/process/task_queues:77:11)
2026-05-21 16:13:54 2026-05-21T10:43:54.069Z daemon INFO time="2026-05-21T16:13:54+05:30" level=info msg="Tool required for debug" tool="arduino:arduinoOTA@1.3.0"
time="2026-05-21T16:13:54+05:30" level=info msg="Tool required for debug" tool="arduino:avr-gcc@7.3.0-atmel3.6.1-arduino7"
time="2026-05-21T16:13:54+05:30" level=info msg="Tool required for debug" tool="arduino:avrdude@8.0.0-arduino1"
time="2026-05-21T16:13:54+05:30" level=info msg="Tool required for debug" tool="builtin:ctags@5.8-arduino11"
time="2026-05-21T16:13:54+05:30" level=info msg="Tool required for debug" tool="builtin:dfu-discovery@0.1.2"
time="2026-05-21T16:13:54+05:30" level=info msg="Tool required for debug" tool="builtin:mdns-discovery@1.0.12"
time="2026-05-21T16:13:54+05:30" level=info msg="Tool required for debug" tool="builtin:serial-discovery@1.4.3"
time="2026-05-21T16:13:54+05:30" level=info msg="Tool required for debug" tool="builtin:serial-monitor@0.15.0"
2026-05-21 16:13:54 2026-05-21T10:43:54.083Z root INFO Starting language server: arduino:avr:uno
2026-05-21 16:13:54 2026-05-21T10:43:54.287Z daemon INFO time="2026-05-21T16:13:54+05:30" level=info msg="Adding libraries dir" dir=/home/raj/.arduino15/libraries isSingleLibrary=false location=ide
time="2026-05-21T16:13:54+05:30" level=info msg="Adding libraries dir" dir=/home/raj/.arduino15/packages/arduino/hardware/avr/1.8.7/libraries isSingleLibrary=false location=platform
2026-05-21 16:13:54 2026-05-21T10:43:54.287Z daemon INFO time="2026-05-21T16:13:54+05:30" level=info msg="Adding libraries dir" dir=/home/raj/Arduino/libraries isSingleLibrary=false location=user
2026-05-21 16:13:54 2026-05-21T10:43:54.527Z daemon INFO time="2026-05-21T16:13:54+05:30" level=info msg="Adding libraries dir" dir=/home/raj/.arduino15/libraries isSingleLibrary=false location=ide
time="2026-05-21T16:13:54+05:30" level=info msg="Adding libraries dir" dir=/home/raj/.arduino15/packages/arduino/hardware/avr/1.8.7/libraries isSingleLibrary=false location=platform
time="2026-05-21T16:13:54+05:30" level=info msg="Adding libraries dir" dir=/home/raj/Arduino/libraries isSingleLibrary=false location=user
2026-05-21 16:15:17 2026-05-21T10:45:17.334Z root ERROR ---- !!!SLOW!!! DURATION: search took 409.237 ms. Args: [{"query":"","type":"All","topic":"All"}] ----
2026-05-21 16:15:32 2026-05-21T10:45:32.872Z root WARN Widget was activated, but did not accept focus after 2000ms: debug
2026-05-21 16:15:45 2026-05-21T10:45:45.287Z root WARN Widget was activated, but did not accept focus after 2000ms: debug
2026-05-21 16:50:23 2026-05-21T11:20:23.041Z daemon INFO time="2026-05-21T16:50:23+05:30" level=info msg="Adding libraries dir" dir=/home/raj/.arduino15/libraries isSingleLibrary=false location=ide
time="2026-05-21T16:50:23+05:30" level=info msg="Adding libraries dir" dir=/home/raj/.arduino15/packages/arduino/hardware/avr/1.8.7/libraries isSingleLibrary=false location=platform
time="2026-05-21T16:50:23+05:30" level=info msg="Adding libraries dir" dir=/home/raj/Arduino/libraries isSingleLibrary=false location=user
2026-05-21 16:50:25 2026-05-21T11:20:25.079Z daemon INFO time="2026-05-21T16:50:25+05:30" level=info msg="Adding libraries dir" dir=/home/raj/.arduino15/libraries isSingleLibrary=false location=ide
time="2026-05-21T16:50:25+05:30" level=info msg="Adding libraries dir" dir=/home/raj/.arduino15/packages/arduino/hardware/avr/1.8.7/libraries isSingleLibrary=false location=platform
2026-05-21 16:50:25 2026-05-21T11:20:25.079Z daemon INFO time="2026-05-21T16:50:25+05:30" level=info msg="Adding libraries dir" dir=/home/raj/Arduino/libraries isSingleLibrary=false location=user
2026-05-21 16:50:27 2026-05-21T11:20:27.224Z daemon INFO time="2026-05-21T16:50:27+05:30" level=info msg="Adding libraries dir" dir=/home/raj/.arduino15/libraries isSingleLibrary=false location=ide
2026-05-21 16:50:27 2026-05-21T11:20:27.224Z daemon INFO time="2026-05-21T16:50:27+05:30" level=info msg="Adding libraries dir" dir=/home/raj/.arduino15/packages/arduino/hardware/avr/1.8.7/libraries isSingleLibrary=false location=platform
time="2026-05-21T16:50:27+05:30" level=info msg="Adding libraries dir" dir=/home/raj/Arduino/libraries isSingleLibrary=false location=user
2026-05-21 16:50:40 2026-05-21T11:20:40.286Z daemon INFO time="2026-05-21T16:50:40+05:30" level=info msg="Adding libraries dir" dir=/home/raj/.arduino15/libraries isSingleLibrary=false location=ide
time="2026-05-21T16:50:40+05:30" level=info msg="Adding libraries dir" dir=/home/raj/.arduino15/packages/arduino/hardware/avr/1.8.7/libraries isSingleLibrary=false location=platform
time="2026-05-21T16:50:40+05:30" level=info msg="Adding libraries dir" dir=/home/raj/Arduino/libraries isSingleLibrary=false location=user
2026-05-21 16:50:41 2026-05-21T11:20:41.502Z daemon INFO time="2026-05-21T16:50:41+05:30" level=info msg="Adding libraries dir" dir=/home/raj/.arduino15/libraries isSingleLibrary=false location=ide
2026-05-21 16:50:41 2026-05-21T11:20:41.502Z daemon INFO time="2026-05-21T16:50:41+05:30" level=info msg="Adding libraries dir" dir=/home/raj/.arduino15/packages/arduino/hardware/avr/1.8.7/libraries isSingleLibrary=false location=platform
time="2026-05-21T16:50:41+05:30" level=info msg="Adding libraries dir" dir=/home/raj/Arduino/libraries isSingleLibrary=false location=user
2026-05-21 16:50:47 2026-05-21T11:20:47.108Z daemon INFO time="2026-05-21T16:50:47+05:30" level=info msg="Adding libraries dir" dir=/home/raj/.arduino15/libraries isSingleLibrary=false location=ide
time="2026-05-21T16:50:47+05:30" level=info msg="Adding libraries dir" dir=/home/raj/.arduino15/packages/arduino/hardware/avr/1.8.7/libraries isSingleLibrary=false location=platform
2026-05-21 16:50:47 2026-05-21T11:20:47.108Z daemon INFO time="2026-05-21T16:50:47+05:30" level=info msg="Adding libraries dir" dir=/home/raj/Arduino/libraries isSingleLibrary=false location=user
2026-05-21 16:50:48 2026-05-21T11:20:48.317Z daemon INFO time="2026-05-21T16:50:48+05:30" level=info msg="Adding libraries dir" dir=/home/raj/.arduino15/libraries isSingleLibrary=false location=ide
time="2026-05-21T16:50:48+05:30" level=info msg="Adding libraries dir" dir=/home/raj/.arduino15/packages/arduino/hardware/avr/1.8.7/libraries isSingleLibrary=false location=platform
time="2026-05-21T16:50:48+05:30" level=info msg="Adding libraries dir" dir=/home/raj/Arduino/libraries isSingleLibrary=false location=user
2026-05-21 16:55:21 2026-05-21T11:25:21.986Z daemon INFO time="2026-05-21T16:55:21+05:30" level=info msg="Adding libraries dir" dir=/home/raj/.arduino15/libraries isSingleLibrary=false location=ide
time="2026-05-21T16:55:21+05:30" level=info msg="Adding libraries dir" dir=/home/raj/.arduino15/packages/arduino/hardware/avr/1.8.7/libraries isSingleLibrary=false location=platform
time="2026-05-21T16:55:21+05:30" level=info msg="Adding libraries dir" dir=/home/raj/Arduino/libraries isSingleLibrary=false location=user
2026-05-21 16:55:23 2026-05-21T11:25:23.441Z daemon INFO time="2026-05-21T16:55:23+05:30" level=info msg="Adding libraries dir" dir=/home/raj/.arduino15/libraries isSingleLibrary=false location=ide
time="2026-05-21T16:55:23+05:30" level=info msg="Adding libraries dir" dir=/home/raj/.arduino15/packages/arduino/hardware/avr/1.8.7/libraries isSingleLibrary=false location=platform
2026-05-21 16:55:23 2026-05-21T11:25:23.442Z daemon INFO time="2026-05-21T16:55:23+05:30" level=info msg="Adding libraries dir" dir=/home/raj/Arduino/libraries isSingleLibrary=false location=user
2026-05-21 16:55:28 2026-05-21T11:25:28.603Z daemon INFO time="2026-05-21T16:55:28+05:30" level=info msg="Adding libraries dir" dir=/home/raj/.arduino15/libraries isSingleLibrary=false location=ide
time="2026-05-21T16:55:28+05:30" level=info msg="Adding libraries dir" dir=/home/raj/.arduino15/packages/arduino/hardware/avr/1.8.7/libraries isSingleLibrary=false location=platform
time="2026-05-21T16:55:28+05:30" level=info msg="Adding libraries dir" dir=/home/raj/Arduino/libraries isSingleLibrary=false location=user
2026-05-21 16:55:29 2026-05-21T11:25:29.842Z daemon INFO time="2026-05-21T16:55:29+05:30" level=info msg="Adding libraries dir" dir=/home/raj/.arduino15/libraries isSingleLibrary=false location=ide
time="2026-05-21T16:55:29+05:30" level=info msg="Adding libraries dir" dir=/home/raj/.arduino15/packages/arduino/hardware/avr/1.8.7/libraries isSingleLibrary=false location=platform
2026-05-21 16:55:29 2026-05-21T11:25:29.842Z daemon INFO time="2026-05-21T16:55:29+05:30" level=info msg="Adding libraries dir" dir=/home/raj/Arduino/libraries isSingleLibrary=false location=user
2026-05-21 16:55:31 2026-05-21T11:25:31.045Z daemon INFO time="2026-05-21T16:55:31+05:30" level=info msg="Adding libraries dir" dir=/home/raj/.arduino15/libraries isSingleLibrary=false location=ide
time="2026-05-21T16:55:31+05:30" level=info msg="Adding libraries dir" dir=/home/raj/.arduino15/packages/arduino/hardware/avr/1.8.7/libraries isSingleLibrary=false location=platform
time="2026-05-21T16:55:31+05:30" level=info msg="Adding libraries dir" dir=/home/raj/Arduino/libraries isSingleLibrary=false location=user
2026-05-21 16:55:35 2026-05-21T11:25:35.464Z daemon INFO time="2026-05-21T16:55:35+05:30" level=info msg="Adding libraries dir" dir=/home/raj/.arduino15/libraries isSingleLibrary=false location=ide
time="2026-05-21T16:55:35+05:30" level=info msg="Adding libraries dir" dir=/home/raj/.arduino15/packages/arduino/hardware/avr/1.8.7/libraries isSingleLibrary=false location=platform
time="2026-05-21T16:55:35+05:30" level=info msg="Adding libraries dir" dir=/home/raj/Arduino/libraries isSingleLibrary=false location=user
2026-05-21 16:55:36 2026-05-21T11:25:36.657Z daemon INFO time="2026-05-21T16:55:36+05:30" level=info msg="Adding libraries dir" dir=/home/raj/.arduino15/libraries isSingleLibrary=false location=ide
time="2026-05-21T16:55:36+05:30" level=info msg="Adding libraries dir" dir=/home/raj/.arduino15/packages/arduino/hardware/avr/1.8.7/libraries isSingleLibrary=false location=platform
time="2026-05-21T16:55:36+05:30" level=info msg="Adding libraries dir" dir=/home/raj/Arduino/libraries isSingleLibrary=false location=user
2026-05-21 16:55:38 2026-05-21T11:25:38.474Z daemon INFO time="2026-05-21T16:55:38+05:30" level=info msg="Adding libraries dir" dir=/home/raj/.arduino15/libraries isSingleLibrary=false location=ide
2026-05-21 16:55:38 2026-05-21T11:25:38.475Z daemon INFO time="2026-05-21T16:55:38+05:30" level=info msg="Adding libraries dir" dir=/home/raj/.arduino15/packages/arduino/hardware/avr/1.8.7/libraries isSingleLibrary=false location=platform
time="2026-05-21T16:55:38+05:30" level=info msg="Adding libraries dir" dir=/home/raj/Arduino/libraries isSingleLibrary=false location=user
2026-05-21 16:55:41 2026-05-21T11:25:41.233Z daemon INFO time="2026-05-21T16:55:41+05:30" level=info msg="Adding libraries dir" dir=/home/raj/.arduino15/libraries isSingleLibrary=false location=ide
time="2026-05-21T16:55:41+05:30" level=info msg="Adding libraries dir" dir=/home/raj/.arduino15/packages/arduino/hardware/avr/1.8.7/libraries isSingleLibrary=false location=platform
2026-05-21 16:55:41 2026-05-21T11:25:41.234Z daemon INFO time="2026-05-21T16:55:41+05:30" level=info msg="Adding libraries dir" dir=/home/raj/Arduino/libraries isSingleLibrary=false location=user
2026-05-21 16:55:42 2026-05-21T11:25:42.736Z daemon INFO time="2026-05-21T16:55:42+05:30" level=info msg="Adding libraries dir" dir=/home/raj/.arduino15/libraries isSingleLibrary=false location=ide
time="2026-05-21T16:55:42+05:30" level=info msg="Adding libraries dir" dir=/home/raj/.arduino15/packages/arduino/hardware/avr/1.8.7/libraries isSingleLibrary=false location=platform
time="2026-05-21T16:55:42+05:30" level=info msg="Adding libraries dir" dir=/home/raj/Arduino/libraries isSingleLibrary=false location=user
2026-05-21 16:55:43 2026-05-21T11:25:43.939Z daemon INFO time="2026-05-21T16:55:43+05:30" level=info msg="Adding libraries dir" dir=/home/raj/.arduino15/libraries isSingleLibrary=false location=ide
time="2026-05-21T16:55:43+05:30" level=info msg="Adding libraries dir" dir=/home/raj/.arduino15/packages/arduino/hardware/avr/1.8.7/libraries isSingleLibrary=false location=platform
time="2026-05-21T16:55:43+05:30" level=info msg="Adding libraries dir" dir=/home/raj/Arduino/libraries isSingleLibrary=false location=user
2026-05-21 16:55:45 2026-05-21T11:25:45.176Z daemon INFO time="2026-05-21T16:55:45+05:30" level=info msg="Adding libraries dir" dir=/home/raj/.arduino15/libraries isSingleLibrary=false location=ide
time="2026-05-21T16:55:45+05:30" level=info msg="Adding libraries dir" dir=/home/raj/.arduino15/packages/arduino/hardware/avr/1.8.7/libraries isSingleLibrary=false location=platform
time="2026-05-21T16:55:45+05:30" level=info msg="Adding libraries dir" dir=/home/raj/Arduino/libraries isSingleLibrary=false location=user
2026-05-21 16:55:46 2026-05-21T11:25:46.925Z daemon INFO time="2026-05-21T16:55:46+05:30" level=info msg="Adding libraries dir" dir=/home/raj/.arduino15/libraries isSingleLibrary=false location=ide
time="2026-05-21T16:55:46+05:30" level=info msg="Adding libraries dir" dir=/home/raj/.arduino15/packages/arduino/hardware/avr/1.8.7/libraries isSingleLibrary=false location=platform
2026-05-21 16:55:46 2026-05-21T11:25:46.925Z daemon INFO time="2026-05-21T16:55:46+05:30" level=info msg="Adding libraries dir" dir=/home/raj/Arduino/libraries isSingleLibrary=false location=user
2026-05-21 16:55:48 2026-05-21T11:25:48.468Z daemon INFO time="2026-05-21T16:55:48+05:30" level=info msg="Adding libraries dir" dir=/home/raj/.arduino15/libraries isSingleLibrary=false location=ide
time="2026-05-21T16:55:48+05:30" level=info msg="Adding libraries dir" dir=/home/raj/.arduino15/packages/arduino/hardware/avr/1.8.7/libraries isSingleLibrary=false location=platform
time="2026-05-21T16:55:48+05:30" level=info msg="Adding libraries dir" dir=/home/raj/Arduino/libraries isSingleLibrary=false location=user
2026-05-21 16:55:50 2026-05-21T11:25:50.497Z daemon INFO time="2026-05-21T16:55:50+05:30" level=info msg="Adding libraries dir" dir=/home/raj/.arduino15/libraries isSingleLibrary=false location=ide
2026-05-21 16:55:50 2026-05-21T11:25:50.497Z daemon INFO time="2026-05-21T16:55:50+05:30" level=info msg="Adding libraries dir" dir=/home/raj/.arduino15/packages/arduino/hardware/avr/1.8.7/libraries isSingleLibrary=false location=platform
time="2026-05-21T16:55:50+05:30" level=info msg="Adding libraries dir" dir=/home/raj/Arduino/libraries isSingleLibrary=false location=user
2026-05-21 16:55:51 2026-05-21T11:25:51.707Z daemon INFO time="2026-05-21T16:55:51+05:30" level=info msg="Adding libraries dir" dir=/home/raj/.arduino15/libraries isSingleLibrary=false location=ide
2026-05-21 16:55:51 2026-05-21T11:25:51.707Z daemon INFO time="2026-05-21T16:55:51+05:30" level=info msg="Adding libraries dir" dir=/home/raj/.arduino15/packages/arduino/hardware/avr/1.8.7/libraries isSingleLibrary=false location=platform
time="2026-05-21T16:55:51+05:30" level=info msg="Adding libraries dir" dir=/home/raj/Arduino/libraries isSingleLibrary=false location=user
2026-05-21 16:56:00 2026-05-21T11:26:00.466Z daemon INFO time="2026-05-21T16:56:00+05:30" level=info msg="Adding libraries dir" dir=/home/raj/.arduino15/libraries isSingleLibrary=false location=ide
2026-05-21 16:56:00 2026-05-21T11:26:00.466Z daemon INFO time="2026-05-21T16:56:00+05:30" level=info msg="Adding libraries dir" dir=/home/raj/.arduino15/packages/arduino/hardware/avr/1.8.7/libraries isSingleLibrary=false location=platform
time="2026-05-21T16:56:00+05:30" level=info msg="Adding libraries dir" dir=/home/raj/Arduino/libraries isSingleLibrary=false location=user
2026-05-21 16:56:01 2026-05-21T11:26:01.668Z daemon INFO time="2026-05-21T16:56:01+05:30" level=info msg="Adding libraries dir" dir=/home/raj/.arduino15/libraries isSingleLibrary=false location=ide
2026-05-21 16:56:01 2026-05-21T11:26:01.668Z daemon INFO time="2026-05-21T16:56:01+05:30" level=info msg="Adding libraries dir" dir=/home/raj/.arduino15/packages/arduino/hardware/avr/1.8.7/libraries isSingleLibrary=false location=platform
time="2026-05-21T16:56:01+05:30" level=info msg="Adding libraries dir" dir=/home/raj/Arduino/libraries isSingleLibrary=false location=user
2026-05-21 16:56:08 2026-05-21T11:26:08.140Z daemon INFO time="2026-05-21T16:56:08+05:30" level=info msg="Adding libraries dir" dir=/home/raj/.arduino15/libraries isSingleLibrary=false location=ide
time="2026-05-21T16:56:08+05:30" level=info msg="Adding libraries dir" dir=/home/raj/.arduino15/packages/arduino/hardware/avr/1.8.7/libraries isSingleLibrary=false location=platform
time="2026-05-21T16:56:08+05:30" level=info msg="Adding libraries dir" dir=/home/raj/Arduino/libraries isSingleLibrary=false location=user
2026-05-21 16:56:09 2026-05-21T11:26:09.753Z daemon INFO time="2026-05-21T16:56:09+05:30" level=info msg="Adding libraries dir" dir=/home/raj/.arduino15/libraries isSingleLibrary=false location=ide
time="2026-05-21T16:56:09+05:30" level=info msg="Adding libraries dir" dir=/home/raj/.arduino15/packages/arduino/hardware/avr/1.8.7/libraries isSingleLibrary=false location=platform
2026-05-21 16:56:09 2026-05-21T11:26:09.753Z daemon INFO time="2026-05-21T16:56:09+05:30" level=info msg="Adding libraries dir" dir=/home/raj/Arduino/libraries isSingleLibrary=false location=user
2026-05-21 16:56:11 2026-05-21T11:26:11.645Z daemon INFO time="2026-05-21T16:56:11+05:30" level=info msg="Adding libraries dir" dir=/home/raj/.arduino15/libraries isSingleLibrary=false location=ide
2026-05-21 16:56:11 2026-05-21T11:26:11.645Z daemon INFO time="2026-05-21T16:56:11+05:30" level=info msg="Adding libraries dir" dir=/home/raj/.arduino15/packages/arduino/hardware/avr/1.8.7/libraries isSingleLibrary=false location=platform
time="2026-05-21T16:56:11+05:30" level=info msg="Adding libraries dir" dir=/home/raj/Arduino/libraries isSingleLibrary=false location=user
2026-05-21 16:56:12 2026-05-21T11:26:12.846Z daemon INFO time="2026-05-21T16:56:12+05:30" level=info msg="Adding libraries dir" dir=/home/raj/.arduino15/libraries isSingleLibrary=false location=ide
time="2026-05-21T16:56:12+05:30" level=info msg="Adding libraries dir" dir=/home/raj/.arduino15/packages/arduino/hardware/avr/1.8.7/libraries isSingleLibrary=false location=platform
time="2026-05-21T16:56:12+05:30" level=info msg="Adding libraries dir" dir=/home/raj/Arduino/libraries isSingleLibrary=false location=user
2026-05-21 16:56:37 2026-05-21T11:26:37.042Z daemon INFO time="2026-05-21T16:56:37+05:30" level=info msg="Adding libraries dir" dir=/home/raj/.arduino15/libraries isSingleLibrary=false location=ide
2026-05-21 16:56:37 2026-05-21T11:26:37.042Z daemon INFO time="2026-05-21T16:56:37+05:30" level=info msg="Adding libraries dir" dir=/home/raj/.arduino15/packages/arduino/hardware/avr/1.8.7/libraries isSingleLibrary=false location=platform
time="2026-05-21T16:56:37+05:30" level=info msg="Adding libraries dir" dir=/home/raj/Arduino/libraries isSingleLibrary=false location=user
2026-05-21 16:56:38 2026-05-21T11:26:38.713Z daemon INFO time="2026-05-21T16:56:38+05:30" level=info msg="Adding libraries dir" dir=/home/raj/.arduino15/libraries isSingleLibrary=false location=ide
2026-05-21 16:56:38 2026-05-21T11:26:38.713Z daemon INFO time="2026-05-21T16:56:38+05:30" level=info msg="Adding libraries dir" dir=/home/raj/.arduino15/packages/arduino/hardware/avr/1.8.7/libraries isSingleLibrary=false location=platform
time="2026-05-21T16:56:38+05:30" level=info msg="Adding libraries dir" dir=/home/raj/Arduino/libraries isSingleLibrary=false location=user
2026-05-21 16:56:39 2026-05-21T11:26:39.904Z daemon INFO time="2026-05-21T16:56:39+05:30" level=info msg="Adding libraries dir" dir=/home/raj/.arduino15/libraries isSingleLibrary=false location=ide
time="2026-05-21T16:56:39+05:30" level=info msg="Adding libraries dir" dir=/home/raj/.arduino15/packages/arduino/hardware/avr/1.8.7/libraries isSingleLibrary=false location=platform
2026-05-21 16:56:39 2026-05-21T11:26:39.904Z daemon INFO time="2026-05-21T16:56:39+05:30" level=info msg="Adding libraries dir" dir=/home/raj/Arduino/libraries isSingleLibrary=false location=user
2026-05-21 16:56:42 2026-05-21T11:26:42.928Z daemon INFO time="2026-05-21T16:56:42+05:30" level=info msg="Adding libraries dir" dir=/home/raj/.arduino15/libraries isSingleLibrary=false location=ide
time="2026-05-21T16:56:42+05:30" level=info msg="Adding libraries dir" dir=/home/raj/.arduino15/packages/arduino/hardware/avr/1.8.7/libraries isSingleLibrary=false location=platform
time="2026-05-21T16:56:42+05:30" level=info msg="Adding libraries dir" dir=/home/raj/Arduino/libraries isSingleLibrary=false location=user
2026-05-21 16:56:45 2026-05-21T11:26:45.982Z daemon INFO time="2026-05-21T16:56:45+05:30" level=info msg="Adding libraries dir" dir=/home/raj/.arduino15/libraries isSingleLibrary=false location=ide
time="2026-05-21T16:56:45+05:30" level=info msg="Adding libraries dir" dir=/home/raj/.arduino15/packages/arduino/hardware/avr/1.8.7/libraries isSingleLibrary=false location=platform
time="2026-05-21T16:56:45+05:30" level=info msg="Adding libraries dir" dir=/home/raj/Arduino/libraries isSingleLibrary=false location=user
2026-05-21 16:56:47 2026-05-21T11:26:47.731Z daemon INFO time="2026-05-21T16:56:47+05:30" level=info msg="Adding libraries dir" dir=/home/raj/.arduino15/libraries isSingleLibrary=false location=ide
time="2026-05-21T16:56:47+05:30" level=info msg="Adding libraries dir" dir=/home/raj/.arduino15/packages/arduino/hardware/avr/1.8.7/libraries isSingleLibrary=false location=platform
time="2026-05-21T16:56:47+05:30" level=info msg="Adding libraries dir" dir=/home/raj/Arduino/libraries isSingleLibrary=false location=user
2026-05-21 16:56:49 2026-05-21T11:26:49.189Z daemon INFO time="2026-05-21T16:56:49+05:30" level=info msg="Adding libraries dir" dir=/home/raj/.arduino15/libraries isSingleLibrary=false location=ide
time="2026-05-21T16:56:49+05:30" level=info msg="Adding libraries dir" dir=/home/raj/.arduino15/packages/arduino/hardware/avr/1.8.7/libraries isSingleLibrary=false location=platform
time="2026-05-21T16:56:49+05:30" level=info msg="Adding libraries dir" dir=/home/raj/Arduino/libraries isSingleLibrary=false location=user
2026-05-21 16:56:50 2026-05-21T11:26:50.384Z daemon INFO time="2026-05-21T16:56:50+05:30" level=info msg="Adding libraries dir" dir=/home/raj/.arduino15/libraries isSingleLibrary=false location=ide
time="2026-05-21T16:56:50+05:30" level=info msg="Adding libraries dir" dir=/home/raj/.arduino15/packages/arduino/hardware/avr/1.8.7/libraries isSingleLibrary=false location=platform
time="2026-05-21T16:56:50+05:30" level=info msg="Adding libraries dir" dir=/home/raj/Arduino/libraries isSingleLibrary=false location=user
2026-05-21 16:56:53 2026-05-21T11:26:53.713Z daemon INFO time="2026-05-21T16:56:53+05:30" level=info msg="Adding libraries dir" dir=/home/raj/.arduino15/libraries isSingleLibrary=false location=ide
time="2026-05-21T16:56:53+05:30" level=info msg="Adding libraries dir" dir=/home/raj/.arduino15/packages/arduino/hardware/avr/1.8.7/libraries isSingleLibrary=false location=platform
time="2026-05-21T16:56:53+05:30" level=info msg="Adding libraries dir" dir=/home/raj/Arduino/libraries isSingleLibrary=false location=user
2026-05-21 16:56:54 2026-05-21T11:26:54.912Z daemon INFO time="2026-05-21T16:56:54+05:30" level=info msg="Adding libraries dir" dir=/home/raj/.arduino15/libraries isSingleLibrary=false location=ide
time="2026-05-21T16:56:54+05:30" level=info msg="Adding libraries dir" dir=/home/raj/.arduino15/packages/arduino/hardware/avr/1.8.7/libraries isSingleLibrary=false location=platform
time="2026-05-21T16:56:54+05:30" level=info msg="Adding libraries dir" dir=/home/raj/Arduino/libraries isSingleLibrary=false location=user
2026-05-21 16:57:00 2026-05-21T11:27:00.207Z daemon INFO time="2026-05-21T16:57:00+05:30" level=info msg="Adding libraries dir" dir=/home/raj/.arduino15/libraries isSingleLibrary=false location=ide
time="2026-05-21T16:57:00+05:30" level=info msg="Adding libraries dir" dir=/home/raj/.arduino15/packages/arduino/hardware/avr/1.8.7/libraries isSingleLibrary=false location=platform
time="2026-05-21T16:57:00+05:30" level=info msg="Adding libraries dir" dir=/home/raj/Arduino/libraries isSingleLibrary=false location=user
2026-05-21 16:57:02 2026-05-21T11:27:02.131Z daemon INFO time="2026-05-21T16:57:02+05:30" level=info msg="Adding libraries dir" dir=/home/raj/.arduino15/libraries isSingleLibrary=false location=ide
time="2026-05-21T16:57:02+05:30" level=info msg="Adding libraries dir" dir=/home/raj/.arduino15/packages/arduino/hardware/avr/1.8.7/libraries isSingleLibrary=false location=platform
time="2026-05-21T16:57:02+05:30" level=info msg="Adding libraries dir" dir=/home/raj/Arduino/libraries isSingleLibrary=false location=user
2026-05-21 16:57:05 2026-05-21T11:27:05.360Z daemon INFO time="2026-05-21T16:57:05+05:30" level=info msg="Adding libraries dir" dir=/home/raj/.arduino15/libraries isSingleLibrary=false location=ide
time="2026-05-21T16:57:05+05:30" level=info msg="Adding libraries dir" dir=/home/raj/.arduino15/packages/arduino/hardware/avr/1.8.7/libraries isSingleLibrary=false location=platform
2026-05-21 16:57:05 2026-05-21T11:27:05.360Z daemon INFO time="2026-05-21T16:57:05+05:30" level=info msg="Adding libraries dir" dir=/home/raj/Arduino/libraries isSingleLibrary=false location=user
2026-05-21 16:57:06 2026-05-21T11:27:06.560Z daemon INFO time="2026-05-21T16:57:06+05:30" level=info msg="Adding libraries dir" dir=/home/raj/.arduino15/libraries isSingleLibrary=false location=ide
time="2026-05-21T16:57:06+05:30" level=info msg="Adding libraries dir" dir=/home/raj/.arduino15/packages/arduino/hardware/avr/1.8.7/libraries isSingleLibrary=false location=platform
time="2026-05-21T16:57:06+05:30" level=info msg="Adding libraries dir" dir=/home/raj/Arduino/libraries isSingleLibrary=false location=user
2026-05-21 16:58:04 2026-05-21T11:28:04.344Z daemon INFO time="2026-05-21T16:58:04+05:30" level=info msg="Adding libraries dir" dir=/home/raj/.arduino15/libraries isSingleLibrary=false location=ide
time="2026-05-21T16:58:04+05:30" level=info msg="Adding libraries dir" dir=/home/raj/.arduino15/packages/arduino/hardware/avr/1.8.7/libraries isSingleLibrary=false location=platform
time="2026-05-21T16:58:04+05:30" level=info msg="Adding libraries dir" dir=/home/raj/Arduino/libraries isSingleLibrary=false location=user
2026-05-21 16:58:05 2026-05-21T11:28:05.534Z daemon INFO time="2026-05-21T16:58:05+05:30" level=info msg="Adding libraries dir" dir=/home/raj/.arduino15/libraries isSingleLibrary=false location=ide
time="2026-05-21T16:58:05+05:30" level=info msg="Adding libraries dir" dir=/home/raj/.arduino15/packages/arduino/hardware/avr/1.8.7/libraries isSingleLibrary=false location=platform
2026-05-21 16:58:05 2026-05-21T11:28:05.535Z daemon INFO time="2026-05-21T16:58:05+05:30" level=info msg="Adding libraries dir" dir=/home/raj/Arduino/libraries isSingleLibrary=false location=user
2026-05-21 16:58:16 2026-05-21T11:28:16.134Z daemon INFO time="2026-05-21T16:58:16+05:30" level=info msg="Adding libraries dir" dir=/home/raj/.arduino15/libraries isSingleLibrary=false location=ide
time="2026-05-21T16:58:16+05:30" level=info msg="Adding libraries dir" dir=/home/raj/.arduino15/packages/arduino/hardware/avr/1.8.7/libraries isSingleLibrary=false location=platform
2026-05-21 16:58:16 2026-05-21T11:28:16.134Z daemon INFO time="2026-05-21T16:58:16+05:30" level=info msg="Adding libraries dir" dir=/home/raj/Arduino/libraries isSingleLibrary=false location=user
2026-05-21 16:58:17 2026-05-21T11:28:17.895Z daemon INFO time="2026-05-21T16:58:17+05:30" level=info msg="Adding libraries dir" dir=/home/raj/.arduino15/libraries isSingleLibrary=false location=ide
time="2026-05-21T16:58:17+05:30" level=info msg="Adding libraries dir" dir=/home/raj/.arduino15/packages/arduino/hardware/avr/1.8.7/libraries isSingleLibrary=false location=platform
time="2026-05-21T16:58:17+05:30" level=info msg="Adding libraries dir" dir=/home/raj/Arduino/libraries isSingleLibrary=false location=user
2026-05-21 16:58:19 2026-05-21T11:28:19.050Z daemon INFO time="2026-05-21T16:58:19+05:30" level=info msg="Adding libraries dir" dir=/home/raj/.arduino15/libraries isSingleLibrary=false location=ide
time="2026-05-21T16:58:19+05:30" level=info msg="Adding libraries dir" dir=/home/raj/.arduino15/packages/arduino/hardware/avr/1.8.7/libraries isSingleLibrary=false location=platform
time="2026-05-21T16:58:19+05:30" level=info msg="Adding libraries dir" dir=/home/raj/Arduino/libraries isSingleLibrary=false location=user
2026-05-21 16:58:22 2026-05-21T11:28:22.177Z daemon INFO time="2026-05-21T16:58:22+05:30" level=info msg="Adding libraries dir" dir=/home/raj/.arduino15/libraries isSingleLibrary=false location=ide
time="2026-05-21T16:58:22+05:30" level=info msg="Adding libraries dir" dir=/home/raj/.arduino15/packages/arduino/hardware/avr/1.8.7/libraries isSingleLibrary=false location=platform
2026-05-21 16:58:22 2026-05-21T11:28:22.177Z daemon INFO time="2026-05-21T16:58:22+05:30" level=info msg="Adding libraries dir" dir=/home/raj/Arduino/libraries isSingleLibrary=false location=user
2026-05-21 16:58:24 2026-05-21T11:28:24.339Z daemon INFO time="2026-05-21T16:58:24+05:30" level=info msg="Adding libraries dir" dir=/home/raj/.arduino15/libraries isSingleLibrary=false location=ide
time="2026-05-21T16:58:24+05:30" level=info msg="Adding libraries dir" dir=/home/raj/.arduino15/packages/arduino/hardware/avr/1.8.7/libraries isSingleLibrary=false location=platform
2026-05-21 16:58:24 2026-05-21T11:28:24.339Z daemon INFO time="2026-05-21T16:58:24+05:30" level=info msg="Adding libraries dir" dir=/home/raj/Arduino/libraries isSingleLibrary=false location=user
2026-05-21 16:58:27 2026-05-21T11:28:27.156Z daemon INFO time="2026-05-21T16:58:27+05:30" level=info msg="Adding libraries dir" dir=/home/raj/.arduino15/libraries isSingleLibrary=false location=ide
2026-05-21 16:58:27 2026-05-21T11:28:27.156Z daemon INFO time="2026-05-21T16:58:27+05:30" level=info msg="Adding libraries dir" dir=/home/raj/.arduino15/packages/arduino/hardware/avr/1.8.7/libraries isSingleLibrary=false location=platform
time="2026-05-21T16:58:27+05:30" level=info msg="Adding libraries dir" dir=/home/raj/Arduino/libraries isSingleLibrary=false location=user
2026-05-21 16:58:28 2026-05-21T11:28:28.363Z daemon INFO time="2026-05-21T16:58:28+05:30" level=info msg="Adding libraries dir" dir=/home/raj/.arduino15/libraries isSingleLibrary=false location=ide
time="2026-05-21T16:58:28+05:30" level=info msg="Adding libraries dir" dir=/home/raj/.arduino15/packages/arduino/hardware/avr/1.8.7/libraries isSingleLibrary=false location=platform
time="2026-05-21T16:58:28+05:30" level=info msg="Adding libraries dir" dir=/home/raj/Arduino/libraries isSingleLibrary=false location=user
2026-05-21 17:00:08 2026-05-21T11:30:08.649Z daemon INFO time="2026-05-21T17:00:08+05:30" level=info msg="Adding libraries dir" dir=/home/raj/.arduino15/libraries isSingleLibrary=false location=ide
2026-05-21 17:00:08 2026-05-21T11:30:08.649Z daemon INFO time="2026-05-21T17:00:08+05:30" level=info msg="Adding libraries dir" dir=/home/raj/.arduino15/packages/arduino/hardware/avr/1.8.7/libraries isSingleLibrary=false location=platform
time="2026-05-21T17:00:08+05:30" level=info msg="Adding libraries dir" dir=/home/raj/Arduino/libraries isSingleLibrary=false location=user
2026-05-21 17:00:11 2026-05-21T11:30:11.802Z daemon INFO time="2026-05-21T17:00:11+05:30" level=info msg="Adding libraries dir" dir=/home/raj/.arduino15/libraries isSingleLibrary=false location=ide
time="2026-05-21T17:00:11+05:30" level=info msg="Adding libraries dir" dir=/home/raj/.arduino15/packages/arduino/hardware/avr/1.8.7/libraries isSingleLibrary=false location=platform
2026-05-21 17:00:11 2026-05-21T11:30:11.802Z daemon INFO time="2026-05-21T17:00:11+05:30" level=info msg="Adding libraries dir" dir=/home/raj/Arduino/libraries isSingleLibrary=false location=user
2026-05-21 17:00:12 2026-05-21T11:30:12.992Z daemon INFO time="2026-05-21T17:00:12+05:30" level=info msg="Adding libraries dir" dir=/home/raj/.arduino15/libraries isSingleLibrary=false location=ide
time="2026-05-21T17:00:12+05:30" level=info msg="Adding libraries dir" dir=/home/raj/.arduino15/packages/arduino/hardware/avr/1.8.7/libraries isSingleLibrary=false location=platform
time="2026-05-21T17:00:12+05:30" level=info msg="Adding libraries dir" dir=/home/raj/Arduino/libraries isSingleLibrary=false location=user
2026-05-21 17:00:14 2026-05-21T11:30:14.652Z daemon INFO time="2026-05-21T17:00:14+05:30" level=info msg="Adding libraries dir" dir=/home/raj/.arduino15/libraries isSingleLibrary=false location=ide
time="2026-05-21T17:00:14+05:30" level=info msg="Adding libraries dir" dir=/home/raj/.arduino15/packages/arduino/hardware/avr/1.8.7/libraries isSingleLibrary=false location=platform
time="2026-05-21T17:00:14+05:30" level=info msg="Adding libraries dir" dir=/home/raj/Arduino/libraries isSingleLibrary=false location=user
2026-05-21 17:00:15 2026-05-21T11:30:15.849Z daemon INFO time="2026-05-21T17:00:15+05:30" level=info msg="Adding libraries dir" dir=/home/raj/.arduino15/libraries isSingleLibrary=false location=ide
time="2026-05-21T17:00:15+05:30" level=info msg="Adding libraries dir" dir=/home/raj/.arduino15/packages/arduino/hardware/avr/1.8.7/libraries isSingleLibrary=false location=platform
2026-05-21 17:00:15 2026-05-21T11:30:15.849Z daemon INFO time="2026-05-21T17:00:15+05:30" level=info msg="Adding libraries dir" dir=/home/raj/Arduino/libraries isSingleLibrary=false location=user
2026-05-21 17:01:00 2026-05-21T11:31:00.601Z daemon INFO time="2026-05-21T17:01:00+05:30" level=info msg="Adding libraries dir" dir=/home/raj/.arduino15/libraries isSingleLibrary=false location=ide
time="2026-05-21T17:01:00+05:30" level=info msg="Adding libraries dir" dir=/home/raj/.arduino15/packages/arduino/hardware/avr/1.8.7/libraries isSingleLibrary=false location=platform
2026-05-21 17:01:00 2026-05-21T11:31:00.601Z daemon INFO time="2026-05-21T17:01:00+05:30" level=info msg="Adding libraries dir" dir=/home/raj/Arduino/libraries isSingleLibrary=false location=user
2026-05-21 17:01:03 2026-05-21T11:31:03.042Z daemon INFO time="2026-05-21T17:01:03+05:30" level=info msg="Adding libraries dir" dir=/home/raj/.arduino15/libraries isSingleLibrary=false location=ide
time="2026-05-21T17:01:03+05:30" level=info msg="Adding libraries dir" dir=/home/raj/.arduino15/packages/arduino/hardware/avr/1.8.7/libraries isSingleLibrary=false location=platform
2026-05-21 17:01:03 2026-05-21T11:31:03.042Z daemon INFO time="2026-05-21T17:01:03+05:30" level=info msg="Adding libraries dir" dir=/home/raj/Arduino/libraries isSingleLibrary=false location=user
2026-05-21 17:01:04 2026-05-21T11:31:04.643Z daemon INFO time="2026-05-21T17:01:04+05:30" level=info msg="Adding libraries dir" dir=/home/raj/.arduino15/libraries isSingleLibrary=false location=ide
time="2026-05-21T17:01:04+05:30" level=info msg="Adding libraries dir" dir=/home/raj/.arduino15/packages/arduino/hardware/avr/1.8.7/libraries isSingleLibrary=false location=platform
2026-05-21 17:01:04 2026-05-21T11:31:04.643Z daemon INFO time="2026-05-21T17:01:04+05:30" level=info msg="Adding libraries dir" dir=/home/raj/Arduino/libraries isSingleLibrary=false location=user
2026-05-21 17:01:05 2026-05-21T11:31:05.845Z daemon INFO time="2026-05-21T17:01:05+05:30" level=info msg="Adding libraries dir" dir=/home/raj/.arduino15/libraries isSingleLibrary=false location=ide
time="2026-05-21T17:01:05+05:30" level=info msg="Adding libraries dir" dir=/home/raj/.arduino15/packages/arduino/hardware/avr/1.8.7/libraries isSingleLibrary=false location=platform
time="2026-05-21T17:01:05+05:30" level=info msg="Adding libraries dir" dir=/home/raj/Arduino/libraries isSingleLibrary=false location=user
2026-05-21 17:01:48 2026-05-21T11:31:48.390Z daemon INFO time="2026-05-21T17:01:48+05:30" level=info msg="Adding libraries dir" dir=/home/raj/.arduino15/libraries isSingleLibrary=false location=ide
time="2026-05-21T17:01:48+05:30" level=info msg="Adding libraries dir" dir=/home/raj/.arduino15/packages/arduino/hardware/avr/1.8.7/libraries isSingleLibrary=false location=platform
time="2026-05-21T17:01:48+05:30" level=info msg="Adding libraries dir" dir=/home/raj/Arduino/libraries isSingleLibrary=false location=user
2026-05-21 17:01:48 2026-05-21T11:31:48.885Z root INFO Executing 'arduino.languageserver.notifyBuildDidComplete' with "file:///home/raj/.cache/arduino/sketches/899296DA320389CAAC4FC97638AFA9D5"
2026-05-21 17:01:48 2026-05-21T11:31:48.905Z daemon INFO time="2026-05-21T17:01:48+05:30" level=info msg="Tool required for debug" tool="arduino:arduinoOTA@1.3.0"
time="2026-05-21T17:01:48+05:30" level=info msg="Tool required for debug" tool="arduino:avr-gcc@7.3.0-atmel3.6.1-arduino7"
time="2026-05-21T17:01:48+05:30" level=info msg="Tool required for debug" tool="arduino:avrdude@8.0.0-arduino1"
time="2026-05-21T17:01:48+05:30" level=info msg="Tool required for debug" tool="builtin:mdns-discovery@1.0.12"
2026-05-21 17:01:48 2026-05-21T11:31:48.905Z daemon INFO time="2026-05-21T17:01:48+05:30" level=info msg="Tool required for debug" tool="builtin:serial-discovery@1.4.3"
time="2026-05-21T17:01:48+05:30" level=info msg="Tool required for debug" tool="builtin:serial-monitor@0.15.0"
time="2026-05-21T17:01:48+05:30" level=info msg="Tool required for debug" tool="builtin:ctags@5.8-arduino11"
time="2026-05-21T17:01:48+05:30" level=info msg="Tool required for debug" tool="builtin:dfu-discovery@0.1.2"
2026-05-21 17:01:48 2026-05-21T11:31:48.906Z root ERROR Failed to get debug config: arduino:avr:uno, undefined Error: Debugging is not supported.
    at Object.callback (/tmp/.mount_arduinnJUw5F/resources/app/lib/backend/main.js:2:4756202)
    at Object.onReceiveStatus (/tmp/.mount_arduinnJUw5F/resources/app/lib/backend/main.js:2:3791917)
    at Object.onReceiveStatus (/tmp/.mount_arduinnJUw5F/resources/app/lib/backend/main.js:2:2225840)
    at Object.onReceiveStatus (/tmp/.mount_arduinnJUw5F/resources/app/lib/backend/main.js:2:2225285)
    at /tmp/.mount_arduinnJUw5F/resources/app/lib/backend/main.js:2:4362019
    at process.processTicksAndRejections (node:internal/process/task_queues:77:11)
2026-05-21 17:01:49 2026-05-21T11:31:49.893Z daemon INFO time="2026-05-21T17:01:49+05:30" level=info msg="Adding libraries dir" dir=/home/raj/.arduino15/libraries isSingleLibrary=false location=ide
time="2026-05-21T17:01:49+05:30" level=info msg="Adding libraries dir" dir=/home/raj/.arduino15/packages/arduino/hardware/avr/1.8.7/libraries isSingleLibrary=false location=platform
2026-05-21 17:01:49 2026-05-21T11:31:49.893Z daemon INFO time="2026-05-21T17:01:49+05:30" level=info msg="Adding libraries dir" dir=/home/raj/Arduino/libraries isSingleLibrary=false location=user
2026-05-21 17:01:51 2026-05-21T11:31:51.670Z daemon INFO time="2026-05-21T17:01:51+05:30" level=info msg="Adding libraries dir" dir=/home/raj/.arduino15/libraries isSingleLibrary=false location=ide
time="2026-05-21T17:01:51+05:30" level=info msg="Adding libraries dir" dir=/home/raj/.arduino15/packages/arduino/hardware/avr/1.8.7/libraries isSingleLibrary=false location=platform
2026-05-21 17:01:51 2026-05-21T11:31:51.670Z daemon INFO time="2026-05-21T17:01:51+05:30" level=info msg="Adding libraries dir" dir=/home/raj/Arduino/libraries isSingleLibrary=false location=user
2026-05-21 17:01:51 2026-05-21T11:31:51.974Z root INFO Executing 'arduino.languageserver.notifyBuildDidComplete' with "file:///home/raj/.cache/arduino/sketches/899296DA320389CAAC4FC97638AFA9D5"
2026-05-21 17:01:52 2026-05-21T11:31:52.001Z daemon INFO time="2026-05-21T17:01:52+05:30" level=info msg="Tool required for debug" tool="arduino:arduinoOTA@1.3.0"
time="2026-05-21T17:01:52+05:30" level=info msg="Tool required for debug" tool="arduino:avr-gcc@7.3.0-atmel3.6.1-arduino7"
time="2026-05-21T17:01:52+05:30" level=info msg="Tool required for debug" tool="arduino:avrdude@8.0.0-arduino1"
time="2026-05-21T17:01:52+05:30" level=info msg="Tool required for debug" tool="builtin:mdns-discovery@1.0.12"
2026-05-21 17:01:52 2026-05-21T11:31:52.001Z daemon INFO time="2026-05-21T17:01:52+05:30" level=info msg="Tool required for debug" tool="builtin:serial-discovery@1.4.3"
time="2026-05-21T17:01:52+05:30" level=info msg="Tool required for debug" tool="builtin:serial-monitor@0.15.0"
time="2026-05-21T17:01:52+05:30" level=info msg="Tool required for debug" tool="builtin:ctags@5.8-arduino11"
time="2026-05-21T17:01:52+05:30" level=info msg="Tool required for debug" tool="builtin:dfu-discovery@0.1.2"
2026-05-21 17:01:52 2026-05-21T11:31:52.002Z root ERROR Failed to get debug config: arduino:avr:uno, undefined Error: Debugging is not supported.
    at Object.callback (/tmp/.mount_arduinnJUw5F/resources/app/lib/backend/main.js:2:4756202)
    at Object.onReceiveStatus (/tmp/.mount_arduinnJUw5F/resources/app/lib/backend/main.js:2:3791917)
    at Object.onReceiveStatus (/tmp/.mount_arduinnJUw5F/resources/app/lib/backend/main.js:2:2225840)
    at Object.onReceiveStatus (/tmp/.mount_arduinnJUw5F/resources/app/lib/backend/main.js:2:2225285)
    at /tmp/.mount_arduinnJUw5F/resources/app/lib/backend/main.js:2:4362019
    at process.processTicksAndRejections (node:internal/process/task_queues:77:11)
2026-05-21 17:01:52 2026-05-21T11:31:52.050Z daemon INFO time="2026-05-21T17:01:52+05:30" level=error msg="Upload port detection failed, watcher closed" task=port_detection
2026-05-21 17:01:52 2026-05-21T11:31:52.986Z daemon INFO time="2026-05-21T17:01:52+05:30" level=info msg="Adding libraries dir" dir=/home/raj/.arduino15/libraries isSingleLibrary=false location=ide
2026-05-21 17:01:52 2026-05-21T11:31:52.986Z daemon INFO time="2026-05-21T17:01:52+05:30" level=info msg="Adding libraries dir" dir=/home/raj/.arduino15/packages/arduino/hardware/avr/1.8.7/libraries isSingleLibrary=false location=platform
time="2026-05-21T17:01:52+05:30" level=info msg="Adding libraries dir" dir=/home/raj/Arduino/libraries isSingleLibrary=false location=user
2026-05-21 17:03:03 2026-05-21T11:33:03.982Z daemon INFO time="2026-05-21T17:03:03+05:30" level=info msg="Adding libraries dir" dir=/home/raj/.arduino15/libraries isSingleLibrary=false location=ide
2026-05-21 17:03:03 2026-05-21T11:33:03.982Z daemon INFO time="2026-05-21T17:03:03+05:30" level=info msg="Adding libraries dir" dir=/home/raj/.arduino15/packages/arduino/hardware/avr/1.8.7/libraries isSingleLibrary=false location=platform
time="2026-05-21T17:03:03+05:30" level=info msg="Adding libraries dir" dir=/home/raj/Arduino/libraries isSingleLibrary=false location=user
2026-05-21 17:03:04 2026-05-21T11:33:04.309Z root INFO Executing 'arduino.languageserver.notifyBuildDidComplete' with "file:///home/raj/.cache/arduino/sketches/899296DA320389CAAC4FC97638AFA9D5"
2026-05-21 17:03:04 2026-05-21T11:33:04.332Z daemon INFO time="2026-05-21T17:03:04+05:30" level=info msg="Tool required for debug" tool="arduino:arduinoOTA@1.3.0"
time="2026-05-21T17:03:04+05:30" level=info msg="Tool required for debug" tool="arduino:avr-gcc@7.3.0-atmel3.6.1-arduino7"
time="2026-05-21T17:03:04+05:30" level=info msg="Tool required for debug" tool="arduino:avrdude@8.0.0-arduino1"
time="2026-05-21T17:03:04+05:30" level=info msg="Tool required for debug" tool="builtin:serial-discovery@1.4.3"
time="2026-05-21T17:03:04+05:30" level=info msg="Tool required for debug" tool="builtin:serial-monitor@0.15.0"
time="2026-05-21T17:03:04+05:30" level=info msg="Tool required for debug" tool="builtin:ctags@5.8-arduino11"
2026-05-21 17:03:04 2026-05-21T11:33:04.332Z daemon INFO time="2026-05-21T17:03:04+05:30" level=info msg="Tool required for debug" tool="builtin:dfu-discovery@0.1.2"
time="2026-05-21T17:03:04+05:30" level=info msg="Tool required for debug" tool="builtin:mdns-discovery@1.0.12"
2026-05-21 17:03:04 2026-05-21T11:33:04.333Z root ERROR Failed to get debug config: arduino:avr:uno, undefined Error: Debugging is not supported.
    at Object.callback (/tmp/.mount_arduinnJUw5F/resources/app/lib/backend/main.js:2:4756202)
    at Object.onReceiveStatus (/tmp/.mount_arduinnJUw5F/resources/app/lib/backend/main.js:2:3791917)
    at Object.onReceiveStatus (/tmp/.mount_arduinnJUw5F/resources/app/lib/backend/main.js:2:2225840)
    at Object.onReceiveStatus (/tmp/.mount_arduinnJUw5F/resources/app/lib/backend/main.js:2:2225285)
    at /tmp/.mount_arduinnJUw5F/resources/app/lib/backend/main.js:2:4362019
    at process.processTicksAndRejections (node:internal/process/task_queues:77:11)
2026-05-21 17:03:05 2026-05-21T11:33:05.320Z daemon INFO time="2026-05-21T17:03:05+05:30" level=info msg="Adding libraries dir" dir=/home/raj/.arduino15/libraries isSingleLibrary=false location=ide
time="2026-05-21T17:03:05+05:30" level=info msg="Adding libraries dir" dir=/home/raj/.arduino15/packages/arduino/hardware/avr/1.8.7/libraries isSingleLibrary=false location=platform
time="2026-05-21T17:03:05+05:30" level=info msg="Adding libraries dir" dir=/home/raj/Arduino/libraries isSingleLibrary=false location=user
2026-05-21 17:03:08 2026-05-21T11:33:08.223Z daemon INFO time="2026-05-21T17:03:08+05:30" level=info msg="Adding libraries dir" dir=/home/raj/.arduino15/libraries isSingleLibrary=false location=ide
2026-05-21 17:03:08 2026-05-21T11:33:08.223Z daemon INFO time="2026-05-21T17:03:08+05:30" level=info msg="Adding libraries dir" dir=/home/raj/.arduino15/packages/arduino/hardware/avr/1.8.7/libraries isSingleLibrary=false location=platform
time="2026-05-21T17:03:08+05:30" level=info msg="Adding libraries dir" dir=/home/raj/Arduino/libraries isSingleLibrary=false location=user
2026-05-21 17:03:08 2026-05-21T11:33:08.513Z root INFO Executing 'arduino.languageserver.notifyBuildDidComplete' with "file:///home/raj/.cache/arduino/sketches/899296DA320389CAAC4FC97638AFA9D5"
2026-05-21 17:03:08 2026-05-21T11:33:08.537Z daemon INFO time="2026-05-21T17:03:08+05:30" level=info msg="Tool required for debug" tool="arduino:arduinoOTA@1.3.0"
time="2026-05-21T17:03:08+05:30" level=info msg="Tool required for debug" tool="arduino:avr-gcc@7.3.0-atmel3.6.1-arduino7"
time="2026-05-21T17:03:08+05:30" level=info msg="Tool required for debug" tool="arduino:avrdude@8.0.0-arduino1"
time="2026-05-21T17:03:08+05:30" level=info msg="Tool required for debug" tool="builtin:ctags@5.8-arduino11"
2026-05-21 17:03:08 2026-05-21T11:33:08.537Z daemon INFO time="2026-05-21T17:03:08+05:30" level=info msg="Tool required for debug" tool="builtin:dfu-discovery@0.1.2"
time="2026-05-21T17:03:08+05:30" level=info msg="Tool required for debug" tool="builtin:mdns-discovery@1.0.12"
time="2026-05-21T17:03:08+05:30" level=info msg="Tool required for debug" tool="builtin:serial-discovery@1.4.3"
time="2026-05-21T17:03:08+05:30" level=info msg="Tool required for debug" tool="builtin:serial-monitor@0.15.0"
2026-05-21 17:03:08 2026-05-21T11:33:08.538Z root ERROR Failed to get debug config: arduino:avr:uno, undefined Error: Debugging is not supported.
    at Object.callback (/tmp/.mount_arduinnJUw5F/resources/app/lib/backend/main.js:2:4756202)
    at Object.onReceiveStatus (/tmp/.mount_arduinnJUw5F/resources/app/lib/backend/main.js:2:3791917)
    at Object.onReceiveStatus (/tmp/.mount_arduinnJUw5F/resources/app/lib/backend/main.js:2:2225840)
    at Object.onReceiveStatus (/tmp/.mount_arduinnJUw5F/resources/app/lib/backend/main.js:2:2225285)
    at /tmp/.mount_arduinnJUw5F/resources/app/lib/backend/main.js:2:4362019
    at process.processTicksAndRejections (node:internal/process/task_queues:77:11)
2026-05-21 17:03:08 2026-05-21T11:33:08.584Z daemon INFO time="2026-05-21T17:03:08+05:30" level=error msg="Upload port detection failed, watcher closed" task=port_detection
2026-05-21 17:03:09 2026-05-21T11:33:09.524Z daemon INFO time="2026-05-21T17:03:09+05:30" level=info msg="Adding libraries dir" dir=/home/raj/.arduino15/libraries isSingleLibrary=false location=ide
2026-05-21 17:03:09 2026-05-21T11:33:09.524Z daemon INFO time="2026-05-21T17:03:09+05:30" level=info msg="Adding libraries dir" dir=/home/raj/.arduino15/packages/arduino/hardware/avr/1.8.7/libraries isSingleLibrary=false location=platform
time="2026-05-21T17:03:09+05:30" level=info msg="Adding libraries dir" dir=/home/raj/Arduino/libraries isSingleLibrary=false location=user
2026-05-21 17:03:30 isTempSketch: true. Input was /tmp/.arduinoIDE-unsaved2026421-3032-1yxa0bv.k7sxg/sketch_may21a
2026-05-21 17:03:30 Ignored marking workspace as a closed sketch. The sketch was detected as temporary. Workspace URI: file:///tmp/.arduinoIDE-unsaved2026421-3032-1yxa0bv.k7sxg/sketch_may21a.
2026-05-21 17:03:46 isTempSketch: true. Input was /tmp/.arduinoIDE-unsaved2026421-3032-1yxa0bv.k7sxg/sketch_may21a
2026-05-21 17:03:46 Ignored marking workspace as a closed sketch. The sketch was detected as temporary. Workspace URI: file:///tmp/.arduinoIDE-unsaved2026421-3032-1yxa0bv.k7sxg/sketch_may21a.
2026-05-21 17:03:48 isTempSketch: true. Input was /tmp/.arduinoIDE-unsaved2026421-3032-1yxa0bv.k7sxg/sketch_may21a
2026-05-21 17:03:48 Ignored marking workspace as a closed sketch. The sketch was detected as temporary. Workspace URI: file:///tmp/.arduinoIDE-unsaved2026421-3032-1yxa0bv.k7sxg/sketch_may21a.
2026-05-21 17:03:48 Closing channel on service path '/services/electron-window'.
2026-05-21 17:03:48 Closing channel on service path '/services/ide-updater'.
2026-05-21 17:03:48 Stored workspaces roots: 
2026-05-21 17:03:48 No sketches were scheduled for deletion.
2026-05-21 17:03:48 2026-05-21T11:33:48.689Z root INFO socked closed
2026-05-21 17:03:48 2026-05-21T11:33:48.690Z root INFO closing connection for 1
2026-05-21 17:03:48 2026-05-21T11:33:48.690Z root INFO Closing channel on service path '/localization-server'.
2026-05-21 17:03:48 2026-05-21T11:33:48.690Z root INFO Closing channel on service path '/os'.
2026-05-21 17:03:48 2026-05-21T11:33:48.690Z root INFO Closing channel on service path '/services/commands'.
2026-05-21 17:03:48 2026-05-21T11:33:48.690Z root INFO Closing channel on service path '/services/keyboard'.
2026-05-21 17:03:48 2026-05-21T11:33:48.690Z root INFO Closing channel on service path '/services/logger'.
2026-05-21 17:03:48 2026-05-21T11:33:48.690Z root INFO Closing channel on service path '/services/messageService'.
2026-05-21 17:03:48 2026-05-21T11:33:48.690Z root INFO Closing channel on service path '/services/ChannelCloseService'.
2026-05-21 17:03:48 2026-05-21T11:33:48.690Z root INFO Closing channel on service path '/services/remote-filesystem'.
2026-05-21 17:03:48 2026-05-21T11:33:48.690Z root INFO Closing channel on service path '/services/envs'.
2026-05-21 17:03:48 2026-05-21T11:33:48.690Z root INFO Closing channel on service path '/services/authentication-service'.
2026-05-21 17:03:48 2026-05-21T11:33:48.690Z root INFO Closing channel on service path '/services/sketches-service'.
2026-05-21 17:03:48 2026-05-21T11:33:48.690Z root INFO Closing channel on service path '/services/config-service'.
2026-05-21 17:03:48 2026-05-21T11:33:48.690Z root INFO Closing channel on service path '/services/workspace'.
2026-05-21 17:03:48 2026-05-21T11:33:48.690Z root INFO Closing channel on service path '/services/notification-service'.
2026-05-21 17:03:48 2026-05-21T11:33:48.690Z root INFO Closing channel on service path '/services/arduino-daemon'.
2026-05-21 17:03:48 2026-05-21T11:33:48.690Z root INFO Closing channel on service path '/services/stopwatch'.
2026-05-21 17:03:48 2026-05-21T11:33:48.690Z root INFO Closing channel on service path '/services/application'.
2026-05-21 17:03:48 2026-05-21T11:33:48.690Z root INFO Closing channel on service path '/services/i18n'.
2026-05-21 17:03:48 2026-05-21T11:33:48.690Z root INFO Closing channel on service path '/services/quickInput'.
2026-05-21 17:03:48 2026-05-21T11:33:48.690Z root INFO Closing channel on service path '/services/debug'.
2026-05-21 17:03:48 2026-05-21T11:33:48.690Z root INFO Closing channel on service path '/services/shell-terminal'.
2026-05-21 17:03:48 2026-05-21T11:33:48.690Z root INFO Closing channel on service path '/services/quickPick'.
2026-05-21 17:03:48 2026-05-21T11:33:48.690Z root INFO Closing channel on service path '/services/task'.
2026-05-21 17:03:48 2026-05-21T11:33:48.690Z root INFO Closing channel on service path '/services/search'.
2026-05-21 17:03:48 2026-05-21T11:33:48.690Z root INFO Closing channel on service path '/services/hostedPlugin'.
2026-05-21 17:03:48 2026-05-21T11:33:48.690Z root INFO Closing channel on service path '/services/plugin-ext'.
2026-05-21 17:03:48 2026-05-21T11:33:48.690Z root INFO Closing channel on service path '/services/plugin-paths'.
2026-05-21 17:03:48 2026-05-21T11:33:48.690Z root INFO Closing channel on service path '/services/cli-preferences'.
2026-05-21 17:03:48 2026-05-21T11:33:48.690Z root INFO Closing channel on service path '/services/boards-service'.
2026-05-21 17:03:48 2026-05-21T11:33:48.690Z root INFO Closing channel on service path '/services/response-service'.
2026-05-21 17:03:48 2026-05-21T11:33:48.690Z root INFO Closing channel on service path '/services/file-system-ext'.
2026-05-21 17:03:48 2026-05-21T11:33:48.690Z root INFO Closing channel on service path '/services/core-service'.
2026-05-21 17:03:48 2026-05-21T11:33:48.690Z root INFO Closing channel on service path '/services/example-service'.
2026-05-21 17:03:48 2026-05-21T11:33:48.690Z root INFO Closing channel on service path '/services/library-service'.
2026-05-21 17:03:48 2026-05-21T11:33:48.690Z root INFO Closing channel on service path '/services/executable-service'.
2026-05-21 17:03:48 2026-05-21T11:33:48.690Z root INFO Closing channel on service path '/services/arduino-firmware-uploader'.
2026-05-21 17:03:48 2026-05-21T11:33:48.690Z root INFO Closing channel on service path '/services/formatter'.
2026-05-21 17:03:48 2026-05-21T11:33:48.690Z root INFO Closing channel on service path '/services/search-in-workspace'.
2026-05-21 17:03:48 2026-05-21T11:33:48.690Z root INFO Closing channel on service path '/services/request-service'.
2026-05-21 17:03:48 2026-05-21T11:33:48.690Z root INFO Closing channel on service path '/services/keyStore'.
2026-05-21 17:03:48 2026-05-21T11:33:48.690Z root INFO Closing channel on service path '/services/languagePackService'.
2026-05-21 17:06:09 Arduino IDE 2.3.8
2026-05-21 17:06:09 Checking for frontend application configuration customizations. Module path: /tmp/.mount_arduinrJB1zl/resources/app/lib/backend/electron-main.js, destination 'package.json': /tmp/.mount_arduinrJB1zl/resources/app/package.json
2026-05-21 17:06:09 Setting 'theia.frontend.config.appVersion' application configuration value to: "2.3.8" (type of string)
2026-05-21 17:06:09 Setting 'theia.frontend.config.cliVersion' application configuration value to: "1.4.1" (type of string)
2026-05-21 17:06:09 Setting 'theia.frontend.config.buildDate' application configuration value to: "2026-02-25T15:15:50.003Z" (type of string)
2026-05-21 17:06:09 Frontend application configuration after modifications: {"applicationName":"Arduino IDE","defaultTheme":{"light":"arduino-theme","dark":"arduino-theme-dark"},"defaultIconTheme":"none","electron":{"windowOptions":{},"showWindowEarly":true,"splashScreenOptions":{},"uriScheme":"arduino-ide"},"defaultLocale":"","validatePreferencesSchema":false,"reloadOnReconnect":true,"uriScheme":"theia","preferences":{"window.title":"${rootName}${activeEditorShort}${appName}","files.autoSave":"afterDelay","editor.minimap.enabled":false,"editor.tabSize":2,"editor.scrollBeyondLastLine":false,"editor.quickSuggestions":{"other":false,"comments":false,"strings":false},"editor.maxTokenizationLineLength":500,"editor.bracketPairColorization.enabled":false,"breadcrumbs.enabled":false,"workbench.tree.renderIndentGuides":"none","explorer.compactFolders":false},"appVersion":"2.3.8","cliVersion":"1.4.1","buildDate":"2026-02-25T15:15:50.003Z"}
2026-05-21 17:06:09 Starting backend process. PID: 10664
2026-05-21 17:06:09 Showing main window early
2026-05-21 17:06:10 Using browser-only version of superagent in non-browser environment
2026-05-21 17:06:10 Configuration directory URI: 'file:///home/raj/.arduinoIDE'
2026-05-21 17:06:10 Configuring to accept webviews on '^.+\.webview\..+$' hostname.
2026-05-21 17:06:10 2026-05-21T11:36:10.206Z root WARN Backend u.initialize took longer than the expected maximum 50 milliseconds: 51.0 ms [Finished 0.669 s after backend start]
2026-05-21 17:06:10 2026-05-21T11:36:10.212Z root INFO Backend Object.initialize: 49.8 ms [Finished 0.669 s after backend start]
2026-05-21 17:06:10 2026-05-21T11:36:10.212Z root INFO Backend a.initialize: 1.1 ms [Finished 0.669 s after backend start]
2026-05-21 17:06:10 2026-05-21T11:36:10.212Z root INFO Backend a.initialize: 0.8 ms [Finished 0.669 s after backend start]
2026-05-21 17:06:10 2026-05-21T11:36:10.212Z root INFO Backend u.initialize: 1.0 ms [Finished 0.670 s after backend start]
2026-05-21 17:06:10 2026-05-21T11:36:10.214Z root WARN Backend l.initialize took longer than the expected maximum 50 milliseconds: 50.8 ms [Finished 0.670 s after backend start]
2026-05-21 17:06:10 2026-05-21T11:36:10.220Z root INFO configured all backend app contributions
2026-05-21 17:06:10 2026-05-21T11:36:10.221Z root INFO Backend l.onStart: 1.2 ms [Finished 0.685 s after backend start]
2026-05-21 17:06:10 2026-05-21T11:36:10.221Z root INFO Backend d.onStart: 0.1 ms [Finished 0.686 s after backend start]
2026-05-21 17:06:10 2026-05-21T11:36:10.222Z root INFO Backend a.onStart: 0.3 ms [Finished 0.686 s after backend start]
2026-05-21 17:06:10 2026-05-21T11:36:10.222Z config INFO >>> Initializing CLI configuration...
2026-05-21 17:06:10 2026-05-21T11:36:10.222Z root INFO Backend x.onStart: 0.4 ms [Finished 0.686 s after backend start]
2026-05-21 17:06:10 2026-05-21T11:36:10.222Z config INFO Loading CLI configuration from /home/raj/.arduinoIDE/arduino-cli.yaml...
2026-05-21 17:06:10 2026-05-21T11:36:10.222Z daemon INFO Starting daemon from /tmp/.mount_arduinrJB1zl/resources/app/lib/backend/resources/arduino-cli...
2026-05-21 17:06:10 2026-05-21T11:36:10.222Z root INFO Backend w.onStart: 0.3 ms [Finished 0.687 s after backend start]
2026-05-21 17:06:10 2026-05-21T11:36:10.222Z discovery-log INFO start
2026-05-21 17:06:10 2026-05-21T11:36:10.222Z discovery-log INFO start new deferred
2026-05-21 17:06:10 2026-05-21T11:36:10.222Z root INFO Backend v.onStart: 0.2 ms [Finished 0.687 s after backend start]
2026-05-21 17:06:10 2026-05-21T11:36:10.222Z root INFO Backend a.onStart: 0.1 ms [Finished 0.687 s after backend start]
2026-05-21 17:06:10 2026-05-21T11:36:10.226Z root INFO Theia app listening on http://127.0.0.1:38377.
2026-05-21 17:06:10 2026-05-21T11:36:10.226Z root INFO Finished starting backend application: 3.6 ms [Finished 0.691 s after backend start]
2026-05-21 17:06:10 2026-05-21T11:36:10.227Z root WARN The local plugin referenced by local-dir:/home/raj/.arduinoIDE/plugins does not exist.
2026-05-21 17:06:10 2026-05-21T11:36:10.227Z root WARN The local plugin referenced by local-dir:/home/raj/.arduinoIDE/deployedPlugins does not exist.
2026-05-21 17:06:10 2026-05-21T11:36:10.251Z config INFO Loaded CLI configuration: {"board_manager":{"additional_urls":[]}}
2026-05-21 17:06:10 2026-05-21T11:36:10.252Z config INFO Loading fallback CLI configuration to get 'directories.data' and 'directories.user'
2026-05-21 17:06:10 2026-05-21T11:36:10.362Z root INFO Resolve plugins list: 138.1 ms [Finished 0.826 s after backend start]
2026-05-21 17:06:10 2026-05-21T11:36:10.518Z daemon INFO time="2026-05-21T17:06:10+05:30" level=info msg="arduino-cli version 1.4.1"
2026-05-21 17:06:10 2026-05-21T11:36:10.522Z daemon INFO time="2026-05-21T17:06:10+05:30" level=info msg="Using config file: /home/raj/.arduinoIDE/arduino-cli.yaml"
time="2026-05-21T17:06:10+05:30" level=info msg="Executing `arduino-cli daemon`"
2026-05-21 17:06:10 2026-05-21T11:36:10.550Z daemon INFO Daemon is now listening on 127.0.0.1:44117
{"IP":"127.0.0.1","Port":"44117"}
2026-05-21 17:06:10 2026-05-21T11:36:10.550Z daemon INFO Daemon is running.
2026-05-21 17:06:10 2026-05-21T11:36:10.562Z config INFO Loaded fallback CLI configuration: {"directories":{"user":"/home/raj/Arduino","data":"/home/raj/.arduino15"}}
2026-05-21 17:06:10 2026-05-21T11:36:10.562Z config INFO Merged CLI configuration with the fallback: {"directories":{"user":"/home/raj/Arduino","data":"/home/raj/.arduino15"},"board_manager":{"additional_urls":[]}}
2026-05-21 17:06:10 2026-05-21T11:36:10.562Z config INFO Loaded the CLI configuration.
2026-05-21 17:06:10 2026-05-21T11:36:10.587Z config INFO Mapped the CLI configuration: {"dataDirUri":"file:///home/raj/.arduino15","sketchDirUri":"file:///home/raj/Arduino","additionalUrls":[],"network":"none","locale":"en"}
2026-05-21 17:06:10 2026-05-21T11:36:10.587Z config INFO Validating the CLI configuration...
2026-05-21 17:06:10 2026-05-21T11:36:10.593Z config INFO The CLI config is valid.
2026-05-21 17:06:10 2026-05-21T11:36:10.593Z config INFO <<< Initialized the CLI configuration.
2026-05-21 17:06:10 2026-05-21T11:36:10.653Z daemon INFO time="2026-05-21T17:06:10+05:30" level=info msg="Checking signature" index=/home/raj/.arduino15/package_index.json signatureFile=/home/raj/.arduino15/package_index.json.sig trusted=true
2026-05-21 17:06:10 2026-05-21T11:36:10.655Z daemon INFO time="2026-05-21T17:06:10+05:30" level=info msg="Loading hardware from: /home/raj/.arduino15/packages"
2026-05-21 17:06:10 2026-05-21T11:36:10.655Z daemon INFO time="2026-05-21T17:06:10+05:30" level=info msg="Loading package arduino from: /home/raj/.arduino15/packages/arduino/hardware"
2026-05-21 17:06:10 2026-05-21T11:36:10.660Z daemon INFO time="2026-05-21T17:06:10+05:30" level=info msg="Missing signature file" index=/home/raj/.arduino15/packages/arduino/hardware/avr/1.8.7/installed.json
2026-05-21 17:06:10 2026-05-21T11:36:10.661Z daemon INFO time="2026-05-21T17:06:10+05:30" level=info msg="Adding monitor tool" protocol=serial tool="builtin:serial-monitor"
time="2026-05-21T17:06:10+05:30" level=info msg="Loaded platform" platform="arduino:avr@1.8.7"
time="2026-05-21T17:06:10+05:30" level=info msg="Checking existence of 'tools' path: /home/raj/.arduino15/packages/arduino/tools"
time="2026-05-21T17:06:10+05:30" level=info msg="Loading tools from dir: /home/raj/.arduino15/packages/arduino/tools"
2026-05-21 17:06:10 2026-05-21T11:36:10.661Z daemon INFO time="2026-05-21T17:06:10+05:30" level=info msg="Loaded tool" tool="arduino:arduinoOTA@1.3.0"
time="2026-05-21T17:06:10+05:30" level=info msg="Loaded tool" tool="arduino:avr-gcc@7.3.0-atmel3.6.1-arduino7"
time="2026-05-21T17:06:10+05:30" level=info msg="Loaded tool" tool="arduino:avrdude@8.0.0-arduino1"
time="2026-05-21T17:06:10+05:30" level=info msg="Loading package builtin from: /home/raj/.arduino15/packages/builtin"
time="2026-05-21T17:06:10+05:30" level=info msg="Checking existence of 'tools' path: /home/raj/.arduino15/packages/builtin/tools"
time="2026-05-21T17:06:10+05:30" level=info msg="Loading tools from dir: /home/raj/.arduino15/packages/builtin/tools"
time="2026-05-21T17:06:10+05:30" level=info msg="Loaded tool" tool="builtin:ctags@5.8-arduino11"
time="2026-05-21T17:06:10+05:30" level=info msg="Loaded tool" tool="builtin:dfu-discovery@0.1.2"
time="2026-05-21T17:06:10+05:30" level=info msg="Loaded tool" tool="builtin:mdns-discovery@1.0.12"
time="2026-05-21T17:06:10+05:30" level=info msg="Loaded tool" tool="builtin:serial-discovery@1.4.3"
time="2026-05-21T17:06:10+05:30" level=info msg="Loaded tool" tool="builtin:serial-monitor@0.15.0"
2026-05-21 17:06:10 2026-05-21T11:36:10.664Z daemon INFO time="2026-05-21T17:06:10+05:30" level=info msg="Adding libraries dir" dir=/home/raj/.arduino15/packages/arduino/hardware/avr/1.8.7/libraries isSingleLibrary=false location=platform
time="2026-05-21T17:06:10+05:30" level=info msg="Loading libraries index file" index=/home/raj/.arduino15/library_index.json
2026-05-21 17:06:10 2026-05-21T11:36:10.979Z daemon INFO time="2026-05-21T17:06:10+05:30" level=info msg="Adding libraries dir" dir=/home/raj/.arduino15/libraries isSingleLibrary=false location=ide
time="2026-05-21T17:06:10+05:30" level=info msg="Adding libraries dir" dir=/home/raj/Arduino/libraries isSingleLibrary=false location=user
2026-05-21 17:06:10 2026-05-21T11:36:10.986Z discovery-log INFO start resolved watching
2026-05-21 17:06:11 2026-05-21T11:36:11.232Z root INFO Deploy plugins list: 1008.5 ms [Finished 1.697 s after backend start]
2026-05-21 17:06:11 2026-05-21T11:36:11.510Z root INFO creating connection for 1
2026-05-21 17:06:12 2026-05-21T11:36:12.317Z root WARN A command editor.action.toggleStickyScroll is already registered.
2026-05-21 17:06:12 Opening channel for service path '/services/electron-window'.
2026-05-21 17:06:12 Opening channel for service path '/services/ide-updater'.
2026-05-21 17:06:12 2026-05-21T11:36:12.423Z root INFO Start frontend contributions: 289.8 ms [Finished 2.161 s after frontend start]
2026-05-21 17:06:12 2026-05-21T11:36:12.423Z root INFO Changed application state from 'init' to 'started_contributions'.
2026-05-21 17:06:12 2026-05-21T11:36:12.439Z root INFO Changed application state from 'started_contributions' to 'attached_shell'.
2026-05-21 17:06:12 2026-05-21T11:36:12.439Z root INFO >>> Restoring the layout state...
2026-05-21 17:06:12 2026-05-21T11:36:12.470Z discovery-log INFO {"eventType":"add","port":{"matchingBoardsList":[],"port":{"address":"/dev/ttyUSB0","label":"/dev/ttyUSB0","protocol":"serial","protocolLabel":"Serial Port (USB)","propertiesMap":[["pid","0xea60"],["serialNumber","0001"],["vid","0x10c4"]],"hardwareId":"0001"}},"error":""}
2026-05-21 17:06:12 2026-05-21T11:36:12.495Z root INFO [13ff2499-bd34-4159-bc11-39c40eb6d069] Waiting for backend deployment: 92.1 ms [Finished 2.249 s after frontend start]
2026-05-21 17:06:12 2026-05-21T11:36:12.977Z root INFO <<< Nothing to restore.
2026-05-21 17:06:12 2026-05-21T11:36:12.977Z root INFO Initialize the workbench layout: 243.8 ms [Finished 2.440 s after frontend start]
2026-05-21 17:06:12 2026-05-21T11:36:12.977Z root INFO Changed application state from 'attached_shell' to 'initialized_layout'.
2026-05-21 17:06:12 2026-05-21T11:36:12.987Z root INFO [hosted-plugin: 10792] PLUGIN_HOST(10792) starting instance
[Object: null prototype] {}
2026-05-21 17:06:13 2026-05-21T11:36:13.574Z root INFO [13ff2499-bd34-4159-bc11-39c40eb6d069] Sync of 23 plugins: 1049.1 ms [Finished 3.298 s after frontend start]
2026-05-21 17:06:13 2026-05-21T11:36:13.575Z root INFO [13ff2499-bd34-4159-bc11-39c40eb6d069] Loading plugin contributions
2026-05-21 17:06:13 2026-05-21T11:36:13.575Z root INFO [13ff2499-bd34-4159-bc11-39c40eb6d069] Load contributions of 23 plugins: 32.6 ms [Finished 3.330 s after frontend start]
2026-05-21 17:06:13 2026-05-21T11:36:13.600Z root WARN 'cpp' language is remapped from 'source.cpp.embedded.macro' to 'source.cpp' scope
2026-05-21 17:06:13 2026-05-21T11:36:13.601Z root WARN a registered grammar configuration for 'cpp' language is overridden
2026-05-21 17:06:13 2026-05-21T11:36:13.829Z root INFO Frontend application start: 1535.5 ms [Finished 4.271 s after backend start]
2026-05-21 17:06:13 2026-05-21T11:36:13.839Z root INFO Replace loading indicator with ready workbench UI (animation): 921.0 ms [Finished 3.376 s after frontend start]
2026-05-21 17:06:13 2026-05-21T11:36:13.839Z root INFO Changed application state from 'initialized_layout' to 'ready'.
2026-05-21 17:06:13 2026-05-21T11:36:13.839Z root WARN Linked preference "workbench.colorCustomizations" not found.
2026-05-21 17:06:13 Checking for update
2026-05-21 17:06:14 2026-05-21T11:36:14.271Z root ERROR ---- !!!SLOW!!! DURATION: search took 399.776 ms. Args: [{"type":"Updatable"}] ----
2026-05-21 17:06:14 2026-05-21T11:36:14.576Z root ERROR [hosted-plugin: 10792] Conflict in settings file Default: Ignoring cortex-debug.armToolchainPath.linux as cortex-debug.armToolchainPath is null
Conflict in settings file Default: Ignoring cortex-debug.armToolchainPath.osx as cortex-debug.armToolchainPath is null
Conflict in settings file Default: Ignoring cortex-debug.armToolchainPath.windows as cortex-debug.armToolchainPath is null
Conflict in settings file Default: Ignoring cortex-debug.JLinkGDBServerPath.linux as cortex-debug.JLinkGDBServerPath is null
Conflict in settings file Default: Ignoring cortex-debug.JLinkGDBServerPath.osx as cortex-debug.JLinkGDBServerPath is null
Conflict in settings file Default: Ignoring cortex-debug.JLinkGDBServerPath.windows as cortex-debug.JLinkGDBServerPath is null
Conflict in settings file Default: Ignoring cortex-debug.openocdPath.linux as cortex-debug.openocdPath is null
Conflict in settings file Default: Ignoring cortex-debug.openocdPath.osx as cortex-debug.openocdPath is null
Conflict in settings file Default: Ignoring cortex-debug.openocdPath.windows as cortex-debug.openocdPath is null
Conflict in settings file Default: Ignoring cortex-debug.pyocdPath.linux as cortex-debug.pyocdPath is null
Conflict in settings file Default: Ignoring cortex-debug.pyocdPath.osx as cortex-debug.pyocdPath is null
Conflict in settings file Default: Ignoring cortex-debug.pyocdPath.windows as cortex-debug.pyocdPath is null
Conflict in settings file Default: Ignoring cortex-debug.PEGDBServerPath.linux as cortex-debug.PEGDBServerPath is null
Conflict in settings file Default: Ignoring cortex-debug.PEGDBServerPath.osx as cortex-debug.PEGDBServerPath is null
Conflict in settings file Default: Ignoring cortex-debug.PEGDBServerPath.windows as cortex-debug.PEGDBServerPath is null
Conflict in settings file Default: Ignoring cortex-debug.stutilPath.linux as cortex-debug.stutilPath is null
Conflict in settings file Default: Ignoring cortex-debug.stutilPath.osx as cortex-debug.stutilPath is null
Conflict in settings file Default: Ignoring cortex-debug.stutilPath.windows as cortex-debug.stutilPath is null
Conflict in settings file Default: Ignoring cortex-debug.stlinkPath.linux as cortex-debug.stlinkPath is null
Conflict in settings file Default: Ignoring cortex-debug.stlinkPath.osx as cortex-debug.stlinkPath is null
Conflict in settings file Default: Ignoring cortex-debug.stlinkPath.windows as cortex-debug.stlinkPath is null
Conflict in settings file Default: Ignoring cortex-debug.stm32cubeprogrammer.linux as cortex-debug.stm32cubeprogrammer is null
Conflict in settings file Default: Ignoring cortex-debug.stm32cubeprogrammer.osx as cortex-debug.stm32cubeprogrammer is null
Conflict in settings file Default: Ignoring cortex-debug.stm32cubeprogrammer.windows as cortex-debug.stm32cubeprogrammer is null
2026-05-21 17:06:14 2026-05-21T11:36:14.598Z root INFO [hosted-plugin: 10792] PLUGIN_HOST(10792): PluginManagerExtImpl/init()
2026-05-21 17:06:14 2026-05-21T11:36:14.603Z root INFO [hosted-plugin: 10792] PLUGIN_HOST(10792): initializing(vscode-arduino-api@0.1.2 with /tmp/.mount_arduinrJB1zl/resources/app/lib/backend/plugin-vscode-init)
2026-05-21 17:06:14 2026-05-21T11:36:14.683Z root INFO [hosted-plugin: 10792] PLUGIN_HOST(10792): initializing(json-language-features@1.88.1 with /tmp/.mount_arduinrJB1zl/resources/app/lib/backend/plugin-vscode-init)
2026-05-21 17:06:14 2026-05-21T11:36:14.688Z root INFO [hosted-plugin: 10792] PLUGIN_HOST(10792): initializing(cortex-debug@1.5.1 with /tmp/.mount_arduinrJB1zl/resources/app/lib/backend/plugin-vscode-init)
2026-05-21 17:06:14 2026-05-21T11:36:14.688Z root INFO [hosted-plugin: 10792] Debugger contribution has been registered: cortex-debug
2026-05-21 17:06:14 2026-05-21T11:36:14.690Z root INFO [hosted-plugin: 10792] PLUGIN_HOST(10792): initializing(vscode-arduino-tools@0.1.3 with /tmp/.mount_arduinrJB1zl/resources/app/lib/backend/plugin-vscode-init)
2026-05-21 17:06:14 2026-05-21T11:36:14.691Z root INFO [hosted-plugin: 10792] PLUGIN_HOST(10792): initializing(cpp@1.88.1 with /tmp/.mount_arduinrJB1zl/resources/app/lib/backend/plugin-vscode-init)
2026-05-21 17:06:14 2026-05-21T11:36:14.693Z root INFO [hosted-plugin: 10792] PLUGIN_HOST(10792): initializing(json@1.88.1 with /tmp/.mount_arduinrJB1zl/resources/app/lib/backend/plugin-vscode-init)
2026-05-21 17:06:14 2026-05-21T11:36:14.695Z root INFO [hosted-plugin: 10792] PLUGIN_HOST(10792): initializing(vscode-language-pack-bg@1.48.3 with /tmp/.mount_arduinrJB1zl/resources/app/lib/backend/plugin-vscode-init)
2026-05-21 17:06:14 2026-05-21T11:36:14.696Z root INFO [hosted-plugin: 10792] PLUGIN_HOST(10792): initializing(vscode-language-pack-cs@1.96.0 with /tmp/.mount_arduinrJB1zl/resources/app/lib/backend/plugin-vscode-init)
2026-05-21 17:06:14 2026-05-21T11:36:14.700Z root INFO [hosted-plugin: 10792] PLUGIN_HOST(10792): initializing(vscode-language-pack-de@1.96.0 with /tmp/.mount_arduinrJB1zl/resources/app/lib/backend/plugin-vscode-init)
2026-05-21 17:06:14 2026-05-21T11:36:14.701Z root INFO [hosted-plugin: 10792] PLUGIN_HOST(10792): initializing(vscode-language-pack-es@1.96.0 with /tmp/.mount_arduinrJB1zl/resources/app/lib/backend/plugin-vscode-init)
2026-05-21 17:06:14 2026-05-21T11:36:14.702Z root INFO [hosted-plugin: 10792] PLUGIN_HOST(10792): initializing(vscode-language-pack-fr@1.96.0 with /tmp/.mount_arduinrJB1zl/resources/app/lib/backend/plugin-vscode-init)
2026-05-21 17:06:14 2026-05-21T11:36:14.702Z root INFO [hosted-plugin: 10792] PLUGIN_HOST(10792): initializing(vscode-language-pack-hu@1.48.3 with /tmp/.mount_arduinrJB1zl/resources/app/lib/backend/plugin-vscode-init)
2026-05-21 17:06:14 2026-05-21T11:36:14.703Z root INFO [hosted-plugin: 10792] PLUGIN_HOST(10792): initializing(vscode-language-pack-it@1.96.0 with /tmp/.mount_arduinrJB1zl/resources/app/lib/backend/plugin-vscode-init)
2026-05-21 17:06:14 2026-05-21T11:36:14.703Z root INFO [hosted-plugin: 10792] PLUGIN_HOST(10792): initializing(vscode-language-pack-ja@1.96.0 with /tmp/.mount_arduinrJB1zl/resources/app/lib/backend/plugin-vscode-init)
2026-05-21 17:06:14 2026-05-21T11:36:14.704Z root INFO [hosted-plugin: 10792] PLUGIN_HOST(10792): initializing(vscode-language-pack-ko@1.96.0 with /tmp/.mount_arduinrJB1zl/resources/app/lib/backend/plugin-vscode-init)
2026-05-21 17:06:14 2026-05-21T11:36:14.704Z root INFO [hosted-plugin: 10792] PLUGIN_HOST(10792): initializing(vscode-language-pack-nl@1.48.3 with /tmp/.mount_arduinrJB1zl/resources/app/lib/backend/plugin-vscode-init)
2026-05-21 17:06:14 2026-05-21T11:36:14.704Z root INFO [hosted-plugin: 10792] PLUGIN_HOST(10792): initializing(vscode-language-pack-pl@1.96.0 with /tmp/.mount_arduinrJB1zl/resources/app/lib/backend/plugin-vscode-init)
2026-05-21 17:06:14 2026-05-21T11:36:14.705Z root INFO [hosted-plugin: 10792] PLUGIN_HOST(10792): initializing(vscode-language-pack-pt-BR@1.96.0 with /tmp/.mount_arduinrJB1zl/resources/app/lib/backend/plugin-vscode-init)
2026-05-21 17:06:14 2026-05-21T11:36:14.705Z root INFO [hosted-plugin: 10792] PLUGIN_HOST(10792): initializing(vscode-language-pack-ru@1.96.0 with /tmp/.mount_arduinrJB1zl/resources/app/lib/backend/plugin-vscode-init)
2026-05-21 17:06:14 2026-05-21T11:36:14.705Z root INFO [hosted-plugin: 10792] PLUGIN_HOST(10792): initializing(vscode-language-pack-tr@1.96.0 with /tmp/.mount_arduinrJB1zl/resources/app/lib/backend/plugin-vscode-init)
2026-05-21 17:06:14 2026-05-21T11:36:14.706Z root INFO [hosted-plugin: 10792] PLUGIN_HOST(10792): initializing(vscode-language-pack-uk@1.48.3 with /tmp/.mount_arduinrJB1zl/resources/app/lib/backend/plugin-vscode-init)
2026-05-21 17:06:14 2026-05-21T11:36:14.706Z root INFO [hosted-plugin: 10792] PLUGIN_HOST(10792): initializing(vscode-language-pack-zh-hans@1.96.0 with /tmp/.mount_arduinrJB1zl/resources/app/lib/backend/plugin-vscode-init)
2026-05-21 17:06:14 2026-05-21T11:36:14.706Z root INFO [hosted-plugin: 10792] PLUGIN_HOST(10792): initializing(vscode-language-pack-zh-hant@1.96.0 with /tmp/.mount_arduinrJB1zl/resources/app/lib/backend/plugin-vscode-init)
2026-05-21 17:06:14 2026-05-21T11:36:14.709Z root INFO [hosted-plugin: 10792] PLUGIN_HOST(10792): PluginManagerExtImpl/loadPlugin(/tmp/.mount_arduinrJB1zl/resources/app/plugins/vscode-builtin-json-language-features/extension/client/dist/node/jsonClientMain)
2026-05-21 17:06:14 2026-05-21T11:36:14.755Z root INFO [hosted-plugin: 10792] PLUGIN_HOST(10792): PluginManagerExtImpl/loadPlugin(/tmp/.mount_arduinrJB1zl/resources/app/plugins/vscode-arduino-api/extension/dist/extension.js)
2026-05-21 17:06:14 2026-05-21T11:36:14.759Z root INFO [hosted-plugin: 10792] calling activation function on Arduino IDE API for VS Code extensions
2026-05-21 17:06:14 2026-05-21T11:36:14.763Z root INFO [13ff2499-bd34-4159-bc11-39c40eb6d069] Starting plugins.
2026-05-21 17:06:14 2026-05-21T11:36:14.792Z root INFO [hosted-plugin: 10792] PLUGIN_HOST(10792): PluginManagerExtImpl/loadPlugin(/tmp/.mount_arduinrJB1zl/resources/app/plugins/cortex-debug/extension/dist/extension.js)
2026-05-21 17:06:14 2026-05-21T11:36:14.821Z root INFO [hosted-plugin: 10792] Debug configuration provider has been registered: cortex-debug, trigger: 1
2026-05-21 17:06:14 2026-05-21T11:36:14.821Z root INFO [hosted-plugin: 10792] calling activation function on Cortex-Debug
2026-05-21 17:06:14 2026-05-21T11:36:14.824Z root INFO [hosted-plugin: 10792] GDB server console created
2026-05-21 17:06:14 2026-05-21T11:36:14.830Z root INFO [13ff2499-bd34-4159-bc11-39c40eb6d069] Start of 23 plugins: 1002.1 ms [Finished 4.587 s after frontend start]
2026-05-21 17:06:14 2026-05-21T11:36:14.946Z root INFO [hosted-plugin: 10792] calling activation function on JSON Language Features (built-in)
2026-05-21 17:06:17 Update for version 2.3.8 is not available (latest version: 2.3.8, downgrade is allowed).
2026-05-21 17:06:24 isTempSketch: true. Input was /tmp/.arduinoIDE-unsaved2026421-10664-6qqqcn.usxfd/sketch_may21a
2026-05-21 17:06:24 Ignored marking workspace as a closed sketch. The sketch was detected as temporary. Workspace URI: file:///tmp/.arduinoIDE-unsaved2026421-10664-6qqqcn.usxfd/sketch_may21a.
2026-05-21 17:06:24 isTempSketch: true. Input was /tmp/.arduinoIDE-unsaved2026421-10664-6qqqcn.usxfd/sketch_may21a
2026-05-21 17:06:24 Ignored marking workspace as a closed sketch. The sketch was detected as temporary. Workspace URI: file:///tmp/.arduinoIDE-unsaved2026421-10664-6qqqcn.usxfd/sketch_may21a.
2026-05-21 17:06:24 2026-05-21T11:36:24.137Z root INFO socked closed
2026-05-21 17:06:24 2026-05-21T11:36:24.137Z root INFO closing connection for 1
2026-05-21 17:06:24 2026-05-21T11:36:24.137Z root INFO Closing channel on service path '/localization-server'.
2026-05-21 17:06:24 2026-05-21T11:36:24.137Z root INFO Closing channel on service path '/os'.
2026-05-21 17:06:24 2026-05-21T11:36:24.137Z root INFO Closing channel on service path '/services/commands'.
2026-05-21 17:06:24 2026-05-21T11:36:24.137Z root INFO Closing channel on service path '/services/keyboard'.
2026-05-21 17:06:24 2026-05-21T11:36:24.137Z root INFO Closing channel on service path '/services/logger'.
2026-05-21 17:06:24 2026-05-21T11:36:24.137Z root INFO Closing channel on service path '/services/messageService'.
2026-05-21 17:06:24 2026-05-21T11:36:24.137Z root INFO Closing channel on service path '/services/ChannelCloseService'.
2026-05-21 17:06:24 2026-05-21T11:36:24.137Z root INFO Closing channel on service path '/services/remote-filesystem'.
2026-05-21 17:06:24 2026-05-21T11:36:24.137Z root INFO Closing channel on service path '/services/envs'.
2026-05-21 17:06:24 2026-05-21T11:36:24.137Z root INFO Closing channel on service path '/services/authentication-service'.
2026-05-21 17:06:24 2026-05-21T11:36:24.137Z root INFO Closing channel on service path '/services/sketches-service'.
2026-05-21 17:06:24 2026-05-21T11:36:24.137Z root INFO Closing channel on service path '/services/config-service'.
2026-05-21 17:06:24 2026-05-21T11:36:24.137Z root INFO Closing channel on service path '/services/workspace'.
2026-05-21 17:06:24 2026-05-21T11:36:24.137Z root INFO Closing channel on service path '/services/notification-service'.
2026-05-21 17:06:24 2026-05-21T11:36:24.137Z root INFO Closing channel on service path '/services/arduino-daemon'.
2026-05-21 17:06:24 2026-05-21T11:36:24.137Z root INFO Closing channel on service path '/services/stopwatch'.
2026-05-21 17:06:24 2026-05-21T11:36:24.137Z root INFO Closing channel on service path '/services/application'.
2026-05-21 17:06:24 2026-05-21T11:36:24.137Z root INFO Closing channel on service path '/services/i18n'.
2026-05-21 17:06:24 2026-05-21T11:36:24.137Z root INFO Closing channel on service path '/services/quickInput'.
2026-05-21 17:06:24 2026-05-21T11:36:24.137Z root INFO Closing channel on service path '/services/debug'.
2026-05-21 17:06:24 2026-05-21T11:36:24.137Z root INFO Closing channel on service path '/services/shell-terminal'.
2026-05-21 17:06:24 2026-05-21T11:36:24.137Z root INFO Closing channel on service path '/services/quickPick'.
2026-05-21 17:06:24 2026-05-21T11:36:24.137Z root INFO Closing channel on service path '/services/task'.
2026-05-21 17:06:24 2026-05-21T11:36:24.138Z root INFO Closing channel on service path '/services/search'.
2026-05-21 17:06:24 2026-05-21T11:36:24.138Z root INFO Closing channel on service path '/services/hostedPlugin'.
2026-05-21 17:06:24 2026-05-21T11:36:24.138Z root INFO Closing channel on service path '/services/plugin-ext'.
2026-05-21 17:06:24 2026-05-21T11:36:24.138Z root INFO Closing channel on service path '/services/plugin-paths'.
2026-05-21 17:06:24 2026-05-21T11:36:24.138Z root INFO Closing channel on service path '/services/cli-preferences'.
2026-05-21 17:06:24 2026-05-21T11:36:24.138Z root INFO Closing channel on service path '/services/boards-service'.
2026-05-21 17:06:24 2026-05-21T11:36:24.138Z root INFO Closing channel on service path '/services/response-service'.
2026-05-21 17:06:24 2026-05-21T11:36:24.138Z root INFO Closing channel on service path '/services/file-system-ext'.
2026-05-21 17:06:24 2026-05-21T11:36:24.138Z root INFO Closing channel on service path '/services/core-service'.
2026-05-21 17:06:24 2026-05-21T11:36:24.138Z root INFO Closing channel on service path '/services/example-service'.
2026-05-21 17:06:24 2026-05-21T11:36:24.138Z root INFO Closing channel on service path '/services/library-service'.
2026-05-21 17:06:24 2026-05-21T11:36:24.138Z root INFO Closing channel on service path '/services/executable-service'.
2026-05-21 17:06:24 2026-05-21T11:36:24.138Z root INFO Closing channel on service path '/services/arduino-firmware-uploader'.
2026-05-21 17:06:24 2026-05-21T11:36:24.138Z root INFO Closing channel on service path '/services/formatter'.
2026-05-21 17:06:24 2026-05-21T11:36:24.138Z root INFO Closing channel on service path '/services/search-in-workspace'.
2026-05-21 17:06:24 2026-05-21T11:36:24.138Z root INFO Closing channel on service path '/services/request-service'.
2026-05-21 17:06:24 2026-05-21T11:36:24.138Z root INFO Closing channel on service path '/services/keyStore'.
2026-05-21 17:06:24 2026-05-21T11:36:24.138Z root INFO Closing channel on service path '/services/languagePackService'.
2026-05-21 17:06:38 Arduino IDE 2.3.8
2026-05-21 17:06:38 Checking for frontend application configuration customizations. Module path: /tmp/.mount_arduinXbCkBT/resources/app/lib/backend/electron-main.js, destination 'package.json': /tmp/.mount_arduinXbCkBT/resources/app/package.json
2026-05-21 17:06:39 Setting 'theia.frontend.config.appVersion' application configuration value to: "2.3.8" (type of string)
2026-05-21 17:06:39 Setting 'theia.frontend.config.cliVersion' application configuration value to: "1.4.1" (type of string)
2026-05-21 17:06:39 Setting 'theia.frontend.config.buildDate' application configuration value to: "2026-02-25T15:15:50.003Z" (type of string)
2026-05-21 17:06:39 Frontend application configuration after modifications: {"applicationName":"Arduino IDE","defaultTheme":{"light":"arduino-theme","dark":"arduino-theme-dark"},"defaultIconTheme":"none","electron":{"windowOptions":{},"showWindowEarly":true,"splashScreenOptions":{},"uriScheme":"arduino-ide"},"defaultLocale":"","validatePreferencesSchema":false,"reloadOnReconnect":true,"uriScheme":"theia","preferences":{"window.title":"${rootName}${activeEditorShort}${appName}","files.autoSave":"afterDelay","editor.minimap.enabled":false,"editor.tabSize":2,"editor.scrollBeyondLastLine":false,"editor.quickSuggestions":{"other":false,"comments":false,"strings":false},"editor.maxTokenizationLineLength":500,"editor.bracketPairColorization.enabled":false,"breadcrumbs.enabled":false,"workbench.tree.renderIndentGuides":"none","explorer.compactFolders":false},"appVersion":"2.3.8","cliVersion":"1.4.1","buildDate":"2026-02-25T15:15:50.003Z"}
2026-05-21 17:06:39 Starting backend process. PID: 11010
2026-05-21 17:06:39 Showing main window early
2026-05-21 17:06:40 Using browser-only version of superagent in non-browser environment
2026-05-21 17:06:40 Configuration directory URI: 'file:///home/raj/.arduinoIDE'
2026-05-21 17:06:40 Configuring to accept webviews on '^.+\.webview\..+$' hostname.
2026-05-21 17:06:40 2026-05-21T11:36:40.123Z root INFO Backend u.initialize: 43.4 ms [Finished 0.670 s after backend start]
2026-05-21 17:06:40 2026-05-21T11:36:40.131Z root INFO Backend Object.initialize: 42.0 ms [Finished 0.670 s after backend start]
2026-05-21 17:06:40 2026-05-21T11:36:40.131Z root INFO Backend a.initialize: 1.1 ms [Finished 0.670 s after backend start]
2026-05-21 17:06:40 2026-05-21T11:36:40.131Z root INFO Backend a.initialize: 0.8 ms [Finished 0.670 s after backend start]
2026-05-21 17:06:40 2026-05-21T11:36:40.131Z root INFO Backend u.initialize: 1.1 ms [Finished 0.670 s after backend start]
2026-05-21 17:06:40 2026-05-21T11:36:40.133Z root INFO Backend l.initialize: 43.1 ms [Finished 0.671 s after backend start]
2026-05-21 17:06:40 2026-05-21T11:36:40.140Z root INFO configured all backend app contributions
2026-05-21 17:06:40 2026-05-21T11:36:40.140Z root INFO Backend l.onStart: 1.4 ms [Finished 0.688 s after backend start]
2026-05-21 17:06:40 2026-05-21T11:36:40.141Z root INFO Backend d.onStart: 0.1 ms [Finished 0.689 s after backend start]
2026-05-21 17:06:40 2026-05-21T11:36:40.142Z root INFO Backend a.onStart: 0.3 ms [Finished 0.689 s after backend start]
2026-05-21 17:06:40 2026-05-21T11:36:40.142Z config INFO >>> Initializing CLI configuration...
2026-05-21 17:06:40 2026-05-21T11:36:40.142Z root INFO Backend x.onStart: 0.2 ms [Finished 0.689 s after backend start]
2026-05-21 17:06:40 2026-05-21T11:36:40.142Z config INFO Loading CLI configuration from /home/raj/.arduinoIDE/arduino-cli.yaml...
2026-05-21 17:06:40 2026-05-21T11:36:40.142Z daemon INFO Starting daemon from /tmp/.mount_arduinXbCkBT/resources/app/lib/backend/resources/arduino-cli...
2026-05-21 17:06:40 2026-05-21T11:36:40.142Z root INFO Backend w.onStart: 0.5 ms [Finished 0.690 s after backend start]
2026-05-21 17:06:40 2026-05-21T11:36:40.142Z discovery-log INFO start
2026-05-21 17:06:40 2026-05-21T11:36:40.142Z discovery-log INFO start new deferred
2026-05-21 17:06:40 2026-05-21T11:36:40.142Z root INFO Backend v.onStart: 0.3 ms [Finished 0.690 s after backend start]
2026-05-21 17:06:40 2026-05-21T11:36:40.142Z root INFO Backend a.onStart: 0.1 ms [Finished 0.690 s after backend start]
2026-05-21 17:06:40 2026-05-21T11:36:40.146Z root INFO Theia app listening on http://127.0.0.1:41313.
2026-05-21 17:06:40 2026-05-21T11:36:40.146Z root INFO Finished starting backend application: 3.6 ms [Finished 0.694 s after backend start]
2026-05-21 17:06:40 2026-05-21T11:36:40.147Z root WARN The local plugin referenced by local-dir:/home/raj/.arduinoIDE/plugins does not exist.
2026-05-21 17:06:40 2026-05-21T11:36:40.147Z root WARN The local plugin referenced by local-dir:/home/raj/.arduinoIDE/deployedPlugins does not exist.
2026-05-21 17:06:40 2026-05-21T11:36:40.170Z config INFO Loaded CLI configuration: {"board_manager":{"additional_urls":[]}}
2026-05-21 17:06:40 2026-05-21T11:36:40.171Z config INFO Loading fallback CLI configuration to get 'directories.data' and 'directories.user'
2026-05-21 17:06:40 2026-05-21T11:36:40.279Z root INFO Resolve plugins list: 134.9 ms [Finished 0.827 s after backend start]
2026-05-21 17:06:40 2026-05-21T11:36:40.465Z daemon INFO time="2026-05-21T17:06:40+05:30" level=info msg="arduino-cli version 1.4.1"
2026-05-21 17:06:40 2026-05-21T11:36:40.473Z daemon INFO time="2026-05-21T17:06:40+05:30" level=info msg="Using config file: /home/raj/.arduinoIDE/arduino-cli.yaml"
2026-05-21 17:06:40 2026-05-21T11:36:40.474Z daemon INFO time="2026-05-21T17:06:40+05:30" level=info msg="Executing `arduino-cli daemon`"
2026-05-21 17:06:40 2026-05-21T11:36:40.478Z config INFO Loaded fallback CLI configuration: {"directories":{"user":"/home/raj/Arduino","data":"/home/raj/.arduino15"}}
2026-05-21 17:06:40 2026-05-21T11:36:40.478Z config INFO Merged CLI configuration with the fallback: {"directories":{"user":"/home/raj/Arduino","data":"/home/raj/.arduino15"},"board_manager":{"additional_urls":[]}}
2026-05-21 17:06:40 2026-05-21T11:36:40.478Z config INFO Loaded the CLI configuration.
2026-05-21 17:06:40 2026-05-21T11:36:40.487Z daemon INFO Daemon is now listening on 127.0.0.1:35813
{"IP":"127.0.0.1","Port":"35813"}
2026-05-21 17:06:40 2026-05-21T11:36:40.487Z daemon INFO Daemon is running.
2026-05-21 17:06:40 2026-05-21T11:36:40.496Z config INFO Mapped the CLI configuration: {"dataDirUri":"file:///home/raj/.arduino15","sketchDirUri":"file:///home/raj/Arduino","additionalUrls":[],"network":"none","locale":"en"}
2026-05-21 17:06:40 2026-05-21T11:36:40.496Z config INFO Validating the CLI configuration...
2026-05-21 17:06:40 2026-05-21T11:36:40.524Z config INFO The CLI config is valid.
2026-05-21 17:06:40 2026-05-21T11:36:40.524Z config INFO <<< Initialized the CLI configuration.
2026-05-21 17:06:40 2026-05-21T11:36:40.587Z daemon INFO time="2026-05-21T17:06:40+05:30" level=info msg="Checking signature" index=/home/raj/.arduino15/package_index.json signatureFile=/home/raj/.arduino15/package_index.json.sig trusted=true
2026-05-21 17:06:40 2026-05-21T11:36:40.590Z daemon INFO time="2026-05-21T17:06:40+05:30" level=info msg="Loading hardware from: /home/raj/.arduino15/packages"
2026-05-21 17:06:40 2026-05-21T11:36:40.590Z daemon INFO time="2026-05-21T17:06:40+05:30" level=info msg="Loading package arduino from: /home/raj/.arduino15/packages/arduino/hardware"
2026-05-21 17:06:40 2026-05-21T11:36:40.597Z daemon INFO time="2026-05-21T17:06:40+05:30" level=info msg="Missing signature file" index=/home/raj/.arduino15/packages/arduino/hardware/avr/1.8.7/installed.json
2026-05-21 17:06:40 2026-05-21T11:36:40.600Z daemon INFO time="2026-05-21T17:06:40+05:30" level=info msg="Adding monitor tool" protocol=serial tool="builtin:serial-monitor"
2026-05-21 17:06:40 2026-05-21T11:36:40.600Z daemon INFO time="2026-05-21T17:06:40+05:30" level=info msg="Loaded platform" platform="arduino:avr@1.8.7"
time="2026-05-21T17:06:40+05:30" level=info msg="Checking existence of 'tools' path: /home/raj/.arduino15/packages/arduino/tools"
time="2026-05-21T17:06:40+05:30" level=info msg="Loading tools from dir: /home/raj/.arduino15/packages/arduino/tools"
2026-05-21 17:06:40 2026-05-21T11:36:40.600Z daemon INFO time="2026-05-21T17:06:40+05:30" level=info msg="Loaded tool" tool="arduino:arduinoOTA@1.3.0"
time="2026-05-21T17:06:40+05:30" level=info msg="Loaded tool" tool="arduino:avr-gcc@7.3.0-atmel3.6.1-arduino7"
2026-05-21 17:06:40 2026-05-21T11:36:40.600Z daemon INFO time="2026-05-21T17:06:40+05:30" level=info msg="Loaded tool" tool="arduino:avrdude@8.0.0-arduino1"
2026-05-21 17:06:40 2026-05-21T11:36:40.600Z daemon INFO time="2026-05-21T17:06:40+05:30" level=info msg="Loading package builtin from: /home/raj/.arduino15/packages/builtin"
2026-05-21 17:06:40 2026-05-21T11:36:40.600Z daemon INFO time="2026-05-21T17:06:40+05:30" level=info msg="Checking existence of 'tools' path: /home/raj/.arduino15/packages/builtin/tools"
time="2026-05-21T17:06:40+05:30" level=info msg="Loading tools from dir: /home/raj/.arduino15/packages/builtin/tools"
2026-05-21 17:06:40 2026-05-21T11:36:40.600Z daemon INFO time="2026-05-21T17:06:40+05:30" level=info msg="Loaded tool" tool="builtin:ctags@5.8-arduino11"
2026-05-21 17:06:40 2026-05-21T11:36:40.600Z daemon INFO time="2026-05-21T17:06:40+05:30" level=info msg="Loaded tool" tool="builtin:dfu-discovery@0.1.2"
2026-05-21 17:06:40 2026-05-21T11:36:40.600Z daemon INFO time="2026-05-21T17:06:40+05:30" level=info msg="Loaded tool" tool="builtin:mdns-discovery@1.0.12"
2026-05-21 17:06:40 2026-05-21T11:36:40.600Z daemon INFO time="2026-05-21T17:06:40+05:30" level=info msg="Loaded tool" tool="builtin:serial-discovery@1.4.3"
2026-05-21 17:06:40 2026-05-21T11:36:40.600Z daemon INFO time="2026-05-21T17:06:40+05:30" level=info msg="Loaded tool" tool="builtin:serial-monitor@0.15.0"
2026-05-21 17:06:40 2026-05-21T11:36:40.608Z daemon INFO time="2026-05-21T17:06:40+05:30" level=info msg="Adding libraries dir" dir=/home/raj/.arduino15/packages/arduino/hardware/avr/1.8.7/libraries isSingleLibrary=false location=platform
time="2026-05-21T17:06:40+05:30" level=info msg="Loading libraries index file" index=/home/raj/.arduino15/library_index.json
2026-05-21 17:06:40 2026-05-21T11:36:40.911Z daemon INFO time="2026-05-21T17:06:40+05:30" level=info msg="Adding libraries dir" dir=/home/raj/.arduino15/libraries isSingleLibrary=false location=ide
time="2026-05-21T17:06:40+05:30" level=info msg="Adding libraries dir" dir=/home/raj/Arduino/libraries isSingleLibrary=false location=user
2026-05-21 17:06:40 2026-05-21T11:36:40.918Z discovery-log INFO start resolved watching
2026-05-21 17:06:40 2026-05-21T11:36:40.927Z discovery-log INFO {"eventType":"add","port":{"matchingBoardsList":[],"port":{"address":"/dev/ttyUSB0","label":"/dev/ttyUSB0","protocol":"serial","protocolLabel":"Serial Port (USB)","propertiesMap":[["pid","0xea60"],["serialNumber","0001"],["vid","0x10c4"]],"hardwareId":"0001"}},"error":""}
2026-05-21 17:06:41 2026-05-21T11:36:41.119Z root INFO Deploy plugins list: 975.7 ms [Finished 1.668 s after backend start]
2026-05-21 17:06:41 2026-05-21T11:36:41.452Z root INFO creating connection for 1
2026-05-21 17:06:42 2026-05-21T11:36:42.258Z root WARN A command editor.action.toggleStickyScroll is already registered.
2026-05-21 17:06:42 Opening channel for service path '/services/electron-window'.
2026-05-21 17:06:42 Opening channel for service path '/services/ide-updater'.
2026-05-21 17:06:42 2026-05-21T11:36:42.367Z root INFO Start frontend contributions: 278.8 ms [Finished 2.179 s after frontend start]
2026-05-21 17:06:42 2026-05-21T11:36:42.368Z root INFO Changed application state from 'init' to 'started_contributions'.
2026-05-21 17:06:42 2026-05-21T11:36:42.391Z root INFO Changed application state from 'started_contributions' to 'attached_shell'.
2026-05-21 17:06:42 2026-05-21T11:36:42.391Z root INFO >>> Restoring the layout state...
2026-05-21 17:06:42 2026-05-21T11:36:42.422Z root INFO [b4888bff-b714-4121-9945-c80386d54d91] Waiting for backend deployment: 75.7 ms [Finished 2.250 s after frontend start]
2026-05-21 17:06:42 2026-05-21T11:36:42.949Z root INFO <<< Nothing to restore.
2026-05-21 17:06:42 2026-05-21T11:36:42.949Z root INFO Initialize the workbench layout: 221.5 ms [Finished 2.447 s after frontend start]
2026-05-21 17:06:42 2026-05-21T11:36:42.949Z root INFO Changed application state from 'attached_shell' to 'initialized_layout'.
2026-05-21 17:06:42 2026-05-21T11:36:42.954Z root INFO [hosted-plugin: 11125] PLUGIN_HOST(11125) starting instance
[Object: null prototype] {}
2026-05-21 17:06:43 2026-05-21T11:36:43.554Z root INFO [b4888bff-b714-4121-9945-c80386d54d91] Sync of 23 plugins: 1107.0 ms [Finished 3.357 s after frontend start]
2026-05-21 17:06:43 2026-05-21T11:36:43.555Z root INFO [b4888bff-b714-4121-9945-c80386d54d91] Loading plugin contributions
2026-05-21 17:06:43 2026-05-21T11:36:43.555Z root INFO [b4888bff-b714-4121-9945-c80386d54d91] Load contributions of 23 plugins: 30.5 ms [Finished 3.388 s after frontend start]
2026-05-21 17:06:43 2026-05-21T11:36:43.608Z root WARN 'cpp' language is remapped from 'source.cpp.embedded.macro' to 'source.cpp' scope
2026-05-21 17:06:43 2026-05-21T11:36:43.608Z root WARN a registered grammar configuration for 'cpp' language is overridden
2026-05-21 17:06:43 2026-05-21T11:36:43.822Z root INFO Frontend application start: 1590.3 ms [Finished 4.343 s after backend start]
2026-05-21 17:06:43 Checking for update
2026-05-21 17:06:43 2026-05-21T11:36:43.849Z root INFO Replace loading indicator with ready workbench UI (animation): 1013.3 ms [Finished 3.470 s after frontend start]
2026-05-21 17:06:43 2026-05-21T11:36:43.849Z root INFO Changed application state from 'initialized_layout' to 'ready'.
2026-05-21 17:06:43 2026-05-21T11:36:43.849Z root WARN Linked preference "workbench.colorCustomizations" not found.
2026-05-21 17:06:44 2026-05-21T11:36:44.303Z root ERROR ---- !!!SLOW!!! DURATION: search took 453.882 ms. Args: [{"type":"Updatable"}] ----
2026-05-21 17:06:44 2026-05-21T11:36:44.546Z root ERROR [hosted-plugin: 11125] Conflict in settings file Default: Ignoring cortex-debug.armToolchainPath.linux as cortex-debug.armToolchainPath is null
2026-05-21 17:06:44 2026-05-21T11:36:44.547Z root ERROR [hosted-plugin: 11125] Conflict in settings file Default: Ignoring cortex-debug.armToolchainPath.osx as cortex-debug.armToolchainPath is null
Conflict in settings file Default: Ignoring cortex-debug.armToolchainPath.windows as cortex-debug.armToolchainPath is null
Conflict in settings file Default: Ignoring cortex-debug.JLinkGDBServerPath.linux as cortex-debug.JLinkGDBServerPath is null
Conflict in settings file Default: Ignoring cortex-debug.JLinkGDBServerPath.osx as cortex-debug.JLinkGDBServerPath is null
Conflict in settings file Default: Ignoring cortex-debug.JLinkGDBServerPath.windows as cortex-debug.JLinkGDBServerPath is null
Conflict in settings file Default: Ignoring cortex-debug.openocdPath.linux as cortex-debug.openocdPath is null
Conflict in settings file Default: Ignoring cortex-debug.openocdPath.osx as cortex-debug.openocdPath is null
Conflict in settings file Default: Ignoring cortex-debug.openocdPath.windows as cortex-debug.openocdPath is null
Conflict in settings file Default: Ignoring cortex-debug.pyocdPath.linux as cortex-debug.pyocdPath is null
Conflict in settings file Default: Ignoring cortex-debug.pyocdPath.osx as cortex-debug.pyocdPath is null
Conflict in settings file Default: Ignoring cortex-debug.pyocdPath.windows as cortex-debug.pyocdPath is null
Conflict in settings file Default: Ignoring cortex-debug.PEGDBServerPath.linux as cortex-debug.PEGDBServerPath is null
Conflict in settings file Default: Ignoring cortex-debug.PEGDBServerPath.osx as cortex-debug.PEGDBServerPath is null
Conflict in settings file Default: Ignoring cortex-debug.PEGDBServerPath.windows as cortex-debug.PEGDBServerPath is null
Conflict in settings file Default: Ignoring cortex-debug.stutilPath.linux as cortex-debug.stutilPath is null
Conflict in settings file Default: Ignoring cortex-debug.stutilPath.osx as cortex-debug.stutilPath is null
Conflict in settings file Default: Ignoring cortex-debug.stutilPath.windows as cortex-debug.stutilPath is null
Conflict in settings file Default: Ignoring cortex-debug.stlinkPath.linux as cortex-debug.stlinkPath is null
Conflict in settings file Default: Ignoring cortex-debug.stlinkPath.osx as cortex-debug.stlinkPath is null
Conflict in settings file Default: Ignoring cortex-debug.stlinkPath.windows as cortex-debug.stlinkPath is null
Conflict in settings file Default: Ignoring cortex-debug.stm32cubeprogrammer.linux as cortex-debug.stm32cubeprogrammer is null
Conflict in settings file Default: Ignoring cortex-debug.stm32cubeprogrammer.osx as cortex-debug.stm32cubeprogrammer is null
Conflict in settings file Default: Ignoring cortex-debug.stm32cubeprogrammer.windows as cortex-debug.stm32cubeprogrammer is null
2026-05-21 17:06:44 2026-05-21T11:36:44.566Z root INFO [hosted-plugin: 11125] PLUGIN_HOST(11125): PluginManagerExtImpl/init()
2026-05-21 17:06:44 2026-05-21T11:36:44.568Z root INFO [hosted-plugin: 11125] PLUGIN_HOST(11125): initializing(vscode-arduino-api@0.1.2 with /tmp/.mount_arduinXbCkBT/resources/app/lib/backend/plugin-vscode-init)
2026-05-21 17:06:44 2026-05-21T11:36:44.640Z root INFO [hosted-plugin: 11125] PLUGIN_HOST(11125): initializing(json-language-features@1.88.1 with /tmp/.mount_arduinXbCkBT/resources/app/lib/backend/plugin-vscode-init)
2026-05-21 17:06:44 2026-05-21T11:36:44.644Z root INFO [hosted-plugin: 11125] PLUGIN_HOST(11125): initializing(cortex-debug@1.5.1 with /tmp/.mount_arduinXbCkBT/resources/app/lib/backend/plugin-vscode-init)
2026-05-21 17:06:44 2026-05-21T11:36:44.644Z root INFO [hosted-plugin: 11125] Debugger contribution has been registered: cortex-debug
2026-05-21 17:06:44 2026-05-21T11:36:44.646Z root INFO [hosted-plugin: 11125] PLUGIN_HOST(11125): initializing(vscode-arduino-tools@0.1.3 with /tmp/.mount_arduinXbCkBT/resources/app/lib/backend/plugin-vscode-init)
2026-05-21 17:06:44 2026-05-21T11:36:44.649Z root INFO [hosted-plugin: 11125] PLUGIN_HOST(11125): initializing(cpp@1.88.1 with /tmp/.mount_arduinXbCkBT/resources/app/lib/backend/plugin-vscode-init)
2026-05-21 17:06:44 2026-05-21T11:36:44.653Z root INFO [hosted-plugin: 11125] PLUGIN_HOST(11125): initializing(json@1.88.1 with /tmp/.mount_arduinXbCkBT/resources/app/lib/backend/plugin-vscode-init)
2026-05-21 17:06:44 2026-05-21T11:36:44.655Z root INFO [hosted-plugin: 11125] PLUGIN_HOST(11125): initializing(vscode-language-pack-bg@1.48.3 with /tmp/.mount_arduinXbCkBT/resources/app/lib/backend/plugin-vscode-init)
2026-05-21 17:06:44 2026-05-21T11:36:44.656Z root INFO [hosted-plugin: 11125] PLUGIN_HOST(11125): initializing(vscode-language-pack-cs@1.96.0 with /tmp/.mount_arduinXbCkBT/resources/app/lib/backend/plugin-vscode-init)
2026-05-21 17:06:44 2026-05-21T11:36:44.657Z root INFO [hosted-plugin: 11125] PLUGIN_HOST(11125): initializing(vscode-language-pack-de@1.96.0 with /tmp/.mount_arduinXbCkBT/resources/app/lib/backend/plugin-vscode-init)
2026-05-21 17:06:44 2026-05-21T11:36:44.658Z root INFO [hosted-plugin: 11125] PLUGIN_HOST(11125): initializing(vscode-language-pack-es@1.96.0 with /tmp/.mount_arduinXbCkBT/resources/app/lib/backend/plugin-vscode-init)
2026-05-21 17:06:44 2026-05-21T11:36:44.659Z root INFO [hosted-plugin: 11125] PLUGIN_HOST(11125): initializing(vscode-language-pack-fr@1.96.0 with /tmp/.mount_arduinXbCkBT/resources/app/lib/backend/plugin-vscode-init)
2026-05-21 17:06:44 2026-05-21T11:36:44.659Z root INFO [hosted-plugin: 11125] PLUGIN_HOST(11125): initializing(vscode-language-pack-hu@1.48.3 with /tmp/.mount_arduinXbCkBT/resources/app/lib/backend/plugin-vscode-init)
2026-05-21 17:06:44 2026-05-21T11:36:44.660Z root INFO [hosted-plugin: 11125] PLUGIN_HOST(11125): initializing(vscode-language-pack-it@1.96.0 with /tmp/.mount_arduinXbCkBT/resources/app/lib/backend/plugin-vscode-init)
2026-05-21 17:06:44 2026-05-21T11:36:44.661Z root INFO [hosted-plugin: 11125] PLUGIN_HOST(11125): initializing(vscode-language-pack-ja@1.96.0 with /tmp/.mount_arduinXbCkBT/resources/app/lib/backend/plugin-vscode-init)
2026-05-21 17:06:44 2026-05-21T11:36:44.661Z root INFO [hosted-plugin: 11125] PLUGIN_HOST(11125): initializing(vscode-language-pack-ko@1.96.0 with /tmp/.mount_arduinXbCkBT/resources/app/lib/backend/plugin-vscode-init)
2026-05-21 17:06:44 2026-05-21T11:36:44.662Z root INFO [hosted-plugin: 11125] PLUGIN_HOST(11125): initializing(vscode-language-pack-nl@1.48.3 with /tmp/.mount_arduinXbCkBT/resources/app/lib/backend/plugin-vscode-init)
2026-05-21 17:06:44 2026-05-21T11:36:44.663Z root INFO [hosted-plugin: 11125] PLUGIN_HOST(11125): initializing(vscode-language-pack-pl@1.96.0 with /tmp/.mount_arduinXbCkBT/resources/app/lib/backend/plugin-vscode-init)
2026-05-21 17:06:44 2026-05-21T11:36:44.663Z root INFO [hosted-plugin: 11125] PLUGIN_HOST(11125): initializing(vscode-language-pack-pt-BR@1.96.0 with /tmp/.mount_arduinXbCkBT/resources/app/lib/backend/plugin-vscode-init)
2026-05-21 17:06:44 2026-05-21T11:36:44.664Z root INFO [hosted-plugin: 11125] PLUGIN_HOST(11125): initializing(vscode-language-pack-ru@1.96.0 with /tmp/.mount_arduinXbCkBT/resources/app/lib/backend/plugin-vscode-init)
2026-05-21 17:06:44 2026-05-21T11:36:44.664Z root INFO [hosted-plugin: 11125] PLUGIN_HOST(11125): initializing(vscode-language-pack-tr@1.96.0 with /tmp/.mount_arduinXbCkBT/resources/app/lib/backend/plugin-vscode-init)
2026-05-21 17:06:44 2026-05-21T11:36:44.665Z root INFO [hosted-plugin: 11125] PLUGIN_HOST(11125): initializing(vscode-language-pack-uk@1.48.3 with /tmp/.mount_arduinXbCkBT/resources/app/lib/backend/plugin-vscode-init)
2026-05-21 17:06:44 2026-05-21T11:36:44.665Z root INFO [hosted-plugin: 11125] PLUGIN_HOST(11125): initializing(vscode-language-pack-zh-hans@1.96.0 with /tmp/.mount_arduinXbCkBT/resources/app/lib/backend/plugin-vscode-init)
2026-05-21 17:06:44 2026-05-21T11:36:44.666Z root INFO [hosted-plugin: 11125] PLUGIN_HOST(11125): initializing(vscode-language-pack-zh-hant@1.96.0 with /tmp/.mount_arduinXbCkBT/resources/app/lib/backend/plugin-vscode-init)
2026-05-21 17:06:44 2026-05-21T11:36:44.670Z root INFO [hosted-plugin: 11125] PLUGIN_HOST(11125): PluginManagerExtImpl/loadPlugin(/tmp/.mount_arduinXbCkBT/resources/app/plugins/vscode-builtin-json-language-features/extension/client/dist/node/jsonClientMain)
2026-05-21 17:06:44 2026-05-21T11:36:44.715Z root INFO [hosted-plugin: 11125] PLUGIN_HOST(11125): PluginManagerExtImpl/loadPlugin(/tmp/.mount_arduinXbCkBT/resources/app/plugins/vscode-arduino-api/extension/dist/extension.js)
2026-05-21 17:06:44 2026-05-21T11:36:44.719Z root INFO [hosted-plugin: 11125] calling activation function on Arduino IDE API for VS Code extensions
2026-05-21 17:06:44 2026-05-21T11:36:44.723Z root INFO [b4888bff-b714-4121-9945-c80386d54d91] Starting plugins.
2026-05-21 17:06:44 2026-05-21T11:36:44.752Z root INFO [hosted-plugin: 11125] PLUGIN_HOST(11125): PluginManagerExtImpl/loadPlugin(/tmp/.mount_arduinXbCkBT/resources/app/plugins/cortex-debug/extension/dist/extension.js)
2026-05-21 17:06:44 2026-05-21T11:36:44.780Z root INFO [hosted-plugin: 11125] Debug configuration provider has been registered: cortex-debug, trigger: 1
2026-05-21 17:06:44 2026-05-21T11:36:44.780Z root INFO [hosted-plugin: 11125] calling activation function on Cortex-Debug
2026-05-21 17:06:44 2026-05-21T11:36:44.782Z root INFO [hosted-plugin: 11125] GDB server console created
2026-05-21 17:06:44 2026-05-21T11:36:44.794Z root INFO [b4888bff-b714-4121-9945-c80386d54d91] Start of 23 plugins: 1196.8 ms [Finished 4.627 s after frontend start]
2026-05-21 17:06:44 2026-05-21T11:36:44.918Z root INFO [hosted-plugin: 11125] calling activation function on JSON Language Features (built-in)
2026-05-21 17:06:50 Update for version 2.3.8 is not available (latest version: 2.3.8, downgrade is allowed).
2026-05-21 17:07:03 2026-05-21T11:37:03.172Z daemon INFO time="2026-05-21T17:07:03+05:30" level=info msg="Tool required for debug" tool="arduino:arduinoOTA@1.3.0"
time="2026-05-21T17:07:03+05:30" level=info msg="Tool required for debug" tool="arduino:avr-gcc@7.3.0-atmel3.6.1-arduino7"
time="2026-05-21T17:07:03+05:30" level=info msg="Tool required for debug" tool="arduino:avrdude@8.0.0-arduino1"
time="2026-05-21T17:07:03+05:30" level=info msg="Tool required for debug" tool="builtin:serial-monitor@0.15.0"
time="2026-05-21T17:07:03+05:30" level=info msg="Tool required for debug" tool="builtin:ctags@5.8-arduino11"
time="2026-05-21T17:07:03+05:30" level=info msg="Tool required for debug" tool="builtin:dfu-discovery@0.1.2"
time="2026-05-21T17:07:03+05:30" level=info msg="Tool required for debug" tool="builtin:mdns-discovery@1.0.12"
time="2026-05-21T17:07:03+05:30" level=info msg="Tool required for debug" tool="builtin:serial-discovery@1.4.3"
2026-05-21 17:07:03 2026-05-21T11:37:03.173Z root ERROR Failed to get debug config: arduino:avr:uno, undefined Error: Debugging is not supported.
    at Object.callback (/tmp/.mount_arduinXbCkBT/resources/app/lib/backend/main.js:2:4756202)
    at Object.onReceiveStatus (/tmp/.mount_arduinXbCkBT/resources/app/lib/backend/main.js:2:3791917)
    at Object.onReceiveStatus (/tmp/.mount_arduinXbCkBT/resources/app/lib/backend/main.js:2:2225840)
    at Object.onReceiveStatus (/tmp/.mount_arduinXbCkBT/resources/app/lib/backend/main.js:2:2225285)
    at /tmp/.mount_arduinXbCkBT/resources/app/lib/backend/main.js:2:4362019
    at process.processTicksAndRejections (node:internal/process/task_queues:77:11)
2026-05-21 17:07:03 2026-05-21T11:37:03.173Z root INFO Starting language server: arduino:avr:uno
2026-05-21 17:07:03 2026-05-21T11:37:03.195Z root INFO [hosted-plugin: 11125] PLUGIN_HOST(11125): PluginManagerExtImpl/loadPlugin(/tmp/.mount_arduinXbCkBT/resources/app/plugins/vscode-arduino-tools/extension/dist/extension.js)
2026-05-21 17:07:03 2026-05-21T11:37:03.217Z root INFO [hosted-plugin: 11125] calling activation function on VS Code Arduino Tools
2026-05-21 17:07:03 2026-05-21T11:37:03.414Z daemon INFO time="2026-05-21T17:07:03+05:30" level=info msg="Adding libraries dir" dir=/home/raj/.arduino15/libraries isSingleLibrary=false location=ide
time="2026-05-21T17:07:03+05:30" level=info msg="Adding libraries dir" dir=/home/raj/.arduino15/packages/arduino/hardware/avr/1.8.7/libraries isSingleLibrary=false location=platform
time="2026-05-21T17:07:03+05:30" level=info msg="Adding libraries dir" dir=/home/raj/Arduino/libraries isSingleLibrary=false location=user
2026-05-21 17:07:03 2026-05-21T11:37:03.578Z daemon INFO time="2026-05-21T17:07:03+05:30" level=info msg="Adding libraries dir" dir=/home/raj/.arduino15/libraries isSingleLibrary=false location=ide
time="2026-05-21T17:07:03+05:30" level=info msg="Adding libraries dir" dir=/home/raj/.arduino15/packages/arduino/hardware/avr/1.8.7/libraries isSingleLibrary=false location=platform
time="2026-05-21T17:07:03+05:30" level=info msg="Adding libraries dir" dir=/home/raj/Arduino/libraries isSingleLibrary=false location=user
2026-05-21 17:07:07 2026-05-21T11:37:07.977Z daemon INFO time="2026-05-21T17:07:07+05:30" level=info msg="Adding libraries dir" dir=/home/raj/.arduino15/libraries isSingleLibrary=false location=ide
time="2026-05-21T17:07:07+05:30" level=info msg="Adding libraries dir" dir=/home/raj/.arduino15/packages/arduino/hardware/avr/1.8.7/libraries isSingleLibrary=false location=platform
2026-05-21 17:07:07 2026-05-21T11:37:07.977Z daemon INFO time="2026-05-21T17:07:07+05:30" level=info msg="Adding libraries dir" dir=/home/raj/Arduino/libraries isSingleLibrary=false location=user
2026-05-21 17:07:13 2026-05-21T11:37:13.063Z daemon INFO time="2026-05-21T17:07:13+05:30" level=info msg="Adding libraries dir" dir=/home/raj/.arduino15/libraries isSingleLibrary=false location=ide
time="2026-05-21T17:07:13+05:30" level=info msg="Adding libraries dir" dir=/home/raj/.arduino15/packages/arduino/hardware/avr/1.8.7/libraries isSingleLibrary=false location=platform
time="2026-05-21T17:07:13+05:30" level=info msg="Adding libraries dir" dir=/home/raj/Arduino/libraries isSingleLibrary=false location=user
2026-05-21 17:07:15 2026-05-21T11:37:15.103Z daemon INFO time="2026-05-21T17:07:15+05:30" level=info msg="Adding libraries dir" dir=/home/raj/.arduino15/libraries isSingleLibrary=false location=ide
time="2026-05-21T17:07:15+05:30" level=info msg="Adding libraries dir" dir=/home/raj/.arduino15/packages/arduino/hardware/avr/1.8.7/libraries isSingleLibrary=false location=platform
time="2026-05-21T17:07:15+05:30" level=info msg="Adding libraries dir" dir=/home/raj/Arduino/libraries isSingleLibrary=false location=user
2026-05-21 17:07:16 2026-05-21T11:37:16.517Z daemon INFO time="2026-05-21T17:07:16+05:30" level=info msg="Adding libraries dir" dir=/home/raj/.arduino15/libraries isSingleLibrary=false location=ide
time="2026-05-21T17:07:16+05:30" level=info msg="Adding libraries dir" dir=/home/raj/.arduino15/packages/arduino/hardware/avr/1.8.7/libraries isSingleLibrary=false location=platform
time="2026-05-21T17:07:16+05:30" level=info msg="Adding libraries dir" dir=/home/raj/Arduino/libraries isSingleLibrary=false location=user
2026-05-21 17:07:17 2026-05-21T11:37:17.715Z daemon INFO time="2026-05-21T17:07:17+05:30" level=info msg="Adding libraries dir" dir=/home/raj/.arduino15/libraries isSingleLibrary=false location=ide
time="2026-05-21T17:07:17+05:30" level=info msg="Adding libraries dir" dir=/home/raj/.arduino15/packages/arduino/hardware/avr/1.8.7/libraries isSingleLibrary=false location=platform
time="2026-05-21T17:07:17+05:30" level=info msg="Adding libraries dir" dir=/home/raj/Arduino/libraries isSingleLibrary=false location=user
2026-05-21 17:07:20 2026-05-21T11:37:20.557Z daemon INFO time="2026-05-21T17:07:20+05:30" level=info msg="Adding libraries dir" dir=/home/raj/.arduino15/libraries isSingleLibrary=false location=ide
time="2026-05-21T17:07:20+05:30" level=info msg="Adding libraries dir" dir=/home/raj/.arduino15/packages/arduino/hardware/avr/1.8.7/libraries isSingleLibrary=false location=platform
2026-05-21 17:07:20 2026-05-21T11:37:20.557Z daemon INFO time="2026-05-21T17:07:20+05:30" level=info msg="Adding libraries dir" dir=/home/raj/Arduino/libraries isSingleLibrary=false location=user
2026-05-21 17:07:22 2026-05-21T11:37:22.949Z daemon INFO time="2026-05-21T17:07:22+05:30" level=info msg="Adding libraries dir" dir=/home/raj/.arduino15/libraries isSingleLibrary=false location=ide
time="2026-05-21T17:07:22+05:30" level=info msg="Adding libraries dir" dir=/home/raj/.arduino15/packages/arduino/hardware/avr/1.8.7/libraries isSingleLibrary=false location=platform
time="2026-05-21T17:07:22+05:30" level=info msg="Adding libraries dir" dir=/home/raj/Arduino/libraries isSingleLibrary=false location=user
2026-05-21 17:07:29 2026-05-21T11:37:29.756Z daemon INFO time="2026-05-21T17:07:29+05:30" level=info msg="Adding libraries dir" dir=/home/raj/.arduino15/libraries isSingleLibrary=false location=ide
time="2026-05-21T17:07:29+05:30" level=info msg="Adding libraries dir" dir=/home/raj/.arduino15/packages/arduino/hardware/avr/1.8.7/libraries isSingleLibrary=false location=platform
2026-05-21 17:07:29 2026-05-21T11:37:29.756Z daemon INFO time="2026-05-21T17:07:29+05:30" level=info msg="Adding libraries dir" dir=/home/raj/Arduino/libraries isSingleLibrary=false location=user
2026-05-21 17:07:31 2026-05-21T11:37:31.211Z daemon INFO time="2026-05-21T17:07:31+05:30" level=info msg="Adding libraries dir" dir=/home/raj/.arduino15/libraries isSingleLibrary=false location=ide
time="2026-05-21T17:07:31+05:30" level=info msg="Adding libraries dir" dir=/home/raj/.arduino15/packages/arduino/hardware/avr/1.8.7/libraries isSingleLibrary=false location=platform
time="2026-05-21T17:07:31+05:30" level=info msg="Adding libraries dir" dir=/home/raj/Arduino/libraries isSingleLibrary=false location=user
2026-05-21 17:07:32 2026-05-21T11:37:32.410Z daemon INFO time="2026-05-21T17:07:32+05:30" level=info msg="Adding libraries dir" dir=/home/raj/.arduino15/libraries isSingleLibrary=false location=ide
time="2026-05-21T17:07:32+05:30" level=info msg="Adding libraries dir" dir=/home/raj/.arduino15/packages/arduino/hardware/avr/1.8.7/libraries isSingleLibrary=false location=platform
time="2026-05-21T17:07:32+05:30" level=info msg="Adding libraries dir" dir=/home/raj/Arduino/libraries isSingleLibrary=false location=user
2026-05-21 17:07:35 2026-05-21T11:37:35.836Z daemon INFO time="2026-05-21T17:07:35+05:30" level=info msg="Adding libraries dir" dir=/home/raj/.arduino15/libraries isSingleLibrary=false location=ide
time="2026-05-21T17:07:35+05:30" level=info msg="Adding libraries dir" dir=/home/raj/.arduino15/packages/arduino/hardware/avr/1.8.7/libraries isSingleLibrary=false location=platform
time="2026-05-21T17:07:35+05:30" level=info msg="Adding libraries dir" dir=/home/raj/Arduino/libraries isSingleLibrary=false location=user
2026-05-21 17:07:39 2026-05-21T11:37:39.373Z daemon INFO time="2026-05-21T17:07:39+05:30" level=info msg="Adding libraries dir" dir=/home/raj/.arduino15/libraries isSingleLibrary=false location=ide
2026-05-21 17:07:39 2026-05-21T11:37:39.373Z daemon INFO time="2026-05-21T17:07:39+05:30" level=info msg="Adding libraries dir" dir=/home/raj/.arduino15/packages/arduino/hardware/avr/1.8.7/libraries isSingleLibrary=false location=platform
time="2026-05-21T17:07:39+05:30" level=info msg="Adding libraries dir" dir=/home/raj/Arduino/libraries isSingleLibrary=false location=user
2026-05-21 17:07:45 2026-05-21T11:37:45.393Z daemon INFO time="2026-05-21T17:07:45+05:30" level=info msg="Adding libraries dir" dir=/home/raj/.arduino15/libraries isSingleLibrary=false location=ide
time="2026-05-21T17:07:45+05:30" level=info msg="Adding libraries dir" dir=/home/raj/.arduino15/packages/arduino/hardware/avr/1.8.7/libraries isSingleLibrary=false location=platform
time="2026-05-21T17:07:45+05:30" level=info msg="Adding libraries dir" dir=/home/raj/Arduino/libraries isSingleLibrary=false location=user
2026-05-21 17:07:47 2026-05-21T11:37:47.632Z daemon INFO time="2026-05-21T17:07:47+05:30" level=info msg="Adding libraries dir" dir=/home/raj/.arduino15/libraries isSingleLibrary=false location=ide
time="2026-05-21T17:07:47+05:30" level=info msg="Adding libraries dir" dir=/home/raj/.arduino15/packages/arduino/hardware/avr/1.8.7/libraries isSingleLibrary=false location=platform
time="2026-05-21T17:07:47+05:30" level=info msg="Adding libraries dir" dir=/home/raj/Arduino/libraries isSingleLibrary=false location=user
2026-05-21 17:07:48 2026-05-21T11:37:48.935Z daemon INFO time="2026-05-21T17:07:48+05:30" level=info msg="Adding libraries dir" dir=/home/raj/.arduino15/libraries isSingleLibrary=false location=ide
time="2026-05-21T17:07:48+05:30" level=info msg="Adding libraries dir" dir=/home/raj/.arduino15/packages/arduino/hardware/avr/1.8.7/libraries isSingleLibrary=false location=platform
time="2026-05-21T17:07:48+05:30" level=info msg="Adding libraries dir" dir=/home/raj/Arduino/libraries isSingleLibrary=false location=user
2026-05-21 17:07:50 2026-05-21T11:37:50.137Z daemon INFO time="2026-05-21T17:07:50+05:30" level=info msg="Adding libraries dir" dir=/home/raj/.arduino15/libraries isSingleLibrary=false location=ide
time="2026-05-21T17:07:50+05:30" level=info msg="Adding libraries dir" dir=/home/raj/.arduino15/packages/arduino/hardware/avr/1.8.7/libraries isSingleLibrary=false location=platform
time="2026-05-21T17:07:50+05:30" level=info msg="Adding libraries dir" dir=/home/raj/Arduino/libraries isSingleLibrary=false location=user
2026-05-21 17:07:50 2026-05-21T11:37:50.521Z daemon INFO time="2026-05-21T17:07:50+05:30" level=info msg="Adding libraries dir" dir=/home/raj/.arduino15/libraries isSingleLibrary=false location=ide
time="2026-05-21T17:07:50+05:30" level=info msg="Adding libraries dir" dir=/home/raj/.arduino15/packages/arduino/hardware/avr/1.8.7/libraries isSingleLibrary=false location=platform
2026-05-21 17:07:50 2026-05-21T11:37:50.521Z daemon INFO time="2026-05-21T17:07:50+05:30" level=info msg="Adding libraries dir" dir=/home/raj/Arduino/libraries isSingleLibrary=false location=user
2026-05-21 17:07:50 2026-05-21T11:37:50.778Z root INFO Executing 'arduino.languageserver.notifyBuildDidComplete' with "file:///home/raj/.cache/arduino/sketches/4653C91A08B967EE709097A42942174D"
2026-05-21 17:07:50 2026-05-21T11:37:50.803Z daemon INFO time="2026-05-21T17:07:50+05:30" level=info msg="Tool required for debug" tool="arduino:arduinoOTA@1.3.0"
time="2026-05-21T17:07:50+05:30" level=info msg="Tool required for debug" tool="arduino:avr-gcc@7.3.0-atmel3.6.1-arduino7"
time="2026-05-21T17:07:50+05:30" level=info msg="Tool required for debug" tool="arduino:avrdude@8.0.0-arduino1"
time="2026-05-21T17:07:50+05:30" level=info msg="Tool required for debug" tool="builtin:mdns-discovery@1.0.12"
2026-05-21 17:07:50 2026-05-21T11:37:50.804Z daemon INFO time="2026-05-21T17:07:50+05:30" level=info msg="Tool required for debug" tool="builtin:serial-discovery@1.4.3"
time="2026-05-21T17:07:50+05:30" level=info msg="Tool required for debug" tool="builtin:serial-monitor@0.15.0"
time="2026-05-21T17:07:50+05:30" level=info msg="Tool required for debug" tool="builtin:ctags@5.8-arduino11"
time="2026-05-21T17:07:50+05:30" level=info msg="Tool required for debug" tool="builtin:dfu-discovery@0.1.2"
2026-05-21 17:07:50 2026-05-21T11:37:50.804Z root ERROR Failed to get debug config: arduino:avr:uno, undefined Error: Debugging is not supported.
    at Object.callback (/tmp/.mount_arduinXbCkBT/resources/app/lib/backend/main.js:2:4756202)
    at Object.onReceiveStatus (/tmp/.mount_arduinXbCkBT/resources/app/lib/backend/main.js:2:3791917)
    at Object.onReceiveStatus (/tmp/.mount_arduinXbCkBT/resources/app/lib/backend/main.js:2:2225840)
    at Object.onReceiveStatus (/tmp/.mount_arduinXbCkBT/resources/app/lib/backend/main.js:2:2225285)
    at /tmp/.mount_arduinXbCkBT/resources/app/lib/backend/main.js:2:4362019
    at process.processTicksAndRejections (node:internal/process/task_queues:77:11)
2026-05-21 17:07:51 2026-05-21T11:37:51.787Z daemon INFO time="2026-05-21T17:07:51+05:30" level=info msg="Adding libraries dir" dir=/home/raj/.arduino15/libraries isSingleLibrary=false location=ide
time="2026-05-21T17:07:51+05:30" level=info msg="Adding libraries dir" dir=/home/raj/.arduino15/packages/arduino/hardware/avr/1.8.7/libraries isSingleLibrary=false location=platform
time="2026-05-21T17:07:51+05:30" level=info msg="Adding libraries dir" dir=/home/raj/Arduino/libraries isSingleLibrary=false location=user
2026-05-21 17:07:53 2026-05-21T11:37:53.500Z daemon INFO time="2026-05-21T17:07:53+05:30" level=info msg="Adding libraries dir" dir=/home/raj/.arduino15/libraries isSingleLibrary=false location=ide
time="2026-05-21T17:07:53+05:30" level=info msg="Adding libraries dir" dir=/home/raj/.arduino15/packages/arduino/hardware/avr/1.8.7/libraries isSingleLibrary=false location=platform
time="2026-05-21T17:07:53+05:30" level=info msg="Adding libraries dir" dir=/home/raj/Arduino/libraries isSingleLibrary=false location=user
2026-05-21 17:07:53 2026-05-21T11:37:53.773Z root INFO Executing 'arduino.languageserver.notifyBuildDidComplete' with "file:///home/raj/.cache/arduino/sketches/4653C91A08B967EE709097A42942174D"
2026-05-21 17:07:53 2026-05-21T11:37:53.780Z daemon INFO time="2026-05-21T17:07:53+05:30" level=error msg="Upload port detection failed, watcher closed" task=port_detection
2026-05-21 17:07:53 2026-05-21T11:37:53.819Z daemon INFO time="2026-05-21T17:07:53+05:30" level=info msg="Tool required for debug" tool="arduino:arduinoOTA@1.3.0"
time="2026-05-21T17:07:53+05:30" level=info msg="Tool required for debug" tool="arduino:avr-gcc@7.3.0-atmel3.6.1-arduino7"
time="2026-05-21T17:07:53+05:30" level=info msg="Tool required for debug" tool="arduino:avrdude@8.0.0-arduino1"
time="2026-05-21T17:07:53+05:30" level=info msg="Tool required for debug" tool="builtin:ctags@5.8-arduino11"
2026-05-21 17:07:53 2026-05-21T11:37:53.820Z daemon INFO time="2026-05-21T17:07:53+05:30" level=info msg="Tool required for debug" tool="builtin:dfu-discovery@0.1.2"
time="2026-05-21T17:07:53+05:30" level=info msg="Tool required for debug" tool="builtin:mdns-discovery@1.0.12"
time="2026-05-21T17:07:53+05:30" level=info msg="Tool required for debug" tool="builtin:serial-discovery@1.4.3"
time="2026-05-21T17:07:53+05:30" level=info msg="Tool required for debug" tool="builtin:serial-monitor@0.15.0"
2026-05-21 17:07:53 2026-05-21T11:37:53.820Z root ERROR Failed to get debug config: arduino:avr:uno, undefined Error: Debugging is not supported.
    at Object.callback (/tmp/.mount_arduinXbCkBT/resources/app/lib/backend/main.js:2:4756202)
    at Object.onReceiveStatus (/tmp/.mount_arduinXbCkBT/resources/app/lib/backend/main.js:2:3791917)
    at Object.onReceiveStatus (/tmp/.mount_arduinXbCkBT/resources/app/lib/backend/main.js:2:2225840)
    at Object.onReceiveStatus (/tmp/.mount_arduinXbCkBT/resources/app/lib/backend/main.js:2:2225285)
    at /tmp/.mount_arduinXbCkBT/resources/app/lib/backend/main.js:2:4362019
    at process.processTicksAndRejections (node:internal/process/task_queues:77:11)
2026-05-21 17:07:54 2026-05-21T11:37:54.787Z daemon INFO time="2026-05-21T17:07:54+05:30" level=info msg="Adding libraries dir" dir=/home/raj/.arduino15/libraries isSingleLibrary=false location=ide
time="2026-05-21T17:07:54+05:30" level=info msg="Adding libraries dir" dir=/home/raj/.arduino15/packages/arduino/hardware/avr/1.8.7/libraries isSingleLibrary=false location=platform
2026-05-21 17:07:54 2026-05-21T11:37:54.787Z daemon INFO time="2026-05-21T17:07:54+05:30" level=info msg="Adding libraries dir" dir=/home/raj/Arduino/libraries isSingleLibrary=false location=user
2026-05-21 17:08:25 2026-05-21T11:38:25.832Z daemon INFO time="2026-05-21T17:08:25+05:30" level=info msg="Adding libraries dir" dir=/home/raj/.arduino15/libraries isSingleLibrary=false location=ide
time="2026-05-21T17:08:25+05:30" level=info msg="Adding libraries dir" dir=/home/raj/.arduino15/packages/arduino/hardware/avr/1.8.7/libraries isSingleLibrary=false location=platform
time="2026-05-21T17:08:25+05:30" level=info msg="Adding libraries dir" dir=/home/raj/Arduino/libraries isSingleLibrary=false location=user
2026-05-21 17:08:26 2026-05-21T11:38:26.093Z root INFO Executing 'arduino.languageserver.notifyBuildDidComplete' with "file:///home/raj/.cache/arduino/sketches/4653C91A08B967EE709097A42942174D"
2026-05-21 17:08:26 2026-05-21T11:38:26.122Z daemon INFO time="2026-05-21T17:08:26+05:30" level=info msg="Tool required for debug" tool="arduino:arduinoOTA@1.3.0"
time="2026-05-21T17:08:26+05:30" level=info msg="Tool required for debug" tool="arduino:avr-gcc@7.3.0-atmel3.6.1-arduino7"
time="2026-05-21T17:08:26+05:30" level=info msg="Tool required for debug" tool="arduino:avrdude@8.0.0-arduino1"
time="2026-05-21T17:08:26+05:30" level=info msg="Tool required for debug" tool="builtin:ctags@5.8-arduino11"
2026-05-21 17:08:26 2026-05-21T11:38:26.122Z daemon INFO time="2026-05-21T17:08:26+05:30" level=info msg="Tool required for debug" tool="builtin:dfu-discovery@0.1.2"
time="2026-05-21T17:08:26+05:30" level=info msg="Tool required for debug" tool="builtin:mdns-discovery@1.0.12"
time="2026-05-21T17:08:26+05:30" level=info msg="Tool required for debug" tool="builtin:serial-discovery@1.4.3"
time="2026-05-21T17:08:26+05:30" level=info msg="Tool required for debug" tool="builtin:serial-monitor@0.15.0"
2026-05-21 17:08:26 2026-05-21T11:38:26.123Z root ERROR Failed to get debug config: arduino:avr:uno, undefined Error: Debugging is not supported.
    at Object.callback (/tmp/.mount_arduinXbCkBT/resources/app/lib/backend/main.js:2:4756202)
    at Object.onReceiveStatus (/tmp/.mount_arduinXbCkBT/resources/app/lib/backend/main.js:2:3791917)
    at Object.onReceiveStatus (/tmp/.mount_arduinXbCkBT/resources/app/lib/backend/main.js:2:2225840)
    at Object.onReceiveStatus (/tmp/.mount_arduinXbCkBT/resources/app/lib/backend/main.js:2:2225285)
    at /tmp/.mount_arduinXbCkBT/resources/app/lib/backend/main.js:2:4362019
    at process.processTicksAndRejections (node:internal/process/task_queues:77:11)
2026-05-21 17:08:27 2026-05-21T11:38:27.103Z daemon INFO time="2026-05-21T17:08:27+05:30" level=info msg="Adding libraries dir" dir=/home/raj/.arduino15/libraries isSingleLibrary=false location=ide
time="2026-05-21T17:08:27+05:30" level=info msg="Adding libraries dir" dir=/home/raj/.arduino15/packages/arduino/hardware/avr/1.8.7/libraries isSingleLibrary=false location=platform
time="2026-05-21T17:08:27+05:30" level=info msg="Adding libraries dir" dir=/home/raj/Arduino/libraries isSingleLibrary=false location=user
2026-05-21 17:08:28 2026-05-21T11:38:28.548Z root INFO Received port after upload [arduino+serial:///dev/ttyUSB0, arduino:avr:uno, sketch_may21a]. Before port: {"protocol":"serial","address":"/dev/ttyUSB0"}, after port: {"address":"/dev/ttyUSB0","addressLabel":"/dev/ttyUSB0","protocol":"serial","protocolLabel":"Serial Port (USB)","properties":{"pid":"0xea60","serialNumber":"0001","vid":"0x10c4"},"hardwareId":"0001"}
2026-05-21 17:11:14 2026-05-21T11:41:14.989Z root INFO socked closed
2026-05-21 17:11:14 2026-05-21T11:41:14.989Z root INFO closing connection for 1
2026-05-21 17:11:14 2026-05-21T11:41:14.989Z root INFO Closing channel on service path '/localization-server'.
2026-05-21 17:11:14 2026-05-21T11:41:14.989Z root INFO Closing channel on service path '/os'.
2026-05-21 17:11:14 2026-05-21T11:41:14.989Z root INFO Closing channel on service path '/services/commands'.
2026-05-21 17:11:14 2026-05-21T11:41:14.989Z root INFO Closing channel on service path '/services/keyboard'.
2026-05-21 17:11:14 2026-05-21T11:41:14.989Z root INFO Closing channel on service path '/services/logger'.
2026-05-21 17:11:14 2026-05-21T11:41:14.989Z root INFO Closing channel on service path '/services/messageService'.
2026-05-21 17:11:14 2026-05-21T11:41:14.989Z root INFO Closing channel on service path '/services/ChannelCloseService'.
2026-05-21 17:11:14 2026-05-21T11:41:14.989Z root INFO Closing channel on service path '/services/remote-filesystem'.
2026-05-21 17:11:14 2026-05-21T11:41:14.989Z root INFO Closing channel on service path '/services/envs'.
2026-05-21 17:11:14 2026-05-21T11:41:14.989Z root INFO Closing channel on service path '/services/authentication-service'.
2026-05-21 17:11:14 2026-05-21T11:41:14.989Z root INFO Closing channel on service path '/services/sketches-service'.
2026-05-21 17:11:14 2026-05-21T11:41:14.989Z root INFO Closing channel on service path '/services/config-service'.
2026-05-21 17:11:14 2026-05-21T11:41:14.989Z root INFO Closing channel on service path '/services/workspace'.
2026-05-21 17:11:14 2026-05-21T11:41:14.989Z root INFO Closing channel on service path '/services/notification-service'.
2026-05-21 17:11:14 2026-05-21T11:41:14.989Z root INFO Closing channel on service path '/services/arduino-daemon'.
2026-05-21 17:11:14 2026-05-21T11:41:14.989Z root INFO Closing channel on service path '/services/stopwatch'.
2026-05-21 17:11:14 2026-05-21T11:41:14.989Z root INFO Closing channel on service path '/services/application'.
2026-05-21 17:11:14 2026-05-21T11:41:14.989Z root INFO Closing channel on service path '/services/i18n'.
2026-05-21 17:11:14 2026-05-21T11:41:14.989Z root INFO Closing channel on service path '/services/quickInput'.
2026-05-21 17:11:14 2026-05-21T11:41:14.989Z root INFO Closing channel on service path '/services/debug'.
2026-05-21 17:11:14 2026-05-21T11:41:14.990Z root INFO Closing channel on service path '/services/shell-terminal'.
2026-05-21 17:11:14 2026-05-21T11:41:14.990Z root INFO Closing channel on service path '/services/quickPick'.
2026-05-21 17:11:14 2026-05-21T11:41:14.990Z root INFO Closing channel on service path '/services/task'.
2026-05-21 17:11:14 2026-05-21T11:41:14.990Z root INFO Closing channel on service path '/services/search'.
2026-05-21 17:11:14 2026-05-21T11:41:14.990Z root INFO Closing channel on service path '/services/hostedPlugin'.
2026-05-21 17:11:14 2026-05-21T11:41:14.990Z root INFO Closing channel on service path '/services/plugin-ext'.
2026-05-21 17:11:14 2026-05-21T11:41:14.990Z root INFO Closing channel on service path '/services/plugin-paths'.
2026-05-21 17:11:14 2026-05-21T11:41:14.990Z root INFO Closing channel on service path '/services/cli-preferences'.
2026-05-21 17:11:14 2026-05-21T11:41:14.990Z root INFO Closing channel on service path '/services/boards-service'.
2026-05-21 17:11:14 2026-05-21T11:41:14.990Z root INFO Closing channel on service path '/services/response-service'.
2026-05-21 17:11:14 2026-05-21T11:41:14.990Z root INFO Closing channel on service path '/services/file-system-ext'.
2026-05-21 17:11:14 2026-05-21T11:41:14.990Z root INFO Closing channel on service path '/services/core-service'.
2026-05-21 17:11:14 2026-05-21T11:41:14.990Z root INFO Closing channel on service path '/services/example-service'.
2026-05-21 17:11:14 2026-05-21T11:41:14.990Z root INFO Closing channel on service path '/services/library-service'.
2026-05-21 17:11:14 2026-05-21T11:41:14.990Z root INFO Closing channel on service path '/services/executable-service'.
2026-05-21 17:11:14 2026-05-21T11:41:14.990Z root INFO Closing channel on service path '/services/arduino-firmware-uploader'.
2026-05-21 17:11:14 2026-05-21T11:41:14.990Z root INFO Closing channel on service path '/services/formatter'.
2026-05-21 17:11:14 2026-05-21T11:41:14.990Z root INFO Closing channel on service path '/services/search-in-workspace'.
2026-05-21 17:11:14 2026-05-21T11:41:14.990Z root INFO Closing channel on service path '/services/request-service'.
2026-05-21 17:11:14 2026-05-21T11:41:14.990Z root INFO Closing channel on service path '/services/keyStore'.
2026-05-21 17:11:14 2026-05-21T11:41:14.990Z root INFO Closing channel on service path '/services/languagePackService'.
2026-05-21 17:11:15 Closing channel on service path '/services/electron-window'.
2026-05-21 17:11:15 Closing channel on service path '/services/ide-updater'.
2026-05-21 17:11:15 2026-05-21T11:41:15.455Z root INFO creating connection for 1
2026-05-21 17:11:16 2026-05-21T11:41:16.106Z root WARN A command editor.action.toggleStickyScroll is already registered.
2026-05-21 17:11:16 Opening channel for service path '/services/electron-window'.
2026-05-21 17:11:16 Opening channel for service path '/services/ide-updater'.
2026-05-21 17:11:16 2026-05-21T11:41:16.236Z root INFO Start frontend contributions: 241.8 ms [Finished 1.248 s after frontend start]
2026-05-21 17:11:16 2026-05-21T11:41:16.236Z root INFO Changed application state from 'init' to 'started_contributions'.
2026-05-21 17:11:16 2026-05-21T11:41:16.242Z root INFO Changed application state from 'started_contributions' to 'attached_shell'.
2026-05-21 17:11:16 2026-05-21T11:41:16.243Z root INFO >>> Restoring the layout state...
2026-05-21 17:11:16 2026-05-21T11:41:16.300Z root INFO [6bc5b91f-7ef5-435c-a606-2d7c55d9e2e6] Waiting for backend deployment: 74.7 ms [Finished 1.319 s after frontend start]
2026-05-21 17:11:16 2026-05-21T11:41:16.479Z root INFO <<< Nothing to restore.
2026-05-21 17:11:16 2026-05-21T11:41:16.479Z root INFO Initialize the workbench layout: 104.3 ms [Finished 1.366 s after frontend start]
2026-05-21 17:11:16 2026-05-21T11:41:16.479Z root INFO Changed application state from 'attached_shell' to 'initialized_layout'.
2026-05-21 17:11:16 2026-05-21T11:41:16.797Z root INFO [hosted-plugin: 11848] PLUGIN_HOST(11848) starting instance
[Object: null prototype] {}
2026-05-21 17:11:17 2026-05-21T11:41:17.407Z root INFO [6bc5b91f-7ef5-435c-a606-2d7c55d9e2e6] Sync of 23 plugins: 1078.0 ms [Finished 2.397 s after frontend start]
2026-05-21 17:11:17 2026-05-21T11:41:17.408Z root INFO [6bc5b91f-7ef5-435c-a606-2d7c55d9e2e6] Loading plugin contributions
2026-05-21 17:11:17 2026-05-21T11:41:17.408Z root INFO [6bc5b91f-7ef5-435c-a606-2d7c55d9e2e6] Load contributions of 23 plugins: 29.5 ms [Finished 2.426 s after frontend start]
2026-05-21 17:11:17 2026-05-21T11:41:17.431Z root WARN 'cpp' language is remapped from 'source.cpp.embedded.macro' to 'source.cpp' scope
2026-05-21 17:11:17 2026-05-21T11:41:17.431Z root WARN a registered grammar configuration for 'cpp' language is overridden
2026-05-21 17:11:17 2026-05-21T11:41:17.615Z root INFO Frontend application start: 1517.4 ms [Finished 278.135 s after backend start]
2026-05-21 17:11:17 2026-05-21T11:41:17.618Z root INFO Replace loading indicator with ready workbench UI (animation): 1100.8 ms [Finished 2.474 s after frontend start]
2026-05-21 17:11:17 2026-05-21T11:41:17.619Z root INFO Changed application state from 'initialized_layout' to 'ready'.
2026-05-21 17:11:17 2026-05-21T11:41:17.619Z root WARN Linked preference "workbench.colorCustomizations" not found.
2026-05-21 17:11:17 2026-05-21T11:41:17.677Z root INFO Executing startup tasks:
2026-05-21 17:11:17 2026-05-21T11:41:17.677Z root INFO  - 'arduino-use-inherited-boards-data' , args: [{"fqbn":"arduino:avr:uno","data":{"configOptions":[],"programmers":[{"id":"jtag3","name":"Atmel JTAGICE3 (JTAG mode)","platform":"arduino:avr@1.8.7"},{"id":"buspirate","name":"BusPirate as ISP","platform":"arduino:avr@1.8.7"},{"id":"jtag3isp","name":"Atmel JTAGICE3 (ISP mode)","platform":"arduino:avr@1.8.7"},{"id":"atmel_ice","name":"Atmel-ICE (AVR)","platform":"arduino:avr@1.8.7"},{"id":"usbGemma","name":"Arduino Gemma","platform":"arduino:avr@1.8.7"},{"id":"arduinoasispatmega32u4","name":"Arduino as ISP (ATmega32U4)","platform":"arduino:avr@1.8.7"},{"id":"usbtinyisp","name":"USBtinyISP","platform":"arduino:avr@1.8.7"},{"id":"arduinoisp","name":"ArduinoISP","platform":"arduino:avr@1.8.7"},{"id":"usbasp","name":"USBasp","platform":"arduino:avr@1.8.7"},{"id":"stk500","name":"Atmel STK500 development board","platform":"arduino:avr@1.8.7"},{"id":"arduinoisporg","name":"ArduinoISP.org","platform":"arduino:avr@1.8.7"},{"id":"parallel","name":"Parallel Programmer","platform":"arduino:avr@1.8.7"},{"id":"arduinoasisp","name":"Arduino as ISP","platform":"arduino:avr@1.8.7"},{"id":"avrisp","name":"AVR ISP","platform":"arduino:avr@1.8.7"},{"id":"avrispmkii","name":"AVRISP mkII","platform":"arduino:avr@1.8.7"}]}}]
2026-05-21 17:11:17 2026-05-21T11:41:17.677Z root INFO  - 'arduino-use-inherited-boards-config' , args: [{"selectedBoard":{"name":"Arduino UNO","fqbn":"arduino:avr:uno","packageId":{"vendorId":"arduino","arch":"avr"},"packageName":"Arduino AVR Boards","manuallyInstalled":false,"selected":false,"missing":false},"selectedPort":{"protocol":"serial","address":"/dev/ttyUSB0"}},{"arduino+serial:///dev/ttyUSB0":{"name":"Arduino UNO","fqbn":"arduino:avr:uno","packageId":{"vendorId":"arduino","arch":"avr"},"packageName":"Arduino AVR Boards","manuallyInstalled":false,"selected":false,"missing":false}}]
2026-05-21 17:11:17 2026-05-21T11:41:17.677Z root INFO  - 'arduino-delete-sketch' , args: [{"toDelete":"file:///tmp/.arduinoIDE-unsaved2026421-11010-5zof5w.3v2ba/sketch_may21a"}]
2026-05-21 17:11:17 Sketch file:///tmp/.arduinoIDE-unsaved2026421-11010-5zof5w.3v2ba/sketch_may21a was scheduled for deletion
2026-05-21 17:11:17 Successfully deleted sketch /tmp/.arduinoIDE-unsaved2026421-11010-5zof5w.3v2ba/sketch_may21a
2026-05-21 17:11:17 Successfully completed the scheduled sketch deletion: /tmp/.arduinoIDE-unsaved2026421-11010-5zof5w.3v2ba/sketch_may21a
2026-05-21 17:11:18 2026-05-21T11:41:18.116Z root ERROR ---- !!!SLOW!!! DURATION: search took 424.750 ms. Args: [{"type":"Updatable"}] ----
2026-05-21 17:11:18 2026-05-21T11:41:18.130Z root ERROR Failed to get debug config: arduino:avr:uno, undefined Error: Debugging is not supported.
    at Object.callback (/tmp/.mount_arduinXbCkBT/resources/app/lib/backend/main.js:2:4756202)
    at Object.onReceiveStatus (/tmp/.mount_arduinXbCkBT/resources/app/lib/backend/main.js:2:3791917)
    at Object.onReceiveStatus (/tmp/.mount_arduinXbCkBT/resources/app/lib/backend/main.js:2:2225840)
    at Object.onReceiveStatus (/tmp/.mount_arduinXbCkBT/resources/app/lib/backend/main.js:2:2225285)
    at /tmp/.mount_arduinXbCkBT/resources/app/lib/backend/main.js:2:4362019
    at process.processTicksAndRejections (node:internal/process/task_queues:77:11)
2026-05-21 17:11:18 2026-05-21T11:41:18.130Z root ERROR Failed to get debug config: arduino:avr:uno, undefined Error: Debugging is not supported.
    at Object.callback (/tmp/.mount_arduinXbCkBT/resources/app/lib/backend/main.js:2:4756202)
    at Object.onReceiveStatus (/tmp/.mount_arduinXbCkBT/resources/app/lib/backend/main.js:2:3791917)
    at Object.onReceiveStatus (/tmp/.mount_arduinXbCkBT/resources/app/lib/backend/main.js:2:2225840)
    at Object.onReceiveStatus (/tmp/.mount_arduinXbCkBT/resources/app/lib/backend/main.js:2:2225285)
    at /tmp/.mount_arduinXbCkBT/resources/app/lib/backend/main.js:2:4362019
    at process.processTicksAndRejections (node:internal/process/task_queues:77:11)
2026-05-21 17:11:18 2026-05-21T11:41:18.131Z root ERROR Failed to get debug config: arduino:avr:uno, undefined Error: Debugging is not supported.
    at Object.callback (/tmp/.mount_arduinXbCkBT/resources/app/lib/backend/main.js:2:4756202)
    at Object.onReceiveStatus (/tmp/.mount_arduinXbCkBT/resources/app/lib/backend/main.js:2:3791917)
    at Object.onReceiveStatus (/tmp/.mount_arduinXbCkBT/resources/app/lib/backend/main.js:2:2225840)
    at Object.onReceiveStatus (/tmp/.mount_arduinXbCkBT/resources/app/lib/backend/main.js:2:2225285)
    at /tmp/.mount_arduinXbCkBT/resources/app/lib/backend/main.js:2:4362019
    at process.processTicksAndRejections (node:internal/process/task_queues:77:11)
2026-05-21 17:11:18 2026-05-21T11:41:18.132Z daemon INFO time="2026-05-21T17:11:18+05:30" level=info msg="Tool required for debug" tool="arduino:arduinoOTA@1.3.0"
time="2026-05-21T17:11:18+05:30" level=info msg="Tool required for debug" tool="arduino:avr-gcc@7.3.0-atmel3.6.1-arduino7"
time="2026-05-21T17:11:18+05:30" level=info msg="Tool required for debug" tool="arduino:avrdude@8.0.0-arduino1"
time="2026-05-21T17:11:18+05:30" level=info msg="Tool required for debug" tool="builtin:ctags@5.8-arduino11"
time="2026-05-21T17:11:18+05:30" level=info msg="Tool required for debug" tool="builtin:dfu-discovery@0.1.2"
time="2026-05-21T17:11:18+05:30" level=info msg="Tool required for debug" tool="builtin:mdns-discovery@1.0.12"
time="2026-05-21T17:11:18+05:30" level=info msg="Tool required for debug" tool="builtin:serial-discovery@1.4.3"
time="2026-05-21T17:11:18+05:30" level=info msg="Tool required for debug" tool="builtin:serial-monitor@0.15.0"
time="2026-05-21T17:11:18+05:30" level=info msg="Tool required for debug" tool="arduino:arduinoOTA@1.3.0"
time="2026-05-21T17:11:18+05:30" level=info msg="Tool required for debug" tool="arduino:avr-gcc@7.3.0-atmel3.6.1-arduino7"
time="2026-05-21T17:11:18+05:30" level=info msg="Tool required for debug" tool="arduino:avrdude@8.0.0-arduino1"
time="2026-05-21T17:11:18+05:30" level=info msg="Tool required for debug" tool="builtin:mdns-discovery@1.0.12"
time="2026-05-21T17:11:18+05:30" level=info msg="Tool required for debug" tool="builtin:serial-discovery@1.4.3"
time="2026-05-21T17:11:18+05:30" level=info msg="Tool required for debug" tool="arduino:arduinoOTA@1.3.0"
time="2026-05-21T17:11:18+05:30" level=info msg="Tool required for debug" tool="arduino:avr-gcc@7.3.0-atmel3.6.1-arduino7"
time="2026-05-21T17:11:18+05:30" level=info msg="Tool required for debug" tool="arduino:avrdude@8.0.0-arduino1"
time="2026-05-21T17:11:18+05:30" level=info msg="Tool required for debug" tool="builtin:dfu-discovery@0.1.2"
time="2026-05-21T17:11:18+05:30" level=info msg="Tool required for debug" tool="builtin:mdns-discovery@1.0.12"
time="2026-05-21T17:11:18+05:30" level=info msg="Tool required for debug" tool="builtin:serial-discovery@1.4.3"
time="2026-05-21T17:11:18+05:30" level=info msg="Tool required for debug" tool="builtin:serial-monitor@0.15.0"
time="2026-05-21T17:11:18+05:30" level=info msg="Tool required for debug" tool="builtin:serial-monitor@0.15.0"
time="2026-05-21T17:11:18+05:30" level=info msg="Tool required for debug" tool="builtin:ctags@5.8-arduino11"
time="2026-05-21T17:11:18+05:30" level=info msg="Tool required for debug" tool="builtin:dfu-discovery@0.1.2"
time="2026-05-21T17:11:18+05:30" level=info msg="Tool required for debug" tool="builtin:ctags@5.8-arduino11"
2026-05-21 17:11:18 2026-05-21T11:41:18.281Z root ERROR [hosted-plugin: 11848] Conflict in settings file Default: Ignoring cortex-debug.armToolchainPath.linux as cortex-debug.armToolchainPath is null
Conflict in settings file Default: Ignoring cortex-debug.armToolchainPath.osx as cortex-debug.armToolchainPath is null
2026-05-21 17:11:18 2026-05-21T11:41:18.281Z root ERROR [hosted-plugin: 11848] Conflict in settings file Default: Ignoring cortex-debug.armToolchainPath.windows as cortex-debug.armToolchainPath is null
Conflict in settings file Default: Ignoring cortex-debug.JLinkGDBServerPath.linux as cortex-debug.JLinkGDBServerPath is null
Conflict in settings file Default: Ignoring cortex-debug.JLinkGDBServerPath.osx as cortex-debug.JLinkGDBServerPath is null
Conflict in settings file Default: Ignoring cortex-debug.JLinkGDBServerPath.windows as cortex-debug.JLinkGDBServerPath is null
2026-05-21 17:11:18 2026-05-21T11:41:18.281Z root ERROR [hosted-plugin: 11848] Conflict in settings file Default: Ignoring cortex-debug.openocdPath.linux as cortex-debug.openocdPath is null
2026-05-21 17:11:18 2026-05-21T11:41:18.282Z root ERROR [hosted-plugin: 11848] Conflict in settings file Default: Ignoring cortex-debug.openocdPath.osx as cortex-debug.openocdPath is null
2026-05-21 17:11:18 2026-05-21T11:41:18.282Z root ERROR [hosted-plugin: 11848] Conflict in settings file Default: Ignoring cortex-debug.openocdPath.windows as cortex-debug.openocdPath is null
Conflict in settings file Default: Ignoring cortex-debug.pyocdPath.linux as cortex-debug.pyocdPath is null
Conflict in settings file Default: Ignoring cortex-debug.pyocdPath.osx as cortex-debug.pyocdPath is null
Conflict in settings file Default: Ignoring cortex-debug.pyocdPath.windows as cortex-debug.pyocdPath is null
Conflict in settings file Default: Ignoring cortex-debug.PEGDBServerPath.linux as cortex-debug.PEGDBServerPath is null
Conflict in settings file Default: Ignoring cortex-debug.PEGDBServerPath.osx as cortex-debug.PEGDBServerPath is null
Conflict in settings file Default: Ignoring cortex-debug.PEGDBServerPath.windows as cortex-debug.PEGDBServerPath is null
Conflict in settings file Default: Ignoring cortex-debug.stutilPath.linux as cortex-debug.stutilPath is null
Conflict in settings file Default: Ignoring cortex-debug.stutilPath.osx as cortex-debug.stutilPath is null
Conflict in settings file Default: Ignoring cortex-debug.stutilPath.windows as cortex-debug.stutilPath is null
Conflict in settings file Default: Ignoring cortex-debug.stlinkPath.linux as cortex-debug.stlinkPath is null
Conflict in settings file Default: Ignoring cortex-debug.stlinkPath.osx as cortex-debug.stlinkPath is null
Conflict in settings file Default: Ignoring cortex-debug.stlinkPath.windows as cortex-debug.stlinkPath is null
Conflict in settings file Default: Ignoring cortex-debug.stm32cubeprogrammer.linux as cortex-debug.stm32cubeprogrammer is null
Conflict in settings file Default: Ignoring cortex-debug.stm32cubeprogrammer.osx as cortex-debug.stm32cubeprogrammer is null
Conflict in settings file Default: Ignoring cortex-debug.stm32cubeprogrammer.windows as cortex-debug.stm32cubeprogrammer is null
2026-05-21 17:11:18 2026-05-21T11:41:18.294Z root INFO [hosted-plugin: 11848] PLUGIN_HOST(11848): PluginManagerExtImpl/init()
2026-05-21 17:11:18 2026-05-21T11:41:18.297Z root INFO [hosted-plugin: 11848] PLUGIN_HOST(11848): initializing(vscode-arduino-api@0.1.2 with /tmp/.mount_arduinXbCkBT/resources/app/lib/backend/plugin-vscode-init)
2026-05-21 17:11:18 2026-05-21T11:41:18.364Z root INFO [hosted-plugin: 11848] PLUGIN_HOST(11848): initializing(json-language-features@1.88.1 with /tmp/.mount_arduinXbCkBT/resources/app/lib/backend/plugin-vscode-init)
2026-05-21 17:11:18 2026-05-21T11:41:18.368Z root INFO [hosted-plugin: 11848] PLUGIN_HOST(11848): initializing(cortex-debug@1.5.1 with /tmp/.mount_arduinXbCkBT/resources/app/lib/backend/plugin-vscode-init)
2026-05-21 17:11:18 2026-05-21T11:41:18.372Z root INFO [hosted-plugin: 11848] Debugger contribution has been registered: cortex-debug
PLUGIN_HOST(11848): initializing(vscode-arduino-tools@0.1.3 with /tmp/.mount_arduinXbCkBT/resources/app/lib/backend/plugin-vscode-init)
2026-05-21 17:11:18 2026-05-21T11:41:18.373Z root INFO [hosted-plugin: 11848] PLUGIN_HOST(11848): initializing(cpp@1.88.1 with /tmp/.mount_arduinXbCkBT/resources/app/lib/backend/plugin-vscode-init)
2026-05-21 17:11:18 2026-05-21T11:41:18.377Z root INFO [hosted-plugin: 11848] PLUGIN_HOST(11848): initializing(json@1.88.1 with /tmp/.mount_arduinXbCkBT/resources/app/lib/backend/plugin-vscode-init)
2026-05-21 17:11:18 2026-05-21T11:41:18.378Z root INFO [hosted-plugin: 11848] PLUGIN_HOST(11848): initializing(vscode-language-pack-bg@1.48.3 with /tmp/.mount_arduinXbCkBT/resources/app/lib/backend/plugin-vscode-init)
2026-05-21 17:11:18 2026-05-21T11:41:18.379Z root INFO [hosted-plugin: 11848] PLUGIN_HOST(11848): initializing(vscode-language-pack-cs@1.96.0 with /tmp/.mount_arduinXbCkBT/resources/app/lib/backend/plugin-vscode-init)
2026-05-21 17:11:18 2026-05-21T11:41:18.380Z root INFO [hosted-plugin: 11848] PLUGIN_HOST(11848): initializing(vscode-language-pack-de@1.96.0 with /tmp/.mount_arduinXbCkBT/resources/app/lib/backend/plugin-vscode-init)
2026-05-21 17:11:18 2026-05-21T11:41:18.380Z root INFO [hosted-plugin: 11848] PLUGIN_HOST(11848): initializing(vscode-language-pack-es@1.96.0 with /tmp/.mount_arduinXbCkBT/resources/app/lib/backend/plugin-vscode-init)
2026-05-21 17:11:18 2026-05-21T11:41:18.381Z root INFO [hosted-plugin: 11848] PLUGIN_HOST(11848): initializing(vscode-language-pack-fr@1.96.0 with /tmp/.mount_arduinXbCkBT/resources/app/lib/backend/plugin-vscode-init)
2026-05-21 17:11:18 2026-05-21T11:41:18.382Z root INFO [hosted-plugin: 11848] PLUGIN_HOST(11848): initializing(vscode-language-pack-hu@1.48.3 with /tmp/.mount_arduinXbCkBT/resources/app/lib/backend/plugin-vscode-init)
2026-05-21 17:11:18 2026-05-21T11:41:18.383Z root INFO [hosted-plugin: 11848] PLUGIN_HOST(11848): initializing(vscode-language-pack-it@1.96.0 with /tmp/.mount_arduinXbCkBT/resources/app/lib/backend/plugin-vscode-init)
2026-05-21 17:11:18 2026-05-21T11:41:18.383Z root INFO [hosted-plugin: 11848] PLUGIN_HOST(11848): initializing(vscode-language-pack-ja@1.96.0 with /tmp/.mount_arduinXbCkBT/resources/app/lib/backend/plugin-vscode-init)
2026-05-21 17:11:18 2026-05-21T11:41:18.383Z root INFO [hosted-plugin: 11848] PLUGIN_HOST(11848): initializing(vscode-language-pack-ko@1.96.0 with /tmp/.mount_arduinXbCkBT/resources/app/lib/backend/plugin-vscode-init)
2026-05-21 17:11:18 2026-05-21T11:41:18.383Z root INFO [hosted-plugin: 11848] PLUGIN_HOST(11848): initializing(vscode-language-pack-nl@1.48.3 with /tmp/.mount_arduinXbCkBT/resources/app/lib/backend/plugin-vscode-init)
2026-05-21 17:11:18 2026-05-21T11:41:18.383Z root INFO [hosted-plugin: 11848] PLUGIN_HOST(11848): initializing(vscode-language-pack-pl@1.96.0 with /tmp/.mount_arduinXbCkBT/resources/app/lib/backend/plugin-vscode-init)
2026-05-21 17:11:18 2026-05-21T11:41:18.384Z root INFO [hosted-plugin: 11848] PLUGIN_HOST(11848): initializing(vscode-language-pack-pt-BR@1.96.0 with /tmp/.mount_arduinXbCkBT/resources/app/lib/backend/plugin-vscode-init)
2026-05-21 17:11:18 2026-05-21T11:41:18.384Z root INFO [hosted-plugin: 11848] PLUGIN_HOST(11848): initializing(vscode-language-pack-ru@1.96.0 with /tmp/.mount_arduinXbCkBT/resources/app/lib/backend/plugin-vscode-init)
2026-05-21 17:11:18 2026-05-21T11:41:18.384Z root INFO [hosted-plugin: 11848] PLUGIN_HOST(11848): initializing(vscode-language-pack-tr@1.96.0 with /tmp/.mount_arduinXbCkBT/resources/app/lib/backend/plugin-vscode-init)
2026-05-21 17:11:18 2026-05-21T11:41:18.384Z root INFO [hosted-plugin: 11848] PLUGIN_HOST(11848): initializing(vscode-language-pack-uk@1.48.3 with /tmp/.mount_arduinXbCkBT/resources/app/lib/backend/plugin-vscode-init)
2026-05-21 17:11:18 2026-05-21T11:41:18.385Z root INFO [hosted-plugin: 11848] PLUGIN_HOST(11848): initializing(vscode-language-pack-zh-hans@1.96.0 with /tmp/.mount_arduinXbCkBT/resources/app/lib/backend/plugin-vscode-init)
2026-05-21 17:11:18 2026-05-21T11:41:18.385Z root INFO [hosted-plugin: 11848] PLUGIN_HOST(11848): initializing(vscode-language-pack-zh-hant@1.96.0 with /tmp/.mount_arduinXbCkBT/resources/app/lib/backend/plugin-vscode-init)
2026-05-21 17:11:18 2026-05-21T11:41:18.388Z root INFO [hosted-plugin: 11848] PLUGIN_HOST(11848): PluginManagerExtImpl/loadPlugin(/tmp/.mount_arduinXbCkBT/resources/app/plugins/vscode-builtin-json-language-features/extension/client/dist/node/jsonClientMain)
2026-05-21 17:11:18 2026-05-21T11:41:18.427Z root INFO [hosted-plugin: 11848] PLUGIN_HOST(11848): PluginManagerExtImpl/loadPlugin(/tmp/.mount_arduinXbCkBT/resources/app/plugins/vscode-arduino-api/extension/dist/extension.js)
2026-05-21 17:11:18 2026-05-21T11:41:18.431Z root INFO [hosted-plugin: 11848] calling activation function on Arduino IDE API for VS Code extensions
2026-05-21 17:11:18 2026-05-21T11:41:18.436Z root INFO [6bc5b91f-7ef5-435c-a606-2d7c55d9e2e6] Starting plugins.
2026-05-21 17:11:18 2026-05-21T11:41:18.463Z root INFO [hosted-plugin: 11848] PLUGIN_HOST(11848): PluginManagerExtImpl/loadPlugin(/tmp/.mount_arduinXbCkBT/resources/app/plugins/cortex-debug/extension/dist/extension.js)
2026-05-21 17:11:18 2026-05-21T11:41:18.489Z root INFO [hosted-plugin: 11848] Debug configuration provider has been registered: cortex-debug, trigger: 1
2026-05-21 17:11:18 2026-05-21T11:41:18.489Z root INFO [hosted-plugin: 11848] calling activation function on Cortex-Debug
2026-05-21 17:11:18 2026-05-21T11:41:18.492Z root INFO [hosted-plugin: 11848] GDB server console created
2026-05-21 17:11:18 2026-05-21T11:41:18.498Z root INFO [6bc5b91f-7ef5-435c-a606-2d7c55d9e2e6] Start of 23 plugins: 1080.5 ms [Finished 3.517 s after frontend start]
2026-05-21 17:11:18 2026-05-21T11:41:18.520Z root INFO Starting language server: arduino:avr:uno
2026-05-21 17:11:18 2026-05-21T11:41:18.531Z root INFO [hosted-plugin: 11848] PLUGIN_HOST(11848): PluginManagerExtImpl/loadPlugin(/tmp/.mount_arduinXbCkBT/resources/app/plugins/vscode-arduino-tools/extension/dist/extension.js)
2026-05-21 17:11:18 2026-05-21T11:41:18.551Z root INFO [hosted-plugin: 11848] calling activation function on VS Code Arduino Tools
2026-05-21 17:11:18 2026-05-21T11:41:18.574Z daemon INFO time="2026-05-21T17:11:18+05:30" level=info msg="Adding libraries dir" dir=/home/raj/.arduino15/libraries isSingleLibrary=false location=ide
time="2026-05-21T17:11:18+05:30" level=info msg="Adding libraries dir" dir=/home/raj/.arduino15/packages/arduino/hardware/avr/1.8.7/libraries isSingleLibrary=false location=platform
2026-05-21 17:11:18 2026-05-21T11:41:18.574Z daemon INFO time="2026-05-21T17:11:18+05:30" level=info msg="Adding libraries dir" dir=/home/raj/Arduino/libraries isSingleLibrary=false location=user
2026-05-21 17:11:18 2026-05-21T11:41:18.616Z root INFO [hosted-plugin: 11848] calling activation function on JSON Language Features (built-in)
2026-05-21 17:11:18 2026-05-21T11:41:18.745Z daemon INFO time="2026-05-21T17:11:18+05:30" level=info msg="Adding libraries dir" dir=/home/raj/.arduino15/libraries isSingleLibrary=false location=ide
time="2026-05-21T17:11:18+05:30" level=info msg="Adding libraries dir" dir=/home/raj/.arduino15/packages/arduino/hardware/avr/1.8.7/libraries isSingleLibrary=false location=platform
2026-05-21 17:11:18 2026-05-21T11:41:18.745Z daemon INFO time="2026-05-21T17:11:18+05:30" level=info msg="Adding libraries dir" dir=/home/raj/Arduino/libraries isSingleLibrary=false location=user
2026-05-21 17:11:21 isTempSketch: false. Input was /home/raj/Arduino/led_on_off
2026-05-21 17:11:21 Marking workspace as a closed sketch. Workspace URI: file:///home/raj/Arduino/led_on_off. Date: 1779363681218.
2026-05-21 17:11:21 isTempSketch: false. Input was /home/raj/Arduino/led_on_off
2026-05-21 17:11:21 Marking workspace as a closed sketch. Workspace URI: file:///home/raj/Arduino/led_on_off. Date: 1779363681224.
2026-05-21 17:11:21 2026-05-21T11:41:21.230Z root INFO socked closed
2026-05-21 17:11:21 2026-05-21T11:41:21.230Z root INFO closing connection for 1
2026-05-21 17:11:21 2026-05-21T11:41:21.230Z root INFO Closing channel on service path '/localization-server'.
2026-05-21 17:11:21 2026-05-21T11:41:21.230Z root INFO Closing channel on service path '/os'.
2026-05-21 17:11:21 2026-05-21T11:41:21.230Z root INFO Closing channel on service path '/services/commands'.
2026-05-21 17:11:21 2026-05-21T11:41:21.230Z root INFO Closing channel on service path '/services/keyboard'.
2026-05-21 17:11:21 2026-05-21T11:41:21.230Z root INFO Closing channel on service path '/services/logger'.
2026-05-21 17:11:21 2026-05-21T11:41:21.230Z root INFO Closing channel on service path '/services/messageService'.
2026-05-21 17:11:21 2026-05-21T11:41:21.230Z root INFO Closing channel on service path '/services/ChannelCloseService'.
2026-05-21 17:11:21 2026-05-21T11:41:21.231Z root INFO Closing channel on service path '/services/remote-filesystem'.
2026-05-21 17:11:21 2026-05-21T11:41:21.231Z root INFO Closing channel on service path '/services/envs'.
2026-05-21 17:11:21 2026-05-21T11:41:21.231Z root INFO Closing channel on service path '/services/authentication-service'.
2026-05-21 17:11:21 2026-05-21T11:41:21.231Z root INFO Closing channel on service path '/services/sketches-service'.
2026-05-21 17:11:21 2026-05-21T11:41:21.231Z root INFO Closing channel on service path '/services/config-service'.
2026-05-21 17:11:21 2026-05-21T11:41:21.231Z root INFO Closing channel on service path '/services/workspace'.
2026-05-21 17:11:21 2026-05-21T11:41:21.231Z root INFO Closing channel on service path '/services/notification-service'.
2026-05-21 17:11:21 2026-05-21T11:41:21.231Z root INFO Closing channel on service path '/services/arduino-daemon'.
2026-05-21 17:11:21 2026-05-21T11:41:21.231Z root INFO Closing channel on service path '/services/stopwatch'.
2026-05-21 17:11:21 2026-05-21T11:41:21.231Z root INFO Closing channel on service path '/services/application'.
2026-05-21 17:11:21 2026-05-21T11:41:21.231Z root INFO Closing channel on service path '/services/i18n'.
2026-05-21 17:11:21 2026-05-21T11:41:21.231Z root INFO Closing channel on service path '/services/quickInput'.
2026-05-21 17:11:21 2026-05-21T11:41:21.231Z root INFO Closing channel on service path '/services/debug'.
2026-05-21 17:11:21 2026-05-21T11:41:21.231Z root INFO Closing channel on service path '/services/shell-terminal'.
2026-05-21 17:11:21 2026-05-21T11:41:21.231Z root INFO Closing channel on service path '/services/quickPick'.
2026-05-21 17:11:21 2026-05-21T11:41:21.231Z root INFO Closing channel on service path '/services/task'.
2026-05-21 17:11:21 2026-05-21T11:41:21.231Z root INFO Closing channel on service path '/services/search'.
2026-05-21 17:11:21 2026-05-21T11:41:21.231Z root INFO Closing channel on service path '/services/hostedPlugin'.
2026-05-21 17:11:21 2026-05-21T11:41:21.231Z root INFO Closing channel on service path '/services/plugin-ext'.
2026-05-21 17:11:21 2026-05-21T11:41:21.231Z root INFO Closing channel on service path '/services/plugin-paths'.
2026-05-21 17:11:21 2026-05-21T11:41:21.231Z root INFO Closing channel on service path '/services/cli-preferences'.
2026-05-21 17:11:21 2026-05-21T11:41:21.231Z root INFO Closing channel on service path '/services/boards-service'.
2026-05-21 17:11:21 2026-05-21T11:41:21.231Z root INFO Closing channel on service path '/services/response-service'.
2026-05-21 17:11:21 2026-05-21T11:41:21.231Z root INFO Closing channel on service path '/services/file-system-ext'.
2026-05-21 17:11:21 2026-05-21T11:41:21.231Z root INFO Closing channel on service path '/services/core-service'.
2026-05-21 17:11:21 2026-05-21T11:41:21.231Z root INFO Closing channel on service path '/services/example-service'.
2026-05-21 17:11:21 2026-05-21T11:41:21.231Z root INFO Closing channel on service path '/services/library-service'.
2026-05-21 17:11:21 2026-05-21T11:41:21.231Z root INFO Closing channel on service path '/services/executable-service'.
2026-05-21 17:11:21 2026-05-21T11:41:21.231Z root INFO Closing channel on service path '/services/arduino-firmware-uploader'.
2026-05-21 17:11:21 2026-05-21T11:41:21.231Z root INFO Closing channel on service path '/services/formatter'.
2026-05-21 17:11:21 2026-05-21T11:41:21.231Z root INFO Closing channel on service path '/services/search-in-workspace'.
2026-05-21 17:11:21 2026-05-21T11:41:21.231Z root INFO Closing channel on service path '/services/request-service'.
2026-05-21 17:11:21 2026-05-21T11:41:21.231Z root INFO Closing channel on service path '/services/keyStore'.
2026-05-21 17:11:21 2026-05-21T11:41:21.231Z root INFO Closing channel on service path '/services/languagePackService'.
2026-05-21 17:11:21 Closing channel on service path '/services/electron-window'.
2026-05-21 17:11:21 Closing channel on service path '/services/ide-updater'.
2026-05-21 17:11:21 Storing the sketch as a workspace root: </home/raj/Arduino/led_on_off>.
2026-05-21 17:11:21 Skipped storing sketch as workspace root. Already visited: </home/raj/Arduino/led_on_off>.
2026-05-21 17:11:21 Stored workspaces roots: /home/raj/Arduino/led_on_off
2026-05-21 17:11:21 No sketches were scheduled for deletion.
